{"type": "FeatureCollection", "features": [{"type": "Feature", "properties": {"STUSPS": "AL", "NAME": "Alabama"}, "geometry": {"type": "MultiPolygon", "coordinates": [[[[-85.002368, 31.000682], [-85.024108, 31.000681], [-85.027512, 31.00067], [-85.030107, 31.000653], [-85.031155, 31.000647], [-85.052088, 31.000585], [-85.054802, 31.000585], [-85.057534, 31.000585], [-85.145835, 31.000695], [-85.152085, 31.000888], [-85.152218, 31.000834], [-85.154452, 31.000835], [-85.243632, 31.000884], [-85.498272, 30.996928], [-85.749619, 30.995292], [-85.749932, 30.994837], [-85.893543, 30.993467], [-85.998643, 30.99287], [-86.035039, 30.99332], [-86.052462, 30.993247], [-86.056213, 30.993133], [-86.116918, 30.992917], [-86.162886, 30.993682], [-86.168979, 30.993706], [-86.175204, 30.993798], [-86.180232, 30.994005], [-86.238335, 30.99437], [-86.256448, 30.993853], [-86.289247, 30.993798], [-86.304596, 30.994029], [-86.364907, 30.994455], [-86.36927, 30.994477], [-86.374545, 30.994474], [-86.388647, 30.994181], [-86.391937, 30.994172], [-86.404912, 30.994049], [-86.454704, 30.993791], [-86.458319, 30.993998], [-86.49995, 30.99334], [-86.512834, 30.9937], [-86.519938, 30.993245], [-86.563436, 30.995223], [-86.567586, 30.995109], [-86.664681, 30.994534], [-86.678383, 30.994537], [-86.706261, 30.994703], [-86.725379, 30.996872], [-86.727293, 30.996882], [-86.728392, 30.996739], [-86.74524, 30.99629], [-86.785918, 30.996978], [-86.830497, 30.997401], [-86.831934, 30.997378], [-86.872989, 30.997631], [-86.888135, 30.997577], [-86.92781, 30.997704], [-86.998477, 30.998661], [-87.004359, 30.999316], [-87.027107, 30.999255], [-87.036366, 30.999348], [-87.039989, 30.999594], [-87.053737, 30.999131], [-87.064063, 30.999191], [-87.068633, 30.999143], [-87.118873, 30.999427], [-87.124969, 30.998802], [-87.140755, 30.999532], [-87.162614, 30.999055], [-87.224746, 30.997169], [-87.237685, 30.996393], [-87.25498, 30.998285], [-87.255592, 30.998216], [-87.257002, 30.998194], [-87.25796, 30.998263], [-87.259689, 30.998172], [-87.26054, 30.998195], [-87.265564, 30.998267], [-87.288905, 30.998345], [-87.290995, 30.998352], [-87.301567, 30.998434], [-87.30403, 30.998191], [-87.312183, 30.998435], [-87.333973, 30.998272], [-87.355656, 30.998244], [-87.364011, 30.998218], [-87.367842, 30.998292], [-87.425774, 30.99809], [-87.432292, 30.998205], [-87.449811, 30.998272], [-87.455705, 30.998318], [-87.458658, 30.998386], [-87.461638, 30.998202], [-87.461783, 30.998201], [-87.466827, 30.998178], [-87.466879, 30.998178], [-87.478706, 30.998213], [-87.479703, 30.998197], [-87.480243, 30.998202], [-87.51952, 30.997586], [-87.548543, 30.997927], [-87.571281, 30.99787], [-87.598928, 30.997457], [-87.599172, 30.995722], [-87.596722, 30.98761], [-87.593395, 30.982959], [-87.592676, 30.98014], [-87.594164, 30.977572], [-87.594111, 30.976335], [-87.593046, 30.972966], [-87.590917, 30.969414], [-87.589187, 30.964464], [-87.592055, 30.951492], [-87.59689, 30.941131], [-87.598299, 30.938793], [-87.600691, 30.937074], [-87.602684, 30.934277], [-87.607811, 30.92449], [-87.608262, 30.9219], [-87.6102, 30.916628], [-87.611847, 30.914541], [-87.614209, 30.908536], [-87.614951, 30.904226], [-87.616013, 30.901453], [-87.620715, 30.89893], [-87.622203, 30.897508], [-87.622519, 30.89368], [-87.620922, 30.889923], [-87.620788, 30.887494], [-87.622062, 30.885408], [-87.6244, 30.884696], [-87.629454, 30.880115], [-87.629987, 30.877686], [-87.634938, 30.865886], [-87.628245, 30.860131], [-87.626228, 30.857127], [-87.62538, 30.854355], [-87.626497, 30.85188], [-87.627323, 30.847961], [-87.626075, 30.846494], [-87.624137, 30.845713], [-87.617281, 30.840353], [-87.615367, 30.837031], [-87.615923, 30.834693], [-87.610982, 30.832632], [-87.605776, 30.831304], [-87.60357, 30.828624], [-87.60163, 30.82514], [-87.600486, 30.820627], [-87.594297, 30.816984], [-87.58787, 30.815037], [-87.581869, 30.812403], [-87.576849, 30.808163], [-87.572043, 30.800532], [-87.56814, 30.799088], [-87.564209, 30.796246], [-87.560068, 30.792258], [-87.559484, 30.790447], [-87.554838, 30.787125], [-87.552954, 30.786941], [-87.552051, 30.786254], [-87.545044, 30.778666], [-87.545364, 30.774105], [-87.54616, 30.77202], [-87.54226, 30.767504], [-87.537085, 30.76253], [-87.536528, 30.761383], [-87.535416, 30.75476], [-87.535365, 30.749775], [-87.532607, 30.743489], [-87.523613, 30.738306], [-87.511729, 30.733535], [-87.505153, 30.726313], [-87.502317, 30.72159], [-87.497515, 30.720123], [-87.496772, 30.720353], [-87.487036, 30.7185], [-87.481225, 30.716508], [-87.479819, 30.71495], [-87.479579, 30.712865], [-87.474429, 30.706586], [-87.470397, 30.705281], [-87.467717, 30.701683], [-87.466338, 30.700835], [-87.456948, 30.69756], [-87.451404, 30.699806], [-87.449362, 30.698913], [-87.44358, 30.694604], [-87.44228, 30.692679], [-87.439814, 30.690479], [-87.436021, 30.688668], [-87.430372, 30.688645], [-87.424883, 30.683374], [-87.419527, 30.679981], [-87.412739, 30.678055], [-87.406958, 30.675165], [-87.406561, 30.674019], [-87.407118, 30.671796], [-87.405874, 30.666616], [-87.400707, 30.657148], [-87.400177, 30.657217], [-87.397262, 30.654351], [-87.396177, 30.650454], [-87.397185, 30.648117], [-87.395941, 30.643968], [-87.393588, 30.63088], [-87.393775, 30.627006], [-87.394479, 30.625192], [-87.395659, 30.623372], [-87.39643, 30.617734], [-87.39643, 30.616909], [-87.395053, 30.6159], [-87.395026, 30.615281], [-87.397308, 30.608728], [-87.39927, 30.605611], [-87.401178, 30.604397], [-87.404597, 30.603389], [-87.406558, 30.599928], [-87.408736, 30.583701], [-87.412712, 30.573227], [-87.414513, 30.573456], [-87.416261, 30.572448], [-87.418354, 30.570043], [-87.418513, 30.569561], [-87.416951, 30.568003], [-87.41666, 30.566306], [-87.418647, 30.561837], [-87.420925, 30.560668], [-87.422408, 30.560439], [-87.422805, 30.561379], [-87.423362, 30.561425], [-87.426037, 30.560073], [-87.427891, 30.554159], [-87.431441, 30.550263], [-87.434963, 30.549599], [-87.43544, 30.54914], [-87.446586, 30.527068], [-87.446427, 30.520306], [-87.444944, 30.514943], [-87.445182, 30.51398], [-87.446499, 30.513569], [-87.447305, 30.512629], [-87.447782, 30.511913], [-87.447702, 30.510458], [-87.444714, 30.507494], [-87.44322, 30.506782], [-87.43969, 30.506649], [-87.438269, 30.505357], [-87.431178, 30.495795], [-87.430578, 30.491096], [-87.432978, 30.484896], [-87.435578, 30.480496], [-87.434678, 30.479196], [-87.431578, 30.477696], [-87.430578, 30.476596], [-87.429578, 30.470596], [-87.425078, 30.465596], [-87.414677, 30.457296], [-87.407877, 30.456396], [-87.404677, 30.452897], [-87.399877, 30.450997], [-87.396877, 30.450597], [-87.391976, 30.451597], [-87.381176, 30.450097], [-87.370768, 30.446865], [-87.36868, 30.444631], [-87.366939, 30.44048], [-87.366591, 30.436648], [-87.368191, 30.433407], [-87.371169, 30.43049], [-87.382076, 30.422897], [-87.386376, 30.420497], [-87.395676, 30.417597], [-87.398776, 30.415098], [-87.401777, 30.411398], [-87.403477, 30.410198], [-87.408877, 30.408798], [-87.413177, 30.408998], [-87.419177, 30.410198], [-87.422677, 30.410098], [-87.426177, 30.409198], [-87.429578, 30.406498], [-87.431778, 30.403198], [-87.434278, 30.397498], [-87.437278, 30.395898], [-87.440678, 30.391498], [-87.441178, 30.388598], [-87.440878, 30.386698], [-87.438678, 30.382098], [-87.438678, 30.380798], [-87.441823, 30.376304], [-87.449078, 30.370399], [-87.451378, 30.367199], [-87.451878, 30.364999], [-87.451978, 30.360299], [-87.450962, 30.346262], [-87.452278, 30.344099], [-87.459978, 30.3363], [-87.462978, 30.334], [-87.464878, 30.3333], [-87.475579, 30.3314], [-87.491879, 30.3309], [-87.49998, 30.328957], [-87.502572, 30.327405], [-87.504701, 30.324039], [-87.505943, 30.319396], [-87.50578, 30.3125], [-87.50468, 30.308901], [-87.50278, 30.307301], [-87.494879, 30.305001], [-87.483679, 30.304801], [-87.481879, 30.306001], [-87.475879, 30.3079], [-87.468678, 30.3082], [-87.465778, 30.3076], [-87.462978, 30.3078], [-87.459578, 30.3083], [-87.455578, 30.3102], [-87.450078, 30.3111], [-87.452378, 30.300201], [-87.49998, 30.287901], [-87.50548, 30.287101], [-87.51838, 30.283901], [-87.518324, 30.280435], [-87.544533, 30.275659], [-87.558097, 30.274437], [-87.581362, 30.269257], [-87.656888, 30.249709], [-87.73553, 30.240679], [-87.80056, 30.229365], [-87.838462, 30.227185], [-87.926119, 30.230373], [-87.962253, 30.229522], [-87.999996, 30.225753], [-88.014572, 30.222366], [-88.028401, 30.221132], [-88.029272, 30.222714], [-88.023991, 30.23039], [-87.966847, 30.235618], [-87.948979, 30.256564], [-87.936041, 30.261469], [-87.918247, 30.253308], [-87.913762, 30.247837], [-87.90046, 30.241531], [-87.893201, 30.239237], [-87.879343, 30.23859], [-87.860085, 30.240289], [-87.817743, 30.254292], [-87.802087, 30.253054], [-87.78775, 30.254244], [-87.766626, 30.262353], [-87.755263, 30.277292], [-87.755516, 30.291217], [-87.772758, 30.311701], [-87.796717, 30.324198], [-87.809266, 30.332702], [-87.82988, 30.353809], [-87.837239, 30.369324], [-87.845132, 30.377446], [-87.853806, 30.378481], [-87.865017, 30.38345], [-87.906343, 30.40938], [-87.908908, 30.41424], [-87.914136, 30.446144], [-87.920031, 30.470645], [-87.924211, 30.4761], [-87.931902, 30.4811], [-87.933355, 30.487357], [-87.911141, 30.525848], [-87.905343, 30.537566], [-87.901711, 30.550879], [-87.904168, 30.565985], [-87.907891, 30.573114], [-87.911431, 30.576261], [-87.914956, 30.585893], [-87.91253, 30.615795], [-87.919346, 30.63606], [-87.93107, 30.652694], [-87.936717, 30.657432], [-87.955989, 30.658862], [-87.981196, 30.67509], [-88.008396, 30.684956], [-88.012444, 30.68319], [-88.022076, 30.673873], [-88.026706, 30.66149], [-88.034588, 30.653715], [-88.044339, 30.652568], [-88.061998, 30.644891], [-88.059598, 30.619091], [-88.053998, 30.612491], [-88.064898, 30.588292], [-88.074898, 30.578892], [-88.085493, 30.563258], [-88.081617, 30.546317], [-88.082792, 30.528713], [-88.090734, 30.52357], [-88.100874, 30.50975], [-88.103768, 30.500903], [-88.102988, 30.493029], [-88.096867, 30.471053], [-88.100646, 30.46122], [-88.106437, 30.452738], [-88.10407, 30.4273], [-88.107274, 30.377246], [-88.115432, 30.35657], [-88.124611, 30.341623], [-88.128052, 30.338509], [-88.136173, 30.320729], [-88.155775, 30.327184], [-88.171967, 30.324679], [-88.191542, 30.317002], [-88.195664, 30.321242], [-88.198361, 30.338819], [-88.196353, 30.343586], [-88.188532, 30.345053], [-88.188527, 30.348124], [-88.200065, 30.362378], [-88.204495, 30.362102], [-88.260695, 30.382381], [-88.282635, 30.382876], [-88.290649, 30.370741], [-88.311608, 30.368908], [-88.316525, 30.369985], [-88.319599, 30.380334], [-88.332277, 30.38844], [-88.341345, 30.38947], [-88.364022, 30.388006], [-88.374671, 30.385608], [-88.395023, 30.369425], [-88.402283, 30.510852], [-88.403547, 30.5331], [-88.403931, 30.543359], [-88.404013, 30.54506], [-88.407484, 30.622736], [-88.407462, 30.631653], [-88.40807, 30.63697], [-88.409571, 30.668731], [-88.411339, 30.706334], [-88.41155, 30.712956], [-88.412209, 30.730395], [-88.41227, 30.731771], [-88.41863, 30.866528], [-88.419562, 30.875186], [-88.425729, 31.000183], [-88.425807, 31.001123], [-88.432007, 31.114298], [-88.438104, 31.23006], [-88.438211, 31.231252], [-88.43898, 31.246896], [-88.43878, 31.252654], [-88.445182, 31.355855], [-88.445209, 31.355969], [-88.448686, 31.420888], [-88.44866, 31.421277], [-88.451045, 31.459448], [-88.451575, 31.481533], [-88.453013, 31.500164], [-88.459478, 31.621652], [-88.459722, 31.624002], [-88.464425, 31.697881], [-88.465107, 31.722312], [-88.468669, 31.790722], [-88.471106, 31.850949], [-88.471214, 31.851385], [-88.472642, 31.875153], [-88.473227, 31.893856], [-88.468879, 31.930262], [-88.46866, 31.933173], [-88.455039, 32.039719], [-88.454959, 32.040576], [-88.43871, 32.172078], [-88.43865, 32.172806], [-88.428278, 32.250143], [-88.421453, 32.30868], [-88.413819, 32.373922], [-88.4125, 32.380025], [-88.403789, 32.44977], [-88.403789, 32.449885], [-88.399966, 32.485415], [-88.383039, 32.626679], [-88.382985, 32.626954], [-88.373338, 32.711825], [-88.368349, 32.747656], [-88.354292, 32.87513], [-88.340432, 32.991199], [-88.330934, 33.073125], [-88.317135, 33.184123], [-88.315235, 33.203323], [-88.312535, 33.220923], [-88.277421, 33.512436], [-88.276805, 33.516463], [-88.274619, 33.534008], [-88.27005, 33.570819], [-88.269532, 33.572894], [-88.269076, 33.576929], [-88.26816, 33.58504], [-88.267148, 33.591989], [-88.267005, 33.594229], [-88.256343, 33.682053], [-88.256131, 33.68286], [-88.254622, 33.69578], [-88.254445, 33.698779], [-88.252257, 33.719568], [-88.244142, 33.781673], [-88.243025, 33.79568], [-88.240054, 33.810879], [-88.235492, 33.847203], [-88.226517, 33.911551], [-88.226517, 33.911665], [-88.226428, 33.912875], [-88.210741, 34.029199], [-88.207229, 34.058333], [-88.200196, 34.115948], [-88.192128, 34.175351], [-88.190678, 34.190123], [-88.18762, 34.204778], [-88.186667, 34.220952], [-88.176889, 34.293858], [-88.175867, 34.302171], [-88.173632, 34.321054], [-88.16591, 34.380926], [-88.165634, 34.383102], [-88.156292, 34.463214], [-88.139988, 34.581703], [-88.139246, 34.587795], [-88.138719, 34.589215], [-88.134263, 34.62266], [-88.118407, 34.724292], [-88.116418, 34.746303], [-88.10756, 34.811628], [-88.097888, 34.892202], [-88.099999, 34.894095], [-88.125038, 34.902227], [-88.136692, 34.907592], [-88.139721, 34.909631], [-88.146335, 34.914374], [-88.154617, 34.922392], [-88.161594, 34.933456], [-88.172102, 34.955213], [-88.176106, 34.962519], [-88.179973, 34.967466], [-88.187429, 34.974909], [-88.198811, 34.991192], [-88.200064, 34.995634], [-88.20082, 34.997774], [-88.201987, 35.005421], [-88.202959, 35.008028], [-88.000032, 35.005939], [-87.877969, 35.005468], [-87.877742, 35.005512], [-87.872626, 35.005571], [-87.853528, 35.005541], [-87.853411, 35.005576], [-87.851886, 35.005656], [-87.773586, 35.004946], [-87.767602, 35.004783], [-87.75889, 35.004711], [-87.709491, 35.004089], [-87.702321, 35.003945], [-87.700543, 35.003988], [-87.696834, 35.003852], [-87.671405, 35.003537], [-87.664123, 35.003523], [-87.625025, 35.003732], [-87.428613, 35.002795], [-87.421543, 35.002679], [-87.4174, 35.002669], [-87.391314, 35.002374], [-87.381071, 35.002118], [-87.359281, 35.001823], [-87.349251, 35.001662], [-87.299185, 35.000915], [-87.270014, 35.00039], [-87.230544, 34.999484], [-87.216683, 34.999148], [-87.210759, 34.999024], [-87.011174, 34.995162], [-87.000007, 34.995121], [-86.974412, 34.994513], [-86.972613, 34.99461], [-86.970236, 34.994546], [-86.96712, 34.9944], [-86.862147, 34.991956], [-86.849794, 34.991924], [-86.846466, 34.99186], [-86.83637, 34.991764], [-86.820657, 34.991764], [-86.783648, 34.991925], [-86.677616, 34.99207], [-86.676726, 34.99207], [-86.67436, 34.992001], [-86.670853, 34.992], [-86.65961, 34.991792], [-86.641212, 34.99174], [-86.600039, 34.99124], [-86.588962, 34.991197], [-86.571217, 34.991011], [-86.555864, 34.990971], [-86.528485, 34.990677], [-86.467798, 34.990692], [-86.433927, 34.991085], [-86.397203, 34.99166], [-86.311274, 34.991098], [-85.828724, 34.988165], [-85.824411, 34.988142], [-85.605165, 34.984678], [-85.599385, 34.951766], [-85.598781, 34.944915], [-85.595191, 34.924331], [-85.595163, 34.924171], [-85.583145, 34.860371], [-85.561416, 34.750079], [-85.552482, 34.708321], [-85.552454, 34.708138], [-85.541267, 34.656783], [-85.541264, 34.656701], [-85.534327, 34.625082], [-85.527261, 34.588683], [-85.517074, 34.542598], [-85.51393, 34.525192], [-85.513709, 34.52417], [-85.512108, 34.518252], [-85.508384, 34.501212], [-85.502454, 34.474527], [-85.502316, 34.473954], [-85.47045, 34.328239], [-85.458693, 34.269437], [-85.458071, 34.265736], [-85.455371, 34.252854], [-85.455057, 34.250689], [-85.42947, 34.125096], [-85.428222, 34.114397], [-85.420232, 34.072278], [-85.406748, 34.002314], [-85.405918, 34.0001], [-85.398837, 33.964129], [-85.377426, 33.856047], [-85.361844, 33.773951], [-85.360491, 33.767958], [-85.357402, 33.750104], [-85.314994, 33.535898], [-85.314091, 33.530218], [-85.313999, 33.529807], [-85.304439, 33.482884], [-85.232378, 33.108077], [-85.223261, 33.06258], [-85.221868, 33.055538], [-85.188741, 32.889727], [-85.18474, 32.870527], [-85.184131, 32.870525], [-85.184914, 32.868944], [-85.184888, 32.863355], [-85.1844, 32.861317], [-85.179353, 32.855269], [-85.177127, 32.853895], [-85.170099, 32.852497], [-85.16771, 32.852419], [-85.165569, 32.85209], [-85.163427, 32.851431], [-85.161615, 32.849948], [-85.160792, 32.848466], [-85.160462, 32.847148], [-85.160133, 32.8455], [-85.159638, 32.844018], [-85.159474, 32.842535], [-85.159309, 32.841382], [-85.159474, 32.839735], [-85.16058, 32.838249], [-85.164651, 32.834791], [-85.168342, 32.828516], [-85.168644, 32.814246], [-85.167939, 32.811612], [-85.162137, 32.804237], [-85.151913, 32.794104], [-85.139285, 32.784921], [-85.134676, 32.782166], [-85.133275, 32.780609], [-85.132186, 32.778897], [-85.13203, 32.776718], [-85.132653, 32.774694], [-85.13312, 32.773449], [-85.133898, 32.772359], [-85.136544, 32.769402], [-85.138412, 32.764576], [-85.138879, 32.760062], [-85.138101, 32.753836], [-85.136077, 32.749633], [-85.132186, 32.74652], [-85.127205, 32.743718], [-85.124092, 32.741694], [-85.121601, 32.73936], [-85.1202, 32.737647], [-85.119733, 32.736091], [-85.119577, 32.734223], [-85.119577, 32.731577], [-85.119422, 32.729397], [-85.119733, 32.72644], [-85.120838, 32.722932], [-85.122738, 32.715727], [-85.117037, 32.692033], [-85.114737, 32.685634], [-85.112637, 32.683434], [-85.104037, 32.679634], [-85.093536, 32.669734], [-85.088483, 32.657758], [-85.089736, 32.655635], [-85.09457, 32.652443], [-85.096005, 32.649983], [-85.097952, 32.645474], [-85.098259, 32.642708], [-85.09662, 32.638199], [-85.092008, 32.636456], [-85.088934, 32.635432], [-85.087294, 32.634407], [-85.086167, 32.633177], [-85.086065, 32.631435], [-85.087192, 32.628463], [-85.088627, 32.626619], [-85.088729, 32.624774], [-85.088319, 32.623032], [-85.087294, 32.62047], [-85.08536, 32.618536], [-85.083616, 32.6178], [-85.08224, 32.616264], [-85.080768, 32.610152], [-85.080288, 32.603577], [-85.076399, 32.594665], [-85.067535, 32.579546], [-85.056926, 32.571242], [-85.035726, 32.553963], [-85.022509, 32.542923], [-85.022045, 32.540044], [-85.020237, 32.534748], [-85.015805, 32.528428], [-85.013788, 32.526108], [-85.008396, 32.524876], [-85.0071, 32.523868], [-85.001532, 32.514741], [-84.999832, 32.504341], [-84.998832, 32.497041], [-84.998332, 32.494142], [-84.996732, 32.492342], [-84.994831, 32.486042], [-84.995231, 32.475242], [-84.998231, 32.469842], [-84.998031, 32.461743], [-84.995331, 32.453243], [-84.993531, 32.450743], [-84.983831, 32.445643], [-84.971831, 32.442843], [-84.967031, 32.435343], [-84.96303, 32.424244], [-84.96343, 32.422544], [-84.97183, 32.416244], [-84.979431, 32.412244], [-84.981098, 32.402833], [-84.979898, 32.400097], [-84.97752, 32.39687], [-84.976767, 32.392648], [-84.979028, 32.38918], [-84.980385, 32.385561], [-84.980084, 32.382244], [-84.97933, 32.379077], [-84.978727, 32.376212], [-84.980084, 32.373347], [-84.982949, 32.371387], [-84.983552, 32.368371], [-84.983242, 32.365122], [-84.983466, 32.363186], [-84.986778, 32.359058], [-85.004582, 32.345196], [-85.008096, 32.336677], [-85.007103, 32.328362], [-85.001874, 32.322015], [-84.989514, 32.319316], [-84.93868, 32.300708], [-84.9338, 32.29826], [-84.922872, 32.285333], [-84.911127, 32.276949], [-84.904023, 32.273749], [-84.893959, 32.265846], [-84.891841, 32.263398], [-84.890894, 32.261504], [-84.891131, 32.25961], [-84.892315, 32.258189], [-84.898234, 32.256768], [-84.901549, 32.255584], [-84.902496, 32.253217], [-84.904087, 32.250838], [-84.907227, 32.24905], [-84.910098, 32.248333], [-84.912488, 32.247463], [-84.913249, 32.24529], [-84.912727, 32.24335], [-84.916327, 32.236551], [-84.920627, 32.233951], [-84.922627, 32.231751], [-84.923527, 32.229751], [-84.922927, 32.224751], [-84.925427, 32.221551], [-84.928227, 32.219851], [-84.930127, 32.219051], [-84.939328, 32.217951], [-84.948995, 32.217849], [-84.953727, 32.217148], [-84.957057, 32.21671], [-84.958985, 32.215571], [-84.96065, 32.214344], [-84.962227, 32.212503], [-84.963367, 32.211014], [-84.964594, 32.209787], [-84.965733, 32.208823], [-84.966346, 32.208034], [-84.966784, 32.206895], [-84.967047, 32.205843], [-84.966928, 32.204451], [-84.966346, 32.202688], [-84.965032, 32.200585], [-84.964944, 32.19892], [-84.965032, 32.196642], [-84.966828, 32.193952], [-84.973728, 32.191552], [-84.995929, 32.184852], [-85.008531, 32.181903], [-85.011267, 32.180493], [-85.013065, 32.179112], [-85.014648, 32.176882], [-85.026583, 32.166104], [-85.030336, 32.161727], [-85.033989, 32.156348], [-85.045593, 32.143758], [-85.047865, 32.142033], [-85.058749, 32.136018], [-85.061144, 32.134065], [-85.06206, 32.132486], [-85.06154, 32.129673], [-85.05918, 32.125153], [-85.055045, 32.113671], [-85.053777, 32.107684], [-85.04955, 32.095362], [-85.047063, 32.090433], [-85.047063, 32.087389], [-85.04774, 32.084908], [-85.051161, 32.082527], [-85.053232, 32.080604], [-85.055813, 32.074439], [-85.055491, 32.072657], [-85.054084, 32.07021], [-85.054179, 32.067985], [-85.056029, 32.063055], [-85.05683, 32.059755], [-85.05643, 32.058055], [-85.05663, 32.054155], [-85.05883, 32.046656], [-85.05803, 32.043756], [-85.055333, 32.04058], [-85.054839, 32.038814], [-85.054627, 32.036694], [-85.055474, 32.034221], [-85.056464, 32.031819], [-85.056253, 32.028336], [-85.055217, 32.027213], [-85.053779, 32.025532], [-85.053214, 32.024189], [-85.053072, 32.02313], [-85.053214, 32.021576], [-85.053669, 32.020662], [-85.054768, 32.017407], [-85.053815, 32.013502], [-85.055075, 32.010714], [-85.063441, 32.00414], [-85.064544, 32.002489], [-85.06803, 31.993357], [-85.06833, 31.986757], [-85.07093, 31.981658], [-85.06993, 31.978358], [-85.066829, 31.974758], [-85.065929, 31.972458], [-85.065929, 31.971158], [-85.067829, 31.967358], [-85.07023, 31.965658], [-85.07393, 31.964158], [-85.08323, 31.962458], [-85.08573, 31.960758], [-85.08673, 31.959158], [-85.08683, 31.957758], [-85.08243, 31.945358], [-85.07893, 31.941459], [-85.07893, 31.940159], [-85.08473, 31.937359], [-85.08643, 31.935959], [-85.09183, 31.928859], [-85.09823, 31.926259], [-85.09953, 31.925259], [-85.10023, 31.924059], [-85.10133, 31.918659], [-85.10243, 31.917359], [-85.10913, 31.914359], [-85.113131, 31.911859], [-85.112731, 31.909859], [-85.10983, 31.90806], [-85.10803, 31.90516], [-85.11133, 31.89936], [-85.11063, 31.89686], [-85.11203, 31.89476], [-85.114031, 31.89336], [-85.117031, 31.89286], [-85.121131, 31.89326], [-85.132931, 31.89306], [-85.134131, 31.89216], [-85.134331, 31.89146], [-85.133731, 31.88956], [-85.131631, 31.88676], [-85.129331, 31.88246], [-85.128431, 31.87966], [-85.128431, 31.87756], [-85.128831, 31.87636], [-85.133731, 31.870061], [-85.135831, 31.862461], [-85.137431, 31.860661], [-85.140131, 31.858761], [-85.140731, 31.857461], [-85.140231, 31.855261], [-85.138031, 31.851262], [-85.137731, 31.845861], [-85.138331, 31.844161], [-85.141331, 31.841061], [-85.141831, 31.839261], [-85.139231, 31.834161], [-85.135931, 31.830462], [-85.133631, 31.826062], [-85.131331, 31.817562], [-85.131531, 31.813062], [-85.132931, 31.808062], [-85.132831, 31.798862], [-85.132231, 31.795162], [-85.132931, 31.792363], [-85.137131, 31.788363], [-85.141931, 31.781963], [-85.140431, 31.779663], [-85.130731, 31.772263], [-85.12633, 31.768863], [-85.12523, 31.767063], [-85.12563, 31.764463], [-85.129231, 31.758663], [-85.12663, 31.752463], [-85.12393, 31.747564], [-85.11893, 31.732664], [-85.11913, 31.730964], [-85.12223, 31.722764], [-85.12573, 31.718864], [-85.12653, 31.716764], [-85.12683, 31.708965], [-85.12553, 31.694965], [-85.12233, 31.691265], [-85.11393, 31.686865], [-85.11263, 31.685165], [-85.10943, 31.677465], [-85.092429, 31.659966], [-85.087829, 31.657866], [-85.08546, 31.657028], [-85.083545, 31.656071], [-85.082013, 31.65473], [-85.08096, 31.653102], [-85.080864, 31.652336], [-85.081429, 31.650966], [-85.082588, 31.649463], [-85.085173, 31.644101], [-85.085365, 31.642186], [-85.085173, 31.640749], [-85.084503, 31.639026], [-85.082829, 31.637967], [-85.080029, 31.636867], [-85.073829, 31.629567], [-85.067628, 31.625267], [-85.065236, 31.624351], [-85.059534, 31.621717], [-85.058169, 31.620227], [-85.057473, 31.618624], [-85.057527, 31.616883], [-85.05833, 31.614546], [-85.060418, 31.611271], [-85.060552, 31.608224], [-85.059696, 31.607262], [-85.057314, 31.606713], [-85.055976, 31.605178], [-85.056405, 31.600963], [-85.058109, 31.593343], [-85.05844, 31.58369], [-85.055417, 31.578696], [-85.055284, 31.577092], [-85.057719, 31.573062], [-85.05796, 31.57084], [-85.052931, 31.56289], [-85.051873, 31.557871], [-85.050838, 31.555551], [-85.045698, 31.548707], [-85.042547, 31.545953], [-85.041881, 31.544684], [-85.041305, 31.540987], [-85.041813, 31.537754], [-85.042983, 31.5352], [-85.047196, 31.528671], [-85.048263, 31.526012], [-85.047649, 31.523751], [-85.044556, 31.520908], [-85.044986, 31.51823], [-85.045642, 31.516813], [-85.048445, 31.513684], [-85.052951, 31.506518], [-85.058923, 31.495989], [-85.062105, 31.488017], [-85.065687, 31.484122], [-85.071621, 31.468384], [-85.069268, 31.453472], [-85.066703, 31.447286], [-85.065955, 31.442979], [-85.065554, 31.439543], [-85.065875, 31.430586], [-85.06697, 31.428594], [-85.068546, 31.427311], [-85.070413, 31.426921], [-85.072898, 31.426477], [-85.074762, 31.424879], [-85.075827, 31.421506], [-85.076746, 31.415971], [-85.079818, 31.411732], [-85.079978, 31.410472], [-85.077387, 31.402844], [-85.077626, 31.39888], [-85.078641, 31.39636], [-85.080403, 31.393932], [-85.082431, 31.38454], [-85.08691, 31.374474], [-85.092167, 31.364576], [-85.092487, 31.362881], [-85.092619, 31.357474], [-85.091791, 31.355207], [-85.09099, 31.354428], [-85.087413, 31.354428], [-85.085918, 31.353146], [-85.085864, 31.35019], [-85.087063, 31.340317], [-85.08781, 31.337981], [-85.089411, 31.336033], [-85.088983, 31.334292], [-85.084152, 31.328313], [-85.083776, 31.31821], [-85.084469, 31.316194], [-85.087404, 31.311223], [-85.087651, 31.308677], [-85.087695, 31.304053], [-85.089774, 31.295026], [-85.09316, 31.289688], [-85.099107, 31.284165], [-85.110309, 31.281733], [-85.112762, 31.280037], [-85.114601, 31.277333], [-85.114548, 31.276302], [-85.112546, 31.274378], [-85.111905, 31.272477], [-85.111983, 31.267987], [-85.113261, 31.264343], [-85.112352, 31.25958], [-85.111711, 31.258022], [-85.109149, 31.254609], [-85.106182, 31.248077], [-85.10426, 31.241869], [-85.102472, 31.23786], [-85.100765, 31.234813], [-85.098844, 31.232524], [-85.096763, 31.225651], [-85.098707, 31.219511], [-85.098704, 31.211286], [-85.09977, 31.209751], [-85.105631, 31.204595], [-85.106963, 31.202693], [-85.108133, 31.195637], [-85.107516, 31.186451], [-85.106503, 31.185305], [-85.104424, 31.18565], [-85.102052, 31.184734], [-85.098507, 31.180153], [-85.098426, 31.17777], [-85.100447, 31.166727], [-85.100207, 31.16549], [-85.092106, 31.160293], [-85.083582, 31.15963], [-85.077801, 31.157889], [-85.076628, 31.156927], [-85.070181, 31.14868], [-85.064028, 31.142495], [-85.06243, 31.139518], [-85.061072, 31.134225], [-85.054677, 31.120818], [-85.052867, 31.119489], [-85.050178, 31.118916], [-85.040513, 31.111583], [-85.037079, 31.109751], [-85.035615, 31.108192], [-85.032832, 31.10057], [-85.029736, 31.096163], [-85.026068, 31.08418], [-85.028333, 31.076851], [-85.028573, 31.074583], [-85.018148, 31.059253], [-85.012642, 31.055402], [-85.011392, 31.053546], [-85.008816, 31.045573], [-85.008552, 31.042824], [-85.009409, 31.032378], [-85.005051, 31.024701], [-85.004549, 31.01918], [-85.00006, 31.014983], [-84.999428, 31.013843], [-84.999626, 31.009079], [-85.001366, 31.005044], [-85.002368, 31.000682]]], [[[-88.124658, 30.28364], [-88.086812, 30.259864], [-88.074854, 30.249119], [-88.075856, 30.246139], [-88.078786, 30.245039], [-88.109432, 30.242097], [-88.120151, 30.246149], [-88.137083, 30.249179], [-88.166569, 30.249255], [-88.20854, 30.244807], [-88.280571, 30.230274], [-88.304773, 30.228031], [-88.313323, 30.230024], [-88.310025, 30.233233], [-88.299705, 30.231812], [-88.280781, 30.233781], [-88.25837, 30.239595], [-88.224615, 30.245559], [-88.17335, 30.252418], [-88.158303, 30.252393], [-88.141143, 30.255024], [-88.130631, 30.262125], [-88.124722, 30.273541], [-88.124658, 30.28364]]], [[[-88.023987, 30.490316], [-88.053375, 30.506987], [-88.034988, 30.522453], [-88.026222, 30.516609], [-88.023987, 30.490316]]]]}}, {"type": "Feature", "properties": {"STUSPS": "FL", "NAME": "Florida"}, "geometry": {"type": "MultiPolygon", "coordinates": [[[[-85.156415, 29.679628], [-85.137397, 29.684348], [-85.134639, 29.686569], [-85.114268, 29.688658], [-85.093902, 29.684838], [-85.083719, 29.679019], [-85.077237, 29.670862], [-85.091399, 29.648634], [-85.097218, 29.633004], [-85.124913, 29.628433], [-85.142746, 29.635404], [-85.16252, 29.650282], [-85.18453, 29.663987], [-85.204314, 29.672695], [-85.222546, 29.678039], [-85.220324, 29.680138], [-85.208981, 29.681775], [-85.184776, 29.68271], [-85.168625, 29.682409], [-85.156415, 29.679628]]], [[[-84.777208, 29.707398], [-84.729836, 29.738881], [-84.716994, 29.749066], [-84.696726, 29.76993], [-84.694125, 29.764593], [-84.694939, 29.761844], [-84.713747, 29.74139], [-84.765117, 29.699724], [-84.776954, 29.692191], [-84.799129, 29.681565], [-84.853829, 29.66472], [-84.884632, 29.652248], [-84.957779, 29.612635], [-85.036219, 29.588919], [-85.051033, 29.586928], [-85.054624, 29.592084], [-85.069453, 29.605282], [-85.09519, 29.62249], [-85.097082, 29.625215], [-85.094882, 29.627757], [-85.06653, 29.609952], [-85.038497, 29.599552], [-85.023501, 29.597073], [-85.017205, 29.604379], [-84.987775, 29.610307], [-84.968314, 29.617238], [-84.932592, 29.637232], [-84.925842, 29.644949], [-84.920333, 29.648638], [-84.895885, 29.657444], [-84.862099, 29.672572], [-84.813352, 29.687028], [-84.79816, 29.699321], [-84.777208, 29.707398]]], [[[-82.821585, 27.964443], [-82.829801, 27.968469], [-82.828625, 28.019795], [-82.823025, 28.030695], [-82.823063, 28.044758], [-82.826282, 28.05345], [-82.831825, 28.062893], [-82.836326, 28.073193], [-82.837439, 28.07973], [-82.835425, 28.094841], [-82.826125, 28.083793], [-82.823063, 28.068258], [-82.818288, 28.057613], [-82.813435, 28.03716], [-82.815168, 28.012547], [-82.821408, 28.008387], [-82.821755, 28.002494], [-82.81906, 27.996278], [-82.810605, 27.981268], [-82.810605, 27.973535], [-82.815168, 27.973721], [-82.821585, 27.964443]]], [[[-82.478063, 27.92768], [-82.489817, 27.9196], [-82.491117, 27.9145], [-82.487417, 27.895001], [-82.48142, 27.889097], [-82.481763, 27.878098], [-82.487883, 27.872072], [-82.488057, 27.863566], [-82.480137, 27.853246], [-82.471624, 27.847342], [-82.46884, 27.843295], [-82.47244, 27.822559], [-82.475273, 27.820991], [-82.489849, 27.822607], [-82.511193, 27.828015], [-82.553946, 27.848462], [-82.552918, 27.862702], [-82.538618, 27.864901], [-82.533218, 27.870701], [-82.529918, 27.877501], [-82.539318, 27.885001], [-82.542818, 27.890601], [-82.541747, 27.893706], [-82.535818, 27.898], [-82.531318, 27.9039], [-82.533718, 27.932999], [-82.541218, 27.948998], [-82.553918, 27.966998], [-82.576003, 27.969424], [-82.60865, 27.983245], [-82.62959, 27.998474], [-82.641487, 27.999426], [-82.664806, 27.997046], [-82.678606, 27.993715], [-82.682414, 27.987053], [-82.684793, 27.971824], [-82.700134, 27.960307], [-82.716522, 27.958398], [-82.720522, 27.955798], [-82.724122, 27.948098], [-82.720122, 27.936399], [-82.710022, 27.928299], [-82.691621, 27.924899], [-82.685121, 27.916299], [-82.671221, 27.913], [-82.628063, 27.910397], [-82.63422, 27.9037], [-82.63212, 27.8911], [-82.61002, 27.873501], [-82.598443, 27.857582], [-82.594819, 27.843402], [-82.589319, 27.835702], [-82.586519, 27.816703], [-82.60742, 27.798904], [-82.622723, 27.779868], [-82.63052, 27.753905], [-82.62502, 27.732706], [-82.62572, 27.727006], [-82.63362, 27.710607], [-82.63982, 27.703907], [-82.652521, 27.700307], [-82.662921, 27.702307], [-82.671621, 27.705907], [-82.677321, 27.706207], [-82.679251, 27.694665], [-82.693748, 27.700217], [-82.713629, 27.698661], [-82.718822, 27.692007], [-82.723022, 27.671208], [-82.721622, 27.663908], [-82.716322, 27.651409], [-82.712555, 27.646647], [-82.698091, 27.638858], [-82.705017, 27.62531], [-82.733076, 27.612972], [-82.736552, 27.617326], [-82.739122, 27.636909], [-82.738022, 27.706807], [-82.740323, 27.718206], [-82.746223, 27.731306], [-82.753723, 27.736306], [-82.760923, 27.745205], [-82.770023, 27.767904], [-82.783124, 27.783804], [-82.790224, 27.791603], [-82.820433, 27.813742], [-82.828561, 27.822254], [-82.846526, 27.854301], [-82.849126, 27.8632], [-82.851126, 27.8863], [-82.847826, 27.910199], [-82.840882, 27.937162], [-82.831388, 27.962117], [-82.824875, 27.960201], [-82.821975, 27.956868], [-82.830819, 27.930926], [-82.838484, 27.909111], [-82.832155, 27.909242], [-82.820715, 27.927268], [-82.805462, 27.960201], [-82.792635, 28.01116], [-82.792635, 28.032307], [-82.782724, 28.055894], [-82.783824, 28.106292], [-82.781324, 28.127591], [-82.786624, 28.144991], [-82.790724, 28.15249], [-82.799024, 28.15179], [-82.808474, 28.154803], [-82.805097, 28.172181], [-82.797762, 28.187789], [-82.762643, 28.219013], [-82.76446, 28.220069], [-82.764103, 28.244345], [-82.759072, 28.25402], [-82.746188, 28.261192], [-82.732792, 28.291933], [-82.735463, 28.30039], [-82.73146, 28.325075], [-82.715822, 28.345501], [-82.706112, 28.368057], [-82.706322, 28.401325], [-82.697433, 28.420166], [-82.684137, 28.428019], [-82.677839, 28.434367], [-82.674787, 28.441956], [-82.680396, 28.457194], [-82.67241, 28.464746], [-82.665055, 28.484434], [-82.66447, 28.488788], [-82.66639, 28.49733], [-82.670146, 28.500769], [-82.669416, 28.519879], [-82.66804, 28.528199], [-82.663705, 28.530193], [-82.656694, 28.544814], [-82.661729, 28.549743], [-82.66165, 28.554143], [-82.65705, 28.568028], [-82.654138, 28.590837], [-82.664055, 28.606584], [-82.656649, 28.623727], [-82.671815, 28.627604], [-82.675596, 28.656475], [-82.668034, 28.683285], [-82.668722, 28.695658], [-82.712373, 28.720921], [-82.698281, 28.75701], [-82.696906, 28.768009], [-82.70103, 28.797224], [-82.716497, 28.810285], [-82.730245, 28.850155], [-82.688657, 28.89518], [-82.688864, 28.905609], [-82.702618, 28.932955], [-82.708793, 28.935979], [-82.723861, 28.953506], [-82.735754, 28.973709], [-82.737872, 28.995703], [-82.760551, 28.993087], [-82.764055, 28.999707], [-82.759378, 29.006619], [-82.753513, 29.026496], [-82.759704, 29.054192], [-82.783328, 29.064619], [-82.780558, 29.07358], [-82.816925, 29.076215], [-82.823659, 29.098902], [-82.809483, 29.10462], [-82.801166, 29.105103], [-82.799117, 29.110647], [-82.798876, 29.114504], [-82.805703, 29.129848], [-82.804736, 29.146624], [-82.827073, 29.158425], [-82.858179, 29.162275], [-82.887211, 29.161741], [-82.922613, 29.169769], [-82.932405, 29.167891], [-82.945302, 29.167821], [-82.974676, 29.17091], [-82.979522, 29.171817], [-82.987162, 29.180094], [-82.991653, 29.180664], [-82.996144, 29.178074], [-83.018212, 29.151417], [-83.019071, 29.141324], [-83.030453, 29.134023], [-83.053207, 29.130839], [-83.056867, 29.146263], [-83.068249, 29.153135], [-83.060947, 29.170959], [-83.061162, 29.176113], [-83.065242, 29.184489], [-83.078986, 29.196944], [-83.087839, 29.21642], [-83.074734, 29.247975], [-83.077265, 29.255331], [-83.089013, 29.266502], [-83.107477, 29.268889], [-83.125567, 29.278845], [-83.128027, 29.282733], [-83.146445, 29.289194], [-83.149764, 29.289768], [-83.16073, 29.286611], [-83.169576, 29.290355], [-83.176736, 29.31422], [-83.17826, 29.327916], [-83.176852, 29.329269], [-83.175518, 29.34469], [-83.189581, 29.363417], [-83.200702, 29.373855], [-83.202446, 29.394422], [-83.218075, 29.420492], [-83.240509, 29.433178], [-83.263965, 29.435806], [-83.272019, 29.432256], [-83.294747, 29.437923], [-83.307094, 29.459651], [-83.307828, 29.468861], [-83.311546, 29.475666], [-83.323214, 29.476789], [-83.33113, 29.475594], [-83.350067, 29.489358], [-83.356722, 29.499901], [-83.370288, 29.499901], [-83.379254, 29.503558], [-83.383973, 29.512995], [-83.400252, 29.517242], [-83.401552, 29.523291], [-83.39983, 29.533042], [-83.405256, 29.578319], [-83.405068, 29.59557], [-83.39948, 29.612956], [-83.404081, 29.640798], [-83.412768, 29.668485], [-83.414701, 29.670536], [-83.436259, 29.677389], [-83.444635, 29.677155], [-83.448194, 29.675254], [-83.455356, 29.676444], [-83.483143, 29.690478], [-83.483567, 29.698542], [-83.493728, 29.708388], [-83.512716, 29.71648], [-83.537645, 29.72306], [-83.547172, 29.732223], [-83.554993, 29.7426], [-83.566018, 29.761434], [-83.578955, 29.768378], [-83.584716, 29.77608], [-83.586089, 29.784644], [-83.583045, 29.787307], [-83.581903, 29.792063], [-83.585899, 29.811754], [-83.595493, 29.827984], [-83.605244, 29.836387], [-83.618568, 29.842336], [-83.63798, 29.886073], [-83.659951, 29.899524], [-83.679219, 29.918513], [-83.686423, 29.923735], [-83.757249, 29.957943], [-83.788729, 29.976982], [-83.82869, 29.983187], [-83.845427, 29.998068], [-83.93151, 30.039068], [-83.933668, 30.041152], [-83.931879, 30.044175], [-83.933432, 30.046305], [-83.95968, 30.064943], [-83.991607, 30.08392], [-84.000716, 30.096209], [-84.024274, 30.103271], [-84.048715, 30.103208], [-84.06299, 30.101378], [-84.083057, 30.092286], [-84.087034, 30.092103], [-84.094725, 30.094964], [-84.10273, 30.093611], [-84.11384, 30.085478], [-84.124889, 30.090601], [-84.135683, 30.083018], [-84.157278, 30.072714], [-84.167881, 30.071422], [-84.179149, 30.073187], [-84.184493, 30.077254], [-84.182217, 30.082359], [-84.177405, 30.085452], [-84.174999, 30.095763], [-84.177062, 30.096107], [-84.179811, 30.091982], [-84.18806, 30.094045], [-84.19356, 30.097826], [-84.202152, 30.112261], [-84.205589, 30.114323], [-84.207652, 30.106762], [-84.19853, 30.087937], [-84.201585, 30.087982], [-84.203349, 30.085875], [-84.20801, 30.084776], [-84.237014, 30.08556], [-84.245668, 30.093021], [-84.247491, 30.10114], [-84.256439, 30.103791], [-84.269363, 30.09766], [-84.272511, 30.092358], [-84.274003, 30.083079], [-84.270368, 30.075469], [-84.270792, 30.068094], [-84.277168, 30.060263], [-84.289727, 30.057197], [-84.297836, 30.057451], [-84.315344, 30.069492], [-84.342022, 30.063858], [-84.358923, 30.058224], [-84.365882, 30.024588], [-84.361962, 29.987739], [-84.359986, 29.984739], [-84.3477, 29.984123], [-84.343041, 29.9751], [-84.342046, 29.967101], [-84.423335, 29.983354], [-84.429865, 29.982667], [-84.432958, 29.981292], [-84.432271, 29.972356], [-84.435708, 29.964107], [-84.433646, 29.962388], [-84.417816, 29.9655], [-84.384133, 29.961375], [-84.339426, 29.946007], [-84.336511, 29.942508], [-84.333746, 29.923721], [-84.335953, 29.912962], [-84.343389, 29.899539], [-84.349066, 29.896812], [-84.378937, 29.893112], [-84.404958, 29.901229], [-84.423834, 29.902996], [-84.434287, 29.906328], [-84.443652, 29.913785], [-84.451705, 29.929085], [-84.470323, 29.924524], [-84.494562, 29.913957], [-84.511996, 29.916574], [-84.535873, 29.910092], [-84.57744, 29.887828], [-84.603303, 29.876117], [-84.613154, 29.867984], [-84.647958, 29.847104], [-84.656318, 29.837943], [-84.65645, 29.834277], [-84.669728, 29.82891], [-84.683934, 29.831327], [-84.692053, 29.829059], [-84.730327, 29.8069], [-84.755595, 29.78854], [-84.762998, 29.788846], [-84.824197, 29.758288], [-84.837168, 29.755926], [-84.868271, 29.742454], [-84.881777, 29.733882], [-84.888031, 29.722406], [-84.892493, 29.72266], [-84.901781, 29.735723], [-84.890066, 29.755802], [-84.877111, 29.772888], [-84.893992, 29.785176], [-84.90413, 29.786279], [-84.91511, 29.783303], [-84.920917, 29.772901], [-84.93837, 29.750211], [-84.946595, 29.745032], [-84.964007, 29.742422], [-84.968841, 29.72708], [-84.977004, 29.721209], [-84.993264, 29.714961], [-85.037212, 29.711074], [-85.072123, 29.719027], [-85.101682, 29.718748], [-85.121473, 29.715854], [-85.153238, 29.708231], [-85.177284, 29.700193], [-85.22745, 29.693633], [-85.259719, 29.681296], [-85.29074, 29.684081], [-85.319215, 29.681494], [-85.343619, 29.672004], [-85.347711, 29.66719], [-85.344768, 29.654793], [-85.352615, 29.659787], [-85.369419, 29.681048], [-85.380303, 29.698485], [-85.397871, 29.740498], [-85.413983, 29.799865], [-85.417971, 29.828855], [-85.416548, 29.842628], [-85.413575, 29.85294], [-85.405815, 29.865817], [-85.392469, 29.870914], [-85.39874, 29.859267], [-85.405011, 29.830151], [-85.405907, 29.80193], [-85.395528, 29.762368], [-85.37796, 29.709621], [-85.3638, 29.693526], [-85.353885, 29.684765], [-85.344986, 29.685015], [-85.317661, 29.691286], [-85.31139, 29.697557], [-85.301331, 29.797117], [-85.302591, 29.808094], [-85.304877, 29.811096], [-85.31142, 29.814373], [-85.314547, 29.822279], [-85.314783, 29.830575], [-85.312911, 29.832273], [-85.317464, 29.838894], [-85.325008, 29.844966], [-85.332289, 29.845905], [-85.336654, 29.849295], [-85.347044, 29.871981], [-85.363731, 29.898915], [-85.38473, 29.920949], [-85.405052, 29.938487], [-85.425956, 29.949888], [-85.460488, 29.959579], [-85.469425, 29.957788], [-85.487764, 29.961227], [-85.509148, 29.971466], [-85.541176, 29.995791], [-85.571907, 30.02644], [-85.58139, 30.037783], [-85.591048, 30.048874], [-85.601178, 30.056342], [-85.618254, 30.065481], [-85.637285, 30.073319], [-85.653251, 30.077839], [-85.69681, 30.09689], [-85.730054, 30.118153], [-85.74993, 30.136537], [-85.775405, 30.15629], [-85.811219, 30.17832], [-85.878138, 30.215619], [-85.9226, 30.238024], [-85.999937, 30.27078], [-86.089963, 30.303569], [-86.222561, 30.343585], [-86.2987, 30.363049], [-86.364175, 30.374524], [-86.412076, 30.380346], [-86.470849, 30.3839], [-86.50615, 30.3823], [-86.529067, 30.386896], [-86.632953, 30.396299], [-86.750906, 30.391881], [-86.850625, 30.380967], [-86.909679, 30.372423], [-87.155392, 30.327748], [-87.206254, 30.320943], [-87.267827, 30.31548], [-87.282787, 30.318744], [-87.295422, 30.323503], [-87.319518, 30.317814], [-87.350486, 30.313064], [-87.419859, 30.297128], [-87.518324, 30.280435], [-87.51838, 30.283901], [-87.50548, 30.287101], [-87.49998, 30.287901], [-87.452378, 30.300201], [-87.450078, 30.3111], [-87.455578, 30.3102], [-87.459578, 30.3083], [-87.462978, 30.3078], [-87.465778, 30.3076], [-87.468678, 30.3082], [-87.475879, 30.3079], [-87.481879, 30.306001], [-87.483679, 30.304801], [-87.494879, 30.305001], [-87.50278, 30.307301], [-87.50468, 30.308901], [-87.50578, 30.3125], [-87.505943, 30.319396], [-87.504701, 30.324039], [-87.502572, 30.327405], [-87.49998, 30.328957], [-87.491879, 30.3309], [-87.475579, 30.3314], [-87.464878, 30.3333], [-87.462978, 30.334], [-87.459978, 30.3363], [-87.452278, 30.344099], [-87.450962, 30.346262], [-87.451978, 30.360299], [-87.451878, 30.364999], [-87.451378, 30.367199], [-87.449078, 30.370399], [-87.441823, 30.376304], [-87.438678, 30.380798], [-87.438678, 30.382098], [-87.440878, 30.386698], [-87.441178, 30.388598], [-87.440678, 30.391498], [-87.437278, 30.395898], [-87.434278, 30.397498], [-87.431778, 30.403198], [-87.429578, 30.406498], [-87.426177, 30.409198], [-87.422677, 30.410098], [-87.419177, 30.410198], [-87.413177, 30.408998], [-87.408877, 30.408798], [-87.403477, 30.410198], [-87.401777, 30.411398], [-87.398776, 30.415098], [-87.395676, 30.417597], [-87.386376, 30.420497], [-87.382076, 30.422897], [-87.371169, 30.43049], [-87.368191, 30.433407], [-87.366591, 30.436648], [-87.366939, 30.44048], [-87.36868, 30.444631], [-87.370768, 30.446865], [-87.381176, 30.450097], [-87.391976, 30.451597], [-87.396877, 30.450597], [-87.399877, 30.450997], [-87.404677, 30.452897], [-87.407877, 30.456396], [-87.414677, 30.457296], [-87.425078, 30.465596], [-87.429578, 30.470596], [-87.430578, 30.476596], [-87.431578, 30.477696], [-87.434678, 30.479196], [-87.435578, 30.480496], [-87.432978, 30.484896], [-87.430578, 30.491096], [-87.431178, 30.495795], [-87.438269, 30.505357], [-87.43969, 30.506649], [-87.44322, 30.506782], [-87.444714, 30.507494], [-87.447702, 30.510458], [-87.447782, 30.511913], [-87.447305, 30.512629], [-87.446499, 30.513569], [-87.445182, 30.51398], [-87.444944, 30.514943], [-87.446427, 30.520306], [-87.446586, 30.527068], [-87.43544, 30.54914], [-87.434963, 30.549599], [-87.431441, 30.550263], [-87.427891, 30.554159], [-87.426037, 30.560073], [-87.423362, 30.561425], [-87.422805, 30.561379], [-87.422408, 30.560439], [-87.420925, 30.560668], [-87.418647, 30.561837], [-87.41666, 30.566306], [-87.416951, 30.568003], [-87.418513, 30.569561], [-87.418354, 30.570043], [-87.416261, 30.572448], [-87.414513, 30.573456], [-87.412712, 30.573227], [-87.408736, 30.583701], [-87.406558, 30.599928], [-87.404597, 30.603389], [-87.401178, 30.604397], [-87.39927, 30.605611], [-87.397308, 30.608728], [-87.395026, 30.615281], [-87.395053, 30.6159], [-87.39643, 30.616909], [-87.39643, 30.617734], [-87.395659, 30.623372], [-87.394479, 30.625192], [-87.393775, 30.627006], [-87.393588, 30.63088], [-87.395941, 30.643968], [-87.397185, 30.648117], [-87.396177, 30.650454], [-87.397262, 30.654351], [-87.400177, 30.657217], [-87.400707, 30.657148], [-87.405874, 30.666616], [-87.407118, 30.671796], [-87.406561, 30.674019], [-87.406958, 30.675165], [-87.412739, 30.678055], [-87.419527, 30.679981], [-87.424883, 30.683374], [-87.430372, 30.688645], [-87.436021, 30.688668], [-87.439814, 30.690479], [-87.44228, 30.692679], [-87.44358, 30.694604], [-87.449362, 30.698913], [-87.451404, 30.699806], [-87.456948, 30.69756], [-87.466338, 30.700835], [-87.467717, 30.701683], [-87.470397, 30.705281], [-87.474429, 30.706586], [-87.479579, 30.712865], [-87.479819, 30.71495], [-87.481225, 30.716508], [-87.487036, 30.7185], [-87.496772, 30.720353], [-87.497515, 30.720123], [-87.502317, 30.72159], [-87.505153, 30.726313], [-87.511729, 30.733535], [-87.523613, 30.738306], [-87.532607, 30.743489], [-87.535365, 30.749775], [-87.535416, 30.75476], [-87.536528, 30.761383], [-87.537085, 30.76253], [-87.54226, 30.767504], [-87.54616, 30.77202], [-87.545364, 30.774105], [-87.545044, 30.778666], [-87.552051, 30.786254], [-87.552954, 30.786941], [-87.554838, 30.787125], [-87.559484, 30.790447], [-87.560068, 30.792258], [-87.564209, 30.796246], [-87.56814, 30.799088], [-87.572043, 30.800532], [-87.576849, 30.808163], [-87.581869, 30.812403], [-87.58787, 30.815037], [-87.594297, 30.816984], [-87.600486, 30.820627], [-87.60163, 30.82514], [-87.60357, 30.828624], [-87.605776, 30.831304], [-87.610982, 30.832632], [-87.615923, 30.834693], [-87.615367, 30.837031], [-87.617281, 30.840353], [-87.624137, 30.845713], [-87.626075, 30.846494], [-87.627323, 30.847961], [-87.626497, 30.85188], [-87.62538, 30.854355], [-87.626228, 30.857127], [-87.628245, 30.860131], [-87.634938, 30.865886], [-87.629987, 30.877686], [-87.629454, 30.880115], [-87.6244, 30.884696], [-87.622062, 30.885408], [-87.620788, 30.887494], [-87.620922, 30.889923], [-87.622519, 30.89368], [-87.622203, 30.897508], [-87.620715, 30.89893], [-87.616013, 30.901453], [-87.614951, 30.904226], [-87.614209, 30.908536], [-87.611847, 30.914541], [-87.6102, 30.916628], [-87.608262, 30.9219], [-87.607811, 30.92449], [-87.602684, 30.934277], [-87.600691, 30.937074], [-87.598299, 30.938793], [-87.59689, 30.941131], [-87.592055, 30.951492], [-87.589187, 30.964464], [-87.590917, 30.969414], [-87.593046, 30.972966], [-87.594111, 30.976335], [-87.594164, 30.977572], [-87.592676, 30.98014], [-87.593395, 30.982959], [-87.596722, 30.98761], [-87.599172, 30.995722], [-87.598928, 30.997457], [-87.571281, 30.99787], [-87.548543, 30.997927], [-87.51952, 30.997586], [-87.480243, 30.998202], [-87.479703, 30.998197], [-87.478706, 30.998213], [-87.466879, 30.998178], [-87.466827, 30.998178], [-87.461783, 30.998201], [-87.461638, 30.998202], [-87.458658, 30.998386], [-87.455705, 30.998318], [-87.449811, 30.998272], [-87.432292, 30.998205], [-87.425774, 30.99809], [-87.367842, 30.998292], [-87.364011, 30.998218], [-87.355656, 30.998244], [-87.333973, 30.998272], [-87.312183, 30.998435], [-87.30403, 30.998191], [-87.301567, 30.998434], [-87.290995, 30.998352], [-87.288905, 30.998345], [-87.265564, 30.998267], [-87.26054, 30.998195], [-87.259689, 30.998172], [-87.25796, 30.998263], [-87.257002, 30.998194], [-87.255592, 30.998216], [-87.25498, 30.998285], [-87.237685, 30.996393], [-87.224746, 30.997169], [-87.162614, 30.999055], [-87.140755, 30.999532], [-87.124969, 30.998802], [-87.118873, 30.999427], [-87.068633, 30.999143], [-87.064063, 30.999191], [-87.053737, 30.999131], [-87.039989, 30.999594], [-87.036366, 30.999348], [-87.027107, 30.999255], [-87.004359, 30.999316], [-86.998477, 30.998661], [-86.92781, 30.997704], [-86.888135, 30.997577], [-86.872989, 30.997631], [-86.831934, 30.997378], [-86.830497, 30.997401], [-86.785918, 30.996978], [-86.74524, 30.99629], [-86.728392, 30.996739], [-86.727293, 30.996882], [-86.725379, 30.996872], [-86.706261, 30.994703], [-86.678383, 30.994537], [-86.664681, 30.994534], [-86.567586, 30.995109], [-86.563436, 30.995223], [-86.519938, 30.993245], [-86.512834, 30.9937], [-86.49995, 30.99334], [-86.458319, 30.993998], [-86.454704, 30.993791], [-86.404912, 30.994049], [-86.391937, 30.994172], [-86.388647, 30.994181], [-86.374545, 30.994474], [-86.36927, 30.994477], [-86.364907, 30.994455], [-86.304596, 30.994029], [-86.289247, 30.993798], [-86.256448, 30.993853], [-86.238335, 30.99437], [-86.180232, 30.994005], [-86.175204, 30.993798], [-86.168979, 30.993706], [-86.162886, 30.993682], [-86.116918, 30.992917], [-86.056213, 30.993133], [-86.052462, 30.993247], [-86.035039, 30.99332], [-85.998643, 30.99287], [-85.893543, 30.993467], [-85.749932, 30.994837], [-85.749619, 30.995292], [-85.498272, 30.996928], [-85.243632, 31.000884], [-85.154452, 31.000835], [-85.152218, 31.000834], [-85.152085, 31.000888], [-85.145835, 31.000695], [-85.057534, 31.000585], [-85.054802, 31.000585], [-85.052088, 31.000585], [-85.031155, 31.000647], [-85.030107, 31.000653], [-85.027512, 31.00067], [-85.024108, 31.000681], [-85.002368, 31.000682], [-85.0019, 31.000681], [-85.001819, 30.997889], [-85.00254, 30.986899], [-85.005934, 30.979804], [-85.005931, 30.97704], [-85.005105, 30.974704], [-85.004026, 30.973468], [-84.999928, 30.971186], [-84.999828, 30.971486], [-84.997628, 30.971186], [-84.988027, 30.968786], [-84.984827, 30.967486], [-84.982527, 30.965586], [-84.980127, 30.961286], [-84.979627, 30.958986], [-84.979627, 30.954686], [-84.982227, 30.946886], [-84.983027, 30.942586], [-84.983627, 30.936986], [-84.983127, 30.934786], [-84.980627, 30.932687], [-84.975226, 30.930787], [-84.971026, 30.928187], [-84.969426, 30.921987], [-84.966726, 30.917287], [-84.956125, 30.907587], [-84.952325, 30.902287], [-84.949625, 30.897387], [-84.942525, 30.888488], [-84.941325, 30.887688], [-84.939974, 30.886728], [-84.938087, 30.885627], [-84.936828, 30.884683], [-84.935413, 30.882481], [-84.93557, 30.878707], [-84.937615, 30.875876], [-84.938401, 30.873045], [-84.937772, 30.870528], [-84.935728, 30.86754], [-84.934627, 30.865495], [-84.933997, 30.863293], [-84.934627, 30.86062], [-84.935413, 30.858418], [-84.935256, 30.854328], [-84.933224, 30.851488], [-84.930065, 30.848824], [-84.928807, 30.846779], [-84.928335, 30.844263], [-84.928335, 30.842532], [-84.929436, 30.840331], [-84.931953, 30.837499], [-84.934155, 30.834039], [-84.935256, 30.830894], [-84.93557, 30.824603], [-84.936042, 30.820671], [-84.935413, 30.81721], [-84.930923, 30.810489], [-84.928323, 30.80509], [-84.927923, 30.80279], [-84.929023, 30.79729], [-84.928323, 30.79309], [-84.926723, 30.79019], [-84.918023, 30.77809], [-84.917423, 30.77589], [-84.918023, 30.77209], [-84.920123, 30.76599], [-84.915022, 30.761191], [-84.914322, 30.753591], [-84.913522, 30.752291], [-84.911122, 30.751191], [-84.906322, 30.750591], [-84.903122, 30.751791], [-84.900222, 30.751891], [-84.897622, 30.751391], [-84.896122, 30.750591], [-84.887522, 30.741791], [-84.885221, 30.734991], [-84.883821, 30.732591], [-84.875421, 30.727491], [-84.869752, 30.721897], [-84.864693, 30.711542], [-84.836324, 30.710709], [-84.644815, 30.701992], [-84.606386, 30.699865], [-84.606249, 30.699872], [-84.53937, 30.696775], [-84.535042, 30.696523], [-84.474409, 30.692793], [-84.374905, 30.689794], [-84.28121, 30.685256], [-84.2499, 30.684145], [-84.124895, 30.678046], [-84.107699, 30.676818], [-84.057228, 30.674705], [-84.046605, 30.6742], [-84.04181, 30.673878], [-84.039707, 30.673819], [-84.007391, 30.672097], [-83.880317, 30.665807], [-83.88022, 30.665832], [-83.855216, 30.664412], [-83.820886, 30.662612], [-83.810536, 30.66188], [-83.676773, 30.654905], [-83.674058, 30.654747], [-83.611667, 30.651255], [-83.499876, 30.645671], [-83.448895, 30.64241], [-83.440021, 30.642023], [-83.429584, 30.641496], [-83.429477, 30.641519], [-83.390062, 30.639333], [-83.37946, 30.63868], [-83.341011, 30.636346], [-83.311647, 30.634577], [-83.309455, 30.634417], [-83.187391, 30.627223], [-83.174411, 30.626444], [-83.163309, 30.625895], [-83.15617, 30.625504], [-83.13137, 30.623583], [-82.878779, 30.609082], [-82.877259, 30.609024], [-82.698902, 30.598271], [-82.698618, 30.598232], [-82.689271, 30.597719], [-82.569237, 30.590965], [-82.565476, 30.590622], [-82.553159, 30.589934], [-82.545055, 30.589361], [-82.536233, 30.588885], [-82.524899, 30.588189], [-82.459544, 30.584272], [-82.374844, 30.579004], [-82.287343, 30.573458], [-82.2581, 30.571559], [-82.249841, 30.570863], [-82.214839, 30.568591], [-82.214385, 30.566958], [-82.218579, 30.564403], [-82.223025, 30.56321], [-82.227254, 30.561041], [-82.231916, 30.55627], [-82.235603, 30.544885], [-82.23582, 30.537187], [-82.234952, 30.533066], [-82.230752, 30.526758], [-82.229399, 30.520823], [-82.230377, 30.517339], [-82.226933, 30.510281], [-82.225026, 30.50783], [-82.218514, 30.504187], [-82.212852, 30.498751], [-82.206445, 30.491877], [-82.201416, 30.485164], [-82.200938, 30.474438], [-82.204614, 30.468868], [-82.207708, 30.460503], [-82.207522, 30.456928], [-82.20604, 30.455507], [-82.204823, 30.45184], [-82.203975, 30.444507], [-82.206486, 30.437081], [-82.20987, 30.432818], [-82.210291, 30.42459], [-82.204151, 30.40133], [-82.19294, 30.378779], [-82.189847, 30.375938], [-82.183797, 30.373712], [-82.180018, 30.368625], [-82.171508, 30.359869], [-82.170054, 30.358929], [-82.165192, 30.358035], [-82.161757, 30.357851], [-82.158109, 30.359913], [-82.143282, 30.363393], [-82.116385, 30.367335], [-82.104834, 30.368319], [-82.1025, 30.367823], [-82.101416, 30.366556], [-82.101798, 30.365336], [-82.094687, 30.360781], [-82.081106, 30.358806], [-82.068533, 30.359184], [-82.060034, 30.360328], [-82.050069, 30.362338], [-82.047917, 30.363265], [-82.040746, 30.370158], [-82.036825, 30.377884], [-82.035871, 30.385287], [-82.041164, 30.396841], [-82.04199, 30.403266], [-82.041164, 30.409966], [-82.039971, 30.41428], [-82.034005, 30.422357], [-82.034464, 30.428048], [-82.037209, 30.434518], [-82.036203, 30.43846], [-82.030064, 30.444853], [-82.028212, 30.447396], [-82.025457, 30.457755], [-82.023734, 30.467289], [-82.017779, 30.475081], [-82.016982, 30.478779], [-82.017297, 30.487638], [-82.018222, 30.492085], [-82.015892, 30.495499], [-82.01477, 30.513009], [-82.015826, 30.518166], [-82.01699, 30.519358], [-82.018868, 30.523828], [-82.018361, 30.531184], [-82.013216, 30.550091], [-82.005477, 30.563495], [-82.008091, 30.577018], [-82.012109, 30.593773], [-82.015708, 30.601704], [-82.016503, 30.602484], [-82.026941, 30.606153], [-82.027338, 30.606726], [-82.026541, 30.613303], [-82.028499, 30.621829], [-82.033927, 30.629603], [-82.037609, 30.633271], [-82.039941, 30.637144], [-82.039092, 30.641132], [-82.039595, 30.643309], [-82.042271, 30.649452], [-82.046114, 30.651767], [-82.049507, 30.655548], [-82.050432, 30.676266], [-82.041812, 30.692376], [-82.036426, 30.706585], [-82.037563, 30.71864], [-82.039154, 30.723178], [-82.04101, 30.72508], [-82.043795, 30.729641], [-82.041168, 30.734248], [-82.040026, 30.737548], [-82.039634, 30.747727], [-82.038967, 30.749262], [-82.035964, 30.750998], [-82.032645, 30.750674], [-82.0284, 30.750981], [-82.017917, 30.755263], [-82.01266, 30.761289], [-82.011597, 30.763122], [-82.017881, 30.775844], [-82.024035, 30.783156], [-82.023848, 30.786685], [-82.022866, 30.787991], [-82.017051, 30.791657], [-82.007865, 30.792937], [-82.004973, 30.791744], [-81.994972, 30.786073], [-81.990855, 30.781611], [-81.988605, 30.780056], [-81.981273, 30.776767], [-81.979061, 30.776415], [-81.973856, 30.778487], [-81.962534, 30.796526], [-81.961989, 30.800443], [-81.962441, 30.808441], [-81.962739, 30.813636], [-81.962175, 30.818001], [-81.959759, 30.821168], [-81.949787, 30.827493], [-81.943168, 30.827434], [-81.938381, 30.825745], [-81.935444, 30.821131], [-81.934655, 30.820424], [-81.924448, 30.817566], [-81.910926, 30.815889], [-81.906279, 30.817015], [-81.903745, 30.818986], [-81.902337, 30.820817], [-81.89938, 30.821662], [-81.89572, 30.821098], [-81.892904, 30.819268], [-81.891281, 30.815945], [-81.882725, 30.805124], [-81.876882, 30.799516], [-81.868608, 30.792754], [-81.852626, 30.794439], [-81.846286, 30.790548], [-81.842058, 30.78712], [-81.840375, 30.786384], [-81.827014, 30.788933], [-81.808529, 30.790014], [-81.806652, 30.789683], [-81.792769, 30.784432], [-81.78435, 30.77359], [-81.782653, 30.769937], [-81.779171, 30.768062], [-81.775021, 30.76833], [-81.772611, 30.769535], [-81.770468, 30.772481], [-81.768192, 30.773954], [-81.763372, 30.77382], [-81.759338, 30.771377], [-81.755074, 30.768319], [-81.751283, 30.767082], [-81.747572, 30.766455], [-81.746312, 30.765891], [-81.745035, 30.765039], [-81.744183, 30.763868], [-81.743438, 30.762271], [-81.743094, 30.759912], [-81.742736, 30.759201], [-81.732227, 30.749634], [-81.727127, 30.746934], [-81.719927, 30.744634], [-81.694778, 30.748414], [-81.692815, 30.7471], [-81.691818, 30.74399], [-81.69099, 30.742841], [-81.688925, 30.741434], [-81.672824, 30.738935], [-81.670124, 30.740235], [-81.669324, 30.741335], [-81.668275, 30.744643], [-81.667336, 30.74566], [-81.664598, 30.746599], [-81.662173, 30.746521], [-81.656541, 30.745113], [-81.652123, 30.742435], [-81.651723, 30.740235], [-81.652161, 30.735648], [-81.65177, 30.732284], [-81.65044, 30.729703], [-81.649188, 30.728686], [-81.646137, 30.727591], [-81.633266, 30.729603], [-81.629609, 30.732407], [-81.625098, 30.733017], [-81.621929, 30.731188], [-81.620822, 30.729535], [-81.619613, 30.724849], [-81.617663, 30.722046], [-81.609495, 30.720705], [-81.607667, 30.721924], [-81.605716, 30.725337], [-81.60401, 30.727287], [-81.601206, 30.728141], [-81.593648, 30.725459], [-81.58682, 30.723735], [-81.573719, 30.722336], [-81.571419, 30.721636], [-81.566219, 30.717836], [-81.561706, 30.715597], [-81.552566, 30.716974], [-81.549186, 30.715972], [-81.546932, 30.714345], [-81.544679, 30.713969], [-81.542675, 30.713593], [-81.540923, 30.713343], [-81.539295, 30.713468], [-81.537668, 30.714345], [-81.535539, 30.716348], [-81.534517, 30.717936], [-81.534037, 30.719853], [-81.532785, 30.721606], [-81.530531, 30.722858], [-81.528278, 30.723359], [-81.521417, 30.722536], [-81.516116, 30.722236], [-81.507216, 30.722936], [-81.489537, 30.7261], [-81.487332, 30.726081], [-81.483786, 30.723891], [-81.475754, 30.714754], [-81.472597, 30.713312], [-81.464465, 30.711045], [-81.459978, 30.710434], [-81.448718, 30.709353], [-81.444124, 30.709714], [-81.432725, 30.703017], [-81.42742, 30.69802], [-81.430843, 30.669393], [-81.443099, 30.600938], [-81.442564, 30.555189], [-81.434064, 30.522569], [-81.447087, 30.503679], [-81.440108, 30.497678], [-81.42601, 30.496739], [-81.410809, 30.482039], [-81.407008, 30.42204], [-81.397422, 30.400626], [-81.39736, 30.396967], [-81.389789, 30.397422], [-81.397067, 30.379511], [-81.396407, 30.34004], [-81.391606, 30.303441], [-81.385505, 30.273841], [-81.355591, 30.162563], [-81.308978, 29.96944], [-81.295268, 29.928614], [-81.288955, 29.91518], [-81.27654, 29.90046], [-81.270442, 29.883106], [-81.264693, 29.858212], [-81.263396, 29.820663], [-81.256711, 29.784693], [-81.240924, 29.739218], [-81.229015, 29.714693], [-81.211565, 29.667085], [-81.163581, 29.55529], [-81.123896, 29.474465], [-81.046678, 29.307856], [-80.966176, 29.14796], [-80.944376, 29.110861], [-80.907275, 29.064262], [-80.893675, 29.036163], [-80.878275, 29.010563], [-80.787021, 28.875266], [-80.709725, 28.756692], [-80.647288, 28.677875], [-80.61679, 28.634561], [-80.583884, 28.597705], [-80.574868, 28.585166], [-80.567361, 28.562353], [-80.560973, 28.530736], [-80.536115, 28.478647], [-80.525094, 28.459454], [-80.526732, 28.451705], [-80.562877, 28.437779], [-80.574136, 28.427764], [-80.587813, 28.410856], [-80.596174, 28.390682], [-80.603374, 28.363983], [-80.606874, 28.336484], [-80.608074, 28.311285], [-80.604214, 28.257733], [-80.589975, 28.17799], [-80.566432, 28.09563], [-80.547675, 28.048795], [-80.508871, 27.970477], [-80.446973, 27.861954], [-80.447179, 27.859731], [-80.383695, 27.740045], [-80.351717, 27.642623], [-80.350553, 27.628361], [-80.34437, 27.616226], [-80.330956, 27.597541], [-80.324699, 27.569178], [-80.311757, 27.524625], [-80.30117, 27.500314], [-80.293171, 27.500314], [-80.265535, 27.420542], [-80.253665, 27.37979], [-80.233538, 27.341307], [-80.226753, 27.322736], [-80.19309, 27.249546], [-80.16147, 27.192814], [-80.153375, 27.169308], [-80.159554, 27.163325], [-80.14982, 27.143557], [-80.138605, 27.111517], [-80.116772, 27.072397], [-80.093909, 27.018587], [-80.046263, 26.859238], [-80.031362, 26.796339], [-80.03212, 26.77153], [-80.036362, 26.77124], [-80.037462, 26.76634], [-80.032862, 26.715242], [-80.032862, 26.700842], [-80.035763, 26.676043], [-80.035363, 26.612346], [-80.038863, 26.569347], [-80.050363, 26.509549], [-80.060564, 26.444652], [-80.070564, 26.336455], [-80.072264, 26.335356], [-80.075264, 26.318656], [-80.079865, 26.264358], [-80.085565, 26.249259], [-80.089365, 26.231859], [-80.101366, 26.147762], [-80.105266, 26.096264], [-80.109566, 26.087165], [-80.117778, 25.986369], [-80.117904, 25.915772], [-80.12087, 25.883152], [-80.119684, 25.841043], [-80.122056, 25.817913], [-80.127394, 25.791224], [-80.127987, 25.772245], [-80.137476, 25.750301], [-80.144, 25.740812], [-80.152896, 25.702855], [-80.154082, 25.683283], [-80.152303, 25.676759], [-80.154972, 25.66549], [-80.160903, 25.664897], [-80.176916, 25.685062], [-80.170392, 25.710565], [-80.164461, 25.721833], [-80.166241, 25.72895], [-80.172765, 25.737847], [-80.184626, 25.745557], [-80.197674, 25.74437], [-80.229107, 25.732509], [-80.240376, 25.724206], [-80.244528, 25.717089], [-80.250459, 25.688028], [-80.265879, 25.658373], [-80.267065, 25.651849], [-80.277147, 25.637022], [-80.288416, 25.630498], [-80.296719, 25.622195], [-80.301464, 25.613299], [-80.305615, 25.593134], [-80.305615, 25.575342], [-80.302057, 25.567632], [-80.313918, 25.539164], [-80.324594, 25.535605], [-80.328746, 25.53264], [-80.339421, 25.499427], [-80.339421, 25.478669], [-80.337049, 25.465621], [-80.328152, 25.443084], [-80.320442, 25.437153], [-80.326373, 25.422919], [-80.32578, 25.39801], [-80.320442, 25.391486], [-80.31036, 25.389707], [-80.306801, 25.384369], [-80.31036, 25.3731], [-80.335269, 25.338701], [-80.352469, 25.329805], [-80.361662, 25.327433], [-80.374116, 25.31735], [-80.383013, 25.301337], [-80.37969, 25.288463], [-80.393438, 25.271965], [-80.394469, 25.253061], [-80.412686, 25.248593], [-80.418872, 25.235532], [-80.432621, 25.235876], [-80.442588, 25.24275], [-80.462833, 25.236247], [-80.467824, 25.23254], [-80.469842, 25.230443], [-80.481136, 25.226046], [-80.4887, 25.226936], [-80.49315, 25.225157], [-80.49315, 25.218482], [-80.485865, 25.211281], [-80.488035, 25.206942], [-80.495341, 25.199463], [-80.498644, 25.20015], [-80.508113, 25.206719], [-80.512928, 25.216719], [-80.520359, 25.220788], [-80.52319, 25.22008], [-80.530207, 25.216207], [-80.53464, 25.211252], [-80.535197, 25.207915], [-80.532416, 25.19846], [-80.536309, 25.197348], [-80.554107, 25.209027], [-80.556888, 25.207915], [-80.556888, 25.197348], [-80.563006, 25.191786], [-80.569124, 25.190117], [-80.584771, 25.200665], [-80.609609, 25.181901], [-80.619024, 25.177328], [-80.624185, 25.183443], [-80.605275, 25.190674], [-80.605275, 25.195123], [-80.610837, 25.19846], [-80.645876, 25.189005], [-80.655331, 25.184556], [-80.659224, 25.17955], [-80.654219, 25.177881], [-80.63364, 25.181775], [-80.63399, 25.176829], [-80.640275, 25.17662], [-80.645822, 25.174029], [-80.649251, 25.168708], [-80.648657, 25.157859], [-80.651994, 25.151185], [-80.650326, 25.147292], [-80.650326, 25.144511], [-80.669236, 25.137837], [-80.67591, 25.13728], [-80.677578, 25.142286], [-80.661449, 25.155078], [-80.655887, 25.161752], [-80.656942, 25.168216], [-80.67985, 25.166751], [-80.678273, 25.172042], [-80.681611, 25.173293], [-80.697462, 25.162865], [-80.695037, 25.157588], [-80.70127, 25.146683], [-80.703718, 25.139115], [-80.709141, 25.144511], [-80.712896, 25.151185], [-80.717901, 25.154522], [-80.723324, 25.152019], [-80.719153, 25.148682], [-80.721885, 25.145101], [-80.742877, 25.142646], [-80.755991, 25.150038], [-80.756642, 25.155904], [-80.764464, 25.159163], [-80.768374, 25.157859], [-80.765767, 25.148082], [-80.769678, 25.137002], [-80.777499, 25.135047], [-80.780758, 25.139609], [-80.775544, 25.149386], [-80.782062, 25.161118], [-80.791186, 25.16177], [-80.795097, 25.157207], [-80.795097, 25.144824], [-80.798356, 25.140913], [-80.802266, 25.140913], [-80.804874, 25.1546], [-80.796218, 25.17245], [-80.798356, 25.179367], [-80.807481, 25.181975], [-80.809436, 25.178064], [-80.806177, 25.17285], [-80.815183, 25.164959], [-80.82653, 25.160478], [-80.830034, 25.168094], [-80.838227, 25.174791], [-80.846395, 25.17706], [-80.858167, 25.176576], [-80.87546, 25.174321], [-80.900066, 25.162034], [-80.901617, 25.153803], [-80.898911, 25.147652], [-80.900577, 25.139669], [-80.915924, 25.141301], [-80.943216, 25.134443], [-80.957427, 25.135704], [-80.971765, 25.133958], [-80.999176, 25.124222], [-81.009598, 25.125403], [-81.022989, 25.129393], [-81.050505, 25.128273], [-81.079859, 25.118797], [-81.094524, 25.127054], [-81.111943, 25.14547], [-81.120616, 25.152302], [-81.133567, 25.156295], [-81.141024, 25.163868], [-81.142278, 25.183], [-81.146737, 25.193139], [-81.155481, 25.208098], [-81.172044, 25.222276], [-81.170907, 25.245857], [-81.168307, 25.253178], [-81.16207, 25.289833], [-81.159293, 25.298595], [-81.1523, 25.305543], [-81.148915, 25.318067], [-81.151916, 25.324766], [-81.148103, 25.332793], [-81.140099, 25.341117], [-81.133913, 25.342996], [-81.12141, 25.33875], [-81.118208, 25.34522], [-81.117265, 25.354953], [-81.128492, 25.380511], [-81.141395, 25.381358], [-81.150508, 25.387255], [-81.150656, 25.399206], [-81.147144, 25.404297], [-81.146765, 25.407577], [-81.168652, 25.463848], [-81.179406, 25.475427], [-81.191924, 25.484745], [-81.208201, 25.504937], [-81.210149, 25.516888], [-81.203175, 25.53416], [-81.204389, 25.538908], [-81.209321, 25.548611], [-81.225557, 25.55847], [-81.232705, 25.573366], [-81.233051, 25.586587], [-81.240519, 25.599041], [-81.240677, 25.613629], [-81.253951, 25.638181], [-81.268924, 25.656927], [-81.277374, 25.66498], [-81.290328, 25.687506], [-81.328935, 25.717233], [-81.335037, 25.715649], [-81.346078, 25.721473], [-81.345972, 25.736536], [-81.343984, 25.747668], [-81.346767, 25.754029], [-81.355116, 25.76039], [-81.359489, 25.766354], [-81.361875, 25.772715], [-81.344779, 25.782257], [-81.340406, 25.786631], [-81.341598, 25.794582], [-81.349152, 25.816847], [-81.352731, 25.822015], [-81.362272, 25.824401], [-81.386127, 25.839906], [-81.394476, 25.851834], [-81.417536, 25.864954], [-81.424295, 25.867737], [-81.429066, 25.865351], [-81.441391, 25.863761], [-81.458487, 25.868929], [-81.471607, 25.881652], [-81.473992, 25.888411], [-81.48751, 25.888411], [-81.501027, 25.884037], [-81.508979, 25.884037], [-81.512955, 25.886423], [-81.511762, 25.89676], [-81.515738, 25.899941], [-81.527665, 25.901531], [-81.541183, 25.900338], [-81.577363, 25.889206], [-81.584519, 25.888808], [-81.614735, 25.893977], [-81.623482, 25.897158], [-81.644553, 25.897953], [-81.654493, 25.893579], [-81.663821, 25.885605], [-81.672633, 25.856654], [-81.678287, 25.845301], [-81.6848, 25.847205], [-81.68954, 25.85271], [-81.713172, 25.897568], [-81.717687, 25.902039], [-81.727086, 25.907207], [-81.73195, 25.931506], [-81.738118, 25.942009], [-81.745579, 25.949643], [-81.749724, 25.960463], [-81.747834, 25.994273], [-81.750668, 25.998425], [-81.757463, 26.000374], [-81.762439, 26.00607], [-81.801663, 26.088227], [-81.808833, 26.152246], [-81.81461, 26.173167], [-81.81681, 26.207166], [-81.820675, 26.236735], [-81.833142, 26.294518], [-81.844555, 26.327712], [-81.868983, 26.378648], [-81.90191, 26.410859], [-81.90271, 26.416159], [-81.91171, 26.427158], [-81.923611, 26.436658], [-81.938411, 26.445058], [-81.956611, 26.452358], [-81.964212, 26.457957], [-81.967112, 26.462857], [-81.966212, 26.465057], [-81.969509, 26.476505], [-81.980712, 26.480957], [-81.997012, 26.484856], [-82.008961, 26.484052], [-82.01368, 26.490829], [-82.00908, 26.505203], [-82.024604, 26.512677], [-82.043577, 26.519577], [-82.06715, 26.513252], [-82.07175, 26.492554], [-82.094748, 26.48393], [-82.105672, 26.48393], [-82.111996, 26.54085], [-82.118896, 26.560973], [-82.122345, 26.579371], [-82.137869, 26.637441], [-82.149943, 26.654115], [-82.181565, 26.681712], [-82.17984, 26.696661], [-82.173516, 26.701836], [-82.151668, 26.704136], [-82.139019, 26.702986], [-82.125795, 26.699536], [-82.118896, 26.690912], [-82.106247, 26.667339], [-82.099922, 26.662739], [-82.093023, 26.665614], [-82.086698, 26.685162], [-82.084974, 26.702411], [-82.079799, 26.716784], [-82.066575, 26.742657], [-82.061401, 26.774279], [-82.061401, 26.789228], [-82.055076, 26.802452], [-82.057951, 26.822], [-82.058526, 26.838674], [-82.056801, 26.858797], [-82.059101, 26.876621], [-82.066575, 26.88237], [-82.090723, 26.888694], [-82.093023, 26.906518], [-82.090148, 26.923191], [-82.083249, 26.927791], [-82.067725, 26.927791], [-82.061976, 26.931241], [-82.061401, 26.938715], [-82.063126, 26.950214], [-82.076349, 26.958263], [-82.107972, 26.957688], [-82.117171, 26.954239], [-82.124645, 26.945615], [-82.137294, 26.926066], [-82.162017, 26.925491], [-82.169491, 26.923191], [-82.175241, 26.916867], [-82.172941, 26.897319], [-82.156267, 26.851898], [-82.147068, 26.789803], [-82.151093, 26.783479], [-82.172941, 26.778879], [-82.17869, 26.772555], [-82.221812, 26.77198], [-82.233311, 26.784054], [-82.241935, 26.774279], [-82.251134, 26.755881], [-82.259867, 26.717398], [-82.263804, 26.725644], [-82.264682, 26.756836], [-82.269499, 26.784674], [-82.289086, 26.827784], [-82.301736, 26.841588], [-82.351649, 26.908384], [-82.400618, 26.984937], [-82.419218, 27.020736], [-82.445718, 27.060634], [-82.460319, 27.099933], [-82.465319, 27.110732], [-82.46889, 27.113612], [-82.477019, 27.141231], [-82.512319, 27.207528], [-82.539719, 27.254326], [-82.54512, 27.261026], [-82.55902, 27.268826], [-82.569754, 27.279452], [-82.569248, 27.298588], [-82.57602, 27.309324], [-82.597629, 27.335754], [-82.623863, 27.362206], [-82.642821, 27.38972], [-82.675121, 27.424318], [-82.691821, 27.437218], [-82.691004, 27.444331], [-82.707821, 27.487615], [-82.714521, 27.500415], [-82.724522, 27.513614], [-82.743017, 27.531086], [-82.745748, 27.538834], [-82.742437, 27.53936], [-82.708121, 27.523514], [-82.710621, 27.501715], [-82.706821, 27.498415], [-82.690421, 27.496415], [-82.686421, 27.497215], [-82.686921, 27.508015], [-82.683621, 27.513115], [-82.674621, 27.519614], [-82.66202, 27.522814], [-82.65072, 27.523115], [-82.646014, 27.53354], [-82.632053, 27.551908], [-82.612019, 27.571231], [-82.613003, 27.582837], [-82.611717, 27.585283], [-82.596488, 27.594045], [-82.584629, 27.596021], [-82.570607, 27.608882], [-82.565667, 27.615713], [-82.558538, 27.638678], [-82.537146, 27.672933], [-82.514265, 27.705588], [-82.494891, 27.718963], [-82.482449, 27.719886], [-82.477638, 27.723004], [-82.476297, 27.729929], [-82.477129, 27.735216], [-82.482305, 27.742649], [-82.478339, 27.74625], [-82.457543, 27.752571], [-82.434635, 27.764355], [-82.43198, 27.768092], [-82.433981, 27.774087], [-82.419066, 27.793767], [-82.418401, 27.803187], [-82.410837, 27.810868], [-82.402857, 27.812671], [-82.393383, 27.837519], [-82.397463, 27.851631], [-82.402615, 27.882602], [-82.413915, 27.901401], [-82.432316, 27.901301], [-82.451591, 27.907506], [-82.453731, 27.908546], [-82.461914, 27.908431], [-82.462459, 27.920248], [-82.461055, 27.938161], [-82.478063, 27.92768]]], [[[-82.255777, 26.703437], [-82.255159, 26.70816], [-82.246535, 26.706435], [-82.24251, 26.694361], [-82.24596, 26.688612], [-82.246535, 26.683437], [-82.23744, 26.661976], [-82.218342, 26.626407], [-82.214337, 26.602944], [-82.196514, 26.559823], [-82.187315, 26.527626], [-82.177541, 26.502328], [-82.166042, 26.489679], [-82.149368, 26.477605], [-82.131545, 26.47703], [-82.120046, 26.473581], [-82.088423, 26.455182], [-82.076924, 26.466106], [-82.062551, 26.470131], [-82.038403, 26.456907], [-82.015607, 26.454858], [-82.013713, 26.454258], [-82.013913, 26.452058], [-82.063114, 26.425459], [-82.075015, 26.422059], [-82.082915, 26.422059], [-82.098115, 26.424959], [-82.126671, 26.436279], [-82.148716, 26.455458], [-82.172917, 26.467658], [-82.177017, 26.471558], [-82.180717, 26.476257], [-82.186441, 26.489221], [-82.201402, 26.55631], [-82.205523, 26.566536], [-82.222131, 26.590402], [-82.238872, 26.636433], [-82.248659, 26.654337], [-82.263008, 26.673388], [-82.268007, 26.682791], [-82.264351, 26.698496], [-82.255777, 26.703437]]], [[[-80.463986, 25.09321], [-80.450399, 25.088751], [-80.444887, 25.092966], [-80.433575, 25.106317], [-80.433499, 25.114665], [-80.439403, 25.128453], [-80.426786, 25.127297], [-80.425399, 25.142256], [-80.41326, 25.137053], [-80.403177, 25.141798], [-80.395467, 25.150694], [-80.387164, 25.170859], [-80.38835, 25.182721], [-80.391909, 25.19221], [-80.387164, 25.198141], [-80.369965, 25.206444], [-80.358696, 25.207037], [-80.3498, 25.210595], [-80.337345, 25.231353], [-80.333787, 25.253891], [-80.336159, 25.261601], [-80.342683, 25.268125], [-80.368186, 25.282359], [-80.364034, 25.28651], [-80.339421, 25.290069], [-80.334676, 25.285917], [-80.328746, 25.28651], [-80.315698, 25.29422], [-80.292567, 25.314385], [-80.289602, 25.325061], [-80.275961, 25.344039], [-80.256982, 25.361239], [-80.25461, 25.38081], [-80.251052, 25.391486], [-80.246307, 25.398603], [-80.226142, 25.406313], [-80.219025, 25.411058], [-80.21428, 25.416988], [-80.20657, 25.434188], [-80.199453, 25.458504], [-80.192336, 25.473331], [-80.189964, 25.485786], [-80.191743, 25.495275], [-80.188778, 25.50773], [-80.179288, 25.518999], [-80.174544, 25.518406], [-80.173951, 25.482821], [-80.184033, 25.468587], [-80.204198, 25.412244], [-80.221991, 25.397417], [-80.238004, 25.361832], [-80.240376, 25.347005], [-80.249865, 25.342853], [-80.254916, 25.336336], [-80.260137, 25.324641], [-80.268138, 25.320675], [-80.288184, 25.282835], [-80.307584, 25.257561], [-80.351399, 25.190615], [-80.354019, 25.184306], [-80.349855, 25.168825], [-80.35857, 25.154073], [-80.377084, 25.130487], [-80.399767, 25.108536], [-80.428318, 25.095547], [-80.431032, 25.08925], [-80.443375, 25.076084], [-80.462011, 25.069935], [-80.47387, 25.060253], [-80.493881, 25.038502], [-80.48912, 25.031301], [-80.494781, 25.023019], [-80.537995, 24.990244], [-80.565831, 24.958155], [-80.571668, 24.953659], [-80.588272, 24.951153], [-80.596073, 24.948173], [-80.611693, 24.93842], [-80.635571, 24.913003], [-80.658045, 24.898314], [-80.657199, 24.892579], [-80.657543, 24.891204], [-80.658917, 24.890517], [-80.661667, 24.892579], [-80.663386, 24.89361], [-80.66476, 24.89361], [-80.690803, 24.881116], [-80.706356, 24.867232], [-80.711849, 24.863323], [-80.761359, 24.836225], [-80.766965, 24.836158], [-80.745468, 24.850652], [-80.74061, 24.857421], [-80.733133, 24.864104], [-80.729274, 24.865361], [-80.719976, 24.864644], [-80.703028, 24.880873], [-80.691761, 24.885759], [-80.66128, 24.899704], [-80.660198, 24.90498], [-80.650765, 24.908121], [-80.641306, 24.914311], [-80.623866, 24.931236], [-80.622896, 24.935587], [-80.624172, 24.939058], [-80.621658, 24.944265], [-80.597074, 24.958492], [-80.581131, 24.964738], [-80.578185, 24.962811], [-80.570813, 24.962215], [-80.558785, 24.971505], [-80.54411, 24.999916], [-80.543254, 25.007337], [-80.545971, 25.01477], [-80.524498, 25.016945], [-80.509136, 25.028317], [-80.501326, 25.041436], [-80.495569, 25.047497], [-80.4889, 25.05011], [-80.481197, 25.056604], [-80.460652, 25.078904], [-80.460592, 25.086133], [-80.467178, 25.091265], [-80.463986, 25.09321]]], [[[-80.788263, 24.824218], [-80.790497, 24.817789], [-80.796053, 24.81194], [-80.822342, 24.812629], [-80.846191, 24.802968], [-80.850338, 24.8026], [-80.850866, 24.803701], [-80.846142, 24.807488], [-80.830158, 24.81428], [-80.814551, 24.827953], [-80.79278, 24.843918], [-80.780564, 24.84052], [-80.788263, 24.824218]]], [[[-80.89054, 24.791678], [-80.884572, 24.791561], [-80.88402, 24.790414], [-80.892649, 24.785991], [-80.906874, 24.783744], [-80.89054, 24.791678]]], [[[-80.909954, 24.781154], [-80.906288, 24.769867], [-80.912042, 24.76505], [-80.938543, 24.767535], [-81.015933, 24.719881], [-81.023794, 24.716901], [-81.028616, 24.720618], [-81.032447, 24.727323], [-81.03429, 24.727341], [-81.064554, 24.715453], [-81.071034, 24.711722], [-81.075855, 24.704266], [-81.078716, 24.696557], [-81.078439, 24.692382], [-81.108041, 24.688592], [-81.124094, 24.704873], [-81.125371, 24.708291], [-81.107355, 24.71276], [-81.105287, 24.71128], [-81.099135, 24.711993], [-81.066816, 24.723926], [-81.05057, 24.737581], [-81.041797, 24.742965], [-81.036698, 24.742827], [-81.035192, 24.739982], [-81.02217, 24.733091], [-81.016918, 24.734676], [-80.994426, 24.743991], [-80.991413, 24.754101], [-80.988082, 24.759336], [-80.986654, 24.76124], [-80.984275, 24.76124], [-80.982371, 24.757908], [-80.978778, 24.756096], [-80.961908, 24.764095], [-80.955245, 24.76933], [-80.939065, 24.774565], [-80.93157, 24.774626], [-80.910431, 24.782324], [-80.909954, 24.781154]]], [[[-81.249799, 24.673357], [-81.246095, 24.675832], [-81.243232, 24.673998], [-81.244761, 24.669202], [-81.281778, 24.65375], [-81.278312, 24.660448], [-81.260006, 24.674848], [-81.249799, 24.673357]]], [[[-81.582923, 24.658732], [-81.580534, 24.66914], [-81.562917, 24.692912], [-81.55761, 24.692488], [-81.542116, 24.681026], [-81.535323, 24.67954], [-81.51898, 24.687818], [-81.516433, 24.700341], [-81.5124, 24.703737], [-81.490962, 24.710105], [-81.476642, 24.711244], [-81.474186, 24.706332], [-81.469275, 24.704286], [-81.459043, 24.707355], [-81.454132, 24.710834], [-81.451881, 24.714518], [-81.4527, 24.736209], [-81.456588, 24.740097], [-81.451267, 24.747464], [-81.440831, 24.73539], [-81.43858, 24.727], [-81.435715, 24.723931], [-81.432032, 24.722908], [-81.423028, 24.731911], [-81.421595, 24.737641], [-81.427121, 24.745827], [-81.430599, 24.747259], [-81.431009, 24.751761], [-81.425483, 24.752989], [-81.402769, 24.749101], [-81.392947, 24.743371], [-81.390287, 24.73846], [-81.389468, 24.731298], [-81.38558, 24.726182], [-81.36041, 24.708788], [-81.345881, 24.70756], [-81.319282, 24.701238], [-81.314787, 24.691764], [-81.313933, 24.680707], [-81.309664, 24.665017], [-81.298028, 24.656774], [-81.298369, 24.654326], [-81.303113, 24.651665], [-81.332831, 24.639528], [-81.395096, 24.621062], [-81.401946, 24.623564], [-81.403319, 24.640294], [-81.414187, 24.647167], [-81.432315, 24.645949], [-81.448623, 24.640172], [-81.470411, 24.641985], [-81.480951, 24.645121], [-81.48183, 24.647369], [-81.477915, 24.649893], [-81.47641, 24.653197], [-81.480504, 24.659757], [-81.49858, 24.66498], [-81.502992, 24.660877], [-81.505585, 24.654609], [-81.50874, 24.64421], [-81.509028, 24.631516], [-81.511165, 24.625135], [-81.518595, 24.620304], [-81.54645, 24.614895], [-81.602998, 24.586444], [-81.664209, 24.573143], [-81.674694, 24.564359], [-81.685278, 24.558739], [-81.691575, 24.559886], [-81.732511, 24.556423], [-81.765993, 24.552103], [-81.786157, 24.54658], [-81.810333, 24.544701], [-81.81289, 24.546468], [-81.814446, 24.56358], [-81.811386, 24.56975], [-81.800676, 24.570989], [-81.801378, 24.588963], [-81.798797, 24.595676], [-81.795182, 24.596192], [-81.790808, 24.585836], [-81.773808, 24.584977], [-81.748071, 24.590199], [-81.739241, 24.589973], [-81.734573, 24.584148], [-81.730473, 24.58196], [-81.715944, 24.587956], [-81.71548, 24.592498], [-81.705364, 24.597647], [-81.699349, 24.597647], [-81.694235, 24.591932], [-81.687017, 24.592534], [-81.678595, 24.597647], [-81.66897, 24.607873], [-81.655735, 24.616295], [-81.637087, 24.621408], [-81.614829, 24.642764], [-81.614529, 24.650584], [-81.597685, 24.655397], [-81.587759, 24.655998], [-81.582923, 24.658732]]], [[[-80.699844, 24.896555], [-80.703285, 24.897243], [-80.704659, 24.898619], [-80.703629, 24.904118], [-80.699844, 24.90893], [-80.698471, 24.909273], [-80.697098, 24.908585], [-80.693314, 24.899305], [-80.695724, 24.897243], [-80.699844, 24.896555]]], [[[-81.303253, 24.714029], [-81.305153, 24.715933], [-81.309914, 24.724974], [-81.312767, 24.727354], [-81.317055, 24.728306], [-81.322289, 24.728781], [-81.328476, 24.726877], [-81.332756, 24.732113], [-81.338943, 24.73592], [-81.342278, 24.7383], [-81.341797, 24.740204], [-81.337517, 24.741631], [-81.33609, 24.744486], [-81.330376, 24.749722], [-81.327995, 24.7521], [-81.327049, 24.757811], [-81.327553, 24.762316], [-81.324638, 24.76721], [-81.317673, 24.75729], [-81.305634, 24.756384], [-81.298492, 24.747818], [-81.298492, 24.744963], [-81.301346, 24.729733], [-81.300873, 24.721643], [-81.297401, 24.716732], [-81.303253, 24.714029]]], [[[-82.158653, 24.547716], [-82.164009, 24.550095], [-82.166382, 24.55307], [-82.166382, 24.557829], [-82.164604, 24.564371], [-82.160439, 24.567942], [-82.157463, 24.567942], [-82.155678, 24.564966], [-82.157463, 24.561993], [-82.158653, 24.557829], [-82.156868, 24.556044], [-82.147346, 24.555449], [-82.130692, 24.554853], [-82.121773, 24.556639], [-82.114037, 24.563778], [-82.110466, 24.572701], [-82.111061, 24.579838], [-82.115822, 24.582813], [-82.122368, 24.584597], [-82.130096, 24.586382], [-82.139618, 24.585787], [-82.143784, 24.584597], [-82.146164, 24.587572], [-82.146164, 24.592331], [-82.141403, 24.59828], [-82.134857, 24.599468], [-82.127121, 24.599468], [-82.119392, 24.59709], [-82.110466, 24.594709], [-82.105118, 24.591141], [-82.102142, 24.585192], [-82.099762, 24.575079], [-82.100952, 24.565561], [-82.106308, 24.556639], [-82.115227, 24.550095], [-82.130692, 24.548906], [-82.158653, 24.547716]]], [[[-82.840569, 28.163084], [-82.847443, 28.164288], [-82.850365, 28.172537], [-82.852432, 28.210173], [-82.844009, 28.230106], [-82.83799, 28.235435], [-82.838852, 28.211548], [-82.844009, 28.196596], [-82.840401, 28.166864], [-82.840569, 28.163084]]], [[[-82.832405, 28.106716], [-82.842743, 28.111225], [-82.842201, 28.125402], [-82.833786, 28.13026], [-82.832237, 28.129057], [-82.837837, 28.124039], [-82.838387, 28.114498], [-82.830688, 28.107403], [-82.832405, 28.106716]]], [[[-82.429779, 27.863234], [-82.437683, 27.865124], [-82.435448, 27.884199], [-82.424622, 27.884199], [-82.424454, 27.884027], [-82.424278, 27.868217], [-82.429779, 27.863234]]], [[[-82.43222, 27.822289], [-82.441689, 27.823534], [-82.438576, 27.839603], [-82.431221, 27.838608], [-82.43222, 27.822289]]], [[[-82.755928, 27.575552], [-82.763145, 27.580364], [-82.764694, 27.5893], [-82.762283, 27.602533], [-82.75885, 27.60047], [-82.760056, 27.582769], [-82.755928, 27.575552]]], [[[-84.670555, 29.777298], [-84.674683, 29.786234], [-84.644089, 29.789671], [-84.604736, 29.810293], [-84.573975, 29.830572], [-84.570877, 29.822495], [-84.579987, 29.806856], [-84.62484, 29.788467], [-84.670555, 29.777298]]]]}}, {"type": "Feature", "properties": {"STUSPS": "GA", "NAME": "Georgia"}, "geometry": {"type": "Polygon", "coordinates": [[[-81.444124, 30.709714], [-81.448718, 30.709353], [-81.459978, 30.710434], [-81.464465, 30.711045], [-81.472597, 30.713312], [-81.475754, 30.714754], [-81.483786, 30.723891], [-81.487332, 30.726081], [-81.489537, 30.7261], [-81.507216, 30.722936], [-81.516116, 30.722236], [-81.521417, 30.722536], [-81.528278, 30.723359], [-81.530531, 30.722858], [-81.532785, 30.721606], [-81.534037, 30.719853], [-81.534517, 30.717936], [-81.535539, 30.716348], [-81.537668, 30.714345], [-81.539295, 30.713468], [-81.540923, 30.713343], [-81.542675, 30.713593], [-81.544679, 30.713969], [-81.546932, 30.714345], [-81.549186, 30.715972], [-81.552566, 30.716974], [-81.561706, 30.715597], [-81.566219, 30.717836], [-81.571419, 30.721636], [-81.573719, 30.722336], [-81.58682, 30.723735], [-81.593648, 30.725459], [-81.601206, 30.728141], [-81.60401, 30.727287], [-81.605716, 30.725337], [-81.607667, 30.721924], [-81.609495, 30.720705], [-81.617663, 30.722046], [-81.619613, 30.724849], [-81.620822, 30.729535], [-81.621929, 30.731188], [-81.625098, 30.733017], [-81.629609, 30.732407], [-81.633266, 30.729603], [-81.646137, 30.727591], [-81.649188, 30.728686], [-81.65044, 30.729703], [-81.65177, 30.732284], [-81.652161, 30.735648], [-81.651723, 30.740235], [-81.652123, 30.742435], [-81.656541, 30.745113], [-81.662173, 30.746521], [-81.664598, 30.746599], [-81.667336, 30.74566], [-81.668275, 30.744643], [-81.669324, 30.741335], [-81.670124, 30.740235], [-81.672824, 30.738935], [-81.688925, 30.741434], [-81.69099, 30.742841], [-81.691818, 30.74399], [-81.692815, 30.7471], [-81.694778, 30.748414], [-81.719927, 30.744634], [-81.727127, 30.746934], [-81.732227, 30.749634], [-81.742736, 30.759201], [-81.743094, 30.759912], [-81.743438, 30.762271], [-81.744183, 30.763868], [-81.745035, 30.765039], [-81.746312, 30.765891], [-81.747572, 30.766455], [-81.751283, 30.767082], [-81.755074, 30.768319], [-81.759338, 30.771377], [-81.763372, 30.77382], [-81.768192, 30.773954], [-81.770468, 30.772481], [-81.772611, 30.769535], [-81.775021, 30.76833], [-81.779171, 30.768062], [-81.782653, 30.769937], [-81.78435, 30.77359], [-81.792769, 30.784432], [-81.806652, 30.789683], [-81.808529, 30.790014], [-81.827014, 30.788933], [-81.840375, 30.786384], [-81.842058, 30.78712], [-81.846286, 30.790548], [-81.852626, 30.794439], [-81.868608, 30.792754], [-81.876882, 30.799516], [-81.882725, 30.805124], [-81.891281, 30.815945], [-81.892904, 30.819268], [-81.89572, 30.821098], [-81.89938, 30.821662], [-81.902337, 30.820817], [-81.903745, 30.818986], [-81.906279, 30.817015], [-81.910926, 30.815889], [-81.924448, 30.817566], [-81.934655, 30.820424], [-81.935444, 30.821131], [-81.938381, 30.825745], [-81.943168, 30.827434], [-81.949787, 30.827493], [-81.959759, 30.821168], [-81.962175, 30.818001], [-81.962739, 30.813636], [-81.962441, 30.808441], [-81.961989, 30.800443], [-81.962534, 30.796526], [-81.973856, 30.778487], [-81.979061, 30.776415], [-81.981273, 30.776767], [-81.988605, 30.780056], [-81.990855, 30.781611], [-81.994972, 30.786073], [-82.004973, 30.791744], [-82.007865, 30.792937], [-82.017051, 30.791657], [-82.022866, 30.787991], [-82.023848, 30.786685], [-82.024035, 30.783156], [-82.017881, 30.775844], [-82.011597, 30.763122], [-82.01266, 30.761289], [-82.017917, 30.755263], [-82.0284, 30.750981], [-82.032645, 30.750674], [-82.035964, 30.750998], [-82.038967, 30.749262], [-82.039634, 30.747727], [-82.040026, 30.737548], [-82.041168, 30.734248], [-82.043795, 30.729641], [-82.04101, 30.72508], [-82.039154, 30.723178], [-82.037563, 30.71864], [-82.036426, 30.706585], [-82.041812, 30.692376], [-82.050432, 30.676266], [-82.049507, 30.655548], [-82.046114, 30.651767], [-82.042271, 30.649452], [-82.039595, 30.643309], [-82.039092, 30.641132], [-82.039941, 30.637144], [-82.037609, 30.633271], [-82.033927, 30.629603], [-82.028499, 30.621829], [-82.026541, 30.613303], [-82.027338, 30.606726], [-82.026941, 30.606153], [-82.016503, 30.602484], [-82.015708, 30.601704], [-82.012109, 30.593773], [-82.008091, 30.577018], [-82.005477, 30.563495], [-82.013216, 30.550091], [-82.018361, 30.531184], [-82.018868, 30.523828], [-82.01699, 30.519358], [-82.015826, 30.518166], [-82.01477, 30.513009], [-82.015892, 30.495499], [-82.018222, 30.492085], [-82.017297, 30.487638], [-82.016982, 30.478779], [-82.017779, 30.475081], [-82.023734, 30.467289], [-82.025457, 30.457755], [-82.028212, 30.447396], [-82.030064, 30.444853], [-82.036203, 30.43846], [-82.037209, 30.434518], [-82.034464, 30.428048], [-82.034005, 30.422357], [-82.039971, 30.41428], [-82.041164, 30.409966], [-82.04199, 30.403266], [-82.041164, 30.396841], [-82.035871, 30.385287], [-82.036825, 30.377884], [-82.040746, 30.370158], [-82.047917, 30.363265], [-82.050069, 30.362338], [-82.060034, 30.360328], [-82.068533, 30.359184], [-82.081106, 30.358806], [-82.094687, 30.360781], [-82.101798, 30.365336], [-82.101416, 30.366556], [-82.1025, 30.367823], [-82.104834, 30.368319], [-82.116385, 30.367335], [-82.143282, 30.363393], [-82.158109, 30.359913], [-82.161757, 30.357851], [-82.165192, 30.358035], [-82.170054, 30.358929], [-82.171508, 30.359869], [-82.180018, 30.368625], [-82.183797, 30.373712], [-82.189847, 30.375938], [-82.19294, 30.378779], [-82.204151, 30.40133], [-82.210291, 30.42459], [-82.20987, 30.432818], [-82.206486, 30.437081], [-82.203975, 30.444507], [-82.204823, 30.45184], [-82.20604, 30.455507], [-82.207522, 30.456928], [-82.207708, 30.460503], [-82.204614, 30.468868], [-82.200938, 30.474438], [-82.201416, 30.485164], [-82.206445, 30.491877], [-82.212852, 30.498751], [-82.218514, 30.504187], [-82.225026, 30.50783], [-82.226933, 30.510281], [-82.230377, 30.517339], [-82.229399, 30.520823], [-82.230752, 30.526758], [-82.234952, 30.533066], [-82.23582, 30.537187], [-82.235603, 30.544885], [-82.231916, 30.55627], [-82.227254, 30.561041], [-82.223025, 30.56321], [-82.218579, 30.564403], [-82.214385, 30.566958], [-82.214839, 30.568591], [-82.249841, 30.570863], [-82.2581, 30.571559], [-82.287343, 30.573458], [-82.374844, 30.579004], [-82.459544, 30.584272], [-82.524899, 30.588189], [-82.536233, 30.588885], [-82.545055, 30.589361], [-82.553159, 30.589934], [-82.565476, 30.590622], [-82.569237, 30.590965], [-82.689271, 30.597719], [-82.698618, 30.598232], [-82.698902, 30.598271], [-82.877259, 30.609024], [-82.878779, 30.609082], [-83.13137, 30.623583], [-83.15617, 30.625504], [-83.163309, 30.625895], [-83.174411, 30.626444], [-83.187391, 30.627223], [-83.309455, 30.634417], [-83.311647, 30.634577], [-83.341011, 30.636346], [-83.37946, 30.63868], [-83.390062, 30.639333], [-83.429477, 30.641519], [-83.429584, 30.641496], [-83.440021, 30.642023], [-83.448895, 30.64241], [-83.499876, 30.645671], [-83.611667, 30.651255], [-83.674058, 30.654747], [-83.676773, 30.654905], [-83.810536, 30.66188], [-83.820886, 30.662612], [-83.855216, 30.664412], [-83.88022, 30.665832], [-83.880317, 30.665807], [-84.007391, 30.672097], [-84.039707, 30.673819], [-84.04181, 30.673878], [-84.046605, 30.6742], [-84.057228, 30.674705], [-84.107699, 30.676818], [-84.124895, 30.678046], [-84.2499, 30.684145], [-84.28121, 30.685256], [-84.374905, 30.689794], [-84.474409, 30.692793], [-84.535042, 30.696523], [-84.53937, 30.696775], [-84.606249, 30.699872], [-84.606386, 30.699865], [-84.644815, 30.701992], [-84.836324, 30.710709], [-84.864693, 30.711542], [-84.869752, 30.721897], [-84.875421, 30.727491], [-84.883821, 30.732591], [-84.885221, 30.734991], [-84.887522, 30.741791], [-84.896122, 30.750591], [-84.897622, 30.751391], [-84.900222, 30.751891], [-84.903122, 30.751791], [-84.906322, 30.750591], [-84.911122, 30.751191], [-84.913522, 30.752291], [-84.914322, 30.753591], [-84.915022, 30.761191], [-84.920123, 30.76599], [-84.918023, 30.77209], [-84.917423, 30.77589], [-84.918023, 30.77809], [-84.926723, 30.79019], [-84.928323, 30.79309], [-84.929023, 30.79729], [-84.927923, 30.80279], [-84.928323, 30.80509], [-84.930923, 30.810489], [-84.935413, 30.81721], [-84.936042, 30.820671], [-84.93557, 30.824603], [-84.935256, 30.830894], [-84.934155, 30.834039], [-84.931953, 30.837499], [-84.929436, 30.840331], [-84.928335, 30.842532], [-84.928335, 30.844263], [-84.928807, 30.846779], [-84.930065, 30.848824], [-84.933224, 30.851488], [-84.935256, 30.854328], [-84.935413, 30.858418], [-84.934627, 30.86062], [-84.933997, 30.863293], [-84.934627, 30.865495], [-84.935728, 30.86754], [-84.937772, 30.870528], [-84.938401, 30.873045], [-84.937615, 30.875876], [-84.93557, 30.878707], [-84.935413, 30.882481], [-84.936828, 30.884683], [-84.938087, 30.885627], [-84.939974, 30.886728], [-84.941325, 30.887688], [-84.942525, 30.888488], [-84.949625, 30.897387], [-84.952325, 30.902287], [-84.956125, 30.907587], [-84.966726, 30.917287], [-84.969426, 30.921987], [-84.971026, 30.928187], [-84.975226, 30.930787], [-84.980627, 30.932687], [-84.983127, 30.934786], [-84.983627, 30.936986], [-84.983027, 30.942586], [-84.982227, 30.946886], [-84.979627, 30.954686], [-84.979627, 30.958986], [-84.980127, 30.961286], [-84.982527, 30.965586], [-84.984827, 30.967486], [-84.988027, 30.968786], [-84.997628, 30.971186], [-84.999828, 30.971486], [-84.999928, 30.971186], [-85.004026, 30.973468], [-85.005105, 30.974704], [-85.005931, 30.97704], [-85.005934, 30.979804], [-85.00254, 30.986899], [-85.001819, 30.997889], [-85.0019, 31.000681], [-85.002368, 31.000682], [-85.001366, 31.005044], [-84.999626, 31.009079], [-84.999428, 31.013843], [-85.00006, 31.014983], [-85.004549, 31.01918], [-85.005051, 31.024701], [-85.009409, 31.032378], [-85.008552, 31.042824], [-85.008816, 31.045573], [-85.011392, 31.053546], [-85.012642, 31.055402], [-85.018148, 31.059253], [-85.028573, 31.074583], [-85.028333, 31.076851], [-85.026068, 31.08418], [-85.029736, 31.096163], [-85.032832, 31.10057], [-85.035615, 31.108192], [-85.037079, 31.109751], [-85.040513, 31.111583], [-85.050178, 31.118916], [-85.052867, 31.119489], [-85.054677, 31.120818], [-85.061072, 31.134225], [-85.06243, 31.139518], [-85.064028, 31.142495], [-85.070181, 31.14868], [-85.076628, 31.156927], [-85.077801, 31.157889], [-85.083582, 31.15963], [-85.092106, 31.160293], [-85.100207, 31.16549], [-85.100447, 31.166727], [-85.098426, 31.17777], [-85.098507, 31.180153], [-85.102052, 31.184734], [-85.104424, 31.18565], [-85.106503, 31.185305], [-85.107516, 31.186451], [-85.108133, 31.195637], [-85.106963, 31.202693], [-85.105631, 31.204595], [-85.09977, 31.209751], [-85.098704, 31.211286], [-85.098707, 31.219511], [-85.096763, 31.225651], [-85.098844, 31.232524], [-85.100765, 31.234813], [-85.102472, 31.23786], [-85.10426, 31.241869], [-85.106182, 31.248077], [-85.109149, 31.254609], [-85.111711, 31.258022], [-85.112352, 31.25958], [-85.113261, 31.264343], [-85.111983, 31.267987], [-85.111905, 31.272477], [-85.112546, 31.274378], [-85.114548, 31.276302], [-85.114601, 31.277333], [-85.112762, 31.280037], [-85.110309, 31.281733], [-85.099107, 31.284165], [-85.09316, 31.289688], [-85.089774, 31.295026], [-85.087695, 31.304053], [-85.087651, 31.308677], [-85.087404, 31.311223], [-85.084469, 31.316194], [-85.083776, 31.31821], [-85.084152, 31.328313], [-85.088983, 31.334292], [-85.089411, 31.336033], [-85.08781, 31.337981], [-85.087063, 31.340317], [-85.085864, 31.35019], [-85.085918, 31.353146], [-85.087413, 31.354428], [-85.09099, 31.354428], [-85.091791, 31.355207], [-85.092619, 31.357474], [-85.092487, 31.362881], [-85.092167, 31.364576], [-85.08691, 31.374474], [-85.082431, 31.38454], [-85.080403, 31.393932], [-85.078641, 31.39636], [-85.077626, 31.39888], [-85.077387, 31.402844], [-85.079978, 31.410472], [-85.079818, 31.411732], [-85.076746, 31.415971], [-85.075827, 31.421506], [-85.074762, 31.424879], [-85.072898, 31.426477], [-85.070413, 31.426921], [-85.068546, 31.427311], [-85.06697, 31.428594], [-85.065875, 31.430586], [-85.065554, 31.439543], [-85.065955, 31.442979], [-85.066703, 31.447286], [-85.069268, 31.453472], [-85.071621, 31.468384], [-85.065687, 31.484122], [-85.062105, 31.488017], [-85.058923, 31.495989], [-85.052951, 31.506518], [-85.048445, 31.513684], [-85.045642, 31.516813], [-85.044986, 31.51823], [-85.044556, 31.520908], [-85.047649, 31.523751], [-85.048263, 31.526012], [-85.047196, 31.528671], [-85.042983, 31.5352], [-85.041813, 31.537754], [-85.041305, 31.540987], [-85.041881, 31.544684], [-85.042547, 31.545953], [-85.045698, 31.548707], [-85.050838, 31.555551], [-85.051873, 31.557871], [-85.052931, 31.56289], [-85.05796, 31.57084], [-85.057719, 31.573062], [-85.055284, 31.577092], [-85.055417, 31.578696], [-85.05844, 31.58369], [-85.058109, 31.593343], [-85.056405, 31.600963], [-85.055976, 31.605178], [-85.057314, 31.606713], [-85.059696, 31.607262], [-85.060552, 31.608224], [-85.060418, 31.611271], [-85.05833, 31.614546], [-85.057527, 31.616883], [-85.057473, 31.618624], [-85.058169, 31.620227], [-85.059534, 31.621717], [-85.065236, 31.624351], [-85.067628, 31.625267], [-85.073829, 31.629567], [-85.080029, 31.636867], [-85.082829, 31.637967], [-85.084503, 31.639026], [-85.085173, 31.640749], [-85.085365, 31.642186], [-85.085173, 31.644101], [-85.082588, 31.649463], [-85.081429, 31.650966], [-85.080864, 31.652336], [-85.08096, 31.653102], [-85.082013, 31.65473], [-85.083545, 31.656071], [-85.08546, 31.657028], [-85.087829, 31.657866], [-85.092429, 31.659966], [-85.10943, 31.677465], [-85.11263, 31.685165], [-85.11393, 31.686865], [-85.12233, 31.691265], [-85.12553, 31.694965], [-85.12683, 31.708965], [-85.12653, 31.716764], [-85.12573, 31.718864], [-85.12223, 31.722764], [-85.11913, 31.730964], [-85.11893, 31.732664], [-85.12393, 31.747564], [-85.12663, 31.752463], [-85.129231, 31.758663], [-85.12563, 31.764463], [-85.12523, 31.767063], [-85.12633, 31.768863], [-85.130731, 31.772263], [-85.140431, 31.779663], [-85.141931, 31.781963], [-85.137131, 31.788363], [-85.132931, 31.792363], [-85.132231, 31.795162], [-85.132831, 31.798862], [-85.132931, 31.808062], [-85.131531, 31.813062], [-85.131331, 31.817562], [-85.133631, 31.826062], [-85.135931, 31.830462], [-85.139231, 31.834161], [-85.141831, 31.839261], [-85.141331, 31.841061], [-85.138331, 31.844161], [-85.137731, 31.845861], [-85.138031, 31.851262], [-85.140231, 31.855261], [-85.140731, 31.857461], [-85.140131, 31.858761], [-85.137431, 31.860661], [-85.135831, 31.862461], [-85.133731, 31.870061], [-85.128831, 31.87636], [-85.128431, 31.87756], [-85.128431, 31.87966], [-85.129331, 31.88246], [-85.131631, 31.88676], [-85.133731, 31.88956], [-85.134331, 31.89146], [-85.134131, 31.89216], [-85.132931, 31.89306], [-85.121131, 31.89326], [-85.117031, 31.89286], [-85.114031, 31.89336], [-85.11203, 31.89476], [-85.11063, 31.89686], [-85.11133, 31.89936], [-85.10803, 31.90516], [-85.10983, 31.90806], [-85.112731, 31.909859], [-85.113131, 31.911859], [-85.10913, 31.914359], [-85.10243, 31.917359], [-85.10133, 31.918659], [-85.10023, 31.924059], [-85.09953, 31.925259], [-85.09823, 31.926259], [-85.09183, 31.928859], [-85.08643, 31.935959], [-85.08473, 31.937359], [-85.07893, 31.940159], [-85.07893, 31.941459], [-85.08243, 31.945358], [-85.08683, 31.957758], [-85.08673, 31.959158], [-85.08573, 31.960758], [-85.08323, 31.962458], [-85.07393, 31.964158], [-85.07023, 31.965658], [-85.067829, 31.967358], [-85.065929, 31.971158], [-85.065929, 31.972458], [-85.066829, 31.974758], [-85.06993, 31.978358], [-85.07093, 31.981658], [-85.06833, 31.986757], [-85.06803, 31.993357], [-85.064544, 32.002489], [-85.063441, 32.00414], [-85.055075, 32.010714], [-85.053815, 32.013502], [-85.054768, 32.017407], [-85.053669, 32.020662], [-85.053214, 32.021576], [-85.053072, 32.02313], [-85.053214, 32.024189], [-85.053779, 32.025532], [-85.055217, 32.027213], [-85.056253, 32.028336], [-85.056464, 32.031819], [-85.055474, 32.034221], [-85.054627, 32.036694], [-85.054839, 32.038814], [-85.055333, 32.04058], [-85.05803, 32.043756], [-85.05883, 32.046656], [-85.05663, 32.054155], [-85.05643, 32.058055], [-85.05683, 32.059755], [-85.056029, 32.063055], [-85.054179, 32.067985], [-85.054084, 32.07021], [-85.055491, 32.072657], [-85.055813, 32.074439], [-85.053232, 32.080604], [-85.051161, 32.082527], [-85.04774, 32.084908], [-85.047063, 32.087389], [-85.047063, 32.090433], [-85.04955, 32.095362], [-85.053777, 32.107684], [-85.055045, 32.113671], [-85.05918, 32.125153], [-85.06154, 32.129673], [-85.06206, 32.132486], [-85.061144, 32.134065], [-85.058749, 32.136018], [-85.047865, 32.142033], [-85.045593, 32.143758], [-85.033989, 32.156348], [-85.030336, 32.161727], [-85.026583, 32.166104], [-85.014648, 32.176882], [-85.013065, 32.179112], [-85.011267, 32.180493], [-85.008531, 32.181903], [-84.995929, 32.184852], [-84.973728, 32.191552], [-84.966828, 32.193952], [-84.965032, 32.196642], [-84.964944, 32.19892], [-84.965032, 32.200585], [-84.966346, 32.202688], [-84.966928, 32.204451], [-84.967047, 32.205843], [-84.966784, 32.206895], [-84.966346, 32.208034], [-84.965733, 32.208823], [-84.964594, 32.209787], [-84.963367, 32.211014], [-84.962227, 32.212503], [-84.96065, 32.214344], [-84.958985, 32.215571], [-84.957057, 32.21671], [-84.953727, 32.217148], [-84.948995, 32.217849], [-84.939328, 32.217951], [-84.930127, 32.219051], [-84.928227, 32.219851], [-84.925427, 32.221551], [-84.922927, 32.224751], [-84.923527, 32.229751], [-84.922627, 32.231751], [-84.920627, 32.233951], [-84.916327, 32.236551], [-84.912727, 32.24335], [-84.913249, 32.24529], [-84.912488, 32.247463], [-84.910098, 32.248333], [-84.907227, 32.24905], [-84.904087, 32.250838], [-84.902496, 32.253217], [-84.901549, 32.255584], [-84.898234, 32.256768], [-84.892315, 32.258189], [-84.891131, 32.25961], [-84.890894, 32.261504], [-84.891841, 32.263398], [-84.893959, 32.265846], [-84.904023, 32.273749], [-84.911127, 32.276949], [-84.922872, 32.285333], [-84.9338, 32.29826], [-84.93868, 32.300708], [-84.989514, 32.319316], [-85.001874, 32.322015], [-85.007103, 32.328362], [-85.008096, 32.336677], [-85.004582, 32.345196], [-84.986778, 32.359058], [-84.983466, 32.363186], [-84.983242, 32.365122], [-84.983552, 32.368371], [-84.982949, 32.371387], [-84.980084, 32.373347], [-84.978727, 32.376212], [-84.97933, 32.379077], [-84.980084, 32.382244], [-84.980385, 32.385561], [-84.979028, 32.38918], [-84.976767, 32.392648], [-84.97752, 32.39687], [-84.979898, 32.400097], [-84.981098, 32.402833], [-84.979431, 32.412244], [-84.97183, 32.416244], [-84.96343, 32.422544], [-84.96303, 32.424244], [-84.967031, 32.435343], [-84.971831, 32.442843], [-84.983831, 32.445643], [-84.993531, 32.450743], [-84.995331, 32.453243], [-84.998031, 32.461743], [-84.998231, 32.469842], [-84.995231, 32.475242], [-84.994831, 32.486042], [-84.996732, 32.492342], [-84.998332, 32.494142], [-84.998832, 32.497041], [-84.999832, 32.504341], [-85.001532, 32.514741], [-85.0071, 32.523868], [-85.008396, 32.524876], [-85.013788, 32.526108], [-85.015805, 32.528428], [-85.020237, 32.534748], [-85.022045, 32.540044], [-85.022509, 32.542923], [-85.035726, 32.553963], [-85.056926, 32.571242], [-85.067535, 32.579546], [-85.076399, 32.594665], [-85.080288, 32.603577], [-85.080768, 32.610152], [-85.08224, 32.616264], [-85.083616, 32.6178], [-85.08536, 32.618536], [-85.087294, 32.62047], [-85.088319, 32.623032], [-85.088729, 32.624774], [-85.088627, 32.626619], [-85.087192, 32.628463], [-85.086065, 32.631435], [-85.086167, 32.633177], [-85.087294, 32.634407], [-85.088934, 32.635432], [-85.092008, 32.636456], [-85.09662, 32.638199], [-85.098259, 32.642708], [-85.097952, 32.645474], [-85.096005, 32.649983], [-85.09457, 32.652443], [-85.089736, 32.655635], [-85.088483, 32.657758], [-85.093536, 32.669734], [-85.104037, 32.679634], [-85.112637, 32.683434], [-85.114737, 32.685634], [-85.117037, 32.692033], [-85.122738, 32.715727], [-85.120838, 32.722932], [-85.119733, 32.72644], [-85.119422, 32.729397], [-85.119577, 32.731577], [-85.119577, 32.734223], [-85.119733, 32.736091], [-85.1202, 32.737647], [-85.121601, 32.73936], [-85.124092, 32.741694], [-85.127205, 32.743718], [-85.132186, 32.74652], [-85.136077, 32.749633], [-85.138101, 32.753836], [-85.138879, 32.760062], [-85.138412, 32.764576], [-85.136544, 32.769402], [-85.133898, 32.772359], [-85.13312, 32.773449], [-85.132653, 32.774694], [-85.13203, 32.776718], [-85.132186, 32.778897], [-85.133275, 32.780609], [-85.134676, 32.782166], [-85.139285, 32.784921], [-85.151913, 32.794104], [-85.162137, 32.804237], [-85.167939, 32.811612], [-85.168644, 32.814246], [-85.168342, 32.828516], [-85.164651, 32.834791], [-85.16058, 32.838249], [-85.159474, 32.839735], [-85.159309, 32.841382], [-85.159474, 32.842535], [-85.159638, 32.844018], [-85.160133, 32.8455], [-85.160462, 32.847148], [-85.160792, 32.848466], [-85.161615, 32.849948], [-85.163427, 32.851431], [-85.165569, 32.85209], [-85.16771, 32.852419], [-85.170099, 32.852497], [-85.177127, 32.853895], [-85.179353, 32.855269], [-85.1844, 32.861317], [-85.184888, 32.863355], [-85.184914, 32.868944], [-85.184131, 32.870525], [-85.18474, 32.870527], [-85.188741, 32.889727], [-85.221868, 33.055538], [-85.223261, 33.06258], [-85.232378, 33.108077], [-85.304439, 33.482884], [-85.313999, 33.529807], [-85.314091, 33.530218], [-85.314994, 33.535898], [-85.357402, 33.750104], [-85.360491, 33.767958], [-85.361844, 33.773951], [-85.377426, 33.856047], [-85.398837, 33.964129], [-85.405918, 34.0001], [-85.406748, 34.002314], [-85.420232, 34.072278], [-85.428222, 34.114397], [-85.42947, 34.125096], [-85.455057, 34.250689], [-85.455371, 34.252854], [-85.458071, 34.265736], [-85.458693, 34.269437], [-85.47045, 34.328239], [-85.502316, 34.473954], [-85.502454, 34.474527], [-85.508384, 34.501212], [-85.512108, 34.518252], [-85.513709, 34.52417], [-85.51393, 34.525192], [-85.517074, 34.542598], [-85.527261, 34.588683], [-85.534327, 34.625082], [-85.541264, 34.656701], [-85.541267, 34.656783], [-85.552454, 34.708138], [-85.552482, 34.708321], [-85.561416, 34.750079], [-85.583145, 34.860371], [-85.595163, 34.924171], [-85.595191, 34.924331], [-85.598781, 34.944915], [-85.599385, 34.951766], [-85.605165, 34.984678], [-85.466713, 34.982972], [-85.384967, 34.982987], [-85.363919, 34.983375], [-85.308257, 34.984375], [-85.305457, 34.984475], [-85.301488, 34.984475], [-85.2945, 34.984651], [-85.277556, 34.984975], [-85.275856, 34.984975], [-85.265055, 34.985075], [-85.254955, 34.985175], [-85.235555, 34.985475], [-85.230354, 34.985475], [-85.221854, 34.985475], [-85.220554, 34.985575], [-85.217854, 34.985675], [-85.216554, 34.985675], [-85.185905, 34.985995], [-85.180553, 34.986075], [-85.045183, 34.986883], [-85.045052, 34.986859], [-84.97986, 34.987647], [-84.955623, 34.98783], [-84.94442, 34.987864], [-84.939306, 34.987916], [-84.861314, 34.987791], [-84.858032, 34.987746], [-84.831799, 34.988004], [-84.82401, 34.987707], [-84.820478, 34.987913], [-84.817279, 34.987753], [-84.810742, 34.987615], [-84.809184, 34.987569], [-84.808127, 34.987592], [-84.731022, 34.988088], [-84.727434, 34.98802], [-84.624933, 34.987978], [-84.621483, 34.988329], [-84.509886, 34.98801], [-84.509052, 34.988033], [-84.394903, 34.98803], [-84.393935, 34.988068], [-84.321869, 34.988408], [-84.129555, 34.987504], [-84.029954, 34.987321], [-84.021357, 34.98743], [-83.936646, 34.987485], [-83.831097, 34.987289], [-83.749893, 34.987691], [-83.619985, 34.986592], [-83.620185, 34.992091], [-83.549381, 34.992492], [-83.322768, 34.995874], [-83.19041, 34.999456], [-83.108535, 35.000771], [-83.105531, 34.996344], [-83.1046, 34.992783], [-83.10449, 34.989332], [-83.106991, 34.98272], [-83.110025, 34.980635], [-83.112021, 34.975896], [-83.120387, 34.968406], [-83.121803, 34.96362], [-83.12114, 34.958966], [-83.124378, 34.95524], [-83.127035, 34.953778], [-83.126761, 34.948742], [-83.12294, 34.944513], [-83.121214, 34.942684], [-83.120502, 34.941262], [-83.121112, 34.939129], [-83.122585, 34.938062], [-83.125175, 34.937047], [-83.12807, 34.938113], [-83.129493, 34.937402], [-83.130356, 34.935167], [-83.129885, 34.932351], [-83.130554, 34.930932], [-83.140621, 34.924915], [-83.143261, 34.924756], [-83.149946, 34.927218], [-83.153253, 34.926342], [-83.155879, 34.9243], [-83.158019, 34.920117], [-83.160937, 34.918269], [-83.165022, 34.918853], [-83.168524, 34.91788], [-83.170754, 34.914231], [-83.174034, 34.910911], [-83.178932, 34.90825], [-83.180871, 34.904708], [-83.186541, 34.899534], [-83.190409, 34.89794], [-83.194786, 34.897843], [-83.197627, 34.895046], [-83.203351, 34.893717], [-83.204572, 34.890284], [-83.201183, 34.884653], [-83.205627, 34.880142], [-83.209683, 34.880279], [-83.213323, 34.882796], [-83.220099, 34.878124], [-83.22924, 34.879907], [-83.232379, 34.878051], [-83.23751, 34.877057], [-83.239081, 34.875661], [-83.238557, 34.872868], [-83.238419, 34.869771], [-83.240847, 34.866736], [-83.245602, 34.865522], [-83.247018, 34.863094], [-83.24722, 34.85844], [-83.250053, 34.856012], [-83.252582, 34.853483], [-83.253762, 34.848057], [-83.254605, 34.846402], [-83.255718, 34.845592], [-83.258146, 34.844985], [-83.25986, 34.845629], [-83.262193, 34.846402], [-83.26452, 34.846402], [-83.267656, 34.845289], [-83.269982, 34.837196], [-83.267293, 34.832748], [-83.268159, 34.821393], [-83.271214, 34.81844], [-83.275656, 34.816862], [-83.283151, 34.821328], [-83.284812, 34.823043], [-83.289914, 34.824477], [-83.29112, 34.822508], [-83.291325, 34.818833], [-83.294292, 34.814725], [-83.297259, 34.814268], [-83.299428, 34.814268], [-83.301368, 34.814154], [-83.302395, 34.813241], [-83.302965, 34.812214], [-83.302965, 34.811073], [-83.301482, 34.808677], [-83.301182, 34.804008], [-83.303643, 34.802403], [-83.313782, 34.799911], [-83.323866, 34.789712], [-83.319945, 34.773725], [-83.321008, 34.765371], [-83.320062, 34.759616], [-83.338666, 34.742295], [-83.348829, 34.737194], [-83.353238, 34.728648], [-83.352485, 34.715993], [-83.351392, 34.714456], [-83.350976, 34.713243], [-83.349788, 34.708274], [-83.347718, 34.705474], [-83.347831, 34.703669], [-83.349636, 34.70096], [-83.349975, 34.699155], [-83.349411, 34.697575], [-83.347831, 34.696108], [-83.344671, 34.693512], [-83.342414, 34.691255], [-83.340383, 34.688998], [-83.339367, 34.686967], [-83.339029, 34.683807], [-83.33869, 34.682002], [-83.336207, 34.680534], [-83.330284, 34.681342], [-83.325336, 34.679517], [-83.321463, 34.677543], [-83.31944, 34.675974], [-83.318524, 34.674773], [-83.316401, 34.669316], [-83.314394, 34.668944], [-83.308917, 34.670273], [-83.304641, 34.669561], [-83.301477, 34.666582], [-83.300848, 34.66247], [-83.292883, 34.654196], [-83.286583, 34.650896], [-83.27796, 34.644853], [-83.271982, 34.641896], [-83.262282, 34.640296], [-83.255281, 34.637696], [-83.248281, 34.631696], [-83.244581, 34.626297], [-83.240669, 34.624507], [-83.240676, 34.624307], [-83.243381, 34.617997], [-83.23178, 34.611297], [-83.221402, 34.609947], [-83.211598, 34.610905], [-83.199779, 34.608398], [-83.196979, 34.605998], [-83.179439, 34.60802], [-83.173428, 34.607162], [-83.169994, 34.605444], [-83.169572, 34.603866], [-83.169994, 34.60201], [-83.170978, 34.598798], [-83.170278, 34.592398], [-83.168278, 34.590998], [-83.154577, 34.588198], [-83.152577, 34.578299], [-83.139876, 34.567999], [-83.129676, 34.561699], [-83.127176, 34.561999], [-83.122901, 34.560129], [-83.103987, 34.540166], [-83.103176, 34.533406], [-83.102179, 34.532179], [-83.096858, 34.531524], [-83.092564, 34.532944], [-83.087789, 34.532078], [-83.084855, 34.530967], [-83.078113, 34.524837], [-83.077995, 34.523746], [-83.086861, 34.517798], [-83.087189, 34.515939], [-83.069451, 34.502131], [-83.065515, 34.501126], [-83.057843, 34.503711], [-83.054463, 34.50289], [-83.048289, 34.493254], [-83.043771, 34.488816], [-83.034712, 34.483495], [-83.032513, 34.483032], [-83.029315, 34.484147], [-83.002924, 34.472132], [-82.99509, 34.472483], [-82.995279, 34.475648], [-82.992671, 34.479072], [-82.979568, 34.482702], [-82.960668, 34.482002], [-82.954667, 34.477302], [-82.947367, 34.479602], [-82.940867, 34.486102], [-82.928466, 34.484202], [-82.925766, 34.481802], [-82.922866, 34.481402], [-82.908365, 34.485402], [-82.902665, 34.485902], [-82.882864, 34.479003], [-82.876864, 34.475303], [-82.873831, 34.471508], [-82.874864, 34.468891], [-82.875864, 34.468003], [-82.876464, 34.465803], [-82.875463, 34.463503], [-82.865345, 34.460319], [-82.862156, 34.458748], [-82.860707, 34.457428], [-82.860874, 34.451469], [-82.860127, 34.449707], [-82.855762, 34.443977], [-82.854434, 34.432275], [-82.851367, 34.426812], [-82.848651, 34.423844], [-82.847781, 34.420571], [-82.847446, 34.412049], [-82.841997, 34.399766], [-82.841326, 34.397332], [-82.841997, 34.392503], [-82.841524, 34.39013], [-82.836611, 34.382676], [-82.835203, 34.373899], [-82.835413, 34.369177], [-82.835004, 34.366069], [-82.833702, 34.364242], [-82.82342, 34.358872], [-82.809949, 34.349998], [-82.798198, 34.341317], [-82.795223, 34.34096], [-82.794054, 34.339772], [-82.791235, 34.331048], [-82.791608, 34.327428], [-82.790966, 34.32355], [-82.78684, 34.310381], [-82.781752, 34.302901], [-82.780308, 34.296701], [-82.770928, 34.285402], [-82.765266, 34.281539], [-82.762945, 34.28199], [-82.761995, 34.281492], [-82.755028, 34.276067], [-82.749856, 34.27087], [-82.746656, 34.266407], [-82.748656, 34.264107], [-82.748756, 34.263407], [-82.744056, 34.252407], [-82.744982, 34.244861], [-82.744834, 34.242957], [-82.74198, 34.230196], [-82.743461, 34.227343], [-82.744415, 34.224913], [-82.740447, 34.219679], [-82.740544, 34.218387], [-82.74238, 34.213766], [-82.74192, 34.210063], [-82.732761, 34.195338], [-82.731975, 34.193154], [-82.732359, 34.180564], [-82.731881, 34.178363], [-82.730824, 34.175906], [-82.725409, 34.169774], [-82.723312, 34.165895], [-82.717507, 34.150504], [-82.715373, 34.148165], [-82.70414, 34.141007], [-82.699758, 34.139318], [-82.69553, 34.138815], [-82.692152, 34.138986], [-82.690386, 34.138293], [-82.68629, 34.134454], [-82.67732, 34.131657], [-82.67522, 34.129779], [-82.668113, 34.12016], [-82.666879, 34.113591], [-82.661851, 34.107754], [-82.660322, 34.106897], [-82.659077, 34.103544], [-82.658561, 34.103118], [-82.654019, 34.100346], [-82.652175, 34.099704], [-82.648184, 34.098649], [-82.647028, 34.097825], [-82.641553, 34.092212], [-82.64103, 34.090861], [-82.641252, 34.088914], [-82.640701, 34.088341], [-82.640151, 34.087609], [-82.640345, 34.086304], [-82.642797, 34.081312], [-82.64522, 34.079046], [-82.645661, 34.076046], [-82.64398, 34.072237], [-82.640543, 34.067595], [-82.635991, 34.064941], [-82.633565, 34.064822], [-82.630972, 34.065528], [-82.626963, 34.063457], [-82.622155, 34.058516], [-82.621255, 34.056916], [-82.620955, 34.054416], [-82.619155, 34.051316], [-82.613355, 34.046816], [-82.609655, 34.039917], [-82.603055, 34.034817], [-82.596155, 34.030517], [-82.594555, 34.028717], [-82.594055, 34.025917], [-82.595855, 34.018518], [-82.595655, 34.016118], [-82.591855, 34.009018], [-82.589245, 34.000118], [-82.586234, 33.997151], [-82.583394, 33.995286], [-82.577735, 33.993743], [-82.576222, 33.993106], [-82.57554, 33.992049], [-82.575351, 33.990904], [-82.57633, 33.989694], [-82.578244, 33.988671], [-82.579996, 33.987011], [-82.580571, 33.98514], [-82.580551, 33.982463], [-82.579576, 33.979761], [-82.57754, 33.977034], [-82.574724, 33.974113], [-82.569864, 33.970684], [-82.568288, 33.968772], [-82.566145, 33.9639], [-82.5657, 33.958682], [-82.564582, 33.95581], [-82.556835, 33.945353], [-82.554497, 33.943819], [-82.543128, 33.940949], [-82.53977, 33.941551], [-82.534111, 33.943651], [-82.526741, 33.943765], [-82.524515, 33.94336], [-82.51295, 33.936969], [-82.50764, 33.931456], [-82.503584, 33.926048], [-82.496109, 33.913459], [-82.492929, 33.909754], [-82.480111, 33.901897], [-82.469913, 33.892838], [-82.459391, 33.886386], [-82.455105, 33.88165], [-82.448109, 33.877543], [-82.440503, 33.875123], [-82.438644, 33.873919], [-82.43115, 33.867051], [-82.429164, 33.865844], [-82.422803, 33.863754], [-82.417871, 33.864233], [-82.414259, 33.865348], [-82.408354, 33.86632], [-82.403881, 33.865477], [-82.400517, 33.863343], [-82.395736, 33.859089], [-82.390527, 33.857162], [-82.384973, 33.854428], [-82.37975, 33.851086], [-82.374286, 33.84559], [-82.371775, 33.843813], [-82.369107, 33.842375], [-82.351881, 33.836432], [-82.346933, 33.834298], [-82.337829, 33.827156], [-82.32448, 33.820033], [-82.314746, 33.811499], [-82.313339, 33.809205], [-82.308997, 33.805892], [-82.302885, 33.802907], [-82.300213, 33.800627], [-82.29928, 33.798939], [-82.298923, 33.795839], [-82.299601, 33.786483], [-82.299393, 33.785037], [-82.298286, 33.783518], [-82.294984, 33.781868], [-82.292468, 33.782406], [-82.289762, 33.782032], [-82.285804, 33.780058], [-82.28106, 33.776056], [-82.277681, 33.772032], [-82.270445, 33.767913], [-82.267719, 33.767651], [-82.266127, 33.766745], [-82.265019, 33.765742], [-82.26438, 33.763481], [-82.263206, 33.761962], [-82.259471, 33.760245], [-82.258049, 33.760429], [-82.255267, 33.75969], [-82.247472, 33.752591], [-82.246161, 33.746347], [-82.240405, 33.734901], [-82.239098, 33.730872], [-82.235753, 33.71439], [-82.237192, 33.70788], [-82.234576, 33.700216], [-82.222709, 33.689124], [-82.218649, 33.686299], [-82.216868, 33.6844], [-82.212047, 33.677317], [-82.209677, 33.67176], [-82.208411, 33.669872], [-82.200718, 33.66464], [-82.199847, 33.661758], [-82.199747, 33.657611], [-82.201186, 33.646898], [-82.196583, 33.630582], [-82.186154, 33.62088], [-82.179854, 33.615945], [-82.174351, 33.613117], [-82.161908, 33.610643], [-82.158331, 33.60971], [-82.156288, 33.60863], [-82.153357, 33.606319], [-82.15106, 33.600956], [-82.148816, 33.598092], [-82.142872, 33.594278], [-82.133523, 33.590535], [-82.12908, 33.589925], [-82.125864, 33.590741], [-82.120385, 33.594885], [-82.116545, 33.596485], [-82.109376, 33.596581], [-82.10624, 33.595637], [-82.098816, 33.586358], [-82.096352, 33.58407], [-82.094128, 33.582742], [-82.087488, 33.580614], [-82.073104, 33.57751], [-82.069039, 33.575382], [-82.057727, 33.566774], [-82.054943, 33.565382], [-82.048959, 33.56487], [-82.046335, 33.56383], [-82.037375, 33.554662], [-82.034895, 33.549158], [-82.033023, 33.546454], [-82.028238, 33.544934], [-82.023438, 33.540734], [-82.023438, 33.537935], [-82.019838, 33.535035], [-82.011538, 33.531735], [-82.010038, 33.530435], [-82.007638, 33.523335], [-82.007138, 33.522835], [-82.004338, 33.521935], [-82.001338, 33.520135], [-81.991938, 33.504435], [-81.990382, 33.500759], [-81.990938, 33.494235], [-81.989338, 33.490036], [-81.985938, 33.486536], [-81.980637, 33.484036], [-81.973537, 33.482636], [-81.967037, 33.480636], [-81.946437, 33.471737], [-81.941737, 33.470037], [-81.934136, 33.468337], [-81.929436, 33.465837], [-81.926336, 33.462937], [-81.920836, 33.452038], [-81.913532, 33.441274], [-81.913457, 33.439641], [-81.913356, 33.437418], [-81.916236, 33.433114], [-81.920716, 33.430986], [-81.924981, 33.429288], [-81.926789, 33.426576], [-81.927241, 33.422846], [-81.924893, 33.419307], [-81.921068, 33.417419], [-81.91933, 33.415613], [-81.919217, 33.413126], [-81.920121, 33.410753], [-81.92306, 33.408266], [-81.930519, 33.406797], [-81.934927, 33.406006], [-81.936961, 33.404197], [-81.9373, 33.401259], [-81.935453, 33.397851], [-81.930861, 33.380076], [-81.924837, 33.37414], [-81.925737, 33.37114], [-81.930634, 33.368165], [-81.934637, 33.36894], [-81.939637, 33.37254], [-81.943737, 33.37234], [-81.946337, 33.37064], [-81.946737, 33.36734], [-81.944737, 33.364041], [-81.934837, 33.356041], [-81.935637, 33.352041], [-81.939837, 33.347741], [-81.939737, 33.344941], [-81.937237, 33.343641], [-81.932737, 33.343541], [-81.924737, 33.345341], [-81.917973, 33.34159], [-81.919137, 33.334442], [-81.918337, 33.332842], [-81.913314, 33.329532], [-81.911266, 33.327616], [-81.910342, 33.32537], [-81.909285, 33.324181], [-81.906444, 33.324181], [-81.904132, 33.327286], [-81.902613, 33.330258], [-81.900301, 33.331117], [-81.898187, 33.329664], [-81.896937, 33.327642], [-81.897064, 33.324445], [-81.897329, 33.322331], [-81.886637, 33.316943], [-81.884137, 33.310443], [-81.875836, 33.307443], [-81.870436, 33.312943], [-81.867936, 33.314043], [-81.853652, 33.310326], [-81.847296, 33.306783], [-81.846136, 33.303843], [-81.849636, 33.299544], [-81.851636, 33.298544], [-81.852936, 33.299644], [-81.857336, 33.299544], [-81.861536, 33.297944], [-81.863236, 33.288844], [-81.861336, 33.286244], [-81.851836, 33.283544], [-81.844036, 33.278644], [-81.838257, 33.272975], [-81.838337, 33.269098], [-81.840078, 33.26704], [-81.842522, 33.266584], [-81.847336, 33.266345], [-81.853137, 33.250745], [-81.852136, 33.247544], [-81.846536, 33.241746], [-81.837016, 33.237652], [-81.831736, 33.233546], [-81.827936, 33.228746], [-81.819636, 33.226646], [-81.811736, 33.223847], [-81.809636, 33.222647], [-81.808136, 33.219447], [-81.807936, 33.213747], [-81.807336, 33.212647], [-81.805236, 33.211447], [-81.790236, 33.208447], [-81.784535, 33.208147], [-81.778935, 33.209847], [-81.777535, 33.211347], [-81.777335, 33.214947], [-81.781035, 33.219847], [-81.780135, 33.221147], [-81.778435, 33.221847], [-81.774035, 33.221147], [-81.768935, 33.217447], [-81.767635, 33.215747], [-81.763535, 33.203648], [-81.761635, 33.201748], [-81.758235, 33.200248], [-81.756935, 33.197848], [-81.760635, 33.189248], [-81.762835, 33.188248], [-81.765735, 33.187948], [-81.772435, 33.181249], [-81.772435, 33.180449], [-81.766735, 33.170749], [-81.764435, 33.165549], [-81.763135, 33.159449], [-81.755135, 33.15155], [-81.743835, 33.14145], [-81.724334, 33.129451], [-81.717134, 33.124051], [-81.704634, 33.116451], [-81.703134, 33.116151], [-81.699834, 33.116751], [-81.696934, 33.116551], [-81.683533, 33.112651], [-81.658433, 33.103152], [-81.646433, 33.094552], [-81.642333, 33.093152], [-81.637232, 33.092952], [-81.632232, 33.093952], [-81.617779, 33.095277], [-81.615132, 33.095036], [-81.612725, 33.093953], [-81.6108, 33.09263], [-81.609476, 33.089862], [-81.609533, 33.086877], [-81.609837, 33.084929], [-81.610078, 33.082883], [-81.609837, 33.082161], [-81.608995, 33.0818], [-81.606836, 33.081717], [-81.603587, 33.084578], [-81.601655, 33.084688], [-81.600211, 33.083966], [-81.598165, 33.081078], [-81.598286, 33.079153], [-81.599369, 33.076867], [-81.600211, 33.075182], [-81.600091, 33.073497], [-81.599248, 33.071813], [-81.594555, 33.069887], [-81.592645, 33.06991], [-81.590705, 33.071211], [-81.588539, 33.07085], [-81.583804, 33.067021], [-81.580994, 33.062697], [-81.578332, 33.058936], [-81.57288, 33.05418], [-81.568925, 33.053523], [-81.566759, 33.053763], [-81.564714, 33.054726], [-81.56327, 33.055568], [-81.562548, 33.055568], [-81.562066, 33.055568], [-81.561344, 33.055568], [-81.560502, 33.055207], [-81.559179, 33.054124], [-81.558938, 33.052921], [-81.559173, 33.051765], [-81.55966, 33.04907], [-81.559179, 33.047386], [-81.558336, 33.046183], [-81.557013, 33.0451], [-81.553643, 33.044137], [-81.551838, 33.044739], [-81.546785, 33.047145], [-81.544258, 33.046905], [-81.542092, 33.044859], [-81.540081, 33.040613], [-81.538789, 33.039185], [-81.519632, 33.029181], [-81.513231, 33.028546], [-81.511245, 33.027786], [-81.50203, 33.015113], [-81.492253, 33.009342], [-81.491419, 33.008078], [-81.491197, 32.997824], [-81.491457, 32.995437], [-81.494736, 32.978998], [-81.499471, 32.96478], [-81.49983, 32.963816], [-81.501369, 32.962914], [-81.503346, 32.96295], [-81.505256, 32.963019], [-81.506449, 32.962423], [-81.507144, 32.96133], [-81.507442, 32.960237], [-81.507741, 32.959243], [-81.508436, 32.958349], [-81.508536, 32.957156], [-81.508436, 32.955765], [-81.508138, 32.953976], [-81.507045, 32.951194], [-81.504016, 32.948091], [-81.499446, 32.944988], [-81.499566, 32.943722], [-81.502716, 32.938688], [-81.502427, 32.935353], [-81.499829, 32.932614], [-81.495092, 32.931596], [-81.483198, 32.921802], [-81.480008, 32.913444], [-81.479184, 32.905638], [-81.468978, 32.901083], [-81.465924, 32.899889], [-81.464069, 32.897814], [-81.464655, 32.895999], [-81.470836, 32.890521], [-81.471703, 32.890439], [-81.4771, 32.887469], [-81.479445, 32.881082], [-81.475918, 32.877641], [-81.470376, 32.876267], [-81.468042, 32.876675], [-81.45392, 32.874074], [-81.452883, 32.872964], [-81.451351, 32.868583], [-81.453017, 32.859636], [-81.455978, 32.854107], [-81.453949, 32.849761], [-81.452573, 32.84795], [-81.451199, 32.847925], [-81.449396, 32.849126], [-81.444866, 32.850967], [-81.443595, 32.850628], [-81.442671, 32.850107], [-81.426475, 32.840773], [-81.421614, 32.835178], [-81.42062, 32.831223], [-81.417984, 32.818196], [-81.418497, 32.815664], [-81.419752, 32.813731], [-81.423772, 32.810514], [-81.424874, 32.801882], [-81.425234, 32.79419], [-81.424999, 32.790334], [-81.428031, 32.787618], [-81.429017, 32.785505], [-81.428313, 32.78311], [-81.426481, 32.78142], [-81.424227, 32.780152], [-81.422114, 32.779306], [-81.421128, 32.778039], [-81.420987, 32.776912], [-81.421128, 32.775926], [-81.421269, 32.774658], [-81.422678, 32.773249], [-81.424714, 32.772648], [-81.425636, 32.77184], [-81.426059, 32.771136], [-81.426481, 32.770291], [-81.426481, 32.769023], [-81.426199, 32.768319], [-81.425017, 32.768058], [-81.422396, 32.767051], [-81.420142, 32.765501], [-81.417606, 32.762684], [-81.416479, 32.760289], [-81.415212, 32.757753], [-81.416479, 32.754654], [-81.416761, 32.752259], [-81.416198, 32.750428], [-81.415353, 32.748879], [-81.412817, 32.748174], [-81.411408, 32.747329], [-81.410563, 32.74592], [-81.410281, 32.744653], [-81.410563, 32.743244], [-81.410845, 32.741694], [-81.411549, 32.740145], [-81.41267, 32.739083], [-81.418542, 32.732586], [-81.420516, 32.720238], [-81.421194, 32.711978], [-81.427517, 32.701896], [-81.426735, 32.700867], [-81.4131, 32.692648], [-81.411609, 32.693145], [-81.411157, 32.693959], [-81.41075, 32.694772], [-81.409982, 32.695179], [-81.409349, 32.695269], [-81.40831, 32.694908], [-81.401256, 32.680156], [-81.401029, 32.677494], [-81.404287, 32.667798], [-81.406646, 32.662515], [-81.4073, 32.66156], [-81.407193, 32.660519], [-81.405273, 32.656517], [-81.398314, 32.656307], [-81.393818, 32.653491], [-81.393033, 32.651543], [-81.394589, 32.64957], [-81.403582, 32.643398], [-81.405109, 32.64269], [-81.404238, 32.638258], [-81.402735, 32.637032], [-81.402846, 32.63621], [-81.407271, 32.631737], [-81.40933, 32.631096], [-81.41026, 32.631392], [-81.411523, 32.632907], [-81.413411, 32.637368], [-81.414761, 32.63744], [-81.417014, 32.636147], [-81.418431, 32.634704], [-81.41866, 32.629392], [-81.411906, 32.61841], [-81.404714, 32.611207], [-81.397106, 32.605587], [-81.393865, 32.60234], [-81.389338, 32.595436], [-81.380999, 32.589652], [-81.379216, 32.589022], [-81.376237, 32.589217], [-81.373178, 32.592115], [-81.37157, 32.592018], [-81.369757, 32.591231], [-81.368982, 32.590025], [-81.368386, 32.584221], [-81.366964, 32.577059], [-81.328753, 32.561228], [-81.320588, 32.559534], [-81.309009, 32.56097], [-81.300593, 32.562843], [-81.297955, 32.563026], [-81.29676, 32.562648], [-81.281324, 32.556464], [-81.279238, 32.55459], [-81.275213, 32.545202], [-81.274927, 32.544158], [-81.274802, 32.541143], [-81.276242, 32.538558], [-81.277131, 32.535417], [-81.252882, 32.51833], [-81.249827, 32.517541], [-81.247874, 32.518231], [-81.24501, 32.518317], [-81.237095, 32.517314], [-81.23466, 32.51627], [-81.234023, 32.513778], [-81.234834, 32.512271], [-81.236707, 32.511402], [-81.238411, 32.510192], [-81.238728, 32.508896], [-81.238281, 32.505988], [-81.233585, 32.498488], [-81.227528, 32.493884], [-81.212428, 32.478685], [-81.200029, 32.467985], [-81.194829, 32.465086], [-81.192429, 32.464786], [-81.189229, 32.465586], [-81.188129, 32.465386], [-81.186829, 32.464086], [-81.187329, 32.462886], [-81.192629, 32.456286], [-81.197529, 32.452086], [-81.200908, 32.451593], [-81.202359, 32.450448], [-81.203046, 32.448844], [-81.203046, 32.447164], [-81.202206, 32.445484], [-81.201137, 32.444033], [-81.201137, 32.442964], [-81.201595, 32.44136], [-81.202588, 32.439833], [-81.20453, 32.438687], [-81.207246, 32.437542], [-81.20843, 32.435987], [-81.20513, 32.423788], [-81.194931, 32.411489], [-81.189731, 32.407289], [-81.180931, 32.39649], [-81.177231, 32.39169], [-81.178131, 32.38459], [-81.181072, 32.380398], [-81.173432, 32.372591], [-81.169332, 32.369436], [-81.168722, 32.367544], [-81.169332, 32.365591], [-81.170553, 32.363821], [-81.170858, 32.362722], [-81.170126, 32.361318], [-81.161732, 32.356092], [-81.155032, 32.350093], [-81.154974, 32.348794], [-81.155136, 32.34717], [-81.154812, 32.346412], [-81.154433, 32.346087], [-81.154, 32.345924], [-81.153296, 32.345816], [-81.152105, 32.345816], [-81.150589, 32.34587], [-81.149073, 32.346682], [-81.148477, 32.347549], [-81.147632, 32.349393], [-81.144032, 32.351093], [-81.142532, 32.350893], [-81.140932, 32.349393], [-81.133632, 32.341293], [-81.133032, 32.334794], [-81.137032, 32.329994], [-81.137633, 32.328194], [-81.135733, 32.324594], [-81.125433, 32.309295], [-81.123933, 32.308695], [-81.122933, 32.307295], [-81.122333, 32.305395], [-81.119833, 32.289596], [-81.119633, 32.287596], [-81.121433, 32.284496], [-81.128034, 32.276297], [-81.130834, 32.274597], [-81.136534, 32.272697], [-81.145834, 32.263397], [-81.148334, 32.255098], [-81.155595, 32.246022], [-81.156587, 32.24391], [-81.155995, 32.241478], [-81.153531, 32.237687], [-81.143139, 32.221731], [-81.136727, 32.213669], [-81.136012, 32.212858], [-81.128283, 32.208634], [-81.12315, 32.201329], [-81.118234, 32.189201], [-81.117934, 32.185301], [-81.119834, 32.181202], [-81.120434, 32.178702], [-81.119361, 32.177142], [-81.119434, 32.175402], [-81.121134, 32.174902], [-81.124492, 32.17212], [-81.128134, 32.169102], [-81.129402, 32.166922], [-81.129634, 32.165602], [-81.128434, 32.164402], [-81.123134, 32.162902], [-81.122034, 32.161803], [-81.120034, 32.153303], [-81.118334, 32.144403], [-81.119134, 32.142104], [-81.119994, 32.134268], [-81.117234, 32.117605], [-81.113334, 32.113205], [-81.111134, 32.112005], [-81.100458, 32.111181], [-81.093386, 32.11123], [-81.091498, 32.110782], [-81.090874, 32.10699], [-81.088234, 32.10395], [-81.083546, 32.100782], [-81.066906, 32.090351], [-81.060442, 32.087503], [-81.050234, 32.085308], [-81.038265, 32.084469], [-81.032674, 32.08545], [-81.021622, 32.090897], [-81.016009, 32.097424], [-81.011961, 32.100176], [-81.006745, 32.101152], [-81.002297, 32.100048], [-80.999833, 32.099014], [-80.994333, 32.094608], [-80.991733, 32.091208], [-80.987733, 32.084209], [-80.983133, 32.079609], [-80.978833, 32.077309], [-80.959402, 32.071259], [-80.954482, 32.068622], [-80.943226, 32.057824], [-80.933557, 32.047554], [-80.926753, 32.041672], [-80.922794, 32.039151], [-80.917845, 32.037575], [-80.910669, 32.036735], [-80.892977, 32.034949], [-80.885517, 32.0346], [-80.859111, 32.023693], [-80.852276, 32.026676], [-80.84313, 32.024226], [-80.840549, 32.011306], [-80.841913, 32.002643], [-80.848441, 31.988279], [-80.862814, 31.969346], [-80.882814, 31.959075], [-80.897687, 31.949065], [-80.911207, 31.943769], [-80.929101, 31.944964], [-80.930279, 31.956705], [-80.948491, 31.95723], [-80.972392, 31.94127], [-80.975714, 31.923602], [-80.968494, 31.915822], [-80.954469, 31.911768], [-80.941359, 31.912984], [-80.934508, 31.90918], [-80.947294, 31.89621], [-80.971434, 31.877941], [-80.99269, 31.857641], [-81.000317, 31.856744], [-81.014478, 31.867474], [-81.041548, 31.876198], [-81.065255, 31.877095], [-81.058596, 31.857811], [-81.05907, 31.850106], [-81.06279, 31.84474], [-81.076178, 31.836132], [-81.075812, 31.829031], [-81.057181, 31.822687], [-81.050946, 31.822383], [-81.04794, 31.824881], [-81.039808, 31.823], [-81.036958, 31.819558], [-81.036873, 31.812721], [-81.047345, 31.802865], [-81.068116, 31.768735], [-81.077057, 31.761256], [-81.097402, 31.753126], [-81.130634, 31.722692], [-81.138448, 31.720934], [-81.16067, 31.728144], [-81.192784, 31.733245], [-81.203572, 31.719448], [-81.186303, 31.701509], [-81.161084, 31.691401], [-81.154624, 31.693874], [-81.151888, 31.698411], [-81.149369, 31.699304], [-81.139394, 31.699917], [-81.131137, 31.695774], [-81.135608, 31.683491], [-81.136408, 31.674832], [-81.131728, 31.654484], [-81.133493, 31.623348], [-81.14997, 31.593476], [-81.160364, 31.570436], [-81.173079, 31.555908], [-81.178822, 31.55553], [-81.183252, 31.560058], [-81.186114, 31.568032], [-81.204315, 31.568183], [-81.214536, 31.557601], [-81.240699, 31.552313], [-81.254218, 31.55594], [-81.260076, 31.54828], [-81.263905, 31.532579], [-81.263437, 31.530932], [-81.258809, 31.52906], [-81.217948, 31.527284], [-81.213519, 31.528152], [-81.199518, 31.537596], [-81.193016, 31.535833], [-81.181592, 31.527697], [-81.17831, 31.52241], [-81.177254, 31.517074], [-81.189643, 31.503588], [-81.204883, 31.473124], [-81.246911, 31.422784], [-81.258616, 31.404425], [-81.278798, 31.367214], [-81.279338, 31.351127], [-81.282923, 31.326491], [-81.274513, 31.326237], [-81.268027, 31.324218], [-81.25482, 31.315452], [-81.260958, 31.30391], [-81.274688, 31.289454], [-81.276862, 31.254734], [-81.282842, 31.24433], [-81.289136, 31.225487], [-81.288403, 31.211065], [-81.293359, 31.206332], [-81.304957, 31.206173], [-81.314183, 31.207938], [-81.339028, 31.186918], [-81.35488, 31.167204], [-81.360791, 31.155903], [-81.359349, 31.149166], [-81.368241, 31.136534], [-81.38683, 31.133214], [-81.399677, 31.134113], [-81.402096, 31.125383], [-81.403732, 31.107115], [-81.401209, 31.086143], [-81.401267, 31.072781], [-81.415123, 31.026718], [-81.420474, 31.016703], [-81.424732, 31.013678], [-81.432475, 31.012991], [-81.43471, 31.014641], [-81.434923, 31.017804], [-81.451444, 31.015515], [-81.457795, 31.010259], [-81.45924, 31.005692], [-81.469298, 30.996028], [-81.490586, 30.984952], [-81.493651, 30.977528], [-81.486966, 30.969602], [-81.475789, 30.965976], [-81.472321, 30.969899], [-81.466814, 30.97091], [-81.453568, 30.965573], [-81.447388, 30.956732], [-81.426929, 30.956615], [-81.420108, 30.974076], [-81.415825, 30.977192], [-81.408484, 30.977718], [-81.403409, 30.957914], [-81.405153, 30.908203], [-81.428577, 30.836336], [-81.430835, 30.831156], [-81.44013, 30.821369], [-81.446927, 30.81039], [-81.455287, 30.79093], [-81.460061, 30.769912], [-81.461065, 30.753684], [-81.45947, 30.741979], [-81.449375, 30.715601], [-81.444124, 30.709714]]]}}, {"type": "Feature", "properties": {"STUSPS": "NC", "NAME": "North Carolina"}, "geometry": {"type": "MultiPolygon", "coordinates": [[[[-82.602877, 36.039833], [-82.600741, 36.037422], [-82.598785, 36.034162], [-82.596177, 36.03188], [-82.594873, 36.029598], [-82.595525, 36.026012], [-82.600089, 36.021774], [-82.604327, 36.018187], [-82.611862, 36.006206], [-82.613862, 36.004706], [-82.614362, 36.003506], [-82.615062, 36.000306], [-82.613028, 35.994], [-82.612604, 35.993488], [-82.606944, 35.99217], [-82.604239, 35.987319], [-82.60674, 35.984446], [-82.610885, 35.974442], [-82.611602, 35.971418], [-82.610889, 35.967409], [-82.607761, 35.966023], [-82.60037, 35.964626], [-82.59486, 35.965347], [-82.591977, 35.966385], [-82.581003, 35.965557], [-82.577719, 35.964196], [-82.576678, 35.959255], [-82.57517, 35.958384], [-82.567503, 35.955552], [-82.557874, 35.953901], [-82.553192, 35.960627], [-82.549682, 35.964275], [-82.542463, 35.967994], [-82.539273, 35.969115], [-82.534763, 35.969887], [-82.531292, 35.972188], [-82.522702, 35.973436], [-82.52066, 35.974633], [-82.516444, 35.975958], [-82.512598, 35.975664], [-82.507068, 35.977475], [-82.505384, 35.97768], [-82.500206, 35.982561], [-82.487451, 35.991557], [-82.487411, 35.991634], [-82.484678, 35.992849], [-82.483666, 35.993866], [-82.483498, 35.996284], [-82.482292, 35.997823], [-82.47419, 36.000108], [-82.464558, 36.006508], [-82.460658, 36.007809], [-82.409458, 36.083409], [-82.404458, 36.087609], [-82.389958, 36.096909], [-82.380458, 36.099309], [-82.378758, 36.102809], [-82.375558, 36.105609], [-82.371383, 36.106388], [-82.366566, 36.10765], [-82.360919, 36.110614], [-82.360357, 36.111609], [-82.355157, 36.115609], [-82.349957, 36.117109], [-82.348422, 36.115929], [-82.346857, 36.115209], [-82.336756, 36.114909], [-82.332289, 36.116935], [-82.329177, 36.117427], [-82.325169, 36.119363], [-82.321448, 36.119551], [-82.318156, 36.12091], [-82.308655, 36.12651], [-82.307255, 36.12851], [-82.302855, 36.13131], [-82.297655, 36.13351], [-82.289455, 36.13571], [-82.288455, 36.13541], [-82.280354, 36.12881], [-82.278654, 36.12851], [-82.274054, 36.12941], [-82.270954, 36.12761], [-82.26875, 36.12704], [-82.26569, 36.127614], [-82.263354, 36.13011], [-82.260353, 36.13371], [-82.256319, 36.133925], [-82.253253, 36.13371], [-82.251853, 36.13221], [-82.247521, 36.130865], [-82.244461, 36.132777], [-82.243353, 36.134311], [-82.241553, 36.137111], [-82.237737, 36.139189], [-82.236415, 36.139926], [-82.235479, 36.140748], [-82.234807, 36.14172], [-82.228288, 36.146622], [-82.224852, 36.150011], [-82.223232, 36.154772], [-82.222052, 36.156911], [-82.218451, 36.157832], [-82.213852, 36.159112], [-82.211251, 36.159012], [-82.204872, 36.157067], [-82.201812, 36.154963], [-82.199251, 36.152713], [-82.19535, 36.150013], [-82.19195, 36.148813], [-82.18785, 36.147886], [-82.18475, 36.145414], [-82.18365, 36.144414], [-82.182549, 36.143714], [-82.178861, 36.143296], [-82.17561, 36.14387], [-82.173849, 36.145314], [-82.172149, 36.146414], [-82.169249, 36.146614], [-82.160883, 36.146548], [-82.155948, 36.148115], [-82.147948, 36.149516], [-82.144147, 36.144216], [-82.140847, 36.136216], [-82.136547, 36.128817], [-82.136546, 36.123717], [-82.137974, 36.119576], [-82.130646, 36.106417], [-82.127146, 36.104417], [-82.115245, 36.104618], [-82.109145, 36.107218], [-82.105444, 36.108119], [-82.101644, 36.106219], [-82.098544, 36.105719], [-82.085943, 36.10602], [-82.080143, 36.10572], [-82.079743, 36.10652], [-82.067142, 36.11202], [-82.061342, 36.113121], [-82.056042, 36.120721], [-82.056042, 36.123921], [-82.054142, 36.126821], [-82.043941, 36.125421], [-82.037941, 36.121122], [-82.033141, 36.120422], [-82.02874, 36.124322], [-82.02634, 36.129222], [-82.02664, 36.130222], [-81.960101, 36.228131], [-81.938897, 36.256067], [-81.932994, 36.264881], [-81.908137, 36.302013], [-81.897701, 36.307446], [-81.894569, 36.307183], [-81.887243, 36.309193], [-81.879382, 36.313767], [-81.876182, 36.316075], [-81.874336, 36.31919], [-81.863148, 36.330209], [-81.857333, 36.334787], [-81.850889, 36.3375], [-81.845638, 36.34036], [-81.841268, 36.343321], [-81.833202, 36.347339], [-81.822493, 36.348819], [-81.812904, 36.351066], [-81.808255, 36.354121], [-81.800812, 36.358073], [-81.795269, 36.357849], [-81.791877, 36.354797], [-81.790181, 36.351744], [-81.787468, 36.348692], [-81.784077, 36.347674], [-81.781318, 36.347656], [-81.777972, 36.346318], [-81.768977, 36.341042], [-81.766102, 36.338517], [-81.762371, 36.338856], [-81.760675, 36.338178], [-81.757962, 36.3375], [-81.75442, 36.337044], [-81.747842, 36.337356], [-81.744461, 36.337778], [-81.739498, 36.339757], [-81.7349, 36.340891], [-81.730976, 36.341187], [-81.725938, 36.340364], [-81.721015, 36.338645], [-81.717186, 36.336169], [-81.713194, 36.334108], [-81.707438, 36.335171], [-81.705966, 36.338496], [-81.705299, 36.341852], [-81.707785, 36.346007], [-81.713873, 36.34937], [-81.718282, 36.350388], [-81.721334, 36.353101], [-81.722691, 36.354797], [-81.723708, 36.358527], [-81.724047, 36.360901], [-81.724047, 36.364293], [-81.726082, 36.368893], [-81.731178, 36.374062], [-81.732865, 36.376502], [-81.732187, 36.379894], [-81.730737, 36.382943], [-81.729813, 36.388033], [-81.730491, 36.390407], [-81.731509, 36.392103], [-81.733877, 36.39457], [-81.737952, 36.39719], [-81.739648, 36.401599], [-81.739648, 36.406686], [-81.738292, 36.410756], [-81.734312, 36.413342], [-81.729924, 36.415422], [-81.720734, 36.422537], [-81.717939, 36.428762], [-81.716925, 36.43314], [-81.715229, 36.436532], [-81.715229, 36.438567], [-81.715569, 36.44128], [-81.715229, 36.444332], [-81.714212, 36.447045], [-81.714277, 36.450978], [-81.715082, 36.453365], [-81.71489, 36.45722], [-81.708247, 36.462217], [-81.701076, 36.464212], [-81.699223, 36.463959], [-81.697975, 36.464741], [-81.695311, 36.467912], [-81.694533, 36.473283], [-81.694829, 36.474463], [-81.696281, 36.475499], [-81.697287, 36.484738], [-81.695907, 36.49158], [-81.696835, 36.493393], [-81.697261, 36.496141], [-81.698265, 36.497221], [-81.699928, 36.498018], [-81.700238, 36.500475], [-81.699923, 36.500865], [-81.69797, 36.504063], [-81.69729, 36.504887], [-81.697829, 36.507544], [-81.697744, 36.508448], [-81.699446, 36.511504], [-81.699601, 36.512883], [-81.700093, 36.514158], [-81.700553, 36.51519], [-81.702543, 36.520317], [-81.707573, 36.526101], [-81.708262, 36.532113], [-81.707963, 36.536209], [-81.699962, 36.536829], [-81.699962, 36.539714], [-81.697539, 36.544359], [-81.693844, 36.549083], [-81.69003, 36.552154], [-81.689115, 36.555912], [-81.690132, 36.559643], [-81.692167, 36.562695], [-81.692506, 36.565748], [-81.690236, 36.568718], [-81.686436, 36.567918], [-81.679936, 36.568618], [-81.677036, 36.570718], [-81.677236, 36.574406], [-81.679036, 36.578918], [-81.680137, 36.585518], [-81.677535, 36.588117], [-81.600934, 36.587019], [-81.521032, 36.58052], [-81.499831, 36.57982], [-81.489387, 36.579026], [-81.47643, 36.580421], [-81.442228, 36.576822], [-81.374824, 36.574673], [-81.353322, 36.574723], [-81.307511, 36.575024], [-81.262303, 36.573924], [-81.249816, 36.573225], [-81.176712, 36.571926], [-81.171212, 36.571026], [-81.14181, 36.569527], [-81.124809, 36.569227], [-81.083206, 36.567328], [-81.061866, 36.56702], [-81.058844, 36.566976], [-81.011402, 36.564429], [-81.003802, 36.563629], [-80.945988, 36.563196], [-80.944338, 36.563058], [-80.901726, 36.561751], [-80.837641, 36.559118], [-80.837089, 36.559154], [-80.80392, 36.560813], [-80.773663, 36.560307], [-80.730351, 36.562349], [-80.704831, 36.562319], [-80.653349, 36.559221], [-80.624788, 36.558408], [-80.4401, 36.55063], [-80.432628, 36.550302], [-80.431605, 36.550219], [-80.295243, 36.543973], [-80.228263, 36.543867], [-80.225408, 36.543748], [-80.171636, 36.543219], [-80.169535, 36.54319], [-80.122183, 36.542646], [-80.027269, 36.542495], [-79.967511, 36.542502], [-79.966979, 36.542475], [-79.904662, 36.542438], [-79.887262, 36.542838], [-79.667309, 36.541772], [-79.666827, 36.541772], [-79.510647, 36.540738], [-79.445961, 36.541195], [-79.445687, 36.541218], [-79.24974, 36.541139], [-79.20948, 36.541594], [-79.208686, 36.541571], [-79.137936, 36.541739], [-79.126078, 36.541533], [-79.124736, 36.541568], [-78.971814, 36.542123], [-78.970577, 36.542154], [-78.942254, 36.542079], [-78.942009, 36.542113], [-78.91542, 36.541974], [-78.914543, 36.541972], [-78.7963, 36.541713], [-78.76543, 36.541727], [-78.758392, 36.541852], [-78.670051, 36.542035], [-78.663317, 36.542011], [-78.605304, 36.541092], [-78.533013, 36.541004], [-78.529722, 36.540981], [-78.509965, 36.541065], [-78.471022, 36.542307], [-78.470792, 36.542316], [-78.45697, 36.542474], [-78.441199, 36.542687], [-78.436333, 36.542666], [-78.323912, 36.543809], [-78.246681, 36.544341], [-78.245462, 36.544411], [-78.133323, 36.543847], [-78.132911, 36.543811], [-78.03942, 36.544196], [-78.038938, 36.544173], [-77.899771, 36.544663], [-77.882357, 36.544737], [-77.87528, 36.544754], [-77.749706, 36.54552], [-77.205156, 36.544581], [-77.190175, 36.546164], [-77.16966, 36.547315], [-77.1645, 36.54633], [-77.152691, 36.544078], [-77.124812, 36.543986], [-77.095062, 36.544626], [-76.916048, 36.543815], [-76.917318, 36.546046], [-76.916989, 36.550742], [-76.915897, 36.552093], [-76.807078, 36.550606], [-76.781296, 36.550659], [-76.749678, 36.550381], [-76.738329, 36.550985], [-76.575496, 36.550744], [-76.541687, 36.550312], [-76.465268, 36.550951], [-76.313215, 36.550551], [-76.034751, 36.550653], [-76.02675, 36.550553], [-75.957648, 36.550553], [-75.955748, 36.550553], [-75.953447, 36.550553], [-75.952847, 36.550553], [-75.922046, 36.550654], [-75.911446, 36.550654], [-75.909046, 36.550654], [-75.904745, 36.550654], [-75.903445, 36.550654], [-75.894145, 36.550754], [-75.893245, 36.550654], [-75.891945, 36.550754], [-75.886545, 36.550754], [-75.885945, 36.550754], [-75.880644, 36.550754], [-75.879744, 36.550754], [-75.867044, 36.550754], [-75.856901, 36.500155], [-75.834975, 36.42265], [-75.818735, 36.357579], [-75.79641, 36.290351], [-75.77251, 36.22944], [-75.759637, 36.204705], [-75.738431, 36.154282], [-75.71831, 36.113674], [-75.696742, 36.077497], [-75.658537, 36.02043], [-75.569794, 35.863301], [-75.552299, 35.822173], [-75.538739, 35.797396], [-75.533012, 35.787377], [-75.536428, 35.780118], [-75.543259, 35.779691], [-75.546675, 35.787377], [-75.553934, 35.799332], [-75.566238, 35.813072], [-75.573083, 35.828867], [-75.588878, 35.844926], [-75.60125, 35.867302], [-75.619151, 35.889415], [-75.617045, 35.906], [-75.617552, 35.914186], [-75.620114, 35.925288], [-75.631215, 35.941512], [-75.648899, 35.965758], [-75.668379, 35.978394], [-75.671801, 35.985238], [-75.678909, 35.993925], [-75.723662, 36.003139], [-75.727084, 36.01051], [-75.726558, 36.02104], [-75.722082, 36.03236], [-75.722609, 36.037362], [-75.726821, 36.040521], [-75.737088, 36.040784], [-75.74051, 36.046839], [-75.741563, 36.055526], [-75.739457, 36.066846], [-75.73972, 36.07527], [-75.75025, 36.121076], [-75.750479, 36.131208], [-75.752226, 36.140817], [-75.75572, 36.153922], [-75.775814, 36.201097], [-75.783676, 36.215949], [-75.793286, 36.226432], [-75.798528, 36.2308], [-75.80369, 36.235853], [-75.811588, 36.244014], [-75.811851, 36.247699], [-75.808165, 36.259545], [-75.814483, 36.285344], [-75.822907, 36.291662], [-75.833964, 36.292188], [-75.837913, 36.294558], [-75.845284, 36.305614], [-75.841335, 36.328517], [-75.831858, 36.339047], [-75.831595, 36.346418], [-75.836201, 36.363135], [-75.843046, 36.371032], [-75.847258, 36.372085], [-75.85147, 36.379456], [-75.852523, 36.384721], [-75.85147, 36.415785], [-75.864106, 36.430527], [-75.880428, 36.435792], [-75.888325, 36.441583], [-75.891484, 36.460537], [-75.899908, 36.482124], [-75.907279, 36.485809], [-75.913071, 36.486336], [-75.917283, 36.485809], [-75.924127, 36.482124], [-75.927333, 36.482815], [-75.935473, 36.490601], [-75.960069, 36.495025], [-75.972545, 36.494671], [-76.003708, 36.506235], [-76.019261, 36.503506], [-76.023627, 36.500778], [-76.029221, 36.494365], [-76.031949, 36.482496], [-76.020216, 36.45862], [-76.012337, 36.447462], [-76.003912, 36.441864], [-75.989869, 36.436808], [-75.98005, 36.435464], [-75.962285, 36.41724], [-75.940676, 36.41885], [-75.936446, 36.423079], [-75.932694, 36.427627], [-75.928369, 36.428588], [-75.923601, 36.425788], [-75.916409, 36.38901], [-75.916949, 36.383167], [-75.923511, 36.367796], [-75.923331, 36.361863], [-75.917758, 36.353593], [-75.915331, 36.352335], [-75.895285, 36.319615], [-75.888211, 36.293414], [-75.882154, 36.284674], [-75.872721, 36.28277], [-75.864933, 36.284674], [-75.86052, 36.280607], [-75.861818, 36.266415], [-75.867356, 36.252483], [-75.864154, 36.235522], [-75.858703, 36.222628], [-75.848838, 36.21657], [-75.838367, 36.200129], [-75.841222, 36.193812], [-75.839924, 36.17711], [-75.823915, 36.158332], [-75.822531, 36.145957], [-75.813444, 36.136871], [-75.800378, 36.112728], [-75.791637, 36.082267], [-75.793974, 36.07171], [-75.799779, 36.07264], [-75.836084, 36.092616], [-75.847785, 36.10199], [-75.867792, 36.127262], [-75.866323, 36.14141], [-75.863914, 36.159226], [-75.882987, 36.186807], [-75.910658, 36.212157], [-75.922344, 36.244122], [-75.94984, 36.25787], [-75.96462, 36.254433], [-75.957058, 36.247903], [-75.945372, 36.222468], [-75.956027, 36.198065], [-75.936436, 36.18088], [-75.917188, 36.172631], [-75.904999, 36.164188], [-75.920028, 36.164853], [-75.924654, 36.163591], [-75.939047, 36.165518], [-75.995191, 36.178072], [-76.016984, 36.186367], [-76.018936, 36.188318], [-76.029086, 36.202036], [-76.043838, 36.210126], [-76.054308, 36.229162], [-76.08148, 36.237935], [-76.132005, 36.287773], [-76.161384, 36.291028], [-76.184702, 36.298166], [-76.18851, 36.29198], [-76.188717, 36.281242], [-76.171378, 36.265806], [-76.149486, 36.263902], [-76.136637, 36.252481], [-76.115851, 36.214219], [-76.080106, 36.19944], [-76.065391, 36.167147], [-76.05992, 36.15514], [-76.05927, 36.149285], [-76.064224, 36.143775], [-76.071672, 36.140183], [-76.092555, 36.135794], [-76.178946, 36.123424], [-76.206873, 36.137521], [-76.228183, 36.158487], [-76.236932, 36.170389], [-76.247877, 36.175148], [-76.254064, 36.18419], [-76.268741, 36.189764], [-76.274051, 36.188949], [-76.27699, 36.184952], [-76.263582, 36.171817], [-76.247401, 36.161823], [-76.236432, 36.146113], [-76.228527, 36.130647], [-76.191715, 36.107197], [-76.216599, 36.095409], [-76.238712, 36.098568], [-76.265037, 36.104886], [-76.329921, 36.133396], [-76.373571, 36.138208], [-76.383982, 36.146595], [-76.3935, 36.163251], [-76.447812, 36.192514], [-76.454414, 36.189901], [-76.456061, 36.183577], [-76.385257, 36.129959], [-76.375892, 36.12042], [-76.360188, 36.1228], [-76.346418, 36.121023], [-76.334965, 36.110903], [-76.298733, 36.1012], [-76.303998, 36.092776], [-76.323478, 36.084879], [-76.331902, 36.083826], [-76.337168, 36.086458], [-76.355069, 36.086458], [-76.410878, 36.078034], [-76.412984, 36.072243], [-76.420881, 36.06066], [-76.442994, 36.042758], [-76.451418, 36.039073], [-76.458789, 36.028016], [-76.459316, 36.024331], [-76.491959, 36.018013], [-76.514335, 36.00564], [-76.547505, 36.009852], [-76.5633, 36.009852], [-76.575936, 36.006167], [-76.580674, 36.00722], [-76.589625, 36.015644], [-76.60384, 36.033018], [-76.615423, 36.037757], [-76.631745, 36.038283], [-76.653332, 36.035124], [-76.676484, 36.043612], [-76.689257, 36.061494], [-76.698607, 36.096923], [-76.721445, 36.147838], [-76.719401, 36.199441], [-76.714292, 36.215279], [-76.675462, 36.266882], [-76.684925, 36.275383], [-76.693253, 36.278357], [-76.725021, 36.231118], [-76.744436, 36.212725], [-76.7521, 36.147328], [-76.726043, 36.096236], [-76.722996, 36.066585], [-76.705606, 36.04259], [-76.683869, 36.000375], [-76.679657, 35.991951], [-76.684922, 35.983001], [-76.695452, 35.973524], [-76.70019, 35.964573], [-76.697558, 35.951937], [-76.691766, 35.944566], [-76.673865, 35.935089], [-76.667547, 35.933509], [-76.657017, 35.935089], [-76.608052, 35.936668], [-76.60384, 35.939827], [-76.586992, 35.941933], [-76.528551, 35.944039], [-76.507491, 35.949831], [-76.496961, 35.955096], [-76.473795, 35.960888], [-76.460632, 35.970365], [-76.398242, 35.984317], [-76.389818, 35.980105], [-76.38192, 35.971681], [-76.381394, 35.96273], [-76.362966, 35.942197], [-76.340327, 35.94325], [-76.317687, 35.946935], [-76.272408, 35.972734], [-76.213966, 35.988002], [-76.176585, 35.993267], [-76.093697, 35.993001], [-76.083131, 35.989845], [-76.062071, 35.993004], [-76.024162, 35.970891], [-76.014685, 35.960361], [-76.014159, 35.957202], [-76.01995, 35.934036], [-76.014353, 35.920746], [-76.037116, 35.88991], [-76.046017, 35.870275], [-76.063203, 35.853433], [-76.050485, 35.806689], [-76.046813, 35.717935], [-76.036393, 35.690344], [-76.046361, 35.659067], [-76.04015, 35.65131], [-76.029863, 35.649443], [-76.013021, 35.670065], [-76.002366, 35.718356], [-75.9869, 35.768194], [-75.994117, 35.812532], [-75.987148, 35.836967], [-75.9869, 35.888148], [-75.97783, 35.897181], [-75.966247, 35.899287], [-75.962562, 35.901393], [-75.94782, 35.920347], [-75.934131, 35.928244], [-75.929919, 35.928771], [-75.927286, 35.93193], [-75.92676, 35.940354], [-75.937816, 35.950884], [-75.943608, 35.952464], [-75.946767, 35.955623], [-75.947293, 35.959835], [-75.938343, 35.9651], [-75.899382, 35.977209], [-75.879374, 35.978789], [-75.86042, 35.978262], [-75.84989, 35.976156], [-75.80935, 35.959308], [-75.805138, 35.954043], [-75.800926, 35.944566], [-75.782498, 35.935615], [-75.782498, 35.928244], [-75.778813, 35.918241], [-75.768809, 35.901393], [-75.751961, 35.878227], [-75.753014, 35.871382], [-75.748276, 35.852428], [-75.734587, 35.839266], [-75.727216, 35.822703], [-75.726689, 35.811361], [-75.732612, 35.790666], [-75.738233, 35.778301], [-75.739357, 35.770994], [-75.735422, 35.767622], [-75.724743, 35.742892], [-75.719123, 35.714227], [-75.715188, 35.708045], [-75.71294, 35.69849], [-75.713502, 35.693993], [-75.741605, 35.672073], [-75.742167, 35.655212], [-75.737109, 35.63835], [-75.729802, 35.628795], [-75.729802, 35.625985], [-75.747225, 35.610248], [-75.762963, 35.603503], [-75.778138, 35.592262], [-75.775328, 35.579335], [-75.797248, 35.574276], [-75.837154, 35.570904], [-75.851767, 35.578773], [-75.859636, 35.586641], [-75.895045, 35.573152], [-75.906848, 35.559101], [-75.908534, 35.555166], [-75.908534, 35.546174], [-75.916403, 35.538305], [-75.94563, 35.53437], [-75.950126, 35.530998], [-75.954623, 35.526502], [-75.964178, 35.511326], [-75.96474, 35.504582], [-75.961929, 35.496713], [-75.963053, 35.493903], [-75.987222, 35.484348], [-75.995652, 35.475355], [-75.994528, 35.463552], [-75.997901, 35.453435], [-76.009704, 35.442194], [-76.012514, 35.432639], [-76.01139, 35.423084], [-76.014762, 35.416902], [-76.020945, 35.410719], [-76.025441, 35.408471], [-76.037244, 35.414091], [-76.050171, 35.415778], [-76.059726, 35.410157], [-76.063661, 35.405099], [-76.063661, 35.398354], [-76.06085, 35.392733], [-76.059726, 35.383741], [-76.069281, 35.370813], [-76.092887, 35.361259], [-76.123238, 35.351142], [-76.132793, 35.349455], [-76.14291, 35.338776], [-76.14291, 35.32866], [-76.149655, 35.326411], [-76.165392, 35.328659], [-76.168764, 35.332032], [-76.182254, 35.336528], [-76.20586, 35.336528], [-76.235087, 35.350017], [-76.253072, 35.350017], [-76.257569, 35.344397], [-76.265437, 35.343273], [-76.282299, 35.345521], [-76.304781, 35.355638], [-76.327263, 35.356762], [-76.335132, 35.355638], [-76.340752, 35.346645], [-76.349745, 35.345521], [-76.365483, 35.348893], [-76.374475, 35.355638], [-76.382344, 35.356762], [-76.387965, 35.356762], [-76.399206, 35.348893], [-76.408199, 35.350017], [-76.409323, 35.35339], [-76.420564, 35.35901], [-76.431805, 35.362383], [-76.436301, 35.37812], [-76.448666, 35.383741], [-76.455411, 35.383741], [-76.462156, 35.380368], [-76.472273, 35.371375], [-76.485762, 35.371375], [-76.499251, 35.381492], [-76.540292, 35.410657], [-76.533761, 35.421999], [-76.533074, 35.43231], [-76.551634, 35.436091], [-76.565039, 35.448808], [-76.550259, 35.458776], [-76.586349, 35.508957], [-76.537886, 35.510332], [-76.499047, 35.504145], [-76.476706, 35.511707], [-76.456427, 35.550546], [-76.471207, 35.55742], [-76.48358, 35.538172], [-76.494235, 35.533704], [-76.55679, 35.528892], [-76.600441, 35.538516], [-76.620719, 35.527861], [-76.634468, 35.510332], [-76.596316, 35.481117], [-76.601472, 35.460838], [-76.571723, 35.387764], [-76.59198, 35.387113], [-76.710083, 35.427155], [-76.759234, 35.418906], [-76.830897, 35.447949], [-76.905825, 35.458604], [-76.979206, 35.483351], [-77.016265, 35.513955], [-77.024593, 35.515145], [-77.019076, 35.498474], [-77.026638, 35.490569], [-76.985909, 35.472868], [-76.975254, 35.460494], [-76.966661, 35.43781], [-76.923698, 35.449152], [-76.891938, 35.433649], [-76.845848, 35.426124], [-76.823163, 35.408251], [-76.717989, 35.375942], [-76.664027, 35.345696], [-76.604961, 35.337751], [-76.588055, 35.333156], [-76.554332, 35.332032], [-76.548712, 35.328659], [-76.500375, 35.321915], [-76.482389, 35.314046], [-76.472273, 35.294936], [-76.467776, 35.276951], [-76.467776, 35.261213], [-76.477893, 35.243228], [-76.483514, 35.240979], [-76.490258, 35.233111], [-76.491382, 35.220745], [-76.494755, 35.212877], [-76.504872, 35.207256], [-76.521733, 35.192643], [-76.536346, 35.174657], [-76.539719, 35.166788], [-76.536346, 35.149927], [-76.536346, 35.142058], [-76.546463, 35.122948], [-76.557704, 35.116204], [-76.561077, 35.108335], [-76.568945, 35.097094], [-76.57569, 35.092598], [-76.586931, 35.092598], [-76.592552, 35.083605], [-76.593676, 35.075736], [-76.60042, 35.067867], [-76.61391, 35.061123], [-76.622902, 35.061123], [-76.631895, 35.056626], [-76.639764, 35.051006], [-76.77118, 34.976742], [-76.801426, 34.964369], [-76.982904, 35.060607], [-77.039272, 35.136222], [-77.046305, 35.137703], [-77.048895, 35.132098], [-76.989778, 35.045484], [-76.977404, 35.004926], [-76.89354, 34.957495], [-76.818611, 34.939622], [-76.762931, 34.920374], [-76.705875, 34.954745], [-76.635072, 34.989116], [-76.588055, 34.991428], [-76.566697, 34.998173], [-76.539719, 35.000421], [-76.502623, 35.007166], [-76.495879, 35.011662], [-76.491382, 35.017283], [-76.490258, 35.034144], [-76.480141, 35.05213], [-76.474521, 35.070116], [-76.468796, 35.075345], [-76.463468, 35.076411], [-76.435762, 35.057941], [-76.432565, 35.049061], [-76.431855, 35.030945], [-76.425461, 35.001464], [-76.406281, 34.987256], [-76.398466, 34.9766], [-76.395625, 34.975179], [-76.332044, 34.970917], [-76.326361, 34.976245], [-76.329557, 34.986901], [-76.350159, 35.016737], [-76.360815, 35.025973], [-76.364367, 35.031301], [-76.364367, 35.034853], [-76.35229, 35.033077], [-76.318546, 35.020645], [-76.293682, 35.009633], [-76.24163, 34.999116], [-76.274856, 34.953867], [-76.277698, 34.940014], [-76.284092, 34.936817], [-76.311442, 34.910177], [-76.319967, 34.897745], [-76.33382, 34.882116], [-76.347673, 34.872171], [-76.368274, 34.872881], [-76.377154, 34.867553], [-76.379641, 34.86258], [-76.395269, 34.855476], [-76.400242, 34.855476], [-76.411609, 34.841268], [-76.463016, 34.785076], [-76.497731, 34.73077], [-76.524712, 34.681964], [-76.586236, 34.698805], [-76.584173, 34.760329], [-76.593453, 34.770297], [-76.604796, 34.787482], [-76.620606, 34.784389], [-76.616138, 34.704477], [-76.647415, 34.701727], [-76.673537, 34.70757], [-76.674568, 34.69829], [-76.647004, 34.689294], [-76.616758, 34.67967], [-76.567951, 34.662485], [-76.519041, 34.638141], [-76.490989, 34.675754], [-76.383827, 34.807906], [-76.373247, 34.817115], [-76.362591, 34.824219], [-76.341279, 34.842689], [-76.322808, 34.86116], [-76.273986, 34.897298], [-76.233672, 34.925926], [-76.194936, 34.962747], [-76.160127, 34.991163], [-76.11182, 35.034497], [-76.093349, 35.048705], [-76.069906, 35.075701], [-76.064933, 35.077121], [-76.043621, 35.070017], [-76.038648, 35.065045], [-76.035933, 35.058987], [-76.073, 35.030509], [-76.137269, 34.987858], [-76.233088, 34.905477], [-76.31021, 34.852309], [-76.386804, 34.784579], [-76.450454, 34.71445], [-76.494068, 34.66197], [-76.524199, 34.615416], [-76.535946, 34.588577], [-76.555196, 34.615993], [-76.553806, 34.628252], [-76.550423, 34.630789], [-76.549343, 34.645585], [-76.579467, 34.660174], [-76.618719, 34.67255], [-76.642939, 34.677618], [-76.662645, 34.685524], [-76.676312, 34.693151], [-76.693751, 34.692509], [-76.726969, 34.69669], [-76.770044, 34.696899], [-76.817453, 34.693722], [-76.906257, 34.68282], [-76.990262, 34.669623], [-77.031105, 34.661184], [-77.136843, 34.632926], [-77.169701, 34.622023], [-77.209161, 34.605032], [-77.240991, 34.587507], [-77.322524, 34.535574], [-77.462922, 34.471354], [-77.491796, 34.456098], [-77.556943, 34.417218], [-77.582323, 34.400506], [-77.635034, 34.359555], [-77.661673, 34.341868], [-77.687226, 34.320444], [-77.713322, 34.294879], [-77.740136, 34.272546], [-77.764022, 34.245641], [-77.829209, 34.162618], [-77.841785, 34.140747], [-77.870327, 34.079221], [-77.874384, 34.075671], [-77.878161, 34.067963], [-77.915536, 33.971723], [-77.927926, 33.945265], [-77.946568, 33.912261], [-77.956881, 33.87779], [-77.960172, 33.853315], [-77.959766, 33.840324], [-77.970606, 33.844517], [-78.006765, 33.858704], [-78.009973, 33.861406], [-78.009426, 33.867823], [-78.018689, 33.888289], [-78.095429, 33.906031], [-78.136952, 33.912178], [-78.17772, 33.914272], [-78.276147, 33.912364], [-78.383964, 33.901946], [-78.509042, 33.865515], [-78.541087, 33.851112], [-78.580378, 33.884925], [-78.615932, 33.915523], [-78.621369, 33.920073], [-78.651629, 33.945397], [-78.66253, 33.95452], [-78.702771, 33.989268], [-78.710141, 33.994688], [-78.712206, 33.996732], [-78.769483, 34.045242], [-78.81171, 34.081006], [-78.855385, 34.117996], [-78.874747, 34.134395], [-78.909881, 34.163881], [-78.963692, 34.209041], [-78.99576, 34.235954], [-79.071169, 34.29924], [-79.143242, 34.359817], [-79.151485, 34.366753], [-79.190739, 34.399751], [-79.192041, 34.40104], [-79.198982, 34.406699], [-79.215993, 34.421129], [-79.244886, 34.445637], [-79.249763, 34.449774], [-79.286703, 34.482664], [-79.306653, 34.500426], [-79.323249, 34.514634], [-79.324854, 34.516282], [-79.331328, 34.521869], [-79.358317, 34.545358], [-79.450034, 34.621036], [-79.459766, 34.629027], [-79.461318, 34.630126], [-79.468717, 34.635323], [-79.471599, 34.6372], [-79.479305, 34.64464], [-79.490201, 34.653819], [-79.519043, 34.677321], [-79.520269, 34.678327], [-79.554454, 34.706363], [-79.561691, 34.711996], [-79.631577, 34.768835], [-79.634216, 34.771012], [-79.675299, 34.804744], [-79.688088, 34.804897], [-79.690201, 34.804937], [-79.744116, 34.805651], [-79.744925, 34.805686], [-79.772829, 34.805954], [-79.773607, 34.805931], [-79.870693, 34.805378], [-79.891443, 34.805807], [-79.927618, 34.806555], [-80.000541, 34.808141], [-80.027464, 34.808726], [-80.042764, 34.809097], [-80.072912, 34.809736], [-80.077223, 34.809716], [-80.098022, 34.810147], [-80.098994, 34.810147], [-80.131169, 34.810811], [-80.159252, 34.81139], [-80.229705, 34.812843], [-80.23396, 34.812931], [-80.283627, 34.813589], [-80.30469, 34.813868], [-80.350068, 34.814469], [-80.399871, 34.815128], [-80.417014, 34.815508], [-80.418433, 34.815622], [-80.419586, 34.815581], [-80.425902, 34.81581], [-80.434843, 34.815968], [-80.448766, 34.816332], [-80.45166, 34.816396], [-80.485234, 34.816732], [-80.491814, 34.816798], [-80.499788, 34.817261], [-80.561657, 34.817481], [-80.621222, 34.818174], [-80.625993, 34.818239], [-80.626077, 34.818217], [-80.644656, 34.818568], [-80.646601, 34.818592], [-80.684074, 34.818907], [-80.771792, 34.819646], [-80.777712, 34.819697], [-80.797543, 34.819786], [-80.796997, 34.823874], [-80.795109, 34.837999], [-80.782042, 34.935782], [-80.806461, 34.962894], [-80.806784, 34.963249], [-80.82156, 34.979695], [-80.884887, 35.05351], [-80.906553, 35.076763], [-80.93495, 35.107409], [-80.95787, 35.092639], [-80.98416, 35.077568], [-81.041489, 35.044703], [-81.050018, 35.055246], [-81.055695, 35.060121], [-81.057648, 35.062433], [-81.058029, 35.07319], [-81.057236, 35.086129], [-81.052078, 35.096276], [-81.050079, 35.098817], [-81.046524, 35.100617], [-81.037369, 35.102541], [-81.034958, 35.104105], [-81.032806, 35.108049], [-81.032471, 35.110033], [-81.033005, 35.113747], [-81.036759, 35.122552], [-81.038968, 35.126299], [-81.05042, 35.131048], [-81.051037, 35.131654], [-81.051204, 35.133237], [-81.047826, 35.143743], [-81.047091, 35.145157], [-81.044391, 35.147918], [-81.043407, 35.14839], [-81.04287, 35.149248], [-81.043625, 35.149877], [-81.077253, 35.152047], [-81.109295, 35.154115], [-81.11084, 35.154185], [-81.138207, 35.155417], [-81.239358, 35.159974], [-81.241686, 35.160081], [-81.290672, 35.161967], [-81.366691, 35.164893], [-81.445627, 35.168024], [-81.452398, 35.168293], [-81.461408, 35.168657], [-81.493401, 35.169951], [-81.494265, 35.169882], [-81.54515, 35.171744], [-81.581681, 35.17308], [-81.614877, 35.174504], [-81.646707, 35.175869], [-81.680801, 35.177331], [-81.716259, 35.178852], [-81.738492, 35.179511], [-81.772351, 35.180514], [-81.802081, 35.181395], [-81.874433, 35.184113], [-81.925612, 35.185505], [-82.001422, 35.188493], [-82.039651, 35.189449], [-82.089586, 35.190698], [-82.138947, 35.193122], [-82.167676, 35.193699], [-82.176874, 35.19379], [-82.185513, 35.194355], [-82.195483, 35.194951], [-82.216217, 35.196044], [-82.230517, 35.196764], [-82.230915, 35.196784], [-82.257515, 35.198636], [-82.27492, 35.200071], [-82.282516, 35.199858], [-82.288453, 35.198605], [-82.295354, 35.194965], [-82.307166, 35.193012], [-82.314863, 35.191089], [-82.315871, 35.190678], [-82.317871, 35.187858], [-82.32335, 35.184789], [-82.326917, 35.185056], [-82.330549, 35.186767], [-82.330779, 35.189032], [-82.332975, 35.190645], [-82.333934, 35.190661], [-82.338013, 35.18901], [-82.339508, 35.18893], [-82.340133, 35.189188], [-82.341194, 35.19151], [-82.344554, 35.193115], [-82.350086, 35.192858], [-82.361469, 35.190831], [-82.363256, 35.189639], [-82.363554, 35.188001], [-82.363479, 35.186214], [-82.364299, 35.184725], [-82.36899, 35.181747], [-82.371298, 35.181449], [-82.373218, 35.182201], [-82.376808, 35.184427], [-82.379712, 35.186884], [-82.380903, 35.189565], [-82.381201, 35.191203], [-82.380605, 35.193586], [-82.379191, 35.195894], [-82.378744, 35.198053], [-82.380524, 35.202276], [-82.383776, 35.207646], [-82.384029, 35.210542], [-82.390439, 35.215395], [-82.39293, 35.215402], [-82.395697, 35.213214], [-82.403348, 35.204473], [-82.411301, 35.202483], [-82.417597, 35.200131], [-82.419744, 35.198613], [-82.424461, 35.193092], [-82.428, 35.183224], [-82.434126, 35.170784], [-82.435689, 35.167715], [-82.439595, 35.165863], [-82.448969, 35.165037], [-82.451201, 35.16526], [-82.452931, 35.168999], [-82.452764, 35.172626], [-82.452987, 35.17469], [-82.455609, 35.177425], [-82.460092, 35.178143], [-82.467991, 35.174633], [-82.472313, 35.174619], [-82.476136, 35.175486], [-82.483937, 35.173798], [-82.487357, 35.172494], [-82.490766, 35.169715], [-82.495506, 35.164312], [-82.499843, 35.163675], [-82.506137, 35.163894], [-82.516044, 35.163442], [-82.51691, 35.163029], [-82.517284, 35.162643], [-82.51921, 35.161044], [-82.521403, 35.158851], [-82.52593, 35.156749], [-82.529973, 35.155617], [-82.53256, 35.155617], [-82.534662, 35.156911], [-82.535967, 35.158664], [-82.536218, 35.159259], [-82.540483, 35.160306], [-82.544525, 35.160306], [-82.547436, 35.160306], [-82.550508, 35.159498], [-82.552934, 35.158042], [-82.554227, 35.156911], [-82.554871, 35.154639], [-82.554874, 35.152868], [-82.556168, 35.151736], [-82.558593, 35.150928], [-82.560807, 35.151644], [-82.563767, 35.151575], [-82.566193, 35.150119], [-82.567486, 35.147694], [-82.569912, 35.145268], [-82.578316, 35.142104], [-82.580687, 35.141742], [-82.581836, 35.142352], [-82.586035, 35.143142], [-82.588158, 35.142928], [-82.59243, 35.139002], [-82.59814, 35.137729], [-82.602358, 35.139036], [-82.609706, 35.139039], [-82.612444, 35.138234], [-82.613866, 35.137529], [-82.614402, 35.136701], [-82.617993, 35.13527], [-82.621185, 35.134635], [-82.624847, 35.130432], [-82.626436, 35.127903], [-82.629031, 35.126155], [-82.632574, 35.125833], [-82.634668, 35.126317], [-82.63821, 35.128088], [-82.642237, 35.129215], [-82.645296, 35.12841], [-82.648694, 35.12677], [-82.651416, 35.124867], [-82.65351, 35.121968], [-82.657858, 35.119392], [-82.662381, 35.118123], [-82.669614, 35.118103], [-82.672513, 35.119392], [-82.673318, 35.121002], [-82.675089, 35.123257], [-82.676861, 35.12535], [-82.680887, 35.126155], [-82.683625, 35.125833], [-82.68604, 35.124545], [-82.686496, 35.121822], [-82.686738, 35.11979], [-82.687641, 35.119287], [-82.688939, 35.118103], [-82.690549, 35.116171], [-82.691194, 35.114721], [-82.691355, 35.113272], [-82.690711, 35.111501], [-82.688778, 35.108602], [-82.688456, 35.106347], [-82.689634, 35.104117], [-82.694898, 35.098456], [-82.698602, 35.097168], [-82.701017, 35.09749], [-82.703916, 35.097651], [-82.707152, 35.096542], [-82.715297, 35.092943], [-82.720442, 35.093265], [-82.723462, 35.094341], [-82.72701, 35.094142], [-82.728961, 35.091978], [-82.729517, 35.09059], [-82.729683, 35.087827], [-82.730971, 35.086378], [-82.735904, 35.082701], [-82.738379, 35.079453], [-82.741761, 35.078326], [-82.746431, 35.079131], [-82.749491, 35.078487], [-82.751102, 35.075749], [-82.751265, 35.073463], [-82.754162, 35.069629], [-82.757704, 35.068019], [-82.764464, 35.068177], [-82.770046, 35.065476], [-82.777376, 35.064143], [-82.781973, 35.066817], [-82.780546, 35.069043], [-82.779928, 35.070435], [-82.779928, 35.072206], [-82.779116, 35.073674], [-82.777407, 35.076885], [-82.776357, 35.081349], [-82.778651, 35.083575], [-82.781062, 35.084492], [-82.78113, 35.084585], [-82.783283, 35.0856], [-82.787867, 35.085024], [-82.809766, 35.078748], [-82.897499, 35.056021], [-82.999867, 35.02995], [-83.108535, 35.000771], [-83.19041, 34.999456], [-83.322768, 34.995874], [-83.549381, 34.992492], [-83.620185, 34.992091], [-83.619985, 34.986592], [-83.749893, 34.987691], [-83.831097, 34.987289], [-83.936646, 34.987485], [-84.021357, 34.98743], [-84.029954, 34.987321], [-84.129555, 34.987504], [-84.321869, 34.988408], [-84.310022, 35.078883], [-84.308576, 35.092761], [-84.308437, 35.093173], [-84.304809, 35.121702], [-84.298006, 35.167468], [-84.295238, 35.182442], [-84.292321, 35.206677], [-84.29024, 35.225572], [-84.289621, 35.224677], [-84.287982, 35.224468], [-84.28322, 35.226577], [-84.28252, 35.227877], [-84.27542, 35.234777], [-84.260319, 35.241877], [-84.257719, 35.246177], [-84.252819, 35.249477], [-84.243019, 35.253178], [-84.240219, 35.255178], [-84.231818, 35.264778], [-84.227818, 35.267878], [-84.223718, 35.269078], [-84.216318, 35.267978], [-84.211818, 35.266078], [-84.205517, 35.259679], [-84.205317, 35.258279], [-84.202879, 35.255772], [-84.201717, 35.247779], [-84.200117, 35.244679], [-84.199117, 35.243679], [-84.192217, 35.243079], [-84.188417, 35.239979], [-84.178516, 35.240679], [-84.177016, 35.242379], [-84.170416, 35.245779], [-84.168616, 35.24578], [-84.161316, 35.24348], [-84.160416, 35.24388], [-84.158916, 35.24588], [-84.155316, 35.24648], [-84.143124, 35.246879], [-84.139715, 35.24618], [-84.136415, 35.24478], [-84.133299, 35.243679], [-84.13057, 35.243364], [-84.12889, 35.243679], [-84.127315, 35.244414], [-84.126815, 35.246481], [-84.125615, 35.249381], [-84.124915, 35.24983], [-84.12115, 35.250644], [-84.115279, 35.250438], [-84.115048, 35.249765], [-84.114414, 35.249081], [-84.113314, 35.248981], [-84.108449, 35.25033], [-84.103135, 35.248781], [-84.10227, 35.248115], [-84.097508, 35.247382], [-84.092213, 35.249981], [-84.082913, 35.257082], [-84.082813, 35.258882], [-84.081117, 35.261146], [-84.074713, 35.263182], [-84.070612, 35.263782], [-84.063712, 35.266682], [-84.055712, 35.268182], [-84.052612, 35.269982], [-84.042711, 35.278383], [-84.036011, 35.288683], [-84.02791, 35.292783], [-84.02351, 35.295783], [-84.02141, 35.301383], [-84.02651, 35.309283], [-84.02871, 35.310383], [-84.03501, 35.311983], [-84.03571, 35.312883], [-84.03551, 35.317783], [-84.032479, 35.325318], [-84.03245, 35.32653], [-84.032209, 35.328583], [-84.030409, 35.330483], [-84.029377, 35.333197], [-84.031272, 35.336438], [-84.03243, 35.336845], [-84.038081, 35.348363], [-84.037494, 35.34985], [-84.035343, 35.350833], [-84.024756, 35.353896], [-84.023456, 35.354217], [-84.020188, 35.357503], [-84.019193, 35.359569], [-84.015121, 35.364868], [-84.007586, 35.371661], [-84.008307, 35.378883], [-84.009807, 35.382683], [-84.011207, 35.384383], [-84.010607, 35.386183], [-84.008207, 35.389683], [-84.008207, 35.390383], [-84.014107, 35.397783], [-84.015207, 35.398483], [-84.018107, 35.399083], [-84.018807, 35.399783], [-84.021507, 35.404183], [-84.021782, 35.407418], [-84.020633, 35.409843], [-84.017607, 35.411183], [-84.014707, 35.411983], [-84.011706, 35.415383], [-84.005306, 35.420883], [-84.00225, 35.422548], [-83.999906, 35.425201], [-83.999242, 35.42614], [-83.998154, 35.430786], [-83.996619, 35.433761], [-83.992568, 35.438065], [-83.983233, 35.44235], [-83.978286, 35.44782], [-83.973057, 35.448921], [-83.973171, 35.452582], [-83.971439, 35.455145], [-83.969845, 35.455443], [-83.966656, 35.454941], [-83.965229, 35.455399], [-83.9614, 35.459496], [-83.961054, 35.462838], [-83.961056, 35.463738], [-83.961053, 35.464143], [-83.957821, 35.464211], [-83.955416, 35.463456], [-83.952882, 35.460635], [-83.949389, 35.461164], [-83.942987, 35.465084], [-83.942172, 35.467254], [-83.937015, 35.471511], [-83.929743, 35.47333], [-83.924895, 35.473884], [-83.919564, 35.473367], [-83.916801, 35.473612], [-83.911773, 35.476028], [-83.909265, 35.479714], [-83.90804, 35.484397], [-83.905612, 35.48906], [-83.901527, 35.491026], [-83.900338, 35.493095], [-83.9002, 35.494191], [-83.901403, 35.495278], [-83.901381, 35.496553], [-83.895669, 35.501868], [-83.893031, 35.502253], [-83.892074, 35.503089], [-83.884262, 35.512754], [-83.882563, 35.517182], [-83.880074, 35.518745], [-83.87263, 35.521145], [-83.866413, 35.52091], [-83.859261, 35.521851], [-83.853898, 35.521059], [-83.848502, 35.519259], [-83.840203, 35.52156], [-83.831895, 35.524766], [-83.827428, 35.524653], [-83.82559, 35.523829], [-83.809798, 35.53431], [-83.808713, 35.536415], [-83.802434, 35.541588], [-83.786802, 35.5472], [-83.780129, 35.550387], [-83.773092, 35.557465], [-83.771736, 35.562118], [-83.764606, 35.561538], [-83.759675, 35.562492], [-83.756917, 35.563604], [-83.749894, 35.561146], [-83.735669, 35.565455], [-83.732947, 35.563149], [-83.723459, 35.561874], [-83.720787, 35.563347], [-83.707199, 35.568533], [-83.703846, 35.568476], [-83.702099, 35.567634], [-83.700663, 35.567621], [-83.697827, 35.568352], [-83.684154, 35.568848], [-83.676268, 35.570289], [-83.673093, 35.568974], [-83.666272, 35.569389], [-83.662957, 35.569138], [-83.660925, 35.568207], [-83.657933, 35.569211], [-83.653159, 35.568309], [-83.645481, 35.565825], [-83.640498, 35.566075], [-83.637182, 35.567096], [-83.635832, 35.568169], [-83.632358, 35.569093], [-83.629734, 35.567889], [-83.615312, 35.574026], [-83.608889, 35.579451], [-83.604806, 35.57934], [-83.601854, 35.578228], [-83.59427, 35.572912], [-83.587827, 35.566963], [-83.58714, 35.564017], [-83.58559, 35.562941], [-83.582, 35.562684], [-83.576345, 35.564019], [-83.572424, 35.565518], [-83.56609, 35.565993], [-83.559264, 35.564796], [-83.552167, 35.564346], [-83.540826, 35.565702], [-83.534169, 35.564668], [-83.520469, 35.565602], [-83.517564, 35.562871], [-83.498335, 35.562981], [-83.491647, 35.566867], [-83.485527, 35.568204], [-83.480617, 35.576633], [-83.478523, 35.579202], [-83.479317, 35.582764], [-83.479082, 35.583316], [-83.475367, 35.584775], [-83.472684, 35.586552], [-83.472668, 35.589125], [-83.471362, 35.590304], [-83.462678, 35.5926], [-83.455722, 35.598045], [-83.452431, 35.602918], [-83.447137, 35.608664], [-83.445802, 35.611803], [-83.441197, 35.611739], [-83.432298, 35.609941], [-83.421576, 35.611186], [-83.420964, 35.611596], [-83.42037, 35.613467], [-83.411852, 35.61692], [-83.406061, 35.620185], [-83.403569, 35.621313], [-83.396626, 35.62272], [-83.392652, 35.625095], [-83.388602, 35.632352], [-83.388722, 35.633584], [-83.380251, 35.634705], [-83.377984, 35.634496], [-83.376785, 35.636638], [-83.373712, 35.638935], [-83.372174, 35.63931], [-83.370369, 35.638204], [-83.368162, 35.638202], [-83.366941, 35.638728], [-83.358209, 35.647277], [-83.356202, 35.650019], [-83.355367, 35.652338], [-83.355537, 35.654632], [-83.353776, 35.657478], [-83.35156, 35.659858], [-83.349255, 35.660854], [-83.347262, 35.660474], [-83.337683, 35.663074], [-83.334965, 35.665471], [-83.321101, 35.662815], [-83.317905, 35.659015], [-83.312757, 35.654809], [-83.31049, 35.654452], [-83.302279, 35.656064], [-83.297154, 35.65775], [-83.293676, 35.661919], [-83.291075, 35.667131], [-83.290682, 35.672638], [-83.289165, 35.674509], [-83.281178, 35.677802], [-83.27548, 35.679463], [-83.271378, 35.681476], [-83.269277, 35.685403], [-83.26539, 35.687535], [-83.261252, 35.689165], [-83.258117, 35.691924], [-83.25561, 35.696061], [-83.255126, 35.701493], [-83.256111, 35.703961], [-83.255108, 35.707096], [-83.25423, 35.709478], [-83.254481, 35.712362], [-83.255489, 35.714974], [-83.255351, 35.71623], [-83.251247, 35.719916], [-83.243501, 35.722533], [-83.242132, 35.723638], [-83.240669, 35.72676], [-83.232042, 35.726098], [-83.222627, 35.726138], [-83.219981, 35.726601], [-83.216972, 35.725752], [-83.214501, 35.724434], [-83.203752, 35.726553], [-83.200126, 35.725331], [-83.198267, 35.725494], [-83.18837, 35.729798], [-83.185685, 35.72989], [-83.182097, 35.735492], [-83.180836, 35.738882], [-83.177499, 35.743913], [-83.171867, 35.745978], [-83.170173, 35.746107], [-83.16477, 35.754618], [-83.165427, 35.7587], [-83.164909, 35.759965], [-83.161537, 35.763363], [-83.159208, 35.764892], [-83.15408, 35.76428], [-83.14808, 35.764295], [-83.14697, 35.765124], [-83.127707, 35.768093], [-83.120183, 35.766234], [-83.113662, 35.770211], [-83.110491, 35.770913], [-83.104805, 35.77348], [-83.104584, 35.77423], [-83.10232, 35.775071], [-83.100233, 35.774745], [-83.100329, 35.774804], [-83.100225, 35.774765], [-83.097193, 35.776067], [-83.086054, 35.783627], [-83.085205, 35.785794], [-83.078732, 35.789472], [-83.07403, 35.790016], [-83.072221, 35.78831], [-83.063975, 35.786643], [-83.061507, 35.786774], [-83.05834, 35.788241], [-83.052677, 35.789548], [-83.04853, 35.787706], [-83.046307, 35.785853], [-83.044108, 35.785347], [-83.042666, 35.785407], [-83.03951, 35.786777], [-83.036209, 35.787405], [-83.012377, 35.779818], [-83.006067, 35.778404], [-83.001473, 35.773752], [-82.995803, 35.773128], [-82.992053, 35.773948], [-82.98397, 35.77801], [-82.978414, 35.78261], [-82.974463, 35.78679], [-82.969648, 35.789663], [-82.964088, 35.78998], [-82.962206, 35.792755], [-82.962842, 35.795126], [-82.961724, 35.800491], [-82.95895, 35.803323], [-82.956127, 35.807874], [-82.955751, 35.809802], [-82.952026, 35.816183], [-82.945515, 35.824662], [-82.94383, 35.825638], [-82.937437, 35.82732], [-82.933221, 35.832915], [-82.931859, 35.836351], [-82.927569, 35.838586], [-82.923358, 35.839273], [-82.920171, 35.841664], [-82.919108, 35.844851], [-82.920974, 35.851073], [-82.919374, 35.860523], [-82.918312, 35.863977], [-82.916452, 35.866102], [-82.901301, 35.872593], [-82.899718, 35.874602], [-82.899186, 35.877524], [-82.899718, 35.879914], [-82.901046, 35.882305], [-82.903968, 35.885492], [-82.903702, 35.887617], [-82.901843, 35.890274], [-82.901843, 35.89293], [-82.904543, 35.897011], [-82.906917, 35.907397], [-82.911671, 35.914711], [-82.911936, 35.921618], [-82.911405, 35.925868], [-82.910608, 35.92693], [-82.906358, 35.927196], [-82.903436, 35.928524], [-82.902374, 35.929852], [-82.901577, 35.931446], [-82.901713, 35.937713], [-82.898505, 35.945101], [-82.896947, 35.944624], [-82.892659, 35.945182], [-82.883933, 35.949192], [-82.874159, 35.952698], [-82.870666, 35.95199], [-82.869315, 35.950565], [-82.860724, 35.94743], [-82.852554, 35.949089], [-82.849849, 35.947772], [-82.841259, 35.941721], [-82.839994, 35.940166], [-82.833268, 35.934993], [-82.830112, 35.932972], [-82.828933, 35.932932], [-82.826045, 35.929721], [-82.82257, 35.922531], [-82.821861, 35.921839], [-82.81613, 35.923986], [-82.811067, 35.926801], [-82.809038, 35.927241], [-82.804997, 35.927168], [-82.802892, 35.929013], [-82.802769, 35.930129], [-82.805771, 35.935316], [-82.806174, 35.936908], [-82.805851, 35.937938], [-82.800431, 35.944155], [-82.787465, 35.952163], [-82.785191, 35.959231], [-82.785356, 35.96253], [-82.784536, 35.963905], [-82.783085, 35.964982], [-82.777751, 35.966912], [-82.774905, 35.971978], [-82.776434, 35.973886], [-82.778625, 35.974792], [-82.780319, 35.974365], [-82.781809, 35.974562], [-82.785558, 35.977795], [-82.785267, 35.987927], [-82.779397, 35.992511], [-82.778589, 35.997001], [-82.777283, 35.998811], [-82.776001, 36.000103], [-82.765365, 36.003003], [-82.759165, 36.004203], [-82.754465, 36.004304], [-82.750065, 36.006004], [-82.731865, 36.017604], [-82.727865, 36.018504], [-82.725065, 36.018204], [-82.715965, 36.022804], [-82.715365, 36.024253], [-82.715565, 36.026904], [-82.715165, 36.028604], [-82.707465, 36.030104], [-82.703165, 36.032404], [-82.701065, 36.034404], [-82.688865, 36.038604], [-82.685565, 36.042004], [-82.684765, 36.045004], [-82.683565, 36.046104], [-82.672965, 36.050405], [-82.668365, 36.052905], [-82.662665, 36.055005], [-82.657249, 36.056636], [-82.654815, 36.056225], [-82.650165, 36.057805], [-82.643565, 36.062805], [-82.637165, 36.065805], [-82.632265, 36.065705], [-82.628365, 36.062105], [-82.618664, 36.056105], [-82.617264, 36.054205], [-82.618064, 36.051205], [-82.618164, 36.047005], [-82.613563, 36.046406], [-82.609663, 36.044906], [-82.606163, 36.041006], [-82.602877, 36.039833]]], [[[-75.675245, 35.929024], [-75.65954, 35.919564], [-75.662938, 35.916166], [-75.662019, 35.906522], [-75.653478, 35.904686], [-75.648519, 35.906982], [-75.64512, 35.905788], [-75.62767, 35.883149], [-75.616833, 35.856331], [-75.619772, 35.847606], [-75.614361, 35.815659], [-75.620454, 35.809253], [-75.624235, 35.809387], [-75.63898, 35.818639], [-75.667891, 35.82354], [-75.675054, 35.830204], [-75.660086, 35.83861], [-75.660598, 35.862541], [-75.663356, 35.869835], [-75.67283, 35.882423], [-75.681415, 35.88398], [-75.697672, 35.901639], [-75.696871, 35.909556], [-75.702165, 35.915428], [-75.723782, 35.925569], [-75.727251, 35.93362], [-75.726807, 35.935844], [-75.718266, 35.939714], [-75.705323, 35.939403], [-75.69115, 35.936932], [-75.686358, 35.932973], [-75.675245, 35.929024]]], [[[-75.528992, 35.776289], [-75.522232, 35.774178], [-75.502427, 35.742913], [-75.496086, 35.728515], [-75.479128, 35.678634], [-75.458659, 35.596597], [-75.460061, 35.581314], [-75.462491, 35.553556], [-75.471355, 35.479615], [-75.486771, 35.391652], [-75.502188, 35.320012], [-75.52592, 35.233839], [-75.527676, 35.215955], [-75.544809, 35.228421], [-75.560225, 35.232048], [-75.580176, 35.231142], [-75.610101, 35.227514], [-75.635493, 35.22026], [-75.672673, 35.208471], [-75.728897, 35.190334], [-75.757916, 35.183079], [-75.769705, 35.180359], [-75.789655, 35.172197], [-75.840438, 35.15134], [-75.912985, 35.1196], [-75.944725, 35.105091], [-75.963768, 35.092395], [-75.982812, 35.081513], [-76.00151, 35.06723], [-76.013145, 35.061855], [-76.014954, 35.065349], [-76.013561, 35.068832], [-76.000949, 35.084234], [-75.99188, 35.092395], [-75.989175, 35.100882], [-75.990569, 35.108546], [-75.989175, 35.115165], [-75.98395, 35.120042], [-75.973499, 35.121087], [-75.966489, 35.117787], [-75.9547, 35.1196], [-75.923867, 35.135017], [-75.910265, 35.142271], [-75.893942, 35.150433], [-75.839531, 35.172197], [-75.819172, 35.176826], [-75.812902, 35.178568], [-75.801444, 35.183079], [-75.793283, 35.18852], [-75.785729, 35.194244], [-75.754289, 35.199402], [-75.74522, 35.20303], [-75.734171, 35.204347], [-75.718015, 35.209377], [-75.708947, 35.213912], [-75.698972, 35.221166], [-75.694437, 35.22298], [-75.68749, 35.231171], [-75.684006, 35.232913], [-75.681916, 35.232913], [-75.675394, 35.228421], [-75.664512, 35.227514], [-75.640934, 35.233862], [-75.630358, 35.238487], [-75.615378, 35.248938], [-75.599005, 35.256253], [-75.598312, 35.261067], [-75.59796, 35.266704], [-75.596915, 35.269491], [-75.585419, 35.266356], [-75.581935, 35.263917], [-75.561033, 35.266008], [-75.535741, 35.272856], [-75.529393, 35.288272], [-75.523952, 35.318198], [-75.518511, 35.336335], [-75.51261, 35.362853], [-75.506722, 35.387118], [-75.500374, 35.424298], [-75.494933, 35.454224], [-75.487678, 35.485056], [-75.488585, 35.497752], [-75.489618, 35.508471], [-75.487528, 35.525889], [-75.482237, 35.53856], [-75.47861, 35.553069], [-75.47861, 35.599318], [-75.48133, 35.622896], [-75.487678, 35.648287], [-75.498675, 35.666281], [-75.507385, 35.680564], [-75.515745, 35.721671], [-75.515397, 35.73038], [-75.533512, 35.773577], [-75.528992, 35.776289]]]]}}, {"type": "Feature", "properties": {"STUSPS": "SC", "NAME": "South Carolina"}, "geometry": {"type": "Polygon", "coordinates": [[[-78.541087, 33.851112], [-78.553944, 33.847831], [-78.584841, 33.844282], [-78.67226, 33.817587], [-78.714116, 33.800138], [-78.772737, 33.768511], [-78.812931, 33.743472], [-78.862931, 33.705654], [-78.938076, 33.639826], [-79.007356, 33.566565], [-79.028516, 33.533365], [-79.041125, 33.523773], [-79.084588, 33.483669], [-79.10136, 33.461016], [-79.135441, 33.403867], [-79.147496, 33.378243], [-79.152035, 33.350925], [-79.158429, 33.332811], [-79.162332, 33.327246], [-79.180318, 33.254141], [-79.180563, 33.237955], [-79.172394, 33.206577], [-79.18787, 33.173712], [-79.195631, 33.166016], [-79.215453, 33.155569], [-79.238262, 33.137055], [-79.24609, 33.124865], [-79.291591, 33.109773], [-79.329909, 33.089986], [-79.337169, 33.072302], [-79.335346, 33.065362], [-79.339313, 33.050336], [-79.359961, 33.006672], [-79.403712, 33.003903], [-79.416515, 33.006815], [-79.423447, 33.015085], [-79.461047, 33.007639], [-79.483499, 33.001265], [-79.488727, 33.015832], [-79.506923, 33.032813], [-79.522449, 33.03535], [-79.55756, 33.021269], [-79.580725, 33.006447], [-79.58659, 32.991334], [-79.60102, 32.979282], [-79.606615, 32.972248], [-79.617611, 32.952726], [-79.617715, 32.94487], [-79.612928, 32.934815], [-79.606194, 32.925953], [-79.585897, 32.926461], [-79.581687, 32.931341], [-79.574951, 32.934526], [-79.572614, 32.933885], [-79.569762, 32.926692], [-79.576006, 32.906235], [-79.631149, 32.888606], [-79.655426, 32.872705], [-79.695141, 32.850398], [-79.699482, 32.839997], [-79.702956, 32.835781], [-79.719879, 32.825796], [-79.716761, 32.813627], [-79.726389, 32.805996], [-79.811021, 32.77696], [-79.818237, 32.766352], [-79.84035, 32.756816], [-79.848527, 32.755248], [-79.866742, 32.757422], [-79.872232, 32.752128], [-79.873605, 32.745657], [-79.868352, 32.734849], [-79.870336, 32.727777], [-79.888028, 32.695177], [-79.884961, 32.684402], [-79.915682, 32.664915], [-79.968468, 32.639732], [-79.975248, 32.639537], [-79.986917, 32.626388], [-79.99175, 32.616389], [-79.999374, 32.611851], [-80.010505, 32.608852], [-80.037276, 32.610236], [-80.077039, 32.603319], [-80.121368, 32.590523], [-80.162327, 32.559681], [-80.16903, 32.538887], [-80.186043, 32.540606], [-80.20523, 32.555547], [-80.246361, 32.531114], [-80.277681, 32.516161], [-80.332438, 32.478104], [-80.338354, 32.47873], [-80.343883, 32.490795], [-80.363956, 32.496098], [-80.380716, 32.486359], [-80.386827, 32.47881], [-80.392561, 32.475332], [-80.413487, 32.470672], [-80.415943, 32.472074], [-80.417896, 32.476076], [-80.418502, 32.490894], [-80.423454, 32.497989], [-80.439407, 32.503472], [-80.452078, 32.497286], [-80.46571, 32.4953], [-80.472068, 32.496964], [-80.48025, 32.477407], [-80.484617, 32.460976], [-80.480156, 32.447048], [-80.467588, 32.425259], [-80.446075, 32.423721], [-80.43296, 32.410659], [-80.429941, 32.401782], [-80.429291, 32.389667], [-80.434303, 32.375193], [-80.445451, 32.350335], [-80.456814, 32.336884], [-80.455192, 32.326458], [-80.466342, 32.31917], [-80.517871, 32.298796], [-80.539429, 32.287024], [-80.545688, 32.282076], [-80.571096, 32.273278], [-80.596394, 32.273549], [-80.618286, 32.260183], [-80.638857, 32.255618], [-80.647025, 32.258555], [-80.647501, 32.303289], [-80.64988, 32.30662], [-80.654163, 32.308524], [-80.659874, 32.308048], [-80.665109, 32.296151], [-80.669868, 32.293771], [-80.690807, 32.302337], [-80.714601, 32.325656], [-80.722216, 32.324704], [-80.733637, 32.319469], [-80.755052, 32.288061], [-80.755052, 32.27997], [-80.748866, 32.274736], [-80.738872, 32.269501], [-80.726975, 32.27188], [-80.716505, 32.268549], [-80.685096, 32.246182], [-80.667057, 32.22316], [-80.669166, 32.216783], [-80.688857, 32.200971], [-80.721463, 32.160427], [-80.749091, 32.140137], [-80.789996, 32.122494], [-80.812503, 32.109746], [-80.82153, 32.108589], [-80.828394, 32.113222], [-80.831531, 32.112709], [-80.844431, 32.109709], [-80.858735, 32.099581], [-80.905378, 32.051943], [-80.892344, 32.043764], [-80.885517, 32.0346], [-80.892977, 32.034949], [-80.910669, 32.036735], [-80.917845, 32.037575], [-80.922794, 32.039151], [-80.926753, 32.041672], [-80.933557, 32.047554], [-80.943226, 32.057824], [-80.954482, 32.068622], [-80.959402, 32.071259], [-80.978833, 32.077309], [-80.983133, 32.079609], [-80.987733, 32.084209], [-80.991733, 32.091208], [-80.994333, 32.094608], [-80.999833, 32.099014], [-81.002297, 32.100048], [-81.006745, 32.101152], [-81.011961, 32.100176], [-81.016009, 32.097424], [-81.021622, 32.090897], [-81.032674, 32.08545], [-81.038265, 32.084469], [-81.050234, 32.085308], [-81.060442, 32.087503], [-81.066906, 32.090351], [-81.083546, 32.100782], [-81.088234, 32.10395], [-81.090874, 32.10699], [-81.091498, 32.110782], [-81.093386, 32.11123], [-81.100458, 32.111181], [-81.111134, 32.112005], [-81.113334, 32.113205], [-81.117234, 32.117605], [-81.119994, 32.134268], [-81.119134, 32.142104], [-81.118334, 32.144403], [-81.120034, 32.153303], [-81.122034, 32.161803], [-81.123134, 32.162902], [-81.128434, 32.164402], [-81.129634, 32.165602], [-81.129402, 32.166922], [-81.128134, 32.169102], [-81.124492, 32.17212], [-81.121134, 32.174902], [-81.119434, 32.175402], [-81.119361, 32.177142], [-81.120434, 32.178702], [-81.119834, 32.181202], [-81.117934, 32.185301], [-81.118234, 32.189201], [-81.12315, 32.201329], [-81.128283, 32.208634], [-81.136012, 32.212858], [-81.136727, 32.213669], [-81.143139, 32.221731], [-81.153531, 32.237687], [-81.155995, 32.241478], [-81.156587, 32.24391], [-81.155595, 32.246022], [-81.148334, 32.255098], [-81.145834, 32.263397], [-81.136534, 32.272697], [-81.130834, 32.274597], [-81.128034, 32.276297], [-81.121433, 32.284496], [-81.119633, 32.287596], [-81.119833, 32.289596], [-81.122333, 32.305395], [-81.122933, 32.307295], [-81.123933, 32.308695], [-81.125433, 32.309295], [-81.135733, 32.324594], [-81.137633, 32.328194], [-81.137032, 32.329994], [-81.133032, 32.334794], [-81.133632, 32.341293], [-81.140932, 32.349393], [-81.142532, 32.350893], [-81.144032, 32.351093], [-81.147632, 32.349393], [-81.148477, 32.347549], [-81.149073, 32.346682], [-81.150589, 32.34587], [-81.152105, 32.345816], [-81.153296, 32.345816], [-81.154, 32.345924], [-81.154433, 32.346087], [-81.154812, 32.346412], [-81.155136, 32.34717], [-81.154974, 32.348794], [-81.155032, 32.350093], [-81.161732, 32.356092], [-81.170126, 32.361318], [-81.170858, 32.362722], [-81.170553, 32.363821], [-81.169332, 32.365591], [-81.168722, 32.367544], [-81.169332, 32.369436], [-81.173432, 32.372591], [-81.181072, 32.380398], [-81.178131, 32.38459], [-81.177231, 32.39169], [-81.180931, 32.39649], [-81.189731, 32.407289], [-81.194931, 32.411489], [-81.20513, 32.423788], [-81.20843, 32.435987], [-81.207246, 32.437542], [-81.20453, 32.438687], [-81.202588, 32.439833], [-81.201595, 32.44136], [-81.201137, 32.442964], [-81.201137, 32.444033], [-81.202206, 32.445484], [-81.203046, 32.447164], [-81.203046, 32.448844], [-81.202359, 32.450448], [-81.200908, 32.451593], [-81.197529, 32.452086], [-81.192629, 32.456286], [-81.187329, 32.462886], [-81.186829, 32.464086], [-81.188129, 32.465386], [-81.189229, 32.465586], [-81.192429, 32.464786], [-81.194829, 32.465086], [-81.200029, 32.467985], [-81.212428, 32.478685], [-81.227528, 32.493884], [-81.233585, 32.498488], [-81.238281, 32.505988], [-81.238728, 32.508896], [-81.238411, 32.510192], [-81.236707, 32.511402], [-81.234834, 32.512271], [-81.234023, 32.513778], [-81.23466, 32.51627], [-81.237095, 32.517314], [-81.24501, 32.518317], [-81.247874, 32.518231], [-81.249827, 32.517541], [-81.252882, 32.51833], [-81.277131, 32.535417], [-81.276242, 32.538558], [-81.274802, 32.541143], [-81.274927, 32.544158], [-81.275213, 32.545202], [-81.279238, 32.55459], [-81.281324, 32.556464], [-81.29676, 32.562648], [-81.297955, 32.563026], [-81.300593, 32.562843], [-81.309009, 32.56097], [-81.320588, 32.559534], [-81.328753, 32.561228], [-81.366964, 32.577059], [-81.368386, 32.584221], [-81.368982, 32.590025], [-81.369757, 32.591231], [-81.37157, 32.592018], [-81.373178, 32.592115], [-81.376237, 32.589217], [-81.379216, 32.589022], [-81.380999, 32.589652], [-81.389338, 32.595436], [-81.393865, 32.60234], [-81.397106, 32.605587], [-81.404714, 32.611207], [-81.411906, 32.61841], [-81.41866, 32.629392], [-81.418431, 32.634704], [-81.417014, 32.636147], [-81.414761, 32.63744], [-81.413411, 32.637368], [-81.411523, 32.632907], [-81.41026, 32.631392], [-81.40933, 32.631096], [-81.407271, 32.631737], [-81.402846, 32.63621], [-81.402735, 32.637032], [-81.404238, 32.638258], [-81.405109, 32.64269], [-81.403582, 32.643398], [-81.394589, 32.64957], [-81.393033, 32.651543], [-81.393818, 32.653491], [-81.398314, 32.656307], [-81.405273, 32.656517], [-81.407193, 32.660519], [-81.4073, 32.66156], [-81.406646, 32.662515], [-81.404287, 32.667798], [-81.401029, 32.677494], [-81.401256, 32.680156], [-81.40831, 32.694908], [-81.409349, 32.695269], [-81.409982, 32.695179], [-81.41075, 32.694772], [-81.411157, 32.693959], [-81.411609, 32.693145], [-81.4131, 32.692648], [-81.426735, 32.700867], [-81.427517, 32.701896], [-81.421194, 32.711978], [-81.420516, 32.720238], [-81.418542, 32.732586], [-81.41267, 32.739083], [-81.411549, 32.740145], [-81.410845, 32.741694], [-81.410563, 32.743244], [-81.410281, 32.744653], [-81.410563, 32.74592], [-81.411408, 32.747329], [-81.412817, 32.748174], [-81.415353, 32.748879], [-81.416198, 32.750428], [-81.416761, 32.752259], [-81.416479, 32.754654], [-81.415212, 32.757753], [-81.416479, 32.760289], [-81.417606, 32.762684], [-81.420142, 32.765501], [-81.422396, 32.767051], [-81.425017, 32.768058], [-81.426199, 32.768319], [-81.426481, 32.769023], [-81.426481, 32.770291], [-81.426059, 32.771136], [-81.425636, 32.77184], [-81.424714, 32.772648], [-81.422678, 32.773249], [-81.421269, 32.774658], [-81.421128, 32.775926], [-81.420987, 32.776912], [-81.421128, 32.778039], [-81.422114, 32.779306], [-81.424227, 32.780152], [-81.426481, 32.78142], [-81.428313, 32.78311], [-81.429017, 32.785505], [-81.428031, 32.787618], [-81.424999, 32.790334], [-81.425234, 32.79419], [-81.424874, 32.801882], [-81.423772, 32.810514], [-81.419752, 32.813731], [-81.418497, 32.815664], [-81.417984, 32.818196], [-81.42062, 32.831223], [-81.421614, 32.835178], [-81.426475, 32.840773], [-81.442671, 32.850107], [-81.443595, 32.850628], [-81.444866, 32.850967], [-81.449396, 32.849126], [-81.451199, 32.847925], [-81.452573, 32.84795], [-81.453949, 32.849761], [-81.455978, 32.854107], [-81.453017, 32.859636], [-81.451351, 32.868583], [-81.452883, 32.872964], [-81.45392, 32.874074], [-81.468042, 32.876675], [-81.470376, 32.876267], [-81.475918, 32.877641], [-81.479445, 32.881082], [-81.4771, 32.887469], [-81.471703, 32.890439], [-81.470836, 32.890521], [-81.464655, 32.895999], [-81.464069, 32.897814], [-81.465924, 32.899889], [-81.468978, 32.901083], [-81.479184, 32.905638], [-81.480008, 32.913444], [-81.483198, 32.921802], [-81.495092, 32.931596], [-81.499829, 32.932614], [-81.502427, 32.935353], [-81.502716, 32.938688], [-81.499566, 32.943722], [-81.499446, 32.944988], [-81.504016, 32.948091], [-81.507045, 32.951194], [-81.508138, 32.953976], [-81.508436, 32.955765], [-81.508536, 32.957156], [-81.508436, 32.958349], [-81.507741, 32.959243], [-81.507442, 32.960237], [-81.507144, 32.96133], [-81.506449, 32.962423], [-81.505256, 32.963019], [-81.503346, 32.96295], [-81.501369, 32.962914], [-81.49983, 32.963816], [-81.499471, 32.96478], [-81.494736, 32.978998], [-81.491457, 32.995437], [-81.491197, 32.997824], [-81.491419, 33.008078], [-81.492253, 33.009342], [-81.50203, 33.015113], [-81.511245, 33.027786], [-81.513231, 33.028546], [-81.519632, 33.029181], [-81.538789, 33.039185], [-81.540081, 33.040613], [-81.542092, 33.044859], [-81.544258, 33.046905], [-81.546785, 33.047145], [-81.551838, 33.044739], [-81.553643, 33.044137], [-81.557013, 33.0451], [-81.558336, 33.046183], [-81.559179, 33.047386], [-81.55966, 33.04907], [-81.559173, 33.051765], [-81.558938, 33.052921], [-81.559179, 33.054124], [-81.560502, 33.055207], [-81.561344, 33.055568], [-81.562066, 33.055568], [-81.562548, 33.055568], [-81.56327, 33.055568], [-81.564714, 33.054726], [-81.566759, 33.053763], [-81.568925, 33.053523], [-81.57288, 33.05418], [-81.578332, 33.058936], [-81.580994, 33.062697], [-81.583804, 33.067021], [-81.588539, 33.07085], [-81.590705, 33.071211], [-81.592645, 33.06991], [-81.594555, 33.069887], [-81.599248, 33.071813], [-81.600091, 33.073497], [-81.600211, 33.075182], [-81.599369, 33.076867], [-81.598286, 33.079153], [-81.598165, 33.081078], [-81.600211, 33.083966], [-81.601655, 33.084688], [-81.603587, 33.084578], [-81.606836, 33.081717], [-81.608995, 33.0818], [-81.609837, 33.082161], [-81.610078, 33.082883], [-81.609837, 33.084929], [-81.609533, 33.086877], [-81.609476, 33.089862], [-81.6108, 33.09263], [-81.612725, 33.093953], [-81.615132, 33.095036], [-81.617779, 33.095277], [-81.632232, 33.093952], [-81.637232, 33.092952], [-81.642333, 33.093152], [-81.646433, 33.094552], [-81.658433, 33.103152], [-81.683533, 33.112651], [-81.696934, 33.116551], [-81.699834, 33.116751], [-81.703134, 33.116151], [-81.704634, 33.116451], [-81.717134, 33.124051], [-81.724334, 33.129451], [-81.743835, 33.14145], [-81.755135, 33.15155], [-81.763135, 33.159449], [-81.764435, 33.165549], [-81.766735, 33.170749], [-81.772435, 33.180449], [-81.772435, 33.181249], [-81.765735, 33.187948], [-81.762835, 33.188248], [-81.760635, 33.189248], [-81.756935, 33.197848], [-81.758235, 33.200248], [-81.761635, 33.201748], [-81.763535, 33.203648], [-81.767635, 33.215747], [-81.768935, 33.217447], [-81.774035, 33.221147], [-81.778435, 33.221847], [-81.780135, 33.221147], [-81.781035, 33.219847], [-81.777335, 33.214947], [-81.777535, 33.211347], [-81.778935, 33.209847], [-81.784535, 33.208147], [-81.790236, 33.208447], [-81.805236, 33.211447], [-81.807336, 33.212647], [-81.807936, 33.213747], [-81.808136, 33.219447], [-81.809636, 33.222647], [-81.811736, 33.223847], [-81.819636, 33.226646], [-81.827936, 33.228746], [-81.831736, 33.233546], [-81.837016, 33.237652], [-81.846536, 33.241746], [-81.852136, 33.247544], [-81.853137, 33.250745], [-81.847336, 33.266345], [-81.842522, 33.266584], [-81.840078, 33.26704], [-81.838337, 33.269098], [-81.838257, 33.272975], [-81.844036, 33.278644], [-81.851836, 33.283544], [-81.861336, 33.286244], [-81.863236, 33.288844], [-81.861536, 33.297944], [-81.857336, 33.299544], [-81.852936, 33.299644], [-81.851636, 33.298544], [-81.849636, 33.299544], [-81.846136, 33.303843], [-81.847296, 33.306783], [-81.853652, 33.310326], [-81.867936, 33.314043], [-81.870436, 33.312943], [-81.875836, 33.307443], [-81.884137, 33.310443], [-81.886637, 33.316943], [-81.897329, 33.322331], [-81.897064, 33.324445], [-81.896937, 33.327642], [-81.898187, 33.329664], [-81.900301, 33.331117], [-81.902613, 33.330258], [-81.904132, 33.327286], [-81.906444, 33.324181], [-81.909285, 33.324181], [-81.910342, 33.32537], [-81.911266, 33.327616], [-81.913314, 33.329532], [-81.918337, 33.332842], [-81.919137, 33.334442], [-81.917973, 33.34159], [-81.924737, 33.345341], [-81.932737, 33.343541], [-81.937237, 33.343641], [-81.939737, 33.344941], [-81.939837, 33.347741], [-81.935637, 33.352041], [-81.934837, 33.356041], [-81.944737, 33.364041], [-81.946737, 33.36734], [-81.946337, 33.37064], [-81.943737, 33.37234], [-81.939637, 33.37254], [-81.934637, 33.36894], [-81.930634, 33.368165], [-81.925737, 33.37114], [-81.924837, 33.37414], [-81.930861, 33.380076], [-81.935453, 33.397851], [-81.9373, 33.401259], [-81.936961, 33.404197], [-81.934927, 33.406006], [-81.930519, 33.406797], [-81.92306, 33.408266], [-81.920121, 33.410753], [-81.919217, 33.413126], [-81.91933, 33.415613], [-81.921068, 33.417419], [-81.924893, 33.419307], [-81.927241, 33.422846], [-81.926789, 33.426576], [-81.924981, 33.429288], [-81.920716, 33.430986], [-81.916236, 33.433114], [-81.913356, 33.437418], [-81.913457, 33.439641], [-81.913532, 33.441274], [-81.920836, 33.452038], [-81.926336, 33.462937], [-81.929436, 33.465837], [-81.934136, 33.468337], [-81.941737, 33.470037], [-81.946437, 33.471737], [-81.967037, 33.480636], [-81.973537, 33.482636], [-81.980637, 33.484036], [-81.985938, 33.486536], [-81.989338, 33.490036], [-81.990938, 33.494235], [-81.990382, 33.500759], [-81.991938, 33.504435], [-82.001338, 33.520135], [-82.004338, 33.521935], [-82.007138, 33.522835], [-82.007638, 33.523335], [-82.010038, 33.530435], [-82.011538, 33.531735], [-82.019838, 33.535035], [-82.023438, 33.537935], [-82.023438, 33.540734], [-82.028238, 33.544934], [-82.033023, 33.546454], [-82.034895, 33.549158], [-82.037375, 33.554662], [-82.046335, 33.56383], [-82.048959, 33.56487], [-82.054943, 33.565382], [-82.057727, 33.566774], [-82.069039, 33.575382], [-82.073104, 33.57751], [-82.087488, 33.580614], [-82.094128, 33.582742], [-82.096352, 33.58407], [-82.098816, 33.586358], [-82.10624, 33.595637], [-82.109376, 33.596581], [-82.116545, 33.596485], [-82.120385, 33.594885], [-82.125864, 33.590741], [-82.12908, 33.589925], [-82.133523, 33.590535], [-82.142872, 33.594278], [-82.148816, 33.598092], [-82.15106, 33.600956], [-82.153357, 33.606319], [-82.156288, 33.60863], [-82.158331, 33.60971], [-82.161908, 33.610643], [-82.174351, 33.613117], [-82.179854, 33.615945], [-82.186154, 33.62088], [-82.196583, 33.630582], [-82.201186, 33.646898], [-82.199747, 33.657611], [-82.199847, 33.661758], [-82.200718, 33.66464], [-82.208411, 33.669872], [-82.209677, 33.67176], [-82.212047, 33.677317], [-82.216868, 33.6844], [-82.218649, 33.686299], [-82.222709, 33.689124], [-82.234576, 33.700216], [-82.237192, 33.70788], [-82.235753, 33.71439], [-82.239098, 33.730872], [-82.240405, 33.734901], [-82.246161, 33.746347], [-82.247472, 33.752591], [-82.255267, 33.75969], [-82.258049, 33.760429], [-82.259471, 33.760245], [-82.263206, 33.761962], [-82.26438, 33.763481], [-82.265019, 33.765742], [-82.266127, 33.766745], [-82.267719, 33.767651], [-82.270445, 33.767913], [-82.277681, 33.772032], [-82.28106, 33.776056], [-82.285804, 33.780058], [-82.289762, 33.782032], [-82.292468, 33.782406], [-82.294984, 33.781868], [-82.298286, 33.783518], [-82.299393, 33.785037], [-82.299601, 33.786483], [-82.298923, 33.795839], [-82.29928, 33.798939], [-82.300213, 33.800627], [-82.302885, 33.802907], [-82.308997, 33.805892], [-82.313339, 33.809205], [-82.314746, 33.811499], [-82.32448, 33.820033], [-82.337829, 33.827156], [-82.346933, 33.834298], [-82.351881, 33.836432], [-82.369107, 33.842375], [-82.371775, 33.843813], [-82.374286, 33.84559], [-82.37975, 33.851086], [-82.384973, 33.854428], [-82.390527, 33.857162], [-82.395736, 33.859089], [-82.400517, 33.863343], [-82.403881, 33.865477], [-82.408354, 33.86632], [-82.414259, 33.865348], [-82.417871, 33.864233], [-82.422803, 33.863754], [-82.429164, 33.865844], [-82.43115, 33.867051], [-82.438644, 33.873919], [-82.440503, 33.875123], [-82.448109, 33.877543], [-82.455105, 33.88165], [-82.459391, 33.886386], [-82.469913, 33.892838], [-82.480111, 33.901897], [-82.492929, 33.909754], [-82.496109, 33.913459], [-82.503584, 33.926048], [-82.50764, 33.931456], [-82.51295, 33.936969], [-82.524515, 33.94336], [-82.526741, 33.943765], [-82.534111, 33.943651], [-82.53977, 33.941551], [-82.543128, 33.940949], [-82.554497, 33.943819], [-82.556835, 33.945353], [-82.564582, 33.95581], [-82.5657, 33.958682], [-82.566145, 33.9639], [-82.568288, 33.968772], [-82.569864, 33.970684], [-82.574724, 33.974113], [-82.57754, 33.977034], [-82.579576, 33.979761], [-82.580551, 33.982463], [-82.580571, 33.98514], [-82.579996, 33.987011], [-82.578244, 33.988671], [-82.57633, 33.989694], [-82.575351, 33.990904], [-82.57554, 33.992049], [-82.576222, 33.993106], [-82.577735, 33.993743], [-82.583394, 33.995286], [-82.586234, 33.997151], [-82.589245, 34.000118], [-82.591855, 34.009018], [-82.595655, 34.016118], [-82.595855, 34.018518], [-82.594055, 34.025917], [-82.594555, 34.028717], [-82.596155, 34.030517], [-82.603055, 34.034817], [-82.609655, 34.039917], [-82.613355, 34.046816], [-82.619155, 34.051316], [-82.620955, 34.054416], [-82.621255, 34.056916], [-82.622155, 34.058516], [-82.626963, 34.063457], [-82.630972, 34.065528], [-82.633565, 34.064822], [-82.635991, 34.064941], [-82.640543, 34.067595], [-82.64398, 34.072237], [-82.645661, 34.076046], [-82.64522, 34.079046], [-82.642797, 34.081312], [-82.640345, 34.086304], [-82.640151, 34.087609], [-82.640701, 34.088341], [-82.641252, 34.088914], [-82.64103, 34.090861], [-82.641553, 34.092212], [-82.647028, 34.097825], [-82.648184, 34.098649], [-82.652175, 34.099704], [-82.654019, 34.100346], [-82.658561, 34.103118], [-82.659077, 34.103544], [-82.660322, 34.106897], [-82.661851, 34.107754], [-82.666879, 34.113591], [-82.668113, 34.12016], [-82.67522, 34.129779], [-82.67732, 34.131657], [-82.68629, 34.134454], [-82.690386, 34.138293], [-82.692152, 34.138986], [-82.69553, 34.138815], [-82.699758, 34.139318], [-82.70414, 34.141007], [-82.715373, 34.148165], [-82.717507, 34.150504], [-82.723312, 34.165895], [-82.725409, 34.169774], [-82.730824, 34.175906], [-82.731881, 34.178363], [-82.732359, 34.180564], [-82.731975, 34.193154], [-82.732761, 34.195338], [-82.74192, 34.210063], [-82.74238, 34.213766], [-82.740544, 34.218387], [-82.740447, 34.219679], [-82.744415, 34.224913], [-82.743461, 34.227343], [-82.74198, 34.230196], [-82.744834, 34.242957], [-82.744982, 34.244861], [-82.744056, 34.252407], [-82.748756, 34.263407], [-82.748656, 34.264107], [-82.746656, 34.266407], [-82.749856, 34.27087], [-82.755028, 34.276067], [-82.761995, 34.281492], [-82.762945, 34.28199], [-82.765266, 34.281539], [-82.770928, 34.285402], [-82.780308, 34.296701], [-82.781752, 34.302901], [-82.78684, 34.310381], [-82.790966, 34.32355], [-82.791608, 34.327428], [-82.791235, 34.331048], [-82.794054, 34.339772], [-82.795223, 34.34096], [-82.798198, 34.341317], [-82.809949, 34.349998], [-82.82342, 34.358872], [-82.833702, 34.364242], [-82.835004, 34.366069], [-82.835413, 34.369177], [-82.835203, 34.373899], [-82.836611, 34.382676], [-82.841524, 34.39013], [-82.841997, 34.392503], [-82.841326, 34.397332], [-82.841997, 34.399766], [-82.847446, 34.412049], [-82.847781, 34.420571], [-82.848651, 34.423844], [-82.851367, 34.426812], [-82.854434, 34.432275], [-82.855762, 34.443977], [-82.860127, 34.449707], [-82.860874, 34.451469], [-82.860707, 34.457428], [-82.862156, 34.458748], [-82.865345, 34.460319], [-82.875463, 34.463503], [-82.876464, 34.465803], [-82.875864, 34.468003], [-82.874864, 34.468891], [-82.873831, 34.471508], [-82.876864, 34.475303], [-82.882864, 34.479003], [-82.902665, 34.485902], [-82.908365, 34.485402], [-82.922866, 34.481402], [-82.925766, 34.481802], [-82.928466, 34.484202], [-82.940867, 34.486102], [-82.947367, 34.479602], [-82.954667, 34.477302], [-82.960668, 34.482002], [-82.979568, 34.482702], [-82.992671, 34.479072], [-82.995279, 34.475648], [-82.99509, 34.472483], [-83.002924, 34.472132], [-83.029315, 34.484147], [-83.032513, 34.483032], [-83.034712, 34.483495], [-83.043771, 34.488816], [-83.048289, 34.493254], [-83.054463, 34.50289], [-83.057843, 34.503711], [-83.065515, 34.501126], [-83.069451, 34.502131], [-83.087189, 34.515939], [-83.086861, 34.517798], [-83.077995, 34.523746], [-83.078113, 34.524837], [-83.084855, 34.530967], [-83.087789, 34.532078], [-83.092564, 34.532944], [-83.096858, 34.531524], [-83.102179, 34.532179], [-83.103176, 34.533406], [-83.103987, 34.540166], [-83.122901, 34.560129], [-83.127176, 34.561999], [-83.129676, 34.561699], [-83.139876, 34.567999], [-83.152577, 34.578299], [-83.154577, 34.588198], [-83.168278, 34.590998], [-83.170278, 34.592398], [-83.170978, 34.598798], [-83.169994, 34.60201], [-83.169572, 34.603866], [-83.169994, 34.605444], [-83.173428, 34.607162], [-83.179439, 34.60802], [-83.196979, 34.605998], [-83.199779, 34.608398], [-83.211598, 34.610905], [-83.221402, 34.609947], [-83.23178, 34.611297], [-83.243381, 34.617997], [-83.240676, 34.624307], [-83.240669, 34.624507], [-83.244581, 34.626297], [-83.248281, 34.631696], [-83.255281, 34.637696], [-83.262282, 34.640296], [-83.271982, 34.641896], [-83.27796, 34.644853], [-83.286583, 34.650896], [-83.292883, 34.654196], [-83.300848, 34.66247], [-83.301477, 34.666582], [-83.304641, 34.669561], [-83.308917, 34.670273], [-83.314394, 34.668944], [-83.316401, 34.669316], [-83.318524, 34.674773], [-83.31944, 34.675974], [-83.321463, 34.677543], [-83.325336, 34.679517], [-83.330284, 34.681342], [-83.336207, 34.680534], [-83.33869, 34.682002], [-83.339029, 34.683807], [-83.339367, 34.686967], [-83.340383, 34.688998], [-83.342414, 34.691255], [-83.344671, 34.693512], [-83.347831, 34.696108], [-83.349411, 34.697575], [-83.349975, 34.699155], [-83.349636, 34.70096], [-83.347831, 34.703669], [-83.347718, 34.705474], [-83.349788, 34.708274], [-83.350976, 34.713243], [-83.351392, 34.714456], [-83.352485, 34.715993], [-83.353238, 34.728648], [-83.348829, 34.737194], [-83.338666, 34.742295], [-83.320062, 34.759616], [-83.321008, 34.765371], [-83.319945, 34.773725], [-83.323866, 34.789712], [-83.313782, 34.799911], [-83.303643, 34.802403], [-83.301182, 34.804008], [-83.301482, 34.808677], [-83.302965, 34.811073], [-83.302965, 34.812214], [-83.302395, 34.813241], [-83.301368, 34.814154], [-83.299428, 34.814268], [-83.297259, 34.814268], [-83.294292, 34.814725], [-83.291325, 34.818833], [-83.29112, 34.822508], [-83.289914, 34.824477], [-83.284812, 34.823043], [-83.283151, 34.821328], [-83.275656, 34.816862], [-83.271214, 34.81844], [-83.268159, 34.821393], [-83.267293, 34.832748], [-83.269982, 34.837196], [-83.267656, 34.845289], [-83.26452, 34.846402], [-83.262193, 34.846402], [-83.25986, 34.845629], [-83.258146, 34.844985], [-83.255718, 34.845592], [-83.254605, 34.846402], [-83.253762, 34.848057], [-83.252582, 34.853483], [-83.250053, 34.856012], [-83.24722, 34.85844], [-83.247018, 34.863094], [-83.245602, 34.865522], [-83.240847, 34.866736], [-83.238419, 34.869771], [-83.238557, 34.872868], [-83.239081, 34.875661], [-83.23751, 34.877057], [-83.232379, 34.878051], [-83.22924, 34.879907], [-83.220099, 34.878124], [-83.213323, 34.882796], [-83.209683, 34.880279], [-83.205627, 34.880142], [-83.201183, 34.884653], [-83.204572, 34.890284], [-83.203351, 34.893717], [-83.197627, 34.895046], [-83.194786, 34.897843], [-83.190409, 34.89794], [-83.186541, 34.899534], [-83.180871, 34.904708], [-83.178932, 34.90825], [-83.174034, 34.910911], [-83.170754, 34.914231], [-83.168524, 34.91788], [-83.165022, 34.918853], [-83.160937, 34.918269], [-83.158019, 34.920117], [-83.155879, 34.9243], [-83.153253, 34.926342], [-83.149946, 34.927218], [-83.143261, 34.924756], [-83.140621, 34.924915], [-83.130554, 34.930932], [-83.129885, 34.932351], [-83.130356, 34.935167], [-83.129493, 34.937402], [-83.12807, 34.938113], [-83.125175, 34.937047], [-83.122585, 34.938062], [-83.121112, 34.939129], [-83.120502, 34.941262], [-83.121214, 34.942684], [-83.12294, 34.944513], [-83.126761, 34.948742], [-83.127035, 34.953778], [-83.124378, 34.95524], [-83.12114, 34.958966], [-83.121803, 34.96362], [-83.120387, 34.968406], [-83.112021, 34.975896], [-83.110025, 34.980635], [-83.106991, 34.98272], [-83.10449, 34.989332], [-83.1046, 34.992783], [-83.105531, 34.996344], [-83.108535, 35.000771], [-82.999867, 35.02995], [-82.897499, 35.056021], [-82.809766, 35.078748], [-82.787867, 35.085024], [-82.783283, 35.0856], [-82.78113, 35.084585], [-82.781062, 35.084492], [-82.778651, 35.083575], [-82.776357, 35.081349], [-82.777407, 35.076885], [-82.779116, 35.073674], [-82.779928, 35.072206], [-82.779928, 35.070435], [-82.780546, 35.069043], [-82.781973, 35.066817], [-82.777376, 35.064143], [-82.770046, 35.065476], [-82.764464, 35.068177], [-82.757704, 35.068019], [-82.754162, 35.069629], [-82.751265, 35.073463], [-82.751102, 35.075749], [-82.749491, 35.078487], [-82.746431, 35.079131], [-82.741761, 35.078326], [-82.738379, 35.079453], [-82.735904, 35.082701], [-82.730971, 35.086378], [-82.729683, 35.087827], [-82.729517, 35.09059], [-82.728961, 35.091978], [-82.72701, 35.094142], [-82.723462, 35.094341], [-82.720442, 35.093265], [-82.715297, 35.092943], [-82.707152, 35.096542], [-82.703916, 35.097651], [-82.701017, 35.09749], [-82.698602, 35.097168], [-82.694898, 35.098456], [-82.689634, 35.104117], [-82.688456, 35.106347], [-82.688778, 35.108602], [-82.690711, 35.111501], [-82.691355, 35.113272], [-82.691194, 35.114721], [-82.690549, 35.116171], [-82.688939, 35.118103], [-82.687641, 35.119287], [-82.686738, 35.11979], [-82.686496, 35.121822], [-82.68604, 35.124545], [-82.683625, 35.125833], [-82.680887, 35.126155], [-82.676861, 35.12535], [-82.675089, 35.123257], [-82.673318, 35.121002], [-82.672513, 35.119392], [-82.669614, 35.118103], [-82.662381, 35.118123], [-82.657858, 35.119392], [-82.65351, 35.121968], [-82.651416, 35.124867], [-82.648694, 35.12677], [-82.645296, 35.12841], [-82.642237, 35.129215], [-82.63821, 35.128088], [-82.634668, 35.126317], [-82.632574, 35.125833], [-82.629031, 35.126155], [-82.626436, 35.127903], [-82.624847, 35.130432], [-82.621185, 35.134635], [-82.617993, 35.13527], [-82.614402, 35.136701], [-82.613866, 35.137529], [-82.612444, 35.138234], [-82.609706, 35.139039], [-82.602358, 35.139036], [-82.59814, 35.137729], [-82.59243, 35.139002], [-82.588158, 35.142928], [-82.586035, 35.143142], [-82.581836, 35.142352], [-82.580687, 35.141742], [-82.578316, 35.142104], [-82.569912, 35.145268], [-82.567486, 35.147694], [-82.566193, 35.150119], [-82.563767, 35.151575], [-82.560807, 35.151644], [-82.558593, 35.150928], [-82.556168, 35.151736], [-82.554874, 35.152868], [-82.554871, 35.154639], [-82.554227, 35.156911], [-82.552934, 35.158042], [-82.550508, 35.159498], [-82.547436, 35.160306], [-82.544525, 35.160306], [-82.540483, 35.160306], [-82.536218, 35.159259], [-82.535967, 35.158664], [-82.534662, 35.156911], [-82.53256, 35.155617], [-82.529973, 35.155617], [-82.52593, 35.156749], [-82.521403, 35.158851], [-82.51921, 35.161044], [-82.517284, 35.162643], [-82.51691, 35.163029], [-82.516044, 35.163442], [-82.506137, 35.163894], [-82.499843, 35.163675], [-82.495506, 35.164312], [-82.490766, 35.169715], [-82.487357, 35.172494], [-82.483937, 35.173798], [-82.476136, 35.175486], [-82.472313, 35.174619], [-82.467991, 35.174633], [-82.460092, 35.178143], [-82.455609, 35.177425], [-82.452987, 35.17469], [-82.452764, 35.172626], [-82.452931, 35.168999], [-82.451201, 35.16526], [-82.448969, 35.165037], [-82.439595, 35.165863], [-82.435689, 35.167715], [-82.434126, 35.170784], [-82.428, 35.183224], [-82.424461, 35.193092], [-82.419744, 35.198613], [-82.417597, 35.200131], [-82.411301, 35.202483], [-82.403348, 35.204473], [-82.395697, 35.213214], [-82.39293, 35.215402], [-82.390439, 35.215395], [-82.384029, 35.210542], [-82.383776, 35.207646], [-82.380524, 35.202276], [-82.378744, 35.198053], [-82.379191, 35.195894], [-82.380605, 35.193586], [-82.381201, 35.191203], [-82.380903, 35.189565], [-82.379712, 35.186884], [-82.376808, 35.184427], [-82.373218, 35.182201], [-82.371298, 35.181449], [-82.36899, 35.181747], [-82.364299, 35.184725], [-82.363479, 35.186214], [-82.363554, 35.188001], [-82.363256, 35.189639], [-82.361469, 35.190831], [-82.350086, 35.192858], [-82.344554, 35.193115], [-82.341194, 35.19151], [-82.340133, 35.189188], [-82.339508, 35.18893], [-82.338013, 35.18901], [-82.333934, 35.190661], [-82.332975, 35.190645], [-82.330779, 35.189032], [-82.330549, 35.186767], [-82.326917, 35.185056], [-82.32335, 35.184789], [-82.317871, 35.187858], [-82.315871, 35.190678], [-82.314863, 35.191089], [-82.307166, 35.193012], [-82.295354, 35.194965], [-82.288453, 35.198605], [-82.282516, 35.199858], [-82.27492, 35.200071], [-82.257515, 35.198636], [-82.230915, 35.196784], [-82.230517, 35.196764], [-82.216217, 35.196044], [-82.195483, 35.194951], [-82.185513, 35.194355], [-82.176874, 35.19379], [-82.167676, 35.193699], [-82.138947, 35.193122], [-82.089586, 35.190698], [-82.039651, 35.189449], [-82.001422, 35.188493], [-81.925612, 35.185505], [-81.874433, 35.184113], [-81.802081, 35.181395], [-81.772351, 35.180514], [-81.738492, 35.179511], [-81.716259, 35.178852], [-81.680801, 35.177331], [-81.646707, 35.175869], [-81.614877, 35.174504], [-81.581681, 35.17308], [-81.54515, 35.171744], [-81.494265, 35.169882], [-81.493401, 35.169951], [-81.461408, 35.168657], [-81.452398, 35.168293], [-81.445627, 35.168024], [-81.366691, 35.164893], [-81.290672, 35.161967], [-81.241686, 35.160081], [-81.239358, 35.159974], [-81.138207, 35.155417], [-81.11084, 35.154185], [-81.109295, 35.154115], [-81.077253, 35.152047], [-81.043625, 35.149877], [-81.04287, 35.149248], [-81.043407, 35.14839], [-81.044391, 35.147918], [-81.047091, 35.145157], [-81.047826, 35.143743], [-81.051204, 35.133237], [-81.051037, 35.131654], [-81.05042, 35.131048], [-81.038968, 35.126299], [-81.036759, 35.122552], [-81.033005, 35.113747], [-81.032471, 35.110033], [-81.032806, 35.108049], [-81.034958, 35.104105], [-81.037369, 35.102541], [-81.046524, 35.100617], [-81.050079, 35.098817], [-81.052078, 35.096276], [-81.057236, 35.086129], [-81.058029, 35.07319], [-81.057648, 35.062433], [-81.055695, 35.060121], [-81.050018, 35.055246], [-81.041489, 35.044703], [-80.98416, 35.077568], [-80.95787, 35.092639], [-80.93495, 35.107409], [-80.906553, 35.076763], [-80.884887, 35.05351], [-80.82156, 34.979695], [-80.806784, 34.963249], [-80.806461, 34.962894], [-80.782042, 34.935782], [-80.795109, 34.837999], [-80.796997, 34.823874], [-80.797543, 34.819786], [-80.777712, 34.819697], [-80.771792, 34.819646], [-80.684074, 34.818907], [-80.646601, 34.818592], [-80.644656, 34.818568], [-80.626077, 34.818217], [-80.625993, 34.818239], [-80.621222, 34.818174], [-80.561657, 34.817481], [-80.499788, 34.817261], [-80.491814, 34.816798], [-80.485234, 34.816732], [-80.45166, 34.816396], [-80.448766, 34.816332], [-80.434843, 34.815968], [-80.425902, 34.81581], [-80.419586, 34.815581], [-80.418433, 34.815622], [-80.417014, 34.815508], [-80.399871, 34.815128], [-80.350068, 34.814469], [-80.30469, 34.813868], [-80.283627, 34.813589], [-80.23396, 34.812931], [-80.229705, 34.812843], [-80.159252, 34.81139], [-80.131169, 34.810811], [-80.098994, 34.810147], [-80.098022, 34.810147], [-80.077223, 34.809716], [-80.072912, 34.809736], [-80.042764, 34.809097], [-80.027464, 34.808726], [-80.000541, 34.808141], [-79.927618, 34.806555], [-79.891443, 34.805807], [-79.870693, 34.805378], [-79.773607, 34.805931], [-79.772829, 34.805954], [-79.744925, 34.805686], [-79.744116, 34.805651], [-79.690201, 34.804937], [-79.688088, 34.804897], [-79.675299, 34.804744], [-79.634216, 34.771012], [-79.631577, 34.768835], [-79.561691, 34.711996], [-79.554454, 34.706363], [-79.520269, 34.678327], [-79.519043, 34.677321], [-79.490201, 34.653819], [-79.479305, 34.64464], [-79.471599, 34.6372], [-79.468717, 34.635323], [-79.461318, 34.630126], [-79.459766, 34.629027], [-79.450034, 34.621036], [-79.358317, 34.545358], [-79.331328, 34.521869], [-79.324854, 34.516282], [-79.323249, 34.514634], [-79.306653, 34.500426], [-79.286703, 34.482664], [-79.249763, 34.449774], [-79.244886, 34.445637], [-79.215993, 34.421129], [-79.198982, 34.406699], [-79.192041, 34.40104], [-79.190739, 34.399751], [-79.151485, 34.366753], [-79.143242, 34.359817], [-79.071169, 34.29924], [-78.99576, 34.235954], [-78.963692, 34.209041], [-78.909881, 34.163881], [-78.874747, 34.134395], [-78.855385, 34.117996], [-78.81171, 34.081006], [-78.769483, 34.045242], [-78.712206, 33.996732], [-78.710141, 33.994688], [-78.702771, 33.989268], [-78.66253, 33.95452], [-78.651629, 33.945397], [-78.621369, 33.920073], [-78.615932, 33.915523], [-78.580378, 33.884925], [-78.541087, 33.851112]]]}}, {"type": "Feature", "properties": {"STUSPS": "TN", "NAME": "Tennessee"}, "geometry": {"type": "Polygon", "coordinates": [[[-81.677535, 36.588117], [-81.680137, 36.585518], [-81.679036, 36.578918], [-81.677236, 36.574406], [-81.677036, 36.570718], [-81.679936, 36.568618], [-81.686436, 36.567918], [-81.690236, 36.568718], [-81.692506, 36.565748], [-81.692167, 36.562695], [-81.690132, 36.559643], [-81.689115, 36.555912], [-81.69003, 36.552154], [-81.693844, 36.549083], [-81.697539, 36.544359], [-81.699962, 36.539714], [-81.699962, 36.536829], [-81.707963, 36.536209], [-81.708262, 36.532113], [-81.707573, 36.526101], [-81.702543, 36.520317], [-81.700553, 36.51519], [-81.700093, 36.514158], [-81.699601, 36.512883], [-81.699446, 36.511504], [-81.697744, 36.508448], [-81.697829, 36.507544], [-81.69729, 36.504887], [-81.69797, 36.504063], [-81.699923, 36.500865], [-81.700238, 36.500475], [-81.699928, 36.498018], [-81.698265, 36.497221], [-81.697261, 36.496141], [-81.696835, 36.493393], [-81.695907, 36.49158], [-81.697287, 36.484738], [-81.696281, 36.475499], [-81.694829, 36.474463], [-81.694533, 36.473283], [-81.695311, 36.467912], [-81.697975, 36.464741], [-81.699223, 36.463959], [-81.701076, 36.464212], [-81.708247, 36.462217], [-81.71489, 36.45722], [-81.715082, 36.453365], [-81.714277, 36.450978], [-81.714212, 36.447045], [-81.715229, 36.444332], [-81.715569, 36.44128], [-81.715229, 36.438567], [-81.715229, 36.436532], [-81.716925, 36.43314], [-81.717939, 36.428762], [-81.720734, 36.422537], [-81.729924, 36.415422], [-81.734312, 36.413342], [-81.738292, 36.410756], [-81.739648, 36.406686], [-81.739648, 36.401599], [-81.737952, 36.39719], [-81.733877, 36.39457], [-81.731509, 36.392103], [-81.730491, 36.390407], [-81.729813, 36.388033], [-81.730737, 36.382943], [-81.732187, 36.379894], [-81.732865, 36.376502], [-81.731178, 36.374062], [-81.726082, 36.368893], [-81.724047, 36.364293], [-81.724047, 36.360901], [-81.723708, 36.358527], [-81.722691, 36.354797], [-81.721334, 36.353101], [-81.718282, 36.350388], [-81.713873, 36.34937], [-81.707785, 36.346007], [-81.705299, 36.341852], [-81.705966, 36.338496], [-81.707438, 36.335171], [-81.713194, 36.334108], [-81.717186, 36.336169], [-81.721015, 36.338645], [-81.725938, 36.340364], [-81.730976, 36.341187], [-81.7349, 36.340891], [-81.739498, 36.339757], [-81.744461, 36.337778], [-81.747842, 36.337356], [-81.75442, 36.337044], [-81.757962, 36.3375], [-81.760675, 36.338178], [-81.762371, 36.338856], [-81.766102, 36.338517], [-81.768977, 36.341042], [-81.777972, 36.346318], [-81.781318, 36.347656], [-81.784077, 36.347674], [-81.787468, 36.348692], [-81.790181, 36.351744], [-81.791877, 36.354797], [-81.795269, 36.357849], [-81.800812, 36.358073], [-81.808255, 36.354121], [-81.812904, 36.351066], [-81.822493, 36.348819], [-81.833202, 36.347339], [-81.841268, 36.343321], [-81.845638, 36.34036], [-81.850889, 36.3375], [-81.857333, 36.334787], [-81.863148, 36.330209], [-81.874336, 36.31919], [-81.876182, 36.316075], [-81.879382, 36.313767], [-81.887243, 36.309193], [-81.894569, 36.307183], [-81.897701, 36.307446], [-81.908137, 36.302013], [-81.932994, 36.264881], [-81.938897, 36.256067], [-81.960101, 36.228131], [-82.02664, 36.130222], [-82.02634, 36.129222], [-82.02874, 36.124322], [-82.033141, 36.120422], [-82.037941, 36.121122], [-82.043941, 36.125421], [-82.054142, 36.126821], [-82.056042, 36.123921], [-82.056042, 36.120721], [-82.061342, 36.113121], [-82.067142, 36.11202], [-82.079743, 36.10652], [-82.080143, 36.10572], [-82.085943, 36.10602], [-82.098544, 36.105719], [-82.101644, 36.106219], [-82.105444, 36.108119], [-82.109145, 36.107218], [-82.115245, 36.104618], [-82.127146, 36.104417], [-82.130646, 36.106417], [-82.137974, 36.119576], [-82.136546, 36.123717], [-82.136547, 36.128817], [-82.140847, 36.136216], [-82.144147, 36.144216], [-82.147948, 36.149516], [-82.155948, 36.148115], [-82.160883, 36.146548], [-82.169249, 36.146614], [-82.172149, 36.146414], [-82.173849, 36.145314], [-82.17561, 36.14387], [-82.178861, 36.143296], [-82.182549, 36.143714], [-82.18365, 36.144414], [-82.18475, 36.145414], [-82.18785, 36.147886], [-82.19195, 36.148813], [-82.19535, 36.150013], [-82.199251, 36.152713], [-82.201812, 36.154963], [-82.204872, 36.157067], [-82.211251, 36.159012], [-82.213852, 36.159112], [-82.218451, 36.157832], [-82.222052, 36.156911], [-82.223232, 36.154772], [-82.224852, 36.150011], [-82.228288, 36.146622], [-82.234807, 36.14172], [-82.235479, 36.140748], [-82.236415, 36.139926], [-82.237737, 36.139189], [-82.241553, 36.137111], [-82.243353, 36.134311], [-82.244461, 36.132777], [-82.247521, 36.130865], [-82.251853, 36.13221], [-82.253253, 36.13371], [-82.256319, 36.133925], [-82.260353, 36.13371], [-82.263354, 36.13011], [-82.26569, 36.127614], [-82.26875, 36.12704], [-82.270954, 36.12761], [-82.274054, 36.12941], [-82.278654, 36.12851], [-82.280354, 36.12881], [-82.288455, 36.13541], [-82.289455, 36.13571], [-82.297655, 36.13351], [-82.302855, 36.13131], [-82.307255, 36.12851], [-82.308655, 36.12651], [-82.318156, 36.12091], [-82.321448, 36.119551], [-82.325169, 36.119363], [-82.329177, 36.117427], [-82.332289, 36.116935], [-82.336756, 36.114909], [-82.346857, 36.115209], [-82.348422, 36.115929], [-82.349957, 36.117109], [-82.355157, 36.115609], [-82.360357, 36.111609], [-82.360919, 36.110614], [-82.366566, 36.10765], [-82.371383, 36.106388], [-82.375558, 36.105609], [-82.378758, 36.102809], [-82.380458, 36.099309], [-82.389958, 36.096909], [-82.404458, 36.087609], [-82.409458, 36.083409], [-82.460658, 36.007809], [-82.464558, 36.006508], [-82.47419, 36.000108], [-82.482292, 35.997823], [-82.483498, 35.996284], [-82.483666, 35.993866], [-82.484678, 35.992849], [-82.487411, 35.991634], [-82.487451, 35.991557], [-82.500206, 35.982561], [-82.505384, 35.97768], [-82.507068, 35.977475], [-82.512598, 35.975664], [-82.516444, 35.975958], [-82.52066, 35.974633], [-82.522702, 35.973436], [-82.531292, 35.972188], [-82.534763, 35.969887], [-82.539273, 35.969115], [-82.542463, 35.967994], [-82.549682, 35.964275], [-82.553192, 35.960627], [-82.557874, 35.953901], [-82.567503, 35.955552], [-82.57517, 35.958384], [-82.576678, 35.959255], [-82.577719, 35.964196], [-82.581003, 35.965557], [-82.591977, 35.966385], [-82.59486, 35.965347], [-82.60037, 35.964626], [-82.607761, 35.966023], [-82.610889, 35.967409], [-82.611602, 35.971418], [-82.610885, 35.974442], [-82.60674, 35.984446], [-82.604239, 35.987319], [-82.606944, 35.99217], [-82.612604, 35.993488], [-82.613028, 35.994], [-82.615062, 36.000306], [-82.614362, 36.003506], [-82.613862, 36.004706], [-82.611862, 36.006206], [-82.604327, 36.018187], [-82.600089, 36.021774], [-82.595525, 36.026012], [-82.594873, 36.029598], [-82.596177, 36.03188], [-82.598785, 36.034162], [-82.600741, 36.037422], [-82.602877, 36.039833], [-82.606163, 36.041006], [-82.609663, 36.044906], [-82.613563, 36.046406], [-82.618164, 36.047005], [-82.618064, 36.051205], [-82.617264, 36.054205], [-82.618664, 36.056105], [-82.628365, 36.062105], [-82.632265, 36.065705], [-82.637165, 36.065805], [-82.643565, 36.062805], [-82.650165, 36.057805], [-82.654815, 36.056225], [-82.657249, 36.056636], [-82.662665, 36.055005], [-82.668365, 36.052905], [-82.672965, 36.050405], [-82.683565, 36.046104], [-82.684765, 36.045004], [-82.685565, 36.042004], [-82.688865, 36.038604], [-82.701065, 36.034404], [-82.703165, 36.032404], [-82.707465, 36.030104], [-82.715165, 36.028604], [-82.715565, 36.026904], [-82.715365, 36.024253], [-82.715965, 36.022804], [-82.725065, 36.018204], [-82.727865, 36.018504], [-82.731865, 36.017604], [-82.750065, 36.006004], [-82.754465, 36.004304], [-82.759165, 36.004203], [-82.765365, 36.003003], [-82.776001, 36.000103], [-82.777283, 35.998811], [-82.778589, 35.997001], [-82.779397, 35.992511], [-82.785267, 35.987927], [-82.785558, 35.977795], [-82.781809, 35.974562], [-82.780319, 35.974365], [-82.778625, 35.974792], [-82.776434, 35.973886], [-82.774905, 35.971978], [-82.777751, 35.966912], [-82.783085, 35.964982], [-82.784536, 35.963905], [-82.785356, 35.96253], [-82.785191, 35.959231], [-82.787465, 35.952163], [-82.800431, 35.944155], [-82.805851, 35.937938], [-82.806174, 35.936908], [-82.805771, 35.935316], [-82.802769, 35.930129], [-82.802892, 35.929013], [-82.804997, 35.927168], [-82.809038, 35.927241], [-82.811067, 35.926801], [-82.81613, 35.923986], [-82.821861, 35.921839], [-82.82257, 35.922531], [-82.826045, 35.929721], [-82.828933, 35.932932], [-82.830112, 35.932972], [-82.833268, 35.934993], [-82.839994, 35.940166], [-82.841259, 35.941721], [-82.849849, 35.947772], [-82.852554, 35.949089], [-82.860724, 35.94743], [-82.869315, 35.950565], [-82.870666, 35.95199], [-82.874159, 35.952698], [-82.883933, 35.949192], [-82.892659, 35.945182], [-82.896947, 35.944624], [-82.898505, 35.945101], [-82.901713, 35.937713], [-82.901577, 35.931446], [-82.902374, 35.929852], [-82.903436, 35.928524], [-82.906358, 35.927196], [-82.910608, 35.92693], [-82.911405, 35.925868], [-82.911936, 35.921618], [-82.911671, 35.914711], [-82.906917, 35.907397], [-82.904543, 35.897011], [-82.901843, 35.89293], [-82.901843, 35.890274], [-82.903702, 35.887617], [-82.903968, 35.885492], [-82.901046, 35.882305], [-82.899718, 35.879914], [-82.899186, 35.877524], [-82.899718, 35.874602], [-82.901301, 35.872593], [-82.916452, 35.866102], [-82.918312, 35.863977], [-82.919374, 35.860523], [-82.920974, 35.851073], [-82.919108, 35.844851], [-82.920171, 35.841664], [-82.923358, 35.839273], [-82.927569, 35.838586], [-82.931859, 35.836351], [-82.933221, 35.832915], [-82.937437, 35.82732], [-82.94383, 35.825638], [-82.945515, 35.824662], [-82.952026, 35.816183], [-82.955751, 35.809802], [-82.956127, 35.807874], [-82.95895, 35.803323], [-82.961724, 35.800491], [-82.962842, 35.795126], [-82.962206, 35.792755], [-82.964088, 35.78998], [-82.969648, 35.789663], [-82.974463, 35.78679], [-82.978414, 35.78261], [-82.98397, 35.77801], [-82.992053, 35.773948], [-82.995803, 35.773128], [-83.001473, 35.773752], [-83.006067, 35.778404], [-83.012377, 35.779818], [-83.036209, 35.787405], [-83.03951, 35.786777], [-83.042666, 35.785407], [-83.044108, 35.785347], [-83.046307, 35.785853], [-83.04853, 35.787706], [-83.052677, 35.789548], [-83.05834, 35.788241], [-83.061507, 35.786774], [-83.063975, 35.786643], [-83.072221, 35.78831], [-83.07403, 35.790016], [-83.078732, 35.789472], [-83.085205, 35.785794], [-83.086054, 35.783627], [-83.097193, 35.776067], [-83.100225, 35.774765], [-83.100329, 35.774804], [-83.100233, 35.774745], [-83.10232, 35.775071], [-83.104584, 35.77423], [-83.104805, 35.77348], [-83.110491, 35.770913], [-83.113662, 35.770211], [-83.120183, 35.766234], [-83.127707, 35.768093], [-83.14697, 35.765124], [-83.14808, 35.764295], [-83.15408, 35.76428], [-83.159208, 35.764892], [-83.161537, 35.763363], [-83.164909, 35.759965], [-83.165427, 35.7587], [-83.16477, 35.754618], [-83.170173, 35.746107], [-83.171867, 35.745978], [-83.177499, 35.743913], [-83.180836, 35.738882], [-83.182097, 35.735492], [-83.185685, 35.72989], [-83.18837, 35.729798], [-83.198267, 35.725494], [-83.200126, 35.725331], [-83.203752, 35.726553], [-83.214501, 35.724434], [-83.216972, 35.725752], [-83.219981, 35.726601], [-83.222627, 35.726138], [-83.232042, 35.726098], [-83.240669, 35.72676], [-83.242132, 35.723638], [-83.243501, 35.722533], [-83.251247, 35.719916], [-83.255351, 35.71623], [-83.255489, 35.714974], [-83.254481, 35.712362], [-83.25423, 35.709478], [-83.255108, 35.707096], [-83.256111, 35.703961], [-83.255126, 35.701493], [-83.25561, 35.696061], [-83.258117, 35.691924], [-83.261252, 35.689165], [-83.26539, 35.687535], [-83.269277, 35.685403], [-83.271378, 35.681476], [-83.27548, 35.679463], [-83.281178, 35.677802], [-83.289165, 35.674509], [-83.290682, 35.672638], [-83.291075, 35.667131], [-83.293676, 35.661919], [-83.297154, 35.65775], [-83.302279, 35.656064], [-83.31049, 35.654452], [-83.312757, 35.654809], [-83.317905, 35.659015], [-83.321101, 35.662815], [-83.334965, 35.665471], [-83.337683, 35.663074], [-83.347262, 35.660474], [-83.349255, 35.660854], [-83.35156, 35.659858], [-83.353776, 35.657478], [-83.355537, 35.654632], [-83.355367, 35.652338], [-83.356202, 35.650019], [-83.358209, 35.647277], [-83.366941, 35.638728], [-83.368162, 35.638202], [-83.370369, 35.638204], [-83.372174, 35.63931], [-83.373712, 35.638935], [-83.376785, 35.636638], [-83.377984, 35.634496], [-83.380251, 35.634705], [-83.388722, 35.633584], [-83.388602, 35.632352], [-83.392652, 35.625095], [-83.396626, 35.62272], [-83.403569, 35.621313], [-83.406061, 35.620185], [-83.411852, 35.61692], [-83.42037, 35.613467], [-83.420964, 35.611596], [-83.421576, 35.611186], [-83.432298, 35.609941], [-83.441197, 35.611739], [-83.445802, 35.611803], [-83.447137, 35.608664], [-83.452431, 35.602918], [-83.455722, 35.598045], [-83.462678, 35.5926], [-83.471362, 35.590304], [-83.472668, 35.589125], [-83.472684, 35.586552], [-83.475367, 35.584775], [-83.479082, 35.583316], [-83.479317, 35.582764], [-83.478523, 35.579202], [-83.480617, 35.576633], [-83.485527, 35.568204], [-83.491647, 35.566867], [-83.498335, 35.562981], [-83.517564, 35.562871], [-83.520469, 35.565602], [-83.534169, 35.564668], [-83.540826, 35.565702], [-83.552167, 35.564346], [-83.559264, 35.564796], [-83.56609, 35.565993], [-83.572424, 35.565518], [-83.576345, 35.564019], [-83.582, 35.562684], [-83.58559, 35.562941], [-83.58714, 35.564017], [-83.587827, 35.566963], [-83.59427, 35.572912], [-83.601854, 35.578228], [-83.604806, 35.57934], [-83.608889, 35.579451], [-83.615312, 35.574026], [-83.629734, 35.567889], [-83.632358, 35.569093], [-83.635832, 35.568169], [-83.637182, 35.567096], [-83.640498, 35.566075], [-83.645481, 35.565825], [-83.653159, 35.568309], [-83.657933, 35.569211], [-83.660925, 35.568207], [-83.662957, 35.569138], [-83.666272, 35.569389], [-83.673093, 35.568974], [-83.676268, 35.570289], [-83.684154, 35.568848], [-83.697827, 35.568352], [-83.700663, 35.567621], [-83.702099, 35.567634], [-83.703846, 35.568476], [-83.707199, 35.568533], [-83.720787, 35.563347], [-83.723459, 35.561874], [-83.732947, 35.563149], [-83.735669, 35.565455], [-83.749894, 35.561146], [-83.756917, 35.563604], [-83.759675, 35.562492], [-83.764606, 35.561538], [-83.771736, 35.562118], [-83.773092, 35.557465], [-83.780129, 35.550387], [-83.786802, 35.5472], [-83.802434, 35.541588], [-83.808713, 35.536415], [-83.809798, 35.53431], [-83.82559, 35.523829], [-83.827428, 35.524653], [-83.831895, 35.524766], [-83.840203, 35.52156], [-83.848502, 35.519259], [-83.853898, 35.521059], [-83.859261, 35.521851], [-83.866413, 35.52091], [-83.87263, 35.521145], [-83.880074, 35.518745], [-83.882563, 35.517182], [-83.884262, 35.512754], [-83.892074, 35.503089], [-83.893031, 35.502253], [-83.895669, 35.501868], [-83.901381, 35.496553], [-83.901403, 35.495278], [-83.9002, 35.494191], [-83.900338, 35.493095], [-83.901527, 35.491026], [-83.905612, 35.48906], [-83.90804, 35.484397], [-83.909265, 35.479714], [-83.911773, 35.476028], [-83.916801, 35.473612], [-83.919564, 35.473367], [-83.924895, 35.473884], [-83.929743, 35.47333], [-83.937015, 35.471511], [-83.942172, 35.467254], [-83.942987, 35.465084], [-83.949389, 35.461164], [-83.952882, 35.460635], [-83.955416, 35.463456], [-83.957821, 35.464211], [-83.961053, 35.464143], [-83.961056, 35.463738], [-83.961054, 35.462838], [-83.9614, 35.459496], [-83.965229, 35.455399], [-83.966656, 35.454941], [-83.969845, 35.455443], [-83.971439, 35.455145], [-83.973171, 35.452582], [-83.973057, 35.448921], [-83.978286, 35.44782], [-83.983233, 35.44235], [-83.992568, 35.438065], [-83.996619, 35.433761], [-83.998154, 35.430786], [-83.999242, 35.42614], [-83.999906, 35.425201], [-84.00225, 35.422548], [-84.005306, 35.420883], [-84.011706, 35.415383], [-84.014707, 35.411983], [-84.017607, 35.411183], [-84.020633, 35.409843], [-84.021782, 35.407418], [-84.021507, 35.404183], [-84.018807, 35.399783], [-84.018107, 35.399083], [-84.015207, 35.398483], [-84.014107, 35.397783], [-84.008207, 35.390383], [-84.008207, 35.389683], [-84.010607, 35.386183], [-84.011207, 35.384383], [-84.009807, 35.382683], [-84.008307, 35.378883], [-84.007586, 35.371661], [-84.015121, 35.364868], [-84.019193, 35.359569], [-84.020188, 35.357503], [-84.023456, 35.354217], [-84.024756, 35.353896], [-84.035343, 35.350833], [-84.037494, 35.34985], [-84.038081, 35.348363], [-84.03243, 35.336845], [-84.031272, 35.336438], [-84.029377, 35.333197], [-84.030409, 35.330483], [-84.032209, 35.328583], [-84.03245, 35.32653], [-84.032479, 35.325318], [-84.03551, 35.317783], [-84.03571, 35.312883], [-84.03501, 35.311983], [-84.02871, 35.310383], [-84.02651, 35.309283], [-84.02141, 35.301383], [-84.02351, 35.295783], [-84.02791, 35.292783], [-84.036011, 35.288683], [-84.042711, 35.278383], [-84.052612, 35.269982], [-84.055712, 35.268182], [-84.063712, 35.266682], [-84.070612, 35.263782], [-84.074713, 35.263182], [-84.081117, 35.261146], [-84.082813, 35.258882], [-84.082913, 35.257082], [-84.092213, 35.249981], [-84.097508, 35.247382], [-84.10227, 35.248115], [-84.103135, 35.248781], [-84.108449, 35.25033], [-84.113314, 35.248981], [-84.114414, 35.249081], [-84.115048, 35.249765], [-84.115279, 35.250438], [-84.12115, 35.250644], [-84.124915, 35.24983], [-84.125615, 35.249381], [-84.126815, 35.246481], [-84.127315, 35.244414], [-84.12889, 35.243679], [-84.13057, 35.243364], [-84.133299, 35.243679], [-84.136415, 35.24478], [-84.139715, 35.24618], [-84.143124, 35.246879], [-84.155316, 35.24648], [-84.158916, 35.24588], [-84.160416, 35.24388], [-84.161316, 35.24348], [-84.168616, 35.24578], [-84.170416, 35.245779], [-84.177016, 35.242379], [-84.178516, 35.240679], [-84.188417, 35.239979], [-84.192217, 35.243079], [-84.199117, 35.243679], [-84.200117, 35.244679], [-84.201717, 35.247779], [-84.202879, 35.255772], [-84.205317, 35.258279], [-84.205517, 35.259679], [-84.211818, 35.266078], [-84.216318, 35.267978], [-84.223718, 35.269078], [-84.227818, 35.267878], [-84.231818, 35.264778], [-84.240219, 35.255178], [-84.243019, 35.253178], [-84.252819, 35.249477], [-84.257719, 35.246177], [-84.260319, 35.241877], [-84.27542, 35.234777], [-84.28252, 35.227877], [-84.28322, 35.226577], [-84.287982, 35.224468], [-84.289621, 35.224677], [-84.29024, 35.225572], [-84.292321, 35.206677], [-84.295238, 35.182442], [-84.298006, 35.167468], [-84.304809, 35.121702], [-84.308437, 35.093173], [-84.308576, 35.092761], [-84.310022, 35.078883], [-84.321869, 34.988408], [-84.393935, 34.988068], [-84.394903, 34.98803], [-84.509052, 34.988033], [-84.509886, 34.98801], [-84.621483, 34.988329], [-84.624933, 34.987978], [-84.727434, 34.98802], [-84.731022, 34.988088], [-84.808127, 34.987592], [-84.809184, 34.987569], [-84.810742, 34.987615], [-84.817279, 34.987753], [-84.820478, 34.987913], [-84.82401, 34.987707], [-84.831799, 34.988004], [-84.858032, 34.987746], [-84.861314, 34.987791], [-84.939306, 34.987916], [-84.94442, 34.987864], [-84.955623, 34.98783], [-84.97986, 34.987647], [-85.045052, 34.986859], [-85.045183, 34.986883], [-85.180553, 34.986075], [-85.185905, 34.985995], [-85.216554, 34.985675], [-85.217854, 34.985675], [-85.220554, 34.985575], [-85.221854, 34.985475], [-85.230354, 34.985475], [-85.235555, 34.985475], [-85.254955, 34.985175], [-85.265055, 34.985075], [-85.275856, 34.984975], [-85.277556, 34.984975], [-85.2945, 34.984651], [-85.301488, 34.984475], [-85.305457, 34.984475], [-85.308257, 34.984375], [-85.363919, 34.983375], [-85.384967, 34.982987], [-85.466713, 34.982972], [-85.605165, 34.984678], [-85.824411, 34.988142], [-85.828724, 34.988165], [-86.311274, 34.991098], [-86.397203, 34.99166], [-86.433927, 34.991085], [-86.467798, 34.990692], [-86.528485, 34.990677], [-86.555864, 34.990971], [-86.571217, 34.991011], [-86.588962, 34.991197], [-86.600039, 34.99124], [-86.641212, 34.99174], [-86.65961, 34.991792], [-86.670853, 34.992], [-86.67436, 34.992001], [-86.676726, 34.99207], [-86.677616, 34.99207], [-86.783648, 34.991925], [-86.820657, 34.991764], [-86.83637, 34.991764], [-86.846466, 34.99186], [-86.849794, 34.991924], [-86.862147, 34.991956], [-86.96712, 34.9944], [-86.970236, 34.994546], [-86.972613, 34.99461], [-86.974412, 34.994513], [-87.000007, 34.995121], [-87.011174, 34.995162], [-87.210759, 34.999024], [-87.216683, 34.999148], [-87.230544, 34.999484], [-87.270014, 35.00039], [-87.299185, 35.000915], [-87.349251, 35.001662], [-87.359281, 35.001823], [-87.381071, 35.002118], [-87.391314, 35.002374], [-87.4174, 35.002669], [-87.421543, 35.002679], [-87.428613, 35.002795], [-87.625025, 35.003732], [-87.664123, 35.003523], [-87.671405, 35.003537], [-87.696834, 35.003852], [-87.700543, 35.003988], [-87.702321, 35.003945], [-87.709491, 35.004089], [-87.75889, 35.004711], [-87.767602, 35.004783], [-87.773586, 35.004946], [-87.851886, 35.005656], [-87.853411, 35.005576], [-87.853528, 35.005541], [-87.872626, 35.005571], [-87.877742, 35.005512], [-87.877969, 35.005468], [-88.000032, 35.005939], [-88.202959, 35.008028], [-88.201987, 35.005421], [-88.20082, 34.997774], [-88.200064, 34.995634], [-88.253825, 34.995553], [-88.258111, 34.995463], [-88.380508, 34.99561], [-88.469801, 34.996052], [-88.469877, 34.996033], [-88.786612, 34.995252], [-88.851037, 34.995085], [-88.886979, 34.995868], [-88.925241, 34.994842], [-89.02654, 34.994956], [-89.138997, 34.99433], [-89.139136, 34.994307], [-89.156827, 34.993926], [-89.198288, 34.994484], [-89.217433, 34.994729], [-89.434954, 34.993754], [-89.486897, 34.993975], [-89.493739, 34.994361], [-89.511153, 34.994755], [-89.644282, 34.995293], [-89.741785, 34.995194], [-89.795187, 34.994293], [-89.848488, 34.994193], [-89.883365, 34.994261], [-89.893402, 34.994356], [-90.309297, 34.995694], [-90.310298, 35.004295], [-90.309877, 35.00975], [-90.306897, 35.018194], [-90.300697, 35.028793], [-90.297296, 35.037893], [-90.295596, 35.040093], [-90.291996, 35.041793], [-90.265296, 35.040293], [-90.263796, 35.039593], [-90.263396, 35.037493], [-90.262396, 35.036393], [-90.256495, 35.034493], [-90.230611, 35.03132], [-90.224791, 35.029961], [-90.216258, 35.026049], [-90.214382, 35.025795], [-90.209397, 35.026546], [-90.200124, 35.032813], [-90.196095, 35.0374], [-90.19686, 35.043667], [-90.197146, 35.050731], [-90.196583, 35.056137], [-90.195133, 35.061793], [-90.181387, 35.091401], [-90.176843, 35.112088], [-90.173603, 35.118073], [-90.165328, 35.125228], [-90.160058, 35.12883], [-90.155994, 35.130991], [-90.144691, 35.134984], [-90.142794, 35.135091], [-90.139024, 35.133995], [-90.109393, 35.118891], [-90.100593, 35.116691], [-90.09061, 35.118287], [-90.08671, 35.119779], [-90.08342, 35.12167], [-90.071192, 35.131591], [-90.066591, 35.13599], [-90.065392, 35.137691], [-90.064612, 35.140621], [-90.066482, 35.151074], [-90.066958, 35.151839], [-90.069402, 35.153646], [-90.090371, 35.15627], [-90.092944, 35.157228], [-90.096549, 35.160976], [-90.099777, 35.164474], [-90.103216, 35.16798], [-90.105525, 35.170695], [-90.108075, 35.174571], [-90.109177, 35.178451], [-90.111091, 35.178639], [-90.114214, 35.181691], [-90.117393, 35.18789], [-90.117542, 35.19057], [-90.116182, 35.198498], [-90.109076, 35.199105], [-90.097408, 35.194794], [-90.096466, 35.194848], [-90.093285, 35.203282], [-90.088597, 35.212376], [-90.08412, 35.210423], [-90.081173, 35.208153], [-90.07682, 35.208817], [-90.074271, 35.211504], [-90.074155, 35.21707], [-90.07492, 35.220452], [-90.076879, 35.224405], [-90.07875, 35.227806], [-90.082939, 35.231824], [-90.086322, 35.235719], [-90.090892, 35.242189], [-90.097947, 35.249983], [-90.09949, 35.251393], [-90.105093, 35.254288], [-90.110106, 35.255456], [-90.116493, 35.255788], [-90.123593, 35.254989], [-90.132116, 35.25318], [-90.140394, 35.252289], [-90.152094, 35.255989], [-90.158865, 35.262577], [-90.166594, 35.274588], [-90.168794, 35.279088], [-90.168871, 35.281997], [-90.165194, 35.293188], [-90.163812, 35.296115], [-90.161225, 35.298951], [-90.158913, 35.300637], [-90.153394, 35.302588], [-90.149794, 35.303288], [-90.139504, 35.298828], [-90.132393, 35.300488], [-90.123707, 35.30453], [-90.121864, 35.304535], [-90.117219, 35.303384], [-90.109093, 35.304987], [-90.106824, 35.324618], [-90.103862, 35.332405], [-90.110293, 35.342786], [-90.108817, 35.342587], [-90.107312, 35.343143], [-90.100294, 35.351619], [-90.096825, 35.357216], [-90.093492, 35.360486], [-90.090492, 35.360886], [-90.087903, 35.36327], [-90.083824, 35.368798], [-90.074992, 35.384152], [-90.077971, 35.384501], [-90.07993, 35.385272], [-90.087743, 35.390838], [-90.093589, 35.393333], [-90.09665, 35.395257], [-90.104842, 35.401487], [-90.106775, 35.403339], [-90.110543, 35.408595], [-90.112504, 35.410153], [-90.116902, 35.411692], [-90.130475, 35.413745], [-90.135125, 35.412977], [-90.137881, 35.41151], [-90.14166, 35.408563], [-90.143448, 35.406671], [-90.145085, 35.403757], [-90.146191, 35.399468], [-90.14587, 35.395079], [-90.143475, 35.387602], [-90.13551, 35.376668], [-90.144924, 35.374633], [-90.166246, 35.374745], [-90.172388, 35.377681], [-90.178341, 35.382092], [-90.179265, 35.385194], [-90.1707, 35.410065], [-90.170599, 35.418352], [-90.169002, 35.421853], [-90.129448, 35.441931], [-90.123142, 35.459853], [-90.120619, 35.465741], [-90.11839, 35.468791], [-90.114412, 35.472467], [-90.107723, 35.476935], [-90.101759, 35.476889], [-90.098719, 35.478595], [-90.085009, 35.478835], [-90.080128, 35.476844], [-90.072154, 35.470752], [-90.067798, 35.466224], [-90.067138, 35.464833], [-90.067206, 35.460957], [-90.071327, 35.450338], [-90.074063, 35.439611], [-90.074082, 35.433983], [-90.070549, 35.423291], [-90.062018, 35.41518], [-90.069283, 35.408306], [-90.054585, 35.389604], [-90.044856, 35.392964], [-90.041563, 35.39662], [-90.045104, 35.397317], [-90.056644, 35.403786], [-90.046598, 35.412966], [-90.045306, 35.415435], [-90.044216, 35.419231], [-90.04264, 35.421237], [-90.04057, 35.422925], [-90.031584, 35.427662], [-90.031267, 35.431576], [-90.02931, 35.435245], [-90.02737, 35.43789], [-90.026584, 35.440103], [-90.026899, 35.444869], [-90.026604, 35.447788], [-90.024247, 35.45426], [-90.022064, 35.457375], [-90.018842, 35.464816], [-90.018998, 35.467803], [-90.020386, 35.470257], [-90.034976, 35.480705], [-90.043517, 35.492298], [-90.045805, 35.496533], [-90.048519, 35.504357], [-90.050277, 35.515275], [-90.04909, 35.522257], [-90.046227, 35.529592], [-90.044748, 35.531657], [-90.041962, 35.537468], [-90.039744, 35.548041], [-90.037615, 35.550329], [-90.032938, 35.55344], [-90.02862, 35.555249], [-90.023903, 35.556336], [-90.017312, 35.555996], [-90.011262, 35.559105], [-90.008293, 35.560065], [-89.998996, 35.56116], [-89.992975, 35.560774], [-89.989363, 35.560043], [-89.97631, 35.553872], [-89.958498, 35.541703], [-89.956706, 35.539369], [-89.955641, 35.534518], [-89.95578, 35.533214], [-89.957739, 35.530125], [-89.957715, 35.527192], [-89.956347, 35.525594], [-89.951248, 35.521866], [-89.94801, 35.52009], [-89.945026, 35.519388], [-89.933614, 35.518538], [-89.923161, 35.514428], [-89.919331, 35.51387], [-89.9154, 35.515119], [-89.911931, 35.51741], [-89.909022, 35.520548], [-89.90766, 35.522944], [-89.903882, 35.534175], [-89.904392, 35.535701], [-89.905582, 35.536774], [-89.908826, 35.538031], [-89.910787, 35.538718], [-89.910885, 35.541072], [-89.909923, 35.544037], [-89.910789, 35.547515], [-89.914177, 35.549713], [-89.917424, 35.550308], [-89.924145, 35.550561], [-89.929101, 35.551545], [-89.941393, 35.556555], [-89.944754, 35.560308], [-89.946911, 35.56358], [-89.954196, 35.57605], [-89.95669, 35.581426], [-89.957924, 35.585499], [-89.957896, 35.587261], [-89.956749, 35.590511], [-89.954145, 35.594264], [-89.951147, 35.597491], [-89.945405, 35.601611], [-89.9325, 35.607865], [-89.919619, 35.612236], [-89.912172, 35.617055], [-89.910687, 35.617536], [-89.906029, 35.616145], [-89.899789, 35.615061], [-89.896999, 35.614882], [-89.894346, 35.615535], [-89.876548, 35.626653], [-89.863875, 35.630788], [-89.856619, 35.634444], [-89.85389, 35.638261], [-89.851825, 35.644262], [-89.850863, 35.650208], [-89.851176, 35.657432], [-89.85351, 35.663034], [-89.858935, 35.66906], [-89.861277, 35.670064], [-89.864782, 35.670385], [-89.872078, 35.668487], [-89.877158, 35.666136], [-89.878534, 35.66482], [-89.882893, 35.657463], [-89.884932, 35.655107], [-89.886979, 35.653637], [-89.89051, 35.652408], [-89.898916, 35.650904], [-89.906147, 35.651145], [-89.915427, 35.652782], [-89.922749, 35.655293], [-89.931036, 35.660044], [-89.937383, 35.665711], [-89.9427, 35.675121], [-89.950161, 35.682433], [-89.953303, 35.686418], [-89.955753, 35.690621], [-89.956589, 35.695486], [-89.956933, 35.711677], [-89.958882, 35.723834], [-89.958687, 35.727706], [-89.956254, 35.733386], [-89.953983, 35.73616], [-89.950278, 35.738493], [-89.915491, 35.754917], [-89.913132, 35.757302], [-89.909996, 35.759396], [-89.905538, 35.759063], [-89.888163, 35.750077], [-89.883535, 35.744984], [-89.877256, 35.741369], [-89.872845, 35.741299], [-89.863874, 35.747592], [-89.857707, 35.750077], [-89.846343, 35.755732], [-89.832895, 35.754905], [-89.824923, 35.755715], [-89.821216, 35.756716], [-89.814456, 35.759941], [-89.812891, 35.761154], [-89.80928, 35.764379], [-89.799249, 35.775439], [-89.797231, 35.780117], [-89.797053, 35.782648], [-89.799331, 35.788503], [-89.796324, 35.792807], [-89.781793, 35.805084], [-89.765457, 35.809513], [-89.765442, 35.811214], [-89.757874, 35.810415], [-89.743025, 35.805817], [-89.734044, 35.806174], [-89.723426, 35.809382], [-89.719915, 35.811557], [-89.706085, 35.81826], [-89.703875, 35.820281], [-89.70175, 35.824238], [-89.701045, 35.828227], [-89.701407, 35.830985], [-89.702883, 35.834153], [-89.704351, 35.835726], [-89.709261, 35.838911], [-89.729517, 35.847632], [-89.749424, 35.852955], [-89.764343, 35.858313], [-89.769413, 35.861558], [-89.772467, 35.865098], [-89.773294, 35.867426], [-89.773564, 35.871697], [-89.772855, 35.876244], [-89.771726, 35.879724], [-89.768743, 35.886663], [-89.765689, 35.891299], [-89.756312, 35.89806], [-89.741241, 35.906749], [-89.714934, 35.906247], [-89.688141, 35.896946], [-89.68182, 35.88999], [-89.677012, 35.88572], [-89.669553, 35.883281], [-89.665672, 35.883301], [-89.657771, 35.88575], [-89.655452, 35.886912], [-89.65068, 35.89088], [-89.64727, 35.89492], [-89.644838, 35.904351], [-89.646711, 35.908008], [-89.65034, 35.917795], [-89.652279, 35.921462], [-89.656147, 35.92581], [-89.671117, 35.935795], [-89.676621, 35.940539], [-89.686924, 35.947716], [-89.699871, 35.954063], [-89.710227, 35.959826], [-89.714565, 35.963034], [-89.718796, 35.968283], [-89.719679, 35.970939], [-89.71997, 35.97462], [-89.718801, 35.985015], [-89.719168, 35.985976], [-89.728442, 35.993568], [-89.731218, 35.996879], [-89.733095, 36.000608], [-89.706932, 36.000981], [-89.705677, 36.005018], [-89.703571, 36.00804], [-89.692437, 36.020507], [-89.688577, 36.029238], [-89.687254, 36.034048], [-89.684439, 36.051719], [-89.681946, 36.072336], [-89.680029, 36.082494], [-89.678821, 36.084636], [-89.672463, 36.091837], [-89.666598, 36.095802], [-89.657709, 36.099128], [-89.64302, 36.10362], [-89.628305, 36.106853], [-89.625078, 36.108131], [-89.615128, 36.113816], [-89.601936, 36.11947], [-89.598946, 36.121778], [-89.594, 36.12719], [-89.59307, 36.129699], [-89.592102, 36.135637], [-89.591605, 36.144096], [-89.592206, 36.15012], [-89.594397, 36.155457], [-89.600871, 36.164558], [-89.607004, 36.171179], [-89.618228, 36.179966], [-89.623804, 36.183128], [-89.629452, 36.185382], [-89.636893, 36.188951], [-89.64479, 36.194101], [-89.654876, 36.20153], [-89.664144, 36.20652], [-89.679548, 36.215911], [-89.69263, 36.224959], [-89.699677, 36.230821], [-89.704459, 36.235468], [-89.70525, 36.236568], [-89.705545, 36.238136], [-89.705328, 36.239898], [-89.703511, 36.243412], [-89.699817, 36.248384], [-89.698568, 36.250591], [-89.695235, 36.252766], [-89.691308, 36.252079], [-89.686229, 36.249507], [-89.678046, 36.248284], [-89.652518, 36.250692], [-89.642182, 36.249486], [-89.63679, 36.248079], [-89.624416, 36.243305], [-89.611145, 36.239271], [-89.60651, 36.238328], [-89.602374, 36.238106], [-89.587326, 36.239484], [-89.577544, 36.242262], [-89.573928, 36.243843], [-89.564997, 36.250067], [-89.562206, 36.250909], [-89.557991, 36.251037], [-89.553563, 36.250341], [-89.548952, 36.2482], [-89.544743, 36.247484], [-89.541621, 36.247891], [-89.539229, 36.248821], [-89.534745, 36.252576], [-89.534507, 36.261802], [-89.535529, 36.270541], [-89.537675, 36.275279], [-89.539487, 36.277368], [-89.544797, 36.280458], [-89.546577, 36.280439], [-89.549219, 36.27875], [-89.554289, 36.277751], [-89.578492, 36.288317], [-89.584337, 36.29334], [-89.58982, 36.296814], [-89.611819, 36.309088], [-89.619242, 36.320726], [-89.620255, 36.323006], [-89.6198, 36.329546], [-89.615841, 36.336085], [-89.610689, 36.340442], [-89.605668, 36.342234], [-89.600544, 36.342985], [-89.581636, 36.342357], [-89.560439, 36.337746], [-89.545006, 36.336809], [-89.538079, 36.337496], [-89.531822, 36.339246], [-89.527029, 36.341679], [-89.522695, 36.344789], [-89.519, 36.3486], [-89.513178, 36.359897], [-89.509722, 36.373626], [-89.509558, 36.375065], [-89.51038, 36.378356], [-89.513956, 36.384891], [-89.525293, 36.400446], [-89.542337, 36.420103], [-89.544221, 36.423684], [-89.545255, 36.427079], [-89.545503, 36.4307], [-89.545061, 36.434915], [-89.543406, 36.43877], [-89.540868, 36.441559], [-89.527274, 36.451545], [-89.52519, 36.453991], [-89.523427, 36.456572], [-89.521021, 36.461934], [-89.51972, 36.467002], [-89.519501, 36.475419], [-89.520642, 36.478668], [-89.522674, 36.481305], [-89.534524, 36.491432], [-89.5391, 36.498201], [-89.498036, 36.497887], [-89.492537, 36.497775], [-89.485106, 36.497692], [-89.48671, 36.494954], [-89.493495, 36.4787], [-89.494248, 36.475972], [-89.494074, 36.473225], [-89.493198, 36.470124], [-89.49067, 36.465528], [-89.486215, 36.46162], [-89.476532, 36.457846], [-89.471718, 36.457001], [-89.464153, 36.457189], [-89.460436, 36.45814], [-89.453081, 36.461285], [-89.448468, 36.46442], [-89.436763, 36.474432], [-89.429311, 36.481875], [-89.422942, 36.489381], [-89.41977, 36.493896], [-89.417293, 36.499033], [-89.403913, 36.499141], [-89.391044, 36.499079], [-89.381792, 36.500062], [-89.380085, 36.500416], [-89.356593, 36.502195], [-89.346053, 36.50321], [-89.300284, 36.507147], [-89.282298, 36.506782], [-89.279091, 36.506511], [-89.211409, 36.50563], [-89.163429, 36.504526], [-89.163224, 36.504522], [-89.119805, 36.503647], [-89.117537, 36.503603], [-89.090146, 36.503392], [-89.072118, 36.503249], [-89.058871, 36.503157], [-89.034649, 36.502964], [-89.010439, 36.50271], [-89.006825, 36.502684], [-89.000063, 36.502633], [-88.964471, 36.502191], [-88.89951, 36.502218], [-88.884557, 36.501704], [-88.874725, 36.502446], [-88.834626, 36.502914], [-88.827012, 36.50285], [-88.799594, 36.502757], [-88.747523, 36.502834], [-88.715255, 36.502662], [-88.661133, 36.502243], [-88.577283, 36.50194], [-88.545192, 36.501814], [-88.516427, 36.50143], [-88.51227, 36.501506], [-88.51192, 36.501457], [-88.48921, 36.501068], [-88.472564, 36.501028], [-88.452543, 36.500872], [-88.450161, 36.501101], [-88.41636, 36.500756], [-88.330799, 36.500531], [-88.325895, 36.500483], [-88.320794, 36.500432], [-88.127378, 36.49854], [-88.053205, 36.497129], [-88.050466, 36.500053], [-88.045304, 36.504081], [-88.039481, 36.510408], [-88.037822, 36.51385], [-88.037329, 36.51783], [-88.03783, 36.521015], [-88.03727, 36.523783], [-88.035854, 36.525912], [-88.034132, 36.53112], [-88.032489, 36.540662], [-88.033802, 36.551733], [-88.035625, 36.561736], [-88.039625, 36.572783], [-88.041196, 36.584123], [-88.045127, 36.602939], [-88.055738, 36.630475], [-88.055604, 36.63571], [-88.057042, 36.64054], [-88.05858, 36.643315], [-88.064401, 36.650854], [-88.068208, 36.659747], [-88.070532, 36.678118], [-88.044772, 36.677983], [-88.011792, 36.677025], [-87.872062, 36.665089], [-87.849567, 36.663701], [-87.853204, 36.633247], [-87.744768, 36.636151], [-87.64115, 36.638036], [-87.564928, 36.639113], [-87.563052, 36.639113], [-87.436509, 36.640747], [-87.425009, 36.641047], [-87.414309, 36.641047], [-87.347796, 36.64144], [-87.344131, 36.64151], [-87.281506, 36.641761], [-87.278398, 36.641718], [-87.247655, 36.641841], [-87.231037, 36.641888], [-87.23053, 36.641895], [-87.114976, 36.642414], [-87.011522, 36.643949], [-86.906583, 36.646255], [-86.906023, 36.646302], [-86.854268, 36.646884], [-86.833155, 36.64721], [-86.818405, 36.647639], [-86.816186, 36.647722], [-86.813037, 36.647647], [-86.75892, 36.649018], [-86.713786, 36.649341], [-86.606394, 36.652107], [-86.605042, 36.652125], [-86.589906, 36.652486], [-86.564143, 36.633472], [-86.551292, 36.637985], [-86.550054, 36.644817], [-86.543388, 36.64389], [-86.543777, 36.640536], [-86.507771, 36.652445], [-86.473497, 36.651671], [-86.473413, 36.651676], [-86.47219, 36.651763], [-86.468497, 36.651841], [-86.374991, 36.649803], [-86.373784, 36.650126], [-86.359073, 36.649845], [-86.333051, 36.648778], [-86.293357, 36.645356], [-86.222151, 36.640891], [-86.219081, 36.640824], [-86.21641, 36.640595], [-86.216183, 36.640527], [-86.204859, 36.639741], [-86.197573, 36.639363], [-86.081944, 36.633848], [-86.080666, 36.63394], [-86.038366, 36.630804], [-86.033139, 36.630413], [-86.03277, 36.630367], [-85.959981, 36.628121], [-85.873857, 36.623642], [-85.832172, 36.622046], [-85.80149, 36.622418], [-85.788645, 36.621846], [-85.731862, 36.620429], [-85.677789, 36.618157], [-85.552017, 36.615782], [-85.551483, 36.615727], [-85.488353, 36.614994], [-85.430123, 36.618952], [-85.334124, 36.622951], [-85.324654, 36.62455], [-85.300402, 36.624437], [-85.296073, 36.625824], [-85.290627, 36.62645], [-85.276289, 36.626511], [-85.195372, 36.625498], [-85.096128, 36.622483], [-85.086415, 36.621913], [-85.024627, 36.619354], [-84.986448, 36.616668], [-84.943948, 36.612569], [-84.859738, 36.606495], [-84.859759, 36.606428], [-84.843091, 36.605127], [-84.803744, 36.604265], [-84.785341, 36.603372], [-84.624939, 36.599575], [-84.543138, 36.596277], [-84.499938, 36.596678], [-84.442837, 36.596079], [-84.271176, 36.591882], [-84.261333, 36.591981], [-84.227332, 36.592181], [-84.127503, 36.591413], [-83.987842, 36.5896], [-83.894421, 36.586481], [-83.789017, 36.583881], [-83.690714, 36.582581], [-83.688814, 36.584382], [-83.687514, 36.587182], [-83.683014, 36.592182], [-83.679514, 36.594082], [-83.677114, 36.596582], [-83.675614, 36.598582], [-83.675413, 36.600814], [-83.670141, 36.600797], [-83.670128, 36.600764], [-83.645586, 36.600002], [-83.622624, 36.598061], [-83.55681, 36.597384], [-83.472108, 36.597284], [-83.374904, 36.597386], [-83.2763, 36.598187], [-83.261099, 36.593887], [-83.250304, 36.593935], [-83.249899, 36.593898], [-83.248933, 36.593827], [-83.028357, 36.593893], [-83.02725, 36.593847], [-82.888013, 36.593461], [-82.830433, 36.593761], [-82.69578, 36.593698], [-82.679879, 36.593698], [-82.609176, 36.594099], [-82.561074, 36.5948], [-82.559774, 36.5948], [-82.554294, 36.594876], [-82.487238, 36.595822], [-82.478668, 36.595588], [-82.466613, 36.594481], [-82.296995, 36.595704], [-82.226653, 36.595743], [-82.225716, 36.595744], [-82.223445, 36.595721], [-82.221713, 36.595814], [-82.211005, 36.59586], [-82.210497, 36.595772], [-82.188491, 36.595179], [-82.18074, 36.594928], [-82.177247, 36.594768], [-82.173982, 36.594607], [-82.150727, 36.594673], [-82.148569, 36.594718], [-81.934144, 36.594213], [-81.922644, 36.616213], [-81.826742, 36.614215], [-81.73694, 36.612379], [-81.6469, 36.611918], [-81.677535, 36.588117]]]}}, {"type": "Feature", "properties": {"STUSPS": "TX", "NAME": "Texas"}, "geometry": {"type": "MultiPolygon", "coordinates": [[[[-97.134356, 27.896329], [-97.1336, 27.897445], [-97.132473, 27.897767], [-97.130145, 27.897522], [-97.113127, 27.893137], [-97.110173, 27.892303], [-97.108609, 27.891679], [-97.107511, 27.890378], [-97.107588, 27.88888], [-97.108157, 27.887107], [-97.108921, 27.886308], [-97.113442, 27.883619], [-97.115165, 27.882853], [-97.116078, 27.882596], [-97.117779, 27.882668], [-97.11895, 27.884121], [-97.118788, 27.88542], [-97.118788, 27.88613], [-97.118667, 27.886341], [-97.129022, 27.889029], [-97.132489, 27.888889], [-97.133166, 27.888991], [-97.134344, 27.889407], [-97.135065, 27.8909], [-97.135132, 27.891827], [-97.134988, 27.894559], [-97.134685, 27.89577], [-97.134356, 27.896329]]], [[[-96.849624, 28.064939], [-96.929053, 27.99044], [-96.966996, 27.950531], [-97.001441, 27.911442], [-97.03166, 27.869975], [-97.041799, 27.852926], [-97.04598, 27.835004], [-97.085395, 27.793245], [-97.116277, 27.752599], [-97.166682, 27.676583], [-97.201866, 27.614858], [-97.276091, 27.472145], [-97.30447, 27.407734], [-97.326523, 27.347612], [-97.350398, 27.268105], [-97.363401, 27.210366], [-97.370941, 27.161166], [-97.377001, 27.101021], [-97.37913, 27.047996], [-97.378362, 26.992877], [-97.370731, 26.909706], [-97.364726, 26.871693], [-97.351413, 26.808604], [-97.333028, 26.736479], [-97.30069, 26.635375], [-97.275119, 26.565415], [-97.269392, 26.554046], [-97.229844, 26.433569], [-97.194644, 26.306513], [-97.185844, 26.267103], [-97.173265, 26.192314], [-97.161471, 26.088705], [-97.154271, 26.066841], [-97.161462, 26.06764], [-97.169842, 26.077853], [-97.171781, 26.102522], [-97.179532, 26.146202], [-97.178746, 26.177103], [-97.183983, 26.214289], [-97.194458, 26.27164], [-97.214885, 26.353606], [-97.226931, 26.385555], [-97.240286, 26.405981], [-97.243167, 26.434263], [-97.247619, 26.456261], [-97.254166, 26.471188], [-97.262546, 26.482972], [-97.276425, 26.521729], [-97.292399, 26.528014], [-97.31073, 26.556558], [-97.308112, 26.571223], [-97.308635, 26.576723], [-97.317015, 26.597673], [-97.324872, 26.611814], [-97.338489, 26.647429], [-97.336394, 26.666022], [-97.345822, 26.700589], [-97.363105, 26.71054], [-97.370438, 26.723896], [-97.370961, 26.736204], [-97.367557, 26.740394], [-97.364153, 26.758987], [-97.364646, 26.767122], [-97.368866, 26.774699], [-97.370438, 26.781508], [-97.368343, 26.795649], [-97.373056, 26.808481], [-97.387459, 26.820789], [-97.383531, 26.875521], [-97.385626, 26.888876], [-97.391649, 26.90197], [-97.389554, 26.945965], [-97.39034, 27.052286], [-97.389816, 27.067213], [-97.386412, 27.083187], [-97.387459, 27.090519], [-97.390602, 27.094186], [-97.390078, 27.156512], [-97.377508, 27.199459], [-97.379865, 27.202863], [-97.386674, 27.204696], [-97.382222, 27.229051], [-97.37489, 27.250262], [-97.373318, 27.27645], [-97.367033, 27.298709], [-97.364676, 27.302637], [-97.359963, 27.304732], [-97.357606, 27.307875], [-97.36232, 27.32673], [-97.366771, 27.333276], [-97.361796, 27.359988], [-97.346607, 27.390365], [-97.336132, 27.402411], [-97.331157, 27.412362], [-97.329585, 27.418124], [-97.330895, 27.425456], [-97.329847, 27.43436], [-97.317277, 27.46369], [-97.293709, 27.497209], [-97.282972, 27.521564], [-97.266474, 27.542514], [-97.257832, 27.556393], [-97.26176, 27.563464], [-97.260451, 27.567392], [-97.252071, 27.578652], [-97.247619, 27.581533], [-97.257656, 27.599937], [-97.239784, 27.634652], [-97.231383, 27.632336], [-97.221955, 27.63286], [-97.219075, 27.630241], [-97.214099, 27.631551], [-97.200743, 27.650144], [-97.197339, 27.664547], [-97.197601, 27.678426], [-97.19508, 27.684529], [-97.190007, 27.692829], [-97.170628, 27.720326], [-97.166176, 27.732372], [-97.1612, 27.734074], [-97.153606, 27.733289], [-97.147321, 27.735384], [-97.130823, 27.75162], [-97.127942, 27.75581], [-97.127681, 27.76], [-97.103326, 27.789068], [-97.102279, 27.798233], [-97.098874, 27.808447], [-97.092851, 27.81447], [-97.092589, 27.819183], [-97.098874, 27.82285], [-97.126109, 27.819707], [-97.130299, 27.820493], [-97.134489, 27.825206], [-97.132394, 27.827301], [-97.056713, 27.842294], [-97.055822, 27.843405], [-97.056068, 27.849127], [-97.033383, 27.909619], [-97.016384, 27.917255], [-96.985745, 27.954048], [-96.977889, 27.976439], [-96.978805, 27.978272], [-96.9809, 27.978272], [-96.986007, 27.976177], [-96.986661, 27.980759], [-96.978282, 28.001709], [-96.967807, 28.020041], [-96.966759, 28.020368], [-96.965188, 28.013297], [-96.962569, 28.012381], [-96.952618, 28.01644], [-96.946988, 28.026522], [-96.932454, 28.035426], [-96.92643, 28.043413], [-96.929573, 28.0514], [-96.927085, 28.057292], [-96.906004, 28.076147], [-96.890947, 28.076802], [-96.886233, 28.084396], [-96.888328, 28.086622], [-96.889113, 28.099454], [-96.886887, 28.11713], [-96.879424, 28.131402], [-96.874972, 28.133236], [-96.870782, 28.131271], [-96.864628, 28.126296], [-96.857165, 28.115559], [-96.84538, 28.108881], [-96.827049, 28.112417], [-96.816574, 28.119618], [-96.81042, 28.126034], [-96.810944, 28.136378], [-96.816836, 28.158048], [-96.822859, 28.167476], [-96.816443, 28.174808], [-96.791958, 28.188687], [-96.733037, 28.190913], [-96.703838, 28.198246], [-96.697422, 28.202959], [-96.702659, 28.211208], [-96.703314, 28.216446], [-96.686816, 28.21841], [-96.662462, 28.227314], [-96.660628, 28.228885], [-96.663116, 28.233206], [-96.651856, 28.251275], [-96.607992, 28.27707], [-96.608123, 28.280081], [-96.611527, 28.281391], [-96.61048, 28.283093], [-96.592934, 28.296972], [-96.581019, 28.30221], [-96.55326, 28.302341], [-96.546975, 28.305614], [-96.542131, 28.315958], [-96.528906, 28.322505], [-96.476269, 28.330754], [-96.450998, 28.337039], [-96.434108, 28.344764], [-96.418919, 28.354846], [-96.415253, 28.362833], [-96.417217, 28.367154], [-96.412896, 28.369511], [-96.403206, 28.371475], [-96.398932, 28.387753], [-96.388277, 28.382254], [-96.38948, 28.370224], [-96.399469, 28.354689], [-96.415248, 28.336511], [-96.439099, 28.319052], [-96.547774, 28.270798], [-96.621534, 28.2297], [-96.694666, 28.18212], [-96.758141, 28.136873], [-96.849624, 28.064939]]], [[[-95.016627, 29.558487], [-95.018253, 29.554885], [-95.015165, 29.539989], [-94.999581, 29.521093], [-94.981916, 29.511141], [-94.958443, 29.505013], [-94.909465, 29.496838], [-94.913385, 29.487254], [-94.925914, 29.469047], [-94.930861, 29.450504], [-94.919401, 29.448031], [-94.8908, 29.433432], [-94.8873, 29.415132], [-94.886741, 29.37952], [-94.865336, 29.373853], [-94.86379, 29.368525], [-94.889042, 29.357144], [-94.894234, 29.338], [-94.893994, 29.30817], [-94.903985, 29.295357], [-94.921593, 29.281556], [-94.932539, 29.282032], [-94.934442, 29.284412], [-94.933966, 29.290598], [-94.930635, 29.30202], [-94.922069, 29.305827], [-94.922069, 29.309634], [-94.927304, 29.313441], [-94.935394, 29.314869], [-94.952526, 29.290122], [-94.982032, 29.268231], [-95.005826, 29.242057], [-95.022482, 29.229684], [-95.025338, 29.225877], [-95.030097, 29.213028], [-95.099101, 29.173529], [-95.108619, 29.172101], [-95.120992, 29.172101], [-95.121944, 29.175908], [-95.111474, 29.182571], [-95.110522, 29.186378], [-95.112902, 29.192089], [-95.119564, 29.19304], [-95.132413, 29.189709], [-95.14669, 29.193516], [-95.148594, 29.192564], [-95.150021, 29.187806], [-95.148118, 29.182571], [-95.151925, 29.151162], [-95.161919, 29.125464], [-95.16525, 29.113566], [-95.136221, 29.084537], [-95.128251, 29.084657], [-95.12514, 29.089204], [-95.122896, 29.094055], [-95.092439, 29.12594], [-95.020579, 29.171149], [-95.003923, 29.184474], [-94.991549, 29.201131], [-94.919214, 29.257762], [-94.885425, 29.273942], [-94.879239, 29.285839], [-94.865126, 29.293977], [-94.84973, 29.297345], [-94.824953, 29.306005], [-94.822547, 29.321882], [-94.822307, 29.344254], [-94.810696, 29.353435], [-94.784895, 29.335535], [-94.779995, 29.334935], [-94.777064, 29.336811], [-94.745529, 29.334235], [-94.744945, 29.33641], [-94.73132, 29.338066], [-94.72253, 29.331446], [-94.731082, 29.331833], [-94.769695, 29.304936], [-94.786095, 29.290737], [-94.803695, 29.279237], [-95.026219, 29.148064], [-95.081773, 29.111222], [-95.110484, 29.088224], [-95.122525, 29.074], [-95.125134, 29.067321], [-95.191391, 29.02309], [-95.238924, 28.988644], [-95.272266, 28.961546], [-95.297147, 28.934073], [-95.309704, 28.928262], [-95.353451, 28.898145], [-95.376979, 28.87616], [-95.38239, 28.866348], [-95.416174, 28.859482], [-95.439594, 28.859022], [-95.486769, 28.836287], [-95.568136, 28.789998], [-95.812504, 28.664942], [-95.884026, 28.633098], [-96.000682, 28.588238], [-96.077868, 28.556626], [-96.194412, 28.502224], [-96.220376, 28.491966], [-96.244751, 28.475055], [-96.270391, 28.46193], [-96.303212, 28.441871], [-96.32156, 28.425148], [-96.328817, 28.423659], [-96.341617, 28.417334], [-96.371117, 28.397661], [-96.372101, 28.393875], [-96.379702, 28.386881], [-96.388073, 28.388364], [-96.389842, 28.389628], [-96.385261, 28.39446], [-96.375958, 28.401684], [-96.374138, 28.404275], [-96.335119, 28.437795], [-96.268341, 28.477992], [-96.223825, 28.495067], [-96.218978, 28.500383], [-96.21505, 28.509679], [-96.145448, 28.544741], [-96.104735, 28.559499], [-96.046211, 28.58698], [-96.032979, 28.589016], [-96.007534, 28.599703], [-95.98616, 28.606319], [-95.982088, 28.614461], [-95.985651, 28.621077], [-95.983106, 28.641942], [-95.978526, 28.650594], [-95.986066, 28.655468], [-95.996338, 28.658736], [-96.002954, 28.656192], [-96.006516, 28.648049], [-96.033488, 28.652629], [-96.047737, 28.649067], [-96.072165, 28.635326], [-96.099137, 28.624639], [-96.148501, 28.611408], [-96.187178, 28.593596], [-96.198374, 28.58698], [-96.221784, 28.580364], [-96.228909, 28.580873], [-96.233998, 28.596649], [-96.233998, 28.601738], [-96.222293, 28.607336], [-96.21415, 28.613443], [-96.212624, 28.622604], [-96.230944, 28.641433], [-96.208552, 28.662298], [-96.214659, 28.665352], [-96.192267, 28.687744], [-96.19125, 28.69436], [-96.19583, 28.69894], [-96.202446, 28.700976], [-96.222802, 28.698431], [-96.231453, 28.696395], [-96.256899, 28.68469], [-96.263515, 28.683673], [-96.268604, 28.688762], [-96.287942, 28.683164], [-96.304227, 28.671459], [-96.305245, 28.660263], [-96.303718, 28.644996], [-96.328655, 28.640924], [-96.373439, 28.626675], [-96.376492, 28.620059], [-96.384635, 28.615988], [-96.473694, 28.57324], [-96.487943, 28.569677], [-96.482854, 28.580364], [-96.480309, 28.596649], [-96.485907, 28.607845], [-96.490488, 28.610899], [-96.510844, 28.61497], [-96.510335, 28.617515], [-96.497612, 28.625148], [-96.496595, 28.630746], [-96.499648, 28.635835], [-96.506264, 28.63838], [-96.54545, 28.645505], [-96.548014, 28.640702], [-96.560731, 28.634859], [-96.563137, 28.636234], [-96.555119, 28.646013], [-96.563262, 28.644487], [-96.570243, 28.63624], [-96.572649, 28.636412], [-96.575227, 28.644489], [-96.574367, 28.654629], [-96.572133, 28.657035], [-96.572931, 28.667897], [-96.570386, 28.674003], [-96.55919, 28.687235], [-96.559699, 28.691306], [-96.561226, 28.696395], [-96.566824, 28.697922], [-96.57802, 28.704538], [-96.580564, 28.716752], [-96.584127, 28.722859], [-96.593796, 28.725403], [-96.648758, 28.709627], [-96.664534, 28.696904], [-96.657918, 28.687744], [-96.635018, 28.668914], [-96.634, 28.654665], [-96.627893, 28.650085], [-96.623313, 28.649576], [-96.615679, 28.644487], [-96.61059, 28.638889], [-96.61059, 28.636344], [-96.61975, 28.627693], [-96.622804, 28.622095], [-96.611099, 28.585962], [-96.608045, 28.583418], [-96.573949, 28.584436], [-96.565297, 28.5824], [-96.564279, 28.576293], [-96.561226, 28.570695], [-96.536289, 28.559499], [-96.526111, 28.557972], [-96.52204, 28.55441], [-96.514406, 28.535071], [-96.505755, 28.525911], [-96.450284, 28.490796], [-96.419749, 28.467387], [-96.410589, 28.459244], [-96.402446, 28.449066], [-96.403973, 28.44245], [-96.46148, 28.421585], [-96.481836, 28.407844], [-96.504737, 28.397666], [-96.520513, 28.394104], [-96.542905, 28.385452], [-96.559699, 28.377819], [-96.570386, 28.368658], [-96.59176, 28.357462], [-96.600412, 28.354409], [-96.650794, 28.346775], [-96.672677, 28.335579], [-96.688453, 28.347284], [-96.69456, 28.347284], [-96.698122, 28.342704], [-96.705247, 28.348811], [-96.700158, 28.369676], [-96.705756, 28.400211], [-96.710336, 28.406827], [-96.72255, 28.408862], [-96.749013, 28.408862], [-96.762245, 28.411916], [-96.768352, 28.410389], [-96.775985, 28.405809], [-96.780792, 28.398426], [-96.79805, 28.406044], [-96.820655, 28.42389], [-96.831958, 28.428054], [-96.840881, 28.428054], [-96.853968, 28.417347], [-96.854562, 28.411993], [-96.845639, 28.401286], [-96.827793, 28.384034], [-96.809353, 28.372732], [-96.794555, 28.365683], [-96.794306, 28.34932], [-96.790744, 28.323874], [-96.791761, 28.31217], [-96.806011, 28.296902], [-96.809573, 28.290287], [-96.806011, 28.282144], [-96.787181, 28.255681], [-96.787181, 28.250083], [-96.800413, 28.224128], [-96.842143, 28.193594], [-96.872678, 28.176291], [-96.898123, 28.152881], [-96.910337, 28.147283], [-96.934765, 28.123873], [-96.962755, 28.123365], [-96.961682, 28.133426], [-96.953949, 28.144728], [-96.945621, 28.171497], [-96.937888, 28.177446], [-96.928965, 28.193507], [-96.928965, 28.198266], [-96.939672, 28.208974], [-96.943242, 28.216707], [-96.943242, 28.222061], [-96.92956, 28.243476], [-96.930749, 28.248235], [-96.942052, 28.248235], [-96.945621, 28.233958], [-96.960493, 28.222061], [-96.962277, 28.218492], [-96.945026, 28.198266], [-96.943836, 28.194697], [-96.945026, 28.189938], [-96.967631, 28.166143], [-96.969416, 28.161979], [-96.9712, 28.132831], [-96.977889, 28.129091], [-97.000414, 28.137614], [-97.007539, 28.136087], [-97.027014, 28.148408], [-97.027014, 28.15174], [-97.020827, 28.180769], [-97.021303, 28.1841], [-97.02511, 28.18648], [-97.037008, 28.185528], [-97.093163, 28.164113], [-97.133614, 28.140318], [-97.153601, 28.13318], [-97.180727, 28.114144], [-97.214039, 28.087494], [-97.218323, 28.07988], [-97.215467, 28.075597], [-97.176444, 28.059892], [-97.173589, 28.052278], [-97.169782, 28.049423], [-97.160264, 28.050375], [-97.155029, 28.047995], [-97.154553, 28.04276], [-97.14789, 28.035622], [-97.137897, 28.030387], [-97.130282, 28.031815], [-97.129807, 28.034194], [-97.136945, 28.04514], [-97.137421, 28.057037], [-97.130282, 28.062748], [-97.103633, 28.078452], [-97.077934, 28.084639], [-97.065085, 28.088922], [-97.055567, 28.096536], [-97.05176, 28.106054], [-97.054616, 28.116524], [-97.053188, 28.121758], [-97.04367, 28.121758], [-97.025693, 28.11216], [-97.022806, 28.107588], [-97.023824, 28.103517], [-97.031966, 28.093848], [-97.035528, 28.084688], [-97.035528, 28.074], [-97.031457, 28.053644], [-97.025859, 28.041939], [-97.030948, 28.033288], [-97.040618, 28.028708], [-97.04876, 28.022092], [-97.061992, 27.996138], [-97.075732, 27.986977], [-97.121534, 27.923364], [-97.129168, 27.919801], [-97.135783, 27.899445], [-97.144435, 27.894356], [-97.155122, 27.880615], [-97.184639, 27.831251], [-97.187183, 27.824126], [-97.196852, 27.822091], [-97.209575, 27.822091], [-97.220771, 27.824126], [-97.225176, 27.825723], [-97.227317, 27.829204], [-97.227317, 27.832952], [-97.226514, 27.838307], [-97.228388, 27.843661], [-97.234512, 27.849063], [-97.241127, 27.857714], [-97.242654, 27.864839], [-97.250797, 27.876035], [-97.26301, 27.880106], [-97.273698, 27.881633], [-97.295072, 27.878071], [-97.325097, 27.867893], [-97.354614, 27.849572], [-97.359935, 27.850669], [-97.361247, 27.84989], [-97.361735, 27.853027], [-97.349832, 27.864963], [-97.343645, 27.870674], [-97.345073, 27.875909], [-97.350784, 27.87686], [-97.360302, 27.872577], [-97.396945, 27.87115], [-97.417409, 27.866867], [-97.440251, 27.866391], [-97.460715, 27.862584], [-97.480226, 27.855921], [-97.485937, 27.845927], [-97.483082, 27.837361], [-97.470709, 27.830223], [-97.455004, 27.831175], [-97.448342, 27.834982], [-97.424547, 27.831651], [-97.392186, 27.841169], [-97.385524, 27.841644], [-97.379042, 27.837867], [-97.391764, 27.813948], [-97.393291, 27.782905], [-97.386166, 27.76662], [-97.368355, 27.741683], [-97.34698, 27.725398], [-97.316446, 27.712676], [-97.253955, 27.696696], [-97.259957, 27.679597], [-97.266064, 27.678579], [-97.296598, 27.613947], [-97.298634, 27.604787], [-97.297616, 27.59868], [-97.294054, 27.5941], [-97.302196, 27.585957], [-97.321535, 27.571199], [-97.336802, 27.527433], [-97.343418, 27.517764], [-97.347489, 27.503005], [-97.350543, 27.478578], [-97.359194, 27.458221], [-97.36581, 27.450588], [-97.371917, 27.425142], [-97.369881, 27.41242], [-97.372935, 27.401224], [-97.37955, 27.390028], [-97.399398, 27.344735], [-97.401942, 27.335574], [-97.404996, 27.329977], [-97.413138, 27.321325], [-97.420263, 27.317254], [-97.430441, 27.313691], [-97.450798, 27.313691], [-97.482859, 27.297915], [-97.508304, 27.275014], [-97.532223, 27.278577], [-97.544437, 27.284175], [-97.546981, 27.290791], [-97.536803, 27.289264], [-97.526625, 27.291808], [-97.524589, 27.297915], [-97.517465, 27.30504], [-97.504742, 27.30504], [-97.498126, 27.308602], [-97.502706, 27.322343], [-97.499144, 27.327941], [-97.483877, 27.338628], [-97.483877, 27.351351], [-97.48693, 27.358984], [-97.485164, 27.371403], [-97.486948, 27.375567], [-97.493492, 27.377947], [-97.494682, 27.372593], [-97.501688, 27.366618], [-97.514411, 27.361529], [-97.520518, 27.352877], [-97.53833, 27.335574], [-97.5709, 27.315727], [-97.584132, 27.30962], [-97.609068, 27.285193], [-97.621791, 27.287228], [-97.63388, 27.292881], [-97.639234, 27.29764], [-97.639234, 27.302994], [-97.638044, 27.306563], [-97.642803, 27.317866], [-97.649347, 27.319055], [-97.655295, 27.32084], [-97.670762, 27.34166], [-97.675521, 27.356532], [-97.685039, 27.370809], [-97.689797, 27.372593], [-97.696936, 27.371403], [-97.699315, 27.369024], [-97.686228, 27.335117], [-97.668977, 27.313702], [-97.65589, 27.309537], [-97.652321, 27.307158], [-97.651726, 27.302994], [-97.65708, 27.291097], [-97.659459, 27.282174], [-97.655295, 27.278604], [-97.640111, 27.270943], [-97.639094, 27.253131], [-97.635022, 27.247024], [-97.628916, 27.242953], [-97.597363, 27.242444], [-97.582605, 27.240409], [-97.573953, 27.238882], [-97.561231, 27.232775], [-97.54291, 27.229213], [-97.520009, 27.231248], [-97.509831, 27.23532], [-97.503215, 27.2399], [-97.500162, 27.24448], [-97.485149, 27.250841], [-97.467083, 27.25364], [-97.458431, 27.259493], [-97.450289, 27.262546], [-97.42408, 27.264073], [-97.422299, 27.257712], [-97.434767, 27.202241], [-97.444945, 27.144734], [-97.443673, 27.116235], [-97.447856, 27.092602], [-97.451199, 27.089309], [-97.453567, 27.093554], [-97.452324, 27.115217], [-97.455887, 27.110383], [-97.45665, 27.099695], [-97.461739, 27.095624], [-97.47548, 27.098423], [-97.480569, 27.102494], [-97.49151, 27.101222], [-97.495836, 27.094098], [-97.493291, 27.078067], [-97.477515, 27.066108], [-97.479042, 27.0628], [-97.482257, 27.061942], [-97.48693, 27.057711], [-97.487693, 27.053639], [-97.486676, 27.03481], [-97.477515, 27.03252], [-97.473953, 27.029212], [-97.473444, 27.02285], [-97.478533, 26.999186], [-97.480569, 26.997659], [-97.484131, 27.000458], [-97.536803, 26.999695], [-97.549271, 26.995878], [-97.555378, 26.99028], [-97.551053, 26.980865], [-97.549526, 26.965344], [-97.552325, 26.952112], [-97.555378, 26.947277], [-97.555378, 26.93888], [-97.540874, 26.90631], [-97.540111, 26.900967], [-97.547999, 26.895114], [-97.552325, 26.888499], [-97.552325, 26.867633], [-97.558432, 26.864325], [-97.563266, 26.842188], [-97.552579, 26.827938], [-97.547745, 26.824631], [-97.537566, 26.824885], [-97.509831, 26.803511], [-97.484385, 26.763562], [-97.478024, 26.7572], [-97.471663, 26.758727], [-97.468609, 26.740915], [-97.467337, 26.710126], [-97.444945, 26.633535], [-97.445708, 26.609362], [-97.428151, 26.572466], [-97.416955, 26.553637], [-97.422299, 26.520303], [-97.425861, 26.516741], [-97.430696, 26.506563], [-97.430696, 26.494603], [-97.42637, 26.484425], [-97.429169, 26.478064], [-97.43553, 26.470176], [-97.441383, 26.466614], [-97.441383, 26.455418], [-97.437566, 26.44982], [-97.425861, 26.446003], [-97.421026, 26.446766], [-97.41721, 26.44982], [-97.411612, 26.447275], [-97.412884, 26.433026], [-97.42179, 26.417249], [-97.4195, 26.413178], [-97.406014, 26.409107], [-97.398126, 26.410888], [-97.394309, 26.41445], [-97.395072, 26.417249], [-97.377769, 26.409107], [-97.369627, 26.394603], [-97.374461, 26.380862], [-97.388965, 26.36585], [-97.392019, 26.339386], [-97.391001, 26.332262], [-97.387947, 26.330481], [-97.376242, 26.336333], [-97.372171, 26.339895], [-97.369372, 26.348547], [-97.358176, 26.356435], [-97.343418, 26.359234], [-97.335275, 26.355672], [-97.330441, 26.350582], [-97.336802, 26.331753], [-97.352833, 26.318521], [-97.354359, 26.313941], [-97.34698, 26.311396], [-97.347489, 26.292821], [-97.343927, 26.267376], [-97.341128, 26.265595], [-97.331967, 26.265595], [-97.322807, 26.271956], [-97.311866, 26.273737], [-97.307031, 26.253126], [-97.308049, 26.249055], [-97.32128, 26.236078], [-97.32128, 26.228699], [-97.304486, 26.20249], [-97.296598, 26.200709], [-97.294817, 26.192312], [-97.296089, 26.182388], [-97.306776, 26.159487], [-97.296598, 26.142439], [-97.28536, 26.128378], [-97.282094, 26.120301], [-97.283112, 26.117757], [-97.294054, 26.11394], [-97.295072, 26.108342], [-97.279804, 26.092057], [-97.270898, 26.086459], [-97.24698, 26.080352], [-97.208048, 26.079589], [-97.199651, 26.077044], [-97.195071, 26.04193], [-97.204995, 26.030225], [-97.214918, 26.030734], [-97.224842, 26.027426], [-97.226114, 26.024372], [-97.219244, 25.996128], [-97.216954, 25.993838], [-97.208557, 25.991802], [-97.195834, 25.993074], [-97.17446, 26.000072], [-97.167208, 26.007069], [-97.162755, 26.014576], [-97.162628, 26.023482], [-97.172043, 26.044729], [-97.178659, 26.045492], [-97.18273, 26.053126], [-97.164982, 26.063876], [-97.152009, 26.062108], [-97.15321, 26.038906], [-97.151922, 26.017653], [-97.145567, 25.971132], [-97.146881, 25.969781], [-97.146294, 25.955606], [-97.147785, 25.953132], [-97.156608, 25.949022], [-97.160294, 25.950243], [-97.168199, 25.959262], [-97.178362, 25.962114], [-97.187583, 25.958174], [-97.206945, 25.960899], [-97.229226, 25.958753], [-97.239867, 25.954974], [-97.248033, 25.948097], [-97.276707, 25.952147], [-97.281389, 25.948037], [-97.277163, 25.935438], [-97.303602, 25.936704], [-97.320561, 25.929802], [-97.324914, 25.924041], [-97.338346, 25.923125], [-97.350398, 25.925241], [-97.367642, 25.91568], [-97.37443, 25.907444], [-97.372365, 25.905016], [-97.365976, 25.902447], [-97.365521, 25.890476], [-97.360082, 25.868874], [-97.36542, 25.849826], [-97.372864, 25.840117], [-97.394513, 25.837377], [-97.422636, 25.840378], [-97.445113, 25.850026], [-97.448271, 25.859463], [-97.449172, 25.871678], [-97.454727, 25.879337], [-97.468262, 25.884162], [-97.48606, 25.878758], [-97.496861, 25.880058], [-97.521762, 25.886458], [-97.528628, 25.905219], [-97.530322, 25.916797], [-97.542957, 25.920035], [-97.54517, 25.923975], [-97.546421, 25.934077], [-97.555379, 25.937136], [-97.559364, 25.932257], [-97.582565, 25.937857], [-97.580419, 25.945116], [-97.583044, 25.955443], [-97.598043, 25.957556], [-97.607734, 25.972745], [-97.608283, 25.976594], [-97.627226, 25.996727], [-97.634804, 25.999509], [-97.644011, 26.006614], [-97.643708, 26.016943], [-97.649176, 26.021499], [-97.661326, 26.019373], [-97.668298, 26.019956], [-97.671351, 26.024233], [-97.697069, 26.023455], [-97.703247, 26.030309], [-97.711145, 26.033043], [-97.71992, 26.030838], [-97.758838, 26.032131], [-97.763091, 26.03365], [-97.764913, 26.037903], [-97.770077, 26.041548], [-97.779191, 26.042763], [-97.784051, 26.040637], [-97.789823, 26.04246], [-97.792253, 26.044282], [-97.795291, 26.055218], [-97.801344, 26.060017], [-97.825546, 26.055702], [-97.836608, 26.051651], [-97.860504, 26.052918], [-97.871187, 26.058083], [-97.876983, 26.064483], [-97.88653, 26.066339], [-97.913882, 26.056539], [-97.93542, 26.052688], [-97.944345, 26.059621], [-97.950095, 26.061828], [-97.967358, 26.051718], [-97.978769, 26.059708], [-97.981335, 26.067182], [-98.010971, 26.063863], [-98.028759, 26.06647], [-98.033102, 26.061039], [-98.034403, 26.051375], [-98.039239, 26.041275], [-98.070021, 26.047992], [-98.070025, 26.051466], [-98.076544, 26.068042], [-98.080495, 26.070932], [-98.084755, 26.070808], [-98.085849, 26.069208], [-98.081567, 26.066108], [-98.081884, 26.063724], [-98.091038, 26.059169], [-98.094432, 26.058625], [-98.097643, 26.060271], [-98.105505, 26.067537], [-98.128331, 26.061929], [-98.146622, 26.049412], [-98.149463, 26.051579], [-98.149463, 26.055813], [-98.151731, 26.058187], [-98.177897, 26.074672], [-98.18906, 26.063258], [-98.191534, 26.057118], [-98.197046, 26.056153], [-98.200871, 26.059161], [-98.20496, 26.066419], [-98.220673, 26.076467], [-98.230097, 26.077155], [-98.248806, 26.073101], [-98.264514, 26.085507], [-98.277218, 26.098802], [-98.272898, 26.10629], [-98.270034, 26.10709], [-98.265698, 26.12037], [-98.296195, 26.120321], [-98.299523, 26.11749], [-98.302979, 26.11005], [-98.323828, 26.121249], [-98.335204, 26.137617], [-98.33842, 26.151344], [-98.333316, 26.1588], [-98.333156, 26.162336], [-98.336837, 26.166432], [-98.345781, 26.166016], [-98.354645, 26.15304], [-98.386694, 26.157872], [-98.404433, 26.182564], [-98.41812, 26.184648], [-98.442536, 26.199151], [-98.444376, 26.201407], [-98.443682, 26.213339], [-98.450976, 26.219904], [-98.465077, 26.222335], [-98.481646, 26.219277], [-98.483269, 26.216439], [-98.496684, 26.212853], [-98.500575, 26.213826], [-98.503492, 26.214798], [-98.509327, 26.222822], [-98.516621, 26.223551], [-98.52659, 26.221606], [-98.535241, 26.225677], [-98.538017, 26.231331], [-98.543852, 26.234492], [-98.5616, 26.230845], [-98.576188, 26.235221], [-98.58178, 26.243001], [-98.585184, 26.254429], [-98.599154, 26.257612], [-98.613465, 26.252028], [-98.626654, 26.25221], [-98.63418, 26.242612], [-98.654221, 26.23596], [-98.669397, 26.23632], [-98.675206, 26.239989], [-98.679042, 26.245554], [-98.677766, 26.255568], [-98.681167, 26.26271], [-98.687156, 26.26512], [-98.698856, 26.265619], [-98.707451, 26.272152], [-98.710602, 26.279018], [-98.709171, 26.284186], [-98.711233, 26.289687], [-98.729196, 26.299027], [-98.734613, 26.29897], [-98.745272, 26.303096], [-98.745615, 26.317193], [-98.749054, 26.321662], [-98.755242, 26.3251], [-98.779912, 26.326542], [-98.789822, 26.331575], [-98.796252, 26.349104], [-98.798211, 26.360166], [-98.807348, 26.369421], [-98.824571, 26.370715], [-98.832909, 26.363338], [-98.844057, 26.358638], [-98.847707, 26.359595], [-98.853415, 26.365023], [-98.861354, 26.36599], [-98.890965, 26.357569], [-98.90556, 26.364024], [-98.921277, 26.381426], [-98.924926, 26.381987], [-98.937556, 26.376093], [-98.942046, 26.375532], [-98.950186, 26.380303], [-98.958325, 26.394056], [-98.967587, 26.398266], [-98.990321, 26.395459], [-99.008003, 26.395459], [-99.014739, 26.398827], [-99.021935, 26.407902], [-99.032316, 26.412082], [-99.039107, 26.412947], [-99.045466, 26.409816], [-99.053185, 26.402006], [-99.062093, 26.397371], [-99.082002, 26.39651], [-99.085126, 26.398782], [-99.089413, 26.4081], [-99.110855, 26.426278], [-99.113808, 26.434002], [-99.103083, 26.441515], [-99.091635, 26.476977], [-99.105031, 26.500335], [-99.127782, 26.525199], [-99.143659, 26.527901], [-99.166742, 26.536079], [-99.170704, 26.540316], [-99.171404, 26.549848], [-99.16741, 26.560001], [-99.178064, 26.620547], [-99.200522, 26.656443], [-99.209948, 26.693938], [-99.208907, 26.724761], [-99.240023, 26.745851], [-99.242444, 26.788262], [-99.262208, 26.815668], [-99.268613, 26.843213], [-99.280471, 26.858053], [-99.295146, 26.86544], [-99.316753, 26.865831], [-99.3289, 26.879761], [-99.321819, 26.906846], [-99.324684, 26.915973], [-99.337297, 26.922759], [-99.361144, 26.928921], [-99.367054, 26.929034], [-99.379149, 26.93449], [-99.388253, 26.944217], [-99.393748, 26.96073], [-99.390189, 26.966348], [-99.377312, 26.973819], [-99.376593, 26.977717], [-99.378435, 26.980034], [-99.387367, 26.982399], [-99.403694, 26.997356], [-99.407321, 27.005809], [-99.415476, 27.01724], [-99.420447, 27.016568], [-99.42938, 27.010833], [-99.432155, 27.010699], [-99.438721, 27.01463], [-99.446524, 27.023008], [-99.44697, 27.026026], [-99.444062, 27.031253], [-99.443973, 27.036458], [-99.452316, 27.062669], [-99.450282, 27.067705], [-99.43447, 27.078517], [-99.429209, 27.090982], [-99.430275, 27.094872], [-99.437646, 27.100442], [-99.442123, 27.106839], [-99.441109, 27.110042], [-99.43337, 27.119218], [-99.430581, 27.126612], [-99.431355, 27.13758], [-99.438265, 27.144792], [-99.439971, 27.151072], [-99.437951, 27.154121], [-99.429984, 27.159149], [-99.426348, 27.176262], [-99.432795, 27.209693], [-99.441928, 27.217985], [-99.445238, 27.223341], [-99.441407, 27.236758], [-99.441549, 27.24992], [-99.452391, 27.264046], [-99.463309, 27.268437], [-99.480688, 27.259989], [-99.48791, 27.260721], [-99.492407, 27.264118], [-99.496615, 27.271708], [-99.487513, 27.29024], [-99.487937, 27.294941], [-99.494604, 27.303542], [-99.502036, 27.306121], [-99.511531, 27.304077], [-99.523658, 27.304138], [-99.529654, 27.306051], [-99.536443, 27.312538], [-99.537771, 27.316073], [-99.531376, 27.323809], [-99.52126, 27.324784], [-99.504837, 27.338289], [-99.507831, 27.348637], [-99.507779, 27.354247], [-99.499076, 27.37314], [-99.492144, 27.380517], [-99.487521, 27.412396], [-99.495699, 27.438884], [-99.495104, 27.451518], [-99.483819, 27.467297], [-99.480419, 27.481596], [-99.480219, 27.485796], [-99.483519, 27.491096], [-99.497519, 27.500496], [-99.51332, 27.499496], [-99.51932, 27.496896], [-99.52582, 27.496696], [-99.52832, 27.498896], [-99.521919, 27.544094], [-99.518819, 27.553194], [-99.514319, 27.556994], [-99.511119, 27.564494], [-99.512219, 27.568094], [-99.515978, 27.572131], [-99.530138, 27.580207], [-99.539722, 27.603281], [-99.55495, 27.614454], [-99.556812, 27.614336], [-99.559467, 27.609076], [-99.562869, 27.607264], [-99.580006, 27.602251], [-99.584843, 27.603903], [-99.585148, 27.606398], [-99.57816, 27.610369], [-99.578099, 27.619196], [-99.584782, 27.622007], [-99.591372, 27.627464], [-99.594038, 27.638573], [-99.596231, 27.639858], [-99.603533, 27.641992], [-99.624515, 27.634515], [-99.625322, 27.631137], [-99.638929, 27.626758], [-99.654324, 27.629616], [-99.665948, 27.635968], [-99.665422, 27.640275], [-99.6595, 27.645246], [-99.658295, 27.650158], [-99.661845, 27.655753], [-99.668942, 27.659974], [-99.685813, 27.661015], [-99.699356, 27.655417], [-99.704601, 27.654954], [-99.711511, 27.658365], [-99.721519, 27.666155], [-99.723716, 27.673328], [-99.732448, 27.685425], [-99.757539, 27.711853], [-99.758534, 27.717071], [-99.77074, 27.732134], [-99.774901, 27.73354], [-99.785366, 27.730355], [-99.788845, 27.730718], [-99.796342, 27.735586], [-99.801651, 27.741771], [-99.80567, 27.758688], [-99.813086, 27.773952], [-99.819092, 27.776019], [-99.822193, 27.766855], [-99.825793, 27.764374], [-99.835127, 27.762881], [-99.841708, 27.766464], [-99.844737, 27.778809], [-99.850877, 27.793974], [-99.870066, 27.794627], [-99.877677, 27.799427], [-99.87784, 27.824376], [-99.876003, 27.837968], [-99.877202, 27.842179], [-99.882015, 27.850392], [-99.89365, 27.856193], [-99.901486, 27.864162], [-99.904385, 27.875284], [-99.901232, 27.884406], [-99.894091, 27.89295], [-99.893456, 27.899208], [-99.895828, 27.904178], [-99.90008, 27.912142], [-99.917461, 27.917973], [-99.937142, 27.940537], [-99.938541, 27.954059], [-99.932161, 27.96771], [-99.931812, 27.980967], [-99.962769, 27.983536], [-99.984923, 27.990729], [-99.991447, 27.99456], [-100.008631, 28.023964], [-100.012839, 28.037203], [-100.017914, 28.064787], [-100.028725, 28.073118], [-100.046108, 28.079068], [-100.053123, 28.08473], [-100.056983, 28.094207], [-100.055596, 28.101141], [-100.056493, 28.104186], [-100.067652, 28.113602], [-100.075474, 28.124882], [-100.083393, 28.144035], [-100.090289, 28.148313], [-100.119628, 28.155588], [-100.141098, 28.168149], [-100.16059, 28.16816], [-100.168438, 28.171542], [-100.174413, 28.179448], [-100.185694, 28.185781], [-100.196499, 28.190218], [-100.208059, 28.190383], [-100.212105, 28.19651], [-100.21345, 28.210416], [-100.217565, 28.226934], [-100.220284, 28.23221], [-100.22363, 28.235224], [-100.227575, 28.235857], [-100.2462, 28.234092], [-100.251634, 28.236177], [-100.267604, 28.250269], [-100.280518, 28.267969], [-100.289384, 28.273491], [-100.293468, 28.278475], [-100.294296, 28.284381], [-100.287554, 28.301093], [-100.286471, 28.312296], [-100.288639, 28.316978], [-100.314198, 28.345859], [-100.317246, 28.357382], [-100.320393, 28.362117], [-100.341869, 28.384953], [-100.3444, 28.389662], [-100.349586, 28.402604], [-100.343945, 28.410119], [-100.337059, 28.427151], [-100.336186, 28.430181], [-100.337797, 28.44296], [-100.341533, 28.449571], [-100.350786, 28.459246], [-100.357498, 28.463642], [-100.368288, 28.477196], [-100.365982, 28.481116], [-100.352235, 28.482638], [-100.344181, 28.486249], [-100.33714, 28.491729], [-100.333814, 28.499252], [-100.338518, 28.501833], [-100.362148, 28.508399], [-100.379079, 28.511639], [-100.38886, 28.515748], [-100.405058, 28.53578], [-100.411414, 28.551899], [-100.39727, 28.575637], [-100.3968, 28.580401], [-100.398385, 28.584884], [-100.429856, 28.596441], [-100.44732, 28.609325], [-100.448648, 28.616774], [-100.445529, 28.637144], [-100.447091, 28.642197], [-100.462866, 28.641364], [-100.474494, 28.647071], [-100.479636, 28.655225], [-100.495863, 28.658569], [-100.500354, 28.66196], [-100.510055, 28.690723], [-100.511998, 28.705352], [-100.506701, 28.716745], [-100.507613, 28.740599], [-100.519226, 28.756161], [-100.533017, 28.76328], [-100.537772, 28.780776], [-100.532431, 28.791063], [-100.53583, 28.805888], [-100.547324, 28.825817], [-100.55313, 28.828249], [-100.561443, 28.829174], [-100.57051, 28.826317], [-100.574699, 28.828787], [-100.576846, 28.836168], [-100.572992, 28.848464], [-100.580502, 28.856008], [-100.59104, 28.863054], [-100.598877, 28.875591], [-100.602654, 28.88766], [-100.602054, 28.901944], [-100.627206, 28.903734], [-100.631611, 28.902839], [-100.640568, 28.914212], [-100.63917, 28.916289], [-100.638857, 28.927622], [-100.651512, 28.943432], [-100.646993, 28.957079], [-100.645894, 28.986421], [-100.650946, 29.008254], [-100.653758, 29.015356], [-100.65611, 29.017224], [-100.660208, 29.031497], [-100.663212, 29.048042], [-100.662508, 29.058107], [-100.664065, 29.073206], [-100.674656, 29.099777], [-100.684472, 29.110657], [-100.692327, 29.115228], [-100.709966, 29.119684], [-100.727462, 29.129123], [-100.737795, 29.139079], [-100.739116, 29.141658], [-100.737591, 29.147407], [-100.739681, 29.150486], [-100.74614, 29.154149], [-100.759726, 29.15715], [-100.772649, 29.168492], [-100.775905, 29.173344], [-100.766031, 29.185849], [-100.767059, 29.195287], [-100.785521, 29.228137], [-100.791372, 29.225945], [-100.795681, 29.22773], [-100.797046, 29.235586], [-100.794912, 29.242459], [-100.797671, 29.246943], [-100.823533, 29.261742], [-100.83404, 29.2614], [-100.839016, 29.263259], [-100.848664, 29.271421], [-100.856469, 29.275664], [-100.864659, 29.276076], [-100.876049, 29.279585], [-100.878883, 29.282193], [-100.882052, 29.299045], [-100.886842, 29.307848], [-100.904835, 29.31201], [-100.926678, 29.326584], [-100.940615, 29.333109], [-100.943196, 29.341985], [-100.948972, 29.347246], [-100.964325, 29.347342], [-100.971743, 29.351371], [-100.972916, 29.354545], [-100.995607, 29.363403], [-101.004207, 29.364772], [-101.010614, 29.368669], [-101.024016, 29.393698], [-101.036604, 29.406108], [-101.0386, 29.410714], [-101.037642, 29.414681], [-101.043364, 29.42988], [-101.056957, 29.440773], [-101.060151, 29.458661], [-101.087149, 29.469414], [-101.103699, 29.47055], [-101.115254, 29.468459], [-101.130038, 29.47842], [-101.137503, 29.473542], [-101.144337, 29.473246], [-101.151877, 29.477005], [-101.171663, 29.50395], [-101.173821, 29.514566], [-101.19272, 29.520285], [-101.227419, 29.52235], [-101.235275, 29.524854], [-101.254895, 29.520342], [-101.260837, 29.529933], [-101.261175, 29.536777], [-101.244355, 29.569187], [-101.242023, 29.592512], [-101.251353, 29.604174], [-101.259127, 29.607284], [-101.265347, 29.607284], [-101.274677, 29.602619], [-101.28323, 29.594844], [-101.297224, 29.587069], [-101.307332, 29.587847], [-101.314329, 29.595622], [-101.307332, 29.640716], [-101.311219, 29.648491], [-101.316661, 29.655488], [-101.325214, 29.657821], [-101.350093, 29.654711], [-101.361756, 29.657821], [-101.367198, 29.664041], [-101.37886, 29.69825], [-101.396948, 29.713947], [-101.398362, 29.717], [-101.396294, 29.727055], [-101.397009, 29.733963], [-101.400636, 29.738079], [-101.410024, 29.741498], [-101.415584, 29.746534], [-101.415402, 29.756561], [-101.424732, 29.758116], [-101.441059, 29.753451], [-101.446502, 29.755006], [-101.453499, 29.759671], [-101.455224, 29.771874], [-101.467494, 29.779886], [-101.475269, 29.780663], [-101.503223, 29.764582], [-101.522695, 29.759671], [-101.532802, 29.764336], [-101.537467, 29.782996], [-101.546797, 29.796991], [-101.561569, 29.794658], [-101.575564, 29.774444], [-101.582562, 29.771334], [-101.603681, 29.774399], [-101.625958, 29.771063], [-101.630319, 29.768729], [-101.635128, 29.758675], [-101.646418, 29.754304], [-101.652401, 29.758795], [-101.654578, 29.765163], [-101.662453, 29.77128], [-101.689992, 29.771213], [-101.706636, 29.762737], [-101.714224, 29.76766], [-101.735202, 29.771592], [-101.754323, 29.777662], [-101.763274, 29.78417], [-101.777161, 29.789327], [-101.785668, 29.788252], [-101.791003, 29.783038], [-101.79687, 29.782619], [-101.806508, 29.78639], [-101.809441, 29.790161], [-101.814889, 29.793095], [-101.831232, 29.789323], [-101.852604, 29.801895], [-101.862242, 29.800219], [-101.8754, 29.794023], [-101.892739, 29.797891], [-101.912406, 29.79785], [-101.917557, 29.792676], [-101.922585, 29.790161], [-101.929709, 29.789323], [-101.93809, 29.796028], [-101.946471, 29.797704], [-101.953595, 29.796866], [-101.959462, 29.799381], [-101.966167, 29.807343], [-101.970357, 29.810276], [-101.974548, 29.810276], [-101.987539, 29.801057], [-102.001786, 29.804828], [-102.021919, 29.802491], [-102.034759, 29.804028], [-102.039013, 29.802655], [-102.041088, 29.79961], [-102.038412, 29.792832], [-102.039227, 29.790977], [-102.050044, 29.78507], [-102.073646, 29.786926], [-102.077348, 29.792421], [-102.084439, 29.794962], [-102.091816, 29.792854], [-102.115682, 29.79239], [-102.142326, 29.802854], [-102.159601, 29.814356], [-102.161674, 29.819487], [-102.181894, 29.846034], [-102.18615, 29.848462], [-102.188672, 29.848943], [-102.205381, 29.842438], [-102.227553, 29.843534], [-102.261389, 29.853283], [-102.264041, 29.855964], [-102.261777, 29.864002], [-102.264954, 29.867806], [-102.268817, 29.867991], [-102.276755, 29.862978], [-102.281249, 29.863117], [-102.297331, 29.875194], [-102.301381, 29.877674], [-102.315389, 29.87992], [-102.320619, 29.87898], [-102.324634, 29.872307], [-102.333384, 29.868046], [-102.341033, 29.869305], [-102.349861, 29.862317], [-102.364542, 29.845387], [-102.362514, 29.833156], [-102.369522, 29.820395], [-102.377254, 29.800163], [-102.377313, 29.789971], [-102.386678, 29.76688], [-102.392906, 29.765569], [-102.412062, 29.768062], [-102.433301, 29.776608], [-102.468946, 29.779817], [-102.490331, 29.783948], [-102.508313, 29.783219], [-102.512687, 29.780303], [-102.513381, 29.76576], [-102.539417, 29.751629], [-102.545492, 29.7509], [-102.551081, 29.752358], [-102.559343, 29.760377], [-102.565661, 29.761592], [-102.576353, 29.754302], [-102.587774, 29.750657], [-102.59716, 29.751608], [-102.612879, 29.748182], [-102.622534, 29.736632], [-102.630151, 29.734315], [-102.645665, 29.73391], [-102.661252, 29.736123], [-102.670971, 29.741954], [-102.677192, 29.738261], [-102.688164, 29.722487], [-102.690238, 29.707482], [-102.698347, 29.695591], [-102.699317, 29.685029], [-102.693466, 29.676507], [-102.724231, 29.648415], [-102.736948, 29.641538], [-102.742031, 29.632142], [-102.738428, 29.621929], [-102.739991, 29.599041], [-102.746202, 29.592875], [-102.757066, 29.597799], [-102.761811, 29.598397], [-102.768341, 29.594734], [-102.762241, 29.579449], [-102.766124, 29.572348], [-102.773961, 29.573084], [-102.777531, 29.556497], [-102.775725, 29.552189], [-102.771429, 29.548546], [-102.808692, 29.522319], [-102.807327, 29.494009], [-102.813954, 29.482806], [-102.83097, 29.444267], [-102.832539, 29.433109], [-102.827355, 29.418262], [-102.824564, 29.399558], [-102.840778, 29.376962], [-102.843021, 29.357988], [-102.86163, 29.351639], [-102.871857, 29.352093], [-102.876866, 29.354059], [-102.879534, 29.353327], [-102.883722, 29.348059], [-102.879805, 29.338755], [-102.890489, 29.309499], [-102.888328, 29.291947], [-102.891022, 29.287113], [-102.902605, 29.279441], [-102.906296, 29.260011], [-102.903189, 29.254029], [-102.887902, 29.245612], [-102.881135, 29.246022], [-102.871347, 29.241625], [-102.866846, 29.225015], [-102.87802, 29.214698], [-102.890064, 29.208814], [-102.899231, 29.208863], [-102.908787, 29.219337], [-102.912131, 29.218902], [-102.915866, 29.215878], [-102.915554, 29.211342], [-102.912448, 29.206255], [-102.917805, 29.190697], [-102.925482, 29.193723], [-102.932612, 29.194113], [-102.944911, 29.18882], [-102.947156, 29.180777], [-102.95089, 29.176835], [-102.953475, 29.176308], [-102.977266, 29.186226], [-102.989432, 29.183174], [-102.994653, 29.17962], [-102.998096, 29.172676], [-102.995688, 29.161219], [-103.002434, 29.150261], [-103.008362, 29.148293], [-103.010325, 29.137822], [-103.015028, 29.12577], [-103.032983, 29.114118], [-103.033303, 29.107356], [-103.035683, 29.103029], [-103.040442, 29.099351], [-103.05537, 29.096539], [-103.074407, 29.088534], [-103.076355, 29.085722], [-103.076847, 29.076059], [-103.100266, 29.0577], [-103.102532, 29.040507], [-103.100368, 29.026877], [-103.101608, 29.018123], [-103.107811, 29.013812], [-103.117238, 29.000209], [-103.113922, 28.988547], [-103.115328, 28.98527], [-103.126748, 28.982124], [-103.134931, 28.983525], [-103.143274, 28.978074], [-103.156646, 28.972831], [-103.163865, 28.972099], [-103.165923, 28.974002], [-103.166235, 28.978836], [-103.227801, 28.991532], [-103.239109, 28.981651], [-103.245121, 28.98024], [-103.249155, 28.980952], [-103.253285, 28.986687], [-103.260308, 28.989731], [-103.266003, 28.990206], [-103.270357, 28.988114], [-103.273357, 28.982844], [-103.28119, 28.982138], [-103.284749, 28.987121], [-103.285936, 28.994003], [-103.289258, 28.999698], [-103.296614, 29.004444], [-103.312987, 29.010139], [-103.331022, 29.021766], [-103.33292, 29.026987], [-103.332446, 29.033394], [-103.334819, 29.039801], [-103.341463, 29.041224], [-103.34787, 29.037428], [-103.350816, 29.028567], [-103.355428, 29.021529], [-103.361998, 29.018914], [-103.382125, 29.024249], [-103.427754, 29.042334], [-103.434668, 29.055317], [-103.453029, 29.067467], [-103.457386, 29.068597], [-103.463196, 29.066822], [-103.469167, 29.069242], [-103.471265, 29.073115], [-103.471426, 29.081345], [-103.474815, 29.086671], [-103.484429, 29.094524], [-103.503236, 29.11911], [-103.524613, 29.120998], [-103.523384, 29.133389], [-103.525027, 29.137354], [-103.558679, 29.154962], [-103.579462, 29.149965], [-103.59236, 29.15026], [-103.606438, 29.160411], [-103.61054, 29.165773], [-103.645635, 29.159286], [-103.65318, 29.162864], [-103.656808, 29.169099], [-103.660203, 29.170934], [-103.68867, 29.178294], [-103.697314, 29.177194], [-103.71377, 29.185008], [-103.724743, 29.19147], [-103.742175, 29.20861], [-103.755943, 29.225545], [-103.76857, 29.227361], [-103.777623, 29.232265], [-103.78166, 29.248804], [-103.789034, 29.257502], [-103.816642, 29.270927], [-103.838303, 29.278304], [-103.856893, 29.281852], [-103.880606, 29.284962], [-103.917106, 29.284216], [-103.91891, 29.285042], [-103.918857, 29.290107], [-103.924976, 29.293913], [-103.943698, 29.294946], [-103.965796, 29.298587], [-103.975235, 29.296017], [-104.038282, 29.320156], [-104.055596, 29.33091], [-104.057244, 29.337694], [-104.075924, 29.345075], [-104.08215, 29.345923], [-104.091022, 29.353692], [-104.093326, 29.359926], [-104.098378, 29.366756], [-104.106467, 29.373127], [-104.125475, 29.380922], [-104.143692, 29.383278], [-104.166563, 29.399352], [-104.18007, 29.412764], [-104.181273, 29.426265], [-104.19599, 29.442884], [-104.208194, 29.448201], [-104.212529, 29.452439], [-104.213948, 29.456222], [-104.213239, 29.47301], [-104.220569, 29.477976], [-104.229081, 29.48105], [-104.233825, 29.486545], [-104.233487, 29.492734], [-104.235847, 29.496744], [-104.260293, 29.509425], [-104.264155, 29.514001], [-104.308813, 29.524337], [-104.318074, 29.527938], [-104.327483, 29.522188], [-104.334811, 29.519463], [-104.338113, 29.519967], [-104.371175, 29.543063], [-104.381041, 29.543406], [-104.394589, 29.556087], [-104.394351, 29.560535], [-104.399591, 29.572319], [-104.452301, 29.60366], [-104.46652, 29.609296], [-104.483502, 29.627741], [-104.493659, 29.634017], [-104.507568, 29.639624], [-104.539761, 29.676074], [-104.540559, 29.681129], [-104.53577, 29.687248], [-104.536302, 29.690441], [-104.552241, 29.717123], [-104.555601, 29.731221], [-104.55466, 29.740726], [-104.565951, 29.758795], [-104.565688, 29.770462], [-104.592472, 29.810276], [-104.594023, 29.809221], [-104.599149, 29.811007], [-104.610166, 29.819118], [-104.619039, 29.844445], [-104.62435, 29.845222], [-104.630103, 29.853314], [-104.63036, 29.863377], [-104.633275, 29.870485], [-104.656783, 29.889333], [-104.65865, 29.891557], [-104.659042, 29.901413], [-104.672327, 29.911112], [-104.679772, 29.924659], [-104.684322, 29.956086], [-104.679661, 29.975272], [-104.685479, 29.989943], [-104.689641, 30.01495], [-104.693592, 30.019077], [-104.702311, 30.021322], [-104.703998, 30.02421], [-104.701102, 30.035534], [-104.706874, 30.050685], [-104.703582, 30.06453], [-104.698233, 30.065287], [-104.692778, 30.069757], [-104.685003, 30.085643], [-104.685687, 30.095957], [-104.692094, 30.107304], [-104.695366, 30.13213], [-104.692123, 30.138663], [-104.687507, 30.162203], [-104.687296, 30.179464], [-104.702788, 30.211736], [-104.711236, 30.222921], [-104.713166, 30.237957], [-104.733822, 30.261221], [-104.73736, 30.26138], [-104.740448, 30.259454], [-104.749664, 30.26126], [-104.751567, 30.263644], [-104.757894, 30.282396], [-104.761634, 30.301148], [-104.779356, 30.313188], [-104.797291, 30.330336], [-104.809794, 30.334926], [-104.813478, 30.347061], [-104.814779, 30.360497], [-104.817596, 30.365915], [-104.824314, 30.370466], [-104.837493, 30.373909], [-104.859521, 30.390413], [-104.85744, 30.408957], [-104.85242, 30.418792], [-104.861074, 30.428897], [-104.869872, 30.458645], [-104.868711, 30.46323], [-104.866119, 30.46479], [-104.866094, 30.46738], [-104.876787, 30.511004], [-104.889376, 30.535144], [-104.892228, 30.55142], [-104.899001, 30.5704], [-104.924796, 30.604832], [-104.939873, 30.603939], [-104.967167, 30.608107], [-104.972071, 30.61026], [-104.980291, 30.62204], [-104.983981, 30.635206], [-104.9863, 30.661059], [-105.00124, 30.672583], [-105.002057, 30.680972], [-105.006801, 30.686039], [-105.020142, 30.683637], [-105.04293, 30.687256], [-105.049885, 30.680817], [-105.062334, 30.686303], [-105.062626, 30.698222], [-105.098282, 30.718914], [-105.108076, 30.73005], [-105.110706, 30.73775], [-105.110682, 30.743366], [-105.113816, 30.746001], [-105.123265, 30.749504], [-105.140207, 30.752502], [-105.152362, 30.751452], [-105.15764, 30.754008], [-105.160153, 30.757059], [-105.16123, 30.767468], [-105.164819, 30.772493], [-105.178279, 30.772134], [-105.183436, 30.776645], [-105.185931, 30.784392], [-105.195144, 30.792138], [-105.206161, 30.786454], [-105.212917, 30.785415], [-105.215967, 30.786492], [-105.216685, 30.789543], [-105.214891, 30.79726], [-105.21866, 30.801567], [-105.238364, 30.803109], [-105.255416, 30.797029], [-105.261361, 30.798078], [-105.287238, 30.822206], [-105.29563, 30.822206], [-105.303673, 30.816961], [-105.314863, 30.816961], [-105.31766, 30.825004], [-105.320108, 30.827452], [-105.347695, 30.838065], [-105.360672, 30.847384], [-105.377417, 30.848645], [-105.394242, 30.852979], [-105.39669, 30.855427], [-105.394249, 30.871961], [-105.399609, 30.888941], [-105.413505, 30.899808], [-105.430089, 30.905792], [-105.488027, 30.943278], [-105.496856, 30.950494], [-105.497964, 30.957279], [-105.502257, 30.96268], [-105.533088, 30.984859], [-105.543676, 30.984746], [-105.55743, 30.990229], [-105.579114, 31.021645], [-105.581404, 31.026847], [-105.579542, 31.035396], [-105.585323, 31.057488], [-105.595921, 31.064842], [-105.598773, 31.074926], [-105.60333, 31.082625], [-105.627349, 31.098545], [-105.64189, 31.098322], [-105.646731, 31.113908], [-105.648834, 31.115902], [-105.709491, 31.136375], [-105.717006, 31.141438], [-105.71954, 31.149161], [-105.742678, 31.164897], [-105.763531, 31.164121], [-105.773257, 31.166897], [-105.780021, 31.182666], [-105.779725, 31.191283], [-105.782895, 31.197563], [-105.794386, 31.20224], [-105.818835, 31.230681], [-105.835722, 31.246812], [-105.869353, 31.288634], [-105.876015, 31.291589], [-105.890872, 31.290014], [-105.895035, 31.290978], [-105.903461, 31.306769], [-105.908771, 31.312774], [-105.932553, 31.313121], [-105.938452, 31.318735], [-105.948091, 31.340069], [-105.945903, 31.35281], [-105.953943, 31.364749], [-105.970101, 31.365937], [-106.004926, 31.392458], [-106.080258, 31.398702], [-106.106877, 31.421403], [-106.112169, 31.423578], [-106.132782, 31.425367], [-106.158218, 31.438885], [-106.175675, 31.456279], [-106.205827, 31.465976], [-106.218843, 31.4803], [-106.223909, 31.500422], [-106.236804, 31.513376], [-106.246203, 31.541153], [-106.25478, 31.547997], [-106.280811, 31.562062], [-106.287785, 31.584445], [-106.303536, 31.620413], [-106.334737, 31.664112], [-106.349538, 31.696711], [-106.370139, 31.71071], [-106.373839, 31.71481], [-106.378039, 31.72831], [-106.381039, 31.73211], [-106.41794, 31.752009], [-106.431541, 31.754209], [-106.451541, 31.764808], [-106.467642, 31.759608], [-106.470742, 31.753508], [-106.475542, 31.750109], [-106.484642, 31.747809], [-106.489542, 31.748408], [-106.507342, 31.761208], [-106.523643, 31.776207], [-106.528643, 31.781807], [-106.528543, 31.783907], [-106.528543, 31.784407], [-106.527997, 31.786945], [-106.527623, 31.789119], [-106.527738, 31.789761], [-106.527943, 31.790507], [-106.530515, 31.792103], [-106.53248, 31.791914], [-106.533, 31.791829], [-106.533043, 31.791907], [-106.534743, 31.796107], [-106.535154, 31.797089], [-106.535343, 31.797507], [-106.535843, 31.798607], [-106.542097, 31.802146], [-106.542144, 31.802107], [-106.544714, 31.804287], [-106.545344, 31.805007], [-106.547144, 31.807305], [-106.558444, 31.810406], [-106.562945, 31.811104], [-106.563444, 31.812606], [-106.566844, 31.813306], [-106.570944, 31.810206], [-106.577244, 31.810406], [-106.581344, 31.813906], [-106.582144, 31.815506], [-106.588045, 31.822106], [-106.589045, 31.822706], [-106.593826, 31.824901], [-106.602727, 31.825024], [-106.605267, 31.827912], [-106.601945, 31.839605], [-106.602045, 31.844405], [-106.605245, 31.845905], [-106.605845, 31.846305], [-106.614637, 31.84649], [-106.621857, 31.852854], [-106.625763, 31.856276], [-106.627808, 31.860593], [-106.635926, 31.866235], [-106.63588, 31.871514], [-106.634873, 31.874478], [-106.630799, 31.879697], [-106.629197, 31.883717], [-106.630692, 31.886411], [-106.633927, 31.889184], [-106.638154, 31.891663], [-106.6429, 31.892933], [-106.645296, 31.894859], [-106.645646, 31.895649], [-106.645479, 31.89867], [-106.64084, 31.904598], [-106.633668, 31.90979], [-106.625947, 31.912227], [-106.623445, 31.914034], [-106.614346, 31.918003], [-106.611846, 31.920003], [-106.623933, 31.925335], [-106.628663, 31.923614], [-106.629747, 31.92657], [-106.625322, 31.930053], [-106.622529, 31.934863], [-106.622117, 31.936621], [-106.622377, 31.940863], [-106.623659, 31.94551], [-106.616136, 31.948439], [-106.614702, 31.956], [-106.617708, 31.956008], [-106.622819, 31.952891], [-106.625123, 31.954531], [-106.625535, 31.957476], [-106.624299, 31.961054], [-106.620454, 31.963403], [-106.619371, 31.964777], [-106.618745, 31.966955], [-106.619569, 31.971578], [-106.621873, 31.972933], [-106.623216, 31.97291], [-106.626466, 31.97069], [-106.630114, 31.971258], [-106.638186, 31.97682], [-106.639529, 31.980348], [-106.636492, 31.985719], [-106.631182, 31.989809], [-106.623568, 31.990999], [-106.619448, 31.994733], [-106.618486, 32.000495], [-106.599096, 32.000731], [-106.598639, 32.000754], [-106.595333, 32.000778], [-106.587972, 32.000749], [-106.566056, 32.000759], [-106.565142, 32.000736], [-106.411075, 32.001334], [-106.394298, 32.001484], [-106.376861, 32.001172], [-106.313307, 32.001512], [-106.205915, 32.001762], [-106.200699, 32.001785], [-106.18184, 32.00205], [-106.125534, 32.002533], [-105.998003, 32.002328], [-105.9006, 32.0021], [-105.886159, 32.00197], [-105.854061, 32.00235], [-105.750527, 32.002206], [-105.731362, 32.001564], [-105.429281, 32.000577], [-105.428582, 32.0006], [-105.427049, 32.000638], [-105.390396, 32.000607], [-105.153994, 32.000497], [-105.15031, 32.000497], [-105.14824, 32.000485], [-105.132916, 32.000518], [-105.131377, 32.000524], [-105.11804, 32.000485], [-105.078605, 32.000533], [-105.077046, 32.000579], [-104.918272, 32.000496], [-104.643526, 32.000443], [-104.640918, 32.000396], [-104.531937, 32.000311], [-104.531756, 32.000117], [-104.024521, 32.00001], [-103.980179, 32.000125], [-103.875476, 32.000554], [-103.748317, 32.000198], [-103.326501, 32.00037], [-103.278521, 32.000419], [-103.270383, 32.000326], [-103.267708, 32.000324], [-103.267633, 32.000475], [-103.215641, 32.000513], [-103.088698, 32.000453], [-103.085876, 32.000465], [-103.064423, 32.000518], [-103.064344, 32.087051], [-103.064348, 32.123041], [-103.064422, 32.145006], [-103.064696, 32.522193], [-103.064761, 32.587983], [-103.064788, 32.600397], [-103.064761, 32.601863], [-103.064815, 32.624537], [-103.064633, 32.64642], [-103.064864, 32.682647], [-103.064798, 32.690761], [-103.064799, 32.708694], [-103.064827, 32.726628], [-103.064807, 32.777303], [-103.064698, 32.783602], [-103.064711, 32.784593], [-103.064699, 32.827531], [-103.064672, 32.82847], [-103.064889, 32.849359], [-103.064916, 32.85726], [-103.064807, 32.857696], [-103.064862, 32.868346], [-103.064701, 32.879355], [-103.064569, 32.900014], [-103.064657, 32.959097], [-103.064679, 32.964373], [-103.064625, 32.999899], [-103.064452, 33.01029], [-103.06398, 33.038693], [-103.063905, 33.042055], [-103.060103, 33.219225], [-103.05972, 33.256262], [-103.059242, 33.260371], [-103.057856, 33.315234], [-103.057487, 33.329477], [-103.056655, 33.388438], [-103.05261, 33.570599], [-103.051664, 33.629489], [-103.051363, 33.64195], [-103.051535, 33.650487], [-103.051087, 33.658186], [-103.050532, 33.672408], [-103.050148, 33.701971], [-103.049608, 33.737766], [-103.049096, 33.74627], [-103.047346, 33.824675], [-103.046907, 33.8503], [-103.045644, 33.901537], [-103.045698, 33.906299], [-103.044893, 33.945617], [-103.04395, 33.974629], [-103.043617, 34.003633], [-103.043531, 34.018014], [-103.043555, 34.032714], [-103.043746, 34.037294], [-103.043771, 34.041538], [-103.043721, 34.04232], [-103.043767, 34.043545], [-103.043744, 34.049986], [-103.043686, 34.063078], [-103.043516, 34.079382], [-103.043569, 34.087947], [-103.043644, 34.256903], [-103.043719, 34.289441], [-103.043936, 34.302585], [-103.043979, 34.312764], [-103.043946, 34.379555], [-103.043944, 34.37966], [-103.043919, 34.380916], [-103.043693, 34.383578], [-103.04363, 34.38469], [-103.043614, 34.384969], [-103.043613, 34.388679], [-103.043613, 34.390442], [-103.043585, 34.393716], [-103.043611, 34.397105], [-103.043583, 34.400678], [-103.043538, 34.405463], [-103.043582, 34.455657], [-103.043588, 34.459662], [-103.043589, 34.459774], [-103.043594, 34.46266], [-103.043072, 34.619782], [-103.043286, 34.653099], [-103.042827, 34.671188], [-103.042769, 34.747361], [-103.04277, 34.792224], [-103.042781, 34.850243], [-103.042521, 34.899546], [-103.042642, 35.109913], [-103.043261, 35.125058], [-103.04252, 35.135596], [-103.0426, 35.142766], [-103.042711, 35.144735], [-103.042568, 35.159318], [-103.042395, 35.178573], [-103.042339, 35.181922], [-103.042366, 35.182786], [-103.042377, 35.183149], [-103.042497, 35.211862], [-103.042775, 35.241237], [-103.042366, 35.250056], [-103.041554, 35.622487], [-103.041146, 35.791583], [-103.041917, 35.796441], [-103.041716, 35.814072], [-103.042186, 35.825217], [-103.041305, 35.837694], [-103.040824, 36.055231], [-103.041674, 36.317534], [-103.041745, 36.318267], [-103.041924, 36.500439], [-103.002434, 36.500397], [-102.250453, 36.500369], [-102.24499, 36.500704], [-102.162463, 36.500326], [-102.12545, 36.500324], [-102.122066, 36.500684], [-101.930245, 36.500526], [-101.826565, 36.499654], [-101.826498, 36.499535], [-101.78811, 36.499678], [-101.783359, 36.499709], [-101.781987, 36.499718], [-101.78061, 36.499727], [-101.779435, 36.499734], [-101.709314, 36.499722], [-101.698685, 36.499508], [-101.653708, 36.499573], [-101.649966, 36.499573], [-101.623915, 36.499528], [-101.085156, 36.499244], [-101.052418, 36.499563], [-101.045331, 36.49954], [-100.977088, 36.499595], [-100.936058, 36.499602], [-100.918513, 36.499621], [-100.884174, 36.499682], [-100.88408, 36.499682], [-100.859657, 36.499687], [-100.85084, 36.4997], [-100.824236, 36.499618], [-100.824218, 36.499618], [-100.80619, 36.499674], [-100.806172, 36.499634], [-100.802909, 36.499621], [-100.802886, 36.499621], [-100.761811, 36.499618], [-100.761811, 36.49958], [-100.724362, 36.49958], [-100.724361, 36.499558], [-100.708626, 36.499553], [-100.708628, 36.499521], [-100.657763, 36.499483], [-100.657763, 36.4995], [-100.648343, 36.499495], [-100.648344, 36.499463], [-100.592614, 36.499469], [-100.592556, 36.499469], [-100.592551, 36.499429], [-100.583539, 36.499483], [-100.583379, 36.499443], [-100.578114, 36.499463], [-100.578114, 36.499439], [-100.546145, 36.499343], [-100.531215, 36.499341], [-100.531215, 36.49929], [-100.530478, 36.49924], [-100.530314, 36.499357], [-100.522227, 36.499291], [-100.441065, 36.49949], [-100.441064, 36.499462], [-100.433959, 36.499456], [-100.421328, 36.499447], [-100.421301, 36.499488], [-100.413634, 36.499444], [-100.41355, 36.499469], [-100.378634, 36.499517], [-100.378592, 36.499445], [-100.351852, 36.499487], [-100.351842, 36.499473], [-100.334464, 36.49942], [-100.334441, 36.49944], [-100.32415, 36.499679], [-100.311245, 36.499631], [-100.311018, 36.499688], [-100.310643, 36.499642], [-100.181221, 36.499633], [-100.090021, 36.499634], [-100.000406, 36.499702], [-100.000399, 36.055677], [-100.000392, 35.619115], [-100.000385, 35.182702], [-100.000381, 34.746461], [-100.000381, 34.560509], [-99.985833, 34.560079], [-99.974762, 34.561318], [-99.971555, 34.562179], [-99.965608, 34.565844], [-99.958898, 34.571271], [-99.957541, 34.572709], [-99.957553, 34.574169], [-99.956717, 34.576524], [-99.954567, 34.578195], [-99.94572, 34.579273], [-99.929334, 34.576714], [-99.923211, 34.574552], [-99.921801, 34.570253], [-99.915771, 34.565975], [-99.898943, 34.555804], [-99.896007, 34.55553], [-99.89376, 34.554219], [-99.887147, 34.549047], [-99.874403, 34.537095], [-99.873254, 34.535351], [-99.872357, 34.532096], [-99.868953, 34.527615], [-99.853066, 34.511593], [-99.832904, 34.500068], [-99.825325, 34.497596], [-99.818186, 34.48784], [-99.818739, 34.484976], [-99.814313, 34.476204], [-99.793684, 34.453894], [-99.782986, 34.444364], [-99.775743, 34.444225], [-99.765599, 34.437488], [-99.764826, 34.436434], [-99.764882, 34.435266], [-99.767648, 34.431854], [-99.767234, 34.430502], [-99.754248, 34.421289], [-99.740907, 34.414763], [-99.730348, 34.41124], [-99.720259, 34.406295], [-99.716416, 34.402815], [-99.715089, 34.400754], [-99.714232, 34.397822], [-99.714838, 34.394524], [-99.712682, 34.390928], [-99.707901, 34.387539], [-99.696462, 34.381036], [-99.678283, 34.379799], [-99.671377, 34.377714], [-99.665992, 34.374185], [-99.662705, 34.37368], [-99.659362, 34.37439], [-99.654194, 34.376519], [-99.649662, 34.379885], [-99.630905, 34.376007], [-99.624197, 34.373577], [-99.600026, 34.374688], [-99.596323, 34.377137], [-99.587596, 34.385867], [-99.585442, 34.388914], [-99.584531, 34.391205], [-99.585306, 34.398122], [-99.58448, 34.407673], [-99.58006, 34.416653], [-99.574367, 34.418281], [-99.569696, 34.418418], [-99.562204, 34.417319], [-99.555986, 34.41464], [-99.549242, 34.412715], [-99.529786, 34.411452], [-99.52365, 34.412206], [-99.517624, 34.414494], [-99.51428, 34.414035], [-99.499875, 34.409608], [-99.497091, 34.407731], [-99.494104, 34.404755], [-99.490426, 34.399694], [-99.487219, 34.397955], [-99.477547, 34.396355], [-99.470969, 34.396471], [-99.452648, 34.388252], [-99.445021, 34.379892], [-99.44076, 34.374123], [-99.430995, 34.373414], [-99.420432, 34.380464], [-99.408848, 34.372776], [-99.407168, 34.372605], [-99.40296, 34.373481], [-99.399603, 34.375079], [-99.397253, 34.377871], [-99.391492, 34.405631], [-99.393919, 34.415274], [-99.396488, 34.417291], [-99.396902, 34.418688], [-99.39701, 34.424003], [-99.394956, 34.442099], [-99.381011, 34.456936], [-99.375365, 34.458845], [-99.36961, 34.458699], [-99.358795, 34.455863], [-99.354672, 34.451857], [-99.354837, 34.449658], [-99.356771, 34.446542], [-99.357102, 34.444915], [-99.356713, 34.442144], [-99.350407, 34.437083], [-99.341337, 34.431061], [-99.334037, 34.427536], [-99.328674, 34.422383], [-99.324222, 34.414458], [-99.319606, 34.408869], [-99.318363, 34.408296], [-99.316373, 34.408205], [-99.308274, 34.410014], [-99.299098, 34.414228], [-99.294648, 34.415373], [-99.289922, 34.414731], [-99.264167, 34.405149], [-99.261321, 34.403499], [-99.25898, 34.391243], [-99.261191, 34.389548], [-99.264508, 34.388085], [-99.273958, 34.38756], [-99.27534, 34.386599], [-99.274926, 34.384904], [-99.271281, 34.381604], [-99.258696, 34.372634], [-99.254722, 34.372405], [-99.251408, 34.37508], [-99.248969, 34.375984], [-99.242945, 34.372668], [-99.237233, 34.362717], [-99.234252, 34.353459], [-99.233274, 34.344101], [-99.232606, 34.34238], [-99.229994, 34.340538], [-99.226153, 34.339726], [-99.221975, 34.34002], [-99.219769, 34.341377], [-99.217335, 34.34152], [-99.213135, 34.340369], [-99.210716, 34.336304], [-99.209724, 34.324935], [-99.2116, 34.31397], [-99.213476, 34.310672], [-99.211648, 34.292232], [-99.209742, 34.286345], [-99.207561, 34.283505], [-99.203681, 34.281926], [-99.200222, 34.281152], [-99.19626, 34.281463], [-99.195605, 34.280839], [-99.19457, 34.272424], [-99.196926, 34.260929], [-99.197153, 34.244298], [-99.195553, 34.24006], [-99.191139, 34.23234], [-99.190146, 34.22966], [-99.190036, 34.227186], [-99.192076, 34.222192], [-99.192683, 34.218825], [-99.192104, 34.216694], [-99.189511, 34.214312], [-99.159016, 34.20888], [-99.143985, 34.214763], [-99.13822, 34.219159], [-99.130609, 34.219408], [-99.128514, 34.218766], [-99.127549, 34.217986], [-99.126614, 34.215329], [-99.127525, 34.213771], [-99.13009, 34.212192], [-99.131553, 34.209352], [-99.131885, 34.207382], [-99.129792, 34.204403], [-99.126567, 34.203004], [-99.119204, 34.201747], [-99.108758, 34.203401], [-99.092191, 34.209316], [-99.079535, 34.211518], [-99.075978, 34.211221], [-99.066465, 34.208404], [-99.060344, 34.204761], [-99.059159, 34.202929], [-99.0588, 34.201256], [-99.058084, 34.200569], [-99.048792, 34.198209], [-99.043471, 34.198208], [-99.040962, 34.200842], [-99.039004, 34.204667], [-99.037459, 34.206454], [-99.036273, 34.206912], [-99.013075, 34.203222], [-99.00579, 34.206647], [-99.002916, 34.208782], [-99.003433, 34.214466], [-99.000761, 34.217643], [-98.990852, 34.221633], [-98.987294, 34.221223], [-98.981364, 34.217583], [-98.978685, 34.210231], [-98.976587, 34.206291], [-98.974132, 34.203566], [-98.969003, 34.201299], [-98.966302, 34.201323], [-98.96247, 34.204668], [-98.962085, 34.206386], [-98.962307, 34.211312], [-98.960791, 34.21303], [-98.958475, 34.213855], [-98.952513, 34.21265], [-98.950396, 34.21168], [-98.94022, 34.203686], [-98.928145, 34.192689], [-98.927456, 34.191155], [-98.923129, 34.185978], [-98.920704, 34.183435], [-98.918333, 34.181831], [-98.909349, 34.177499], [-98.872922, 34.166584], [-98.871543, 34.165027], [-98.871211, 34.163012], [-98.872229, 34.160446], [-98.874955, 34.157031], [-98.874872, 34.155657], [-98.873271, 34.153596], [-98.868116, 34.149635], [-98.86255, 34.149111], [-98.860125, 34.149913], [-98.858419, 34.152732], [-98.8579, 34.159627], [-98.857322, 34.161094], [-98.855585, 34.161621], [-98.831115, 34.162154], [-98.812954, 34.158444], [-98.80681, 34.155901], [-98.792015, 34.143736], [-98.76557, 34.136376], [-98.761797, 34.133785], [-98.760558, 34.132388], [-98.759486, 34.128882], [-98.759653, 34.126912], [-98.757037, 34.124633], [-98.749291, 34.124238], [-98.741966, 34.12553], [-98.739461, 34.127394], [-98.737232, 34.130992], [-98.73682, 34.133374], [-98.735471, 34.135208], [-98.734287, 34.135758], [-98.717537, 34.13645], [-98.716104, 34.135947], [-98.696518, 34.133521], [-98.690072, 34.133155], [-98.655655, 34.158258], [-98.650583, 34.163113], [-98.648073, 34.164441], [-98.643223, 34.164531], [-98.63573, 34.161618], [-98.621666, 34.157195], [-98.616733, 34.156418], [-98.611829, 34.156558], [-98.608853, 34.157521], [-98.603978, 34.160249], [-98.599789, 34.160571], [-98.577136, 34.148962], [-98.572451, 34.145091], [-98.560191, 34.133202], [-98.558593, 34.128254], [-98.550917, 34.119334], [-98.536257, 34.107343], [-98.530611, 34.099843], [-98.5282, 34.094961], [-98.504182, 34.072371], [-98.486328, 34.062598], [-98.48204, 34.06227], [-98.475066, 34.064269], [-98.449034, 34.073462], [-98.446379, 34.07543], [-98.445784, 34.076827], [-98.445585, 34.079298], [-98.443724, 34.082152], [-98.442808, 34.083144], [-98.440092, 34.084311], [-98.432127, 34.085622], [-98.42848, 34.085523], [-98.42523, 34.084799], [-98.422253, 34.083037], [-98.419995, 34.082488], [-98.417813, 34.083029], [-98.414426, 34.085074], [-98.399777, 34.099973], [-98.398389, 34.104566], [-98.39816, 34.121396], [-98.400494, 34.121778], [-98.400967, 34.122236], [-98.398441, 34.128456], [-98.384381, 34.146317], [-98.381238, 34.149454], [-98.367494, 34.156191], [-98.364023, 34.157109], [-98.325445, 34.151025], [-98.32258, 34.14972], [-98.31875, 34.146421], [-98.300209, 34.134579], [-98.293901, 34.13302], [-98.280321, 34.13075], [-98.256467, 34.129481], [-98.247954, 34.130717], [-98.241013, 34.133103], [-98.225282, 34.127245], [-98.2236, 34.125093], [-98.216463, 34.121821], [-98.203711, 34.117676], [-98.200075, 34.116783], [-98.191455, 34.115753], [-98.16912, 34.114171], [-98.157412, 34.120467], [-98.154354, 34.122734], [-98.142754, 34.136359], [-98.13677, 34.144992], [-98.130816, 34.150532], [-98.123377, 34.15454], [-98.114506, 34.154727], [-98.109462, 34.154111], [-98.107065, 34.152531], [-98.101937, 34.14683], [-98.090224, 34.130181], [-98.089755, 34.128211], [-98.09066, 34.12198], [-98.092421, 34.116917], [-98.095118, 34.11119], [-98.099328, 34.104295], [-98.104309, 34.0982], [-98.119417, 34.084474], [-98.121039, 34.081266], [-98.120208, 34.072127], [-98.11803, 34.067065], [-98.114587, 34.06228], [-98.099096, 34.048639], [-98.096177, 34.044625], [-98.096542, 34.040976], [-98.097272, 34.038969], [-98.098001, 34.03824], [-98.102015, 34.037327], [-98.104022, 34.036233], [-98.105482, 34.033861], [-98.105482, 34.031307], [-98.103617, 34.029207], [-98.088203, 34.005481], [-98.08526, 34.003259], [-98.082839, 34.002412], [-98.055197, 33.995841], [-98.041117, 33.993456], [-98.027672, 33.993357], [-98.019485, 33.993804], [-98.005667, 33.995964], [-97.987388, 33.999823], [-97.982806, 34.001949], [-97.978243, 34.005387], [-97.974173, 34.006716], [-97.97167, 34.005434], [-97.96834, 34.00053], [-97.963028, 33.994235], [-97.958325, 33.990846], [-97.95585, 33.990136], [-97.952688, 33.990114], [-97.947572, 33.991053], [-97.946473, 33.990732], [-97.94573, 33.989839], [-97.94595, 33.988396], [-97.956917, 33.958502], [-97.960351, 33.951928], [-97.965737, 33.947392], [-97.972662, 33.944527], [-97.974173, 33.942832], [-97.974062, 33.940289], [-97.972494, 33.937907], [-97.971175, 33.937129], [-97.965953, 33.936191], [-97.963425, 33.936237], [-97.955511, 33.938186], [-97.954467, 33.937774], [-97.953395, 33.936445], [-97.952679, 33.929482], [-97.953695, 33.924373], [-97.957155, 33.914454], [-97.960615, 33.910354], [-97.964461, 33.907398], [-97.969873, 33.905999], [-97.973143, 33.908014], [-97.976963, 33.912549], [-97.978804, 33.912548], [-97.979985, 33.911402], [-97.983552, 33.904002], [-97.98454, 33.900703], [-97.984566, 33.899077], [-97.983769, 33.8972], [-97.977859, 33.889929], [-97.974178, 33.886643], [-97.967777, 33.88243], [-97.958438, 33.879179], [-97.951215, 33.878424], [-97.946464, 33.878883], [-97.94273, 33.879845], [-97.938802, 33.879891], [-97.936743, 33.879204], [-97.905467, 33.863531], [-97.896738, 33.857985], [-97.877387, 33.850236], [-97.871447, 33.849001], [-97.865765, 33.849393], [-97.834333, 33.857671], [-97.805423, 33.877167], [-97.803473, 33.88019], [-97.801578, 33.885138], [-97.784657, 33.890632], [-97.780618, 33.895533], [-97.779683, 33.899243], [-97.78034, 33.904833], [-97.783717, 33.91056], [-97.772672, 33.914382], [-97.765446, 33.913532], [-97.76377, 33.914241], [-97.760224, 33.917194], [-97.759399, 33.91882], [-97.759834, 33.92521], [-97.762661, 33.930846], [-97.762768, 33.934396], [-97.752957, 33.937049], [-97.738478, 33.937421], [-97.736554, 33.936575], [-97.733723, 33.936392], [-97.732267, 33.936691], [-97.725289, 33.941045], [-97.716772, 33.947666], [-97.709684, 33.954997], [-97.704159, 33.963336], [-97.697921, 33.977331], [-97.69311, 33.983699], [-97.688023, 33.986607], [-97.671772, 33.99137], [-97.661489, 33.990818], [-97.65621, 33.989488], [-97.633778, 33.981257], [-97.609091, 33.968093], [-97.589598, 33.953554], [-97.588828, 33.951882], [-97.591514, 33.9282], [-97.595084, 33.922954], [-97.596155, 33.922106], [-97.596979, 33.920228], [-97.597115, 33.917868], [-97.596289, 33.913769], [-97.589254, 33.903922], [-97.587441, 33.902479], [-97.582744, 33.900785], [-97.55827, 33.897099], [-97.555002, 33.897282], [-97.551541, 33.897947], [-97.543246, 33.901289], [-97.532723, 33.906577], [-97.525277, 33.911751], [-97.519171, 33.913638], [-97.50096, 33.919643], [-97.494858, 33.919258], [-97.486505, 33.916994], [-97.460376, 33.903948], [-97.458069, 33.901635], [-97.450954, 33.891398], [-97.451469, 33.87093], [-97.457617, 33.855126], [-97.459566, 33.853316], [-97.461486, 33.84956], [-97.462857, 33.841772], [-97.459068, 33.834581], [-97.453057, 33.828536], [-97.444193, 33.823773], [-97.426493, 33.819398], [-97.410387, 33.818845], [-97.372941, 33.819454], [-97.368744, 33.821471], [-97.365507, 33.823763], [-97.358513, 33.830018], [-97.348338, 33.843876], [-97.3409, 33.860236], [-97.339392, 33.86763], [-97.336524, 33.872827], [-97.33294, 33.87444], [-97.329176, 33.87444], [-97.327563, 33.873903], [-97.326487, 33.872648], [-97.324158, 33.866017], [-97.322365, 33.864941], [-97.318243, 33.865121], [-97.315913, 33.865838], [-97.314413, 33.866989], [-97.30749, 33.878204], [-97.302471, 33.880175], [-97.299245, 33.880175], [-97.294227, 33.876412], [-97.285983, 33.868526], [-97.279108, 33.864555], [-97.275348, 33.863225], [-97.271532, 33.86256], [-97.256625, 33.863286], [-97.255636, 33.863698], [-97.254235, 33.865323], [-97.249209, 33.875101], [-97.24618, 33.900344], [-97.244946, 33.903092], [-97.242092, 33.906277], [-97.226522, 33.914642], [-97.210921, 33.916064], [-97.206141, 33.91428], [-97.185458, 33.9007], [-97.180845, 33.895204], [-97.179609, 33.89225], [-97.166629, 33.847311], [-97.166824, 33.840395], [-97.171627, 33.835335], [-97.18137, 33.831375], [-97.186254, 33.830894], [-97.19369, 33.831307], [-97.195831, 33.830803], [-97.197477, 33.829795], [-97.1997, 33.827322], [-97.203514, 33.821825], [-97.204995, 33.81887], [-97.205652, 33.809824], [-97.205431, 33.801488], [-97.203236, 33.797343], [-97.194786, 33.785344], [-97.190397, 33.781153], [-97.187792, 33.769702], [-97.181843, 33.75587], [-97.172192, 33.737545], [-97.163149, 33.729322], [-97.155066, 33.724442], [-97.149394, 33.721967], [-97.13753, 33.718664], [-97.126102, 33.716941], [-97.121102, 33.717174], [-97.113265, 33.718804], [-97.108936, 33.720294], [-97.104525, 33.722608], [-97.097154, 33.727809], [-97.094085, 33.730992], [-97.091072, 33.735115], [-97.086195, 33.743933], [-97.084693, 33.753147], [-97.084613, 33.759993], [-97.085218, 33.765512], [-97.087852, 33.774099], [-97.093917, 33.789052], [-97.095236, 33.794136], [-97.094771, 33.798532], [-97.092112, 33.804097], [-97.087999, 33.808747], [-97.07859, 33.812756], [-97.067977, 33.814476], [-97.062632, 33.816079], [-97.058623, 33.818752], [-97.055416, 33.82383], [-97.055148, 33.825701], [-97.055683, 33.830779], [-97.057821, 33.83452], [-97.058623, 33.837728], [-97.057554, 33.840133], [-97.055416, 33.841202], [-97.052209, 33.841737], [-97.048734, 33.840935], [-97.041245, 33.837761], [-97.038858, 33.838264], [-97.023899, 33.844213], [-97.017857, 33.850142], [-96.985567, 33.886522], [-96.983971, 33.892083], [-96.984939, 33.904866], [-96.988745, 33.918468], [-96.993997, 33.928979], [-96.995023, 33.932035], [-96.996183, 33.941728], [-96.995368, 33.947302], [-96.994288, 33.949206], [-96.990835, 33.952701], [-96.987892, 33.954671], [-96.981337, 33.956378], [-96.979415, 33.956178], [-96.979347, 33.95513], [-96.980676, 33.951814], [-96.981031, 33.94916], [-96.979818, 33.941588], [-96.976955, 33.937453], [-96.973807, 33.935697], [-96.972542, 33.935795], [-96.952313, 33.944582], [-96.944611, 33.949217], [-96.932252, 33.955688], [-96.924268, 33.959159], [-96.922114, 33.959579], [-96.918618, 33.958926], [-96.9163, 33.957798], [-96.911336, 33.95396], [-96.907387, 33.950025], [-96.905253, 33.947219], [-96.902434, 33.942018], [-96.899442, 33.933728], [-96.896469, 33.913318], [-96.897194, 33.902954], [-96.895728, 33.896414], [-96.88301, 33.868019], [-96.875281, 33.860505], [-96.866438, 33.853149], [-96.85609, 33.84749], [-96.850593, 33.847211], [-96.845896, 33.848975], [-96.841592, 33.852894], [-96.840819, 33.863645], [-96.839778, 33.868396], [-96.837413, 33.871349], [-96.832157, 33.874835], [-96.812778, 33.872646], [-96.794276, 33.868886], [-96.783485, 33.863534], [-96.780569, 33.860098], [-96.779588, 33.857939], [-96.777202, 33.848162], [-96.776766, 33.841976], [-96.770676, 33.829621], [-96.769378, 33.827477], [-96.766235, 33.825458], [-96.761588, 33.824406], [-96.754041, 33.824658], [-96.746038, 33.825699], [-96.712422, 33.831633], [-96.708134, 33.83306], [-96.704457, 33.835021], [-96.699574, 33.839049], [-96.690708, 33.849959], [-96.688191, 33.854613], [-96.684727, 33.862905], [-96.682209, 33.873876], [-96.682103, 33.876645], [-96.683464, 33.884217], [-96.680947, 33.896204], [-96.675306, 33.909114], [-96.673449, 33.912278], [-96.670618, 33.914914], [-96.667187, 33.91694], [-96.66441, 33.917267], [-96.659896, 33.916666], [-96.64405, 33.905962], [-96.630117, 33.895422], [-96.628294, 33.894477], [-96.607562, 33.894735], [-96.592948, 33.895616], [-96.587934, 33.894784], [-96.585452, 33.891281], [-96.58536, 33.888948], [-96.587494, 33.884251], [-96.590112, 33.880665], [-96.597348, 33.875101], [-96.601686, 33.872823], [-96.61197, 33.869016], [-96.625399, 33.856542], [-96.628969, 33.852407], [-96.629747, 33.850866], [-96.630022, 33.847541], [-96.62929, 33.845488], [-96.623155, 33.841483], [-96.601258, 33.834327], [-96.592926, 33.830916], [-96.587067, 33.828009], [-96.572937, 33.819098], [-96.566298, 33.818511], [-96.551223, 33.819129], [-96.532865, 33.823005], [-96.529234, 33.822127], [-96.526655, 33.820891], [-96.523863, 33.818114], [-96.519911, 33.811347], [-96.516584, 33.803168], [-96.515959, 33.798934], [-96.515912, 33.787795], [-96.511914, 33.781478], [-96.502286, 33.77346], [-96.500268, 33.772583], [-96.48606, 33.77301], [-96.459154, 33.775232], [-96.456254, 33.776035], [-96.45051, 33.780588], [-96.448045, 33.781031], [-96.436455, 33.78005], [-96.430214, 33.778654], [-96.422643, 33.776041], [-96.419961, 33.773034], [-96.417562, 33.769038], [-96.416146, 33.766099], [-96.413408, 33.757714], [-96.408469, 33.751192], [-96.403507, 33.746289], [-96.384116, 33.730141], [-96.36959, 33.716809], [-96.366945, 33.711222], [-96.363253, 33.70105], [-96.363135, 33.694215], [-96.362198, 33.691818], [-96.355946, 33.687155], [-96.348306, 33.686379], [-96.342665, 33.686975], [-96.321103, 33.6951], [-96.31876, 33.696753], [-96.316925, 33.698997], [-96.309964, 33.710489], [-96.307035, 33.719987], [-96.306596, 33.726786], [-96.307389, 33.735005], [-96.3061, 33.741002], [-96.303009, 33.750878], [-96.301706, 33.753756], [-96.294867, 33.764771], [-96.292482, 33.766419], [-96.277269, 33.769735], [-96.269896, 33.768405], [-96.248232, 33.758986], [-96.229023, 33.748021], [-96.220521, 33.74739], [-96.1999, 33.752117], [-96.186554, 33.756375], [-96.178059, 33.760518], [-96.174633, 33.763699], [-96.169452, 33.770131], [-96.162757, 33.788769], [-96.162123, 33.79614], [-96.166837, 33.797908], [-96.170373, 33.799382], [-96.173025, 33.80056], [-96.17515, 33.801951], [-96.17734, 33.805117], [-96.178964, 33.810553], [-96.17691, 33.813934], [-96.17589, 33.814627], [-96.164217, 33.817001], [-96.150765, 33.816987], [-96.148792, 33.819197], [-96.15163, 33.831946], [-96.150147, 33.835856], [-96.14807, 33.837799], [-96.138905, 33.839159], [-96.122951, 33.839964], [-96.118169, 33.837884], [-96.109993, 33.832396], [-96.104075, 33.83073], [-96.09936, 33.83047], [-96.097448, 33.832725], [-96.097638, 33.837935], [-96.099153, 33.842409], [-96.100785, 33.84423], [-96.101349, 33.845721], [-96.101473, 33.846709], [-96.100095, 33.847971], [-96.084626, 33.846656], [-96.063924, 33.841523], [-96.055358, 33.838262], [-96.048834, 33.836468], [-96.037191, 33.841245], [-96.031271, 33.850758], [-96.029463, 33.852402], [-96.025188, 33.852073], [-96.022229, 33.850923], [-96.0219, 33.849114], [-96.022507, 33.84613], [-96.022065, 33.843196], [-96.021407, 33.841881], [-96.019599, 33.840566], [-96.005296, 33.845505], [-95.998351, 33.851049], [-95.997709, 33.852182], [-95.997405, 33.855526], [-95.997734, 33.860951], [-95.996748, 33.864403], [-95.993624, 33.866211], [-95.991487, 33.866869], [-95.988857, 33.866869], [-95.984254, 33.864403], [-95.980966, 33.859307], [-95.972156, 33.856371], [-95.951609, 33.857017], [-95.944284, 33.859811], [-95.941267, 33.861619], [-95.936631, 33.870615], [-95.935325, 33.875099], [-95.935308, 33.878724], [-95.935637, 33.880371], [-95.936817, 33.882386], [-95.937202, 33.884652], [-95.936132, 33.886826], [-95.935198, 33.887101], [-95.922712, 33.883758], [-95.915961, 33.881148], [-95.905343, 33.875629], [-95.893306, 33.868161], [-95.887491, 33.863856], [-95.881292, 33.860627], [-95.859469, 33.852456], [-95.849864, 33.844952], [-95.843773, 33.838949], [-95.840012, 33.836486], [-95.837516, 33.83564], [-95.831948, 33.835161], [-95.828245, 33.836054], [-95.822787, 33.838756], [-95.820784, 33.840564], [-95.819358, 33.842785], [-95.818976, 33.844456], [-95.819525, 33.848439], [-95.820677, 33.850751], [-95.821666, 33.855443], [-95.821666, 33.856633], [-95.820596, 33.858465], [-95.805149, 33.861304], [-95.800842, 33.861212], [-95.789867, 33.857686], [-95.787891, 33.856336], [-95.776255, 33.845145], [-95.773282, 33.843834], [-95.772067, 33.843817], [-95.763622, 33.847954], [-95.758016, 33.85008], [-95.75431, 33.853992], [-95.753513, 33.856464], [-95.757458, 33.867957], [-95.760805, 33.870911], [-95.762559, 33.874367], [-95.761916, 33.883402], [-95.758344, 33.890611], [-95.756367, 33.892625], [-95.747335, 33.895756], [-95.737508, 33.895967], [-95.728449, 33.893704], [-95.71354, 33.885124], [-95.710878, 33.884552], [-95.696962, 33.885218], [-95.684831, 33.890232], [-95.676925, 33.897237], [-95.669978, 33.905844], [-95.665338, 33.908132], [-95.659818, 33.909092], [-95.647273, 33.905976], [-95.636978, 33.906613], [-95.603657, 33.927195], [-95.599678, 33.934247], [-95.585945, 33.93448], [-95.563424, 33.932193], [-95.561007, 33.931552], [-95.559414, 33.930179], [-95.556915, 33.92702], [-95.551148, 33.914566], [-95.549145, 33.90795], [-95.549475, 33.901311], [-95.552331, 33.89442], [-95.552085, 33.888422], [-95.548325, 33.882744], [-95.545197, 33.880294], [-95.53979, 33.879904], [-95.533283, 33.881162], [-95.525322, 33.885487], [-95.520138, 33.889329], [-95.515302, 33.891142], [-95.510063, 33.890135], [-95.506234, 33.886306], [-95.506495, 33.878589], [-95.506085, 33.87639], [-95.502304, 33.874742], [-95.492028, 33.874822], [-95.478575, 33.879301], [-95.469962, 33.886105], [-95.464925, 33.886709], [-95.46291, 33.885903], [-95.461499, 33.883686], [-95.464211, 33.873372], [-95.463346, 33.872313], [-95.44737, 33.86885], [-95.407795, 33.866308], [-95.375233, 33.868243], [-95.352338, 33.867789], [-95.339122, 33.868873], [-95.334854, 33.876831], [-95.334523, 33.885788], [-95.333452, 33.886286], [-95.325572, 33.885704], [-95.294789, 33.875388], [-95.287865, 33.874946], [-95.283445, 33.877746], [-95.281677, 33.882902], [-95.28153, 33.887617], [-95.280351, 33.896751], [-95.279762, 33.899109], [-95.277846, 33.900877], [-95.275342, 33.901761], [-95.272542, 33.902055], [-95.26385, 33.899256], [-95.261051, 33.899993], [-95.255747, 33.902939], [-95.253095, 33.905444], [-95.250885, 33.913105], [-95.250737, 33.917083], [-95.251327, 33.924155], [-95.25302, 33.927237], [-95.253623, 33.92971], [-95.252906, 33.933648], [-95.230491, 33.960764], [-95.226393, 33.961954], [-95.219358, 33.961567], [-95.184075, 33.950353], [-95.168746, 33.941606], [-95.166686, 33.939728], [-95.161109, 33.937598], [-95.149462, 33.936336], [-95.131056, 33.936925], [-95.1247, 33.934675], [-95.121184, 33.931307], [-95.1225, 33.921717], [-95.122365, 33.918632], [-95.119951, 33.915815], [-95.110964, 33.912998], [-95.103318, 33.913669], [-95.10077, 33.912193], [-95.098489, 33.909913], [-95.095002, 33.904816], [-95.09527, 33.899316], [-95.093929, 33.895963], [-95.090441, 33.89328], [-95.084002, 33.89328], [-95.078905, 33.898377], [-95.07126, 33.901597], [-95.065492, 33.899585], [-95.061065, 33.895292], [-95.058834, 33.886813], [-95.049025, 33.86409], [-95.046568, 33.862565], [-95.037207, 33.86025], [-95.022325, 33.859813], [-95.016422, 33.861392], [-95.008376, 33.866089], [-95.000223, 33.862505], [-94.995524, 33.857438], [-94.992671, 33.852455], [-94.988487, 33.851], [-94.983303, 33.851354], [-94.98165, 33.852284], [-94.976208, 33.859847], [-94.973411, 33.861731], [-94.971435, 33.862123], [-94.968895, 33.860916], [-94.965888, 33.848422], [-94.964401, 33.837021], [-94.957676, 33.835004], [-94.949533, 33.825708], [-94.948716, 33.818023], [-94.944302, 33.812138], [-94.93956, 33.810503], [-94.9358, 33.810339], [-94.932366, 33.810993], [-94.928442, 33.812628], [-94.924518, 33.812792], [-94.921902, 33.811811], [-94.91945, 33.810176], [-94.917815, 33.808704], [-94.916834, 33.804617], [-94.916998, 33.80151], [-94.919614, 33.794153], [-94.920104, 33.789575], [-94.919614, 33.786305], [-94.911427, 33.778383], [-94.906245, 33.778192], [-94.902276, 33.776289], [-94.888368, 33.76724], [-94.886226, 33.764594], [-94.881448, 33.765549], [-94.879218, 33.764912], [-94.876033, 33.760771], [-94.875497, 33.755483], [-94.87708, 33.75222], [-94.874668, 33.749164], [-94.8693, 33.745871], [-94.849296, 33.739585], [-94.841634, 33.739431], [-94.830804, 33.740068], [-94.827938, 33.741342], [-94.826027, 33.74389], [-94.824753, 33.749305], [-94.821886, 33.750897], [-94.817427, 33.752172], [-94.812012, 33.751853], [-94.809145, 33.749305], [-94.798634, 33.744527], [-94.789716, 33.74612], [-94.775064, 33.755038], [-94.770924, 33.754401], [-94.768057, 33.753446], [-94.766465, 33.750897], [-94.766146, 33.748031], [-94.768057, 33.742616], [-94.767739, 33.73752], [-94.762961, 33.731787], [-94.759139, 33.729557], [-94.753087, 33.729557], [-94.742576, 33.727009], [-94.739391, 33.72255], [-94.73748, 33.716179], [-94.739072, 33.710128], [-94.737161, 33.704713], [-94.732384, 33.700254], [-94.728243, 33.699617], [-94.725695, 33.702483], [-94.724102, 33.705669], [-94.721873, 33.707261], [-94.719006, 33.708217], [-94.714865, 33.707261], [-94.711043, 33.705669], [-94.709451, 33.699617], [-94.710725, 33.696113], [-94.710725, 33.691654], [-94.710088, 33.68815], [-94.707858, 33.686876], [-94.684792, 33.684353], [-94.659167, 33.692138], [-94.652265, 33.690979], [-94.649628, 33.688049], [-94.648457, 33.684534], [-94.647871, 33.680432], [-94.648457, 33.673401], [-94.646113, 33.6693], [-94.64289, 33.668421], [-94.635273, 33.669886], [-94.630586, 33.673401], [-94.627656, 33.677796], [-94.621211, 33.681018], [-94.616817, 33.679554], [-94.611543, 33.674866], [-94.607442, 33.67223], [-94.603047, 33.671351], [-94.596895, 33.671351], [-94.593673, 33.673987], [-94.59045, 33.677503], [-94.586641, 33.678968], [-94.57962, 33.677623], [-94.576974, 33.673401], [-94.572872, 33.669886], [-94.569943, 33.66637], [-94.569357, 33.663441], [-94.571993, 33.659632], [-94.572286, 33.656995], [-94.570821, 33.654945], [-94.568771, 33.654652], [-94.564669, 33.655824], [-94.557052, 33.656702], [-94.552072, 33.65348], [-94.551193, 33.650257], [-94.551312, 33.64457], [-94.553537, 33.642054], [-94.552658, 33.638246], [-94.549142, 33.635902], [-94.543869, 33.635902], [-94.538889, 33.637953], [-94.533322, 33.63766], [-94.529221, 33.634437], [-94.528342, 33.62975], [-94.529807, 33.627406], [-94.528928, 33.62184], [-94.526291, 33.619203], [-94.520725, 33.616567], [-94.504615, 33.620682], [-94.491503, 33.625115], [-94.487514, 33.628939], [-94.485875, 33.637867], [-94.481313, 33.638819], [-94.476415, 33.638947], [-94.466075, 33.636262], [-94.464186, 33.637655], [-94.461453, 33.643616], [-94.459198, 33.645146], [-94.45482, 33.644903], [-94.448637, 33.642766], [-94.446871, 33.640178], [-94.447514, 33.636255], [-94.448451, 33.634497], [-94.458817, 33.632444], [-94.462736, 33.63091], [-94.461129, 33.625415], [-94.460286, 33.624421], [-94.455255, 33.622917], [-94.452711, 33.622621], [-94.452325, 33.618817], [-94.452961, 33.616986], [-94.454769, 33.615156], [-94.462336, 33.610567], [-94.469451, 33.607316], [-94.472166, 33.604199], [-94.471974, 33.602665], [-94.471152, 33.601588], [-94.468086, 33.599436], [-94.458232, 33.59827], [-94.453996, 33.592223], [-94.451622, 33.591361], [-94.449112, 33.590894], [-94.442364, 33.591243], [-94.441537, 33.591502], [-94.439518, 33.594154], [-94.430039, 33.591124], [-94.427578, 33.589319], [-94.425982, 33.586425], [-94.413155, 33.569368], [-94.412175, 33.568691], [-94.408901, 33.568197], [-94.403342, 33.568424], [-94.397342, 33.571608], [-94.385927, 33.581888], [-94.382887, 33.583268], [-94.379649, 33.580607], [-94.378076, 33.577019], [-94.37776, 33.574609], [-94.378561, 33.571329], [-94.380091, 33.568943], [-94.382534, 33.567057], [-94.388052, 33.565511], [-94.392357, 33.565287], [-94.394656, 33.564059], [-94.397398, 33.562314], [-94.399227, 33.559903], [-94.399393, 33.557077], [-94.399144, 33.555498], [-94.397957, 33.55439], [-94.392573, 33.551142], [-94.389515, 33.546778], [-94.386086, 33.544923], [-94.381667, 33.544035], [-94.373393, 33.544471], [-94.371598, 33.545001], [-94.363297, 33.544957], [-94.361351, 33.544613], [-94.35897, 33.54323], [-94.355945, 33.54318], [-94.348945, 33.548359], [-94.347383, 33.551078], [-94.34729, 33.552197], [-94.352653, 33.560611], [-94.352433, 33.562172], [-94.345513, 33.567313], [-94.344023, 33.567824], [-94.340577, 33.567878], [-94.338422, 33.567082], [-94.33494, 33.563592], [-94.33438, 33.562536], [-94.333895, 33.557461], [-94.333203, 33.555366], [-94.331833, 33.553348], [-94.33059, 33.552692], [-94.32366, 33.549835], [-94.319492, 33.548864], [-94.309582, 33.551673], [-94.30641, 33.555616], [-94.306215, 33.557676], [-94.307181, 33.559797], [-94.303577, 33.56828], [-94.301023, 33.573022], [-94.298392, 33.576218], [-94.293258, 33.580419], [-94.289129, 33.582144], [-94.287025, 33.58241], [-94.283582, 33.581891], [-94.282648, 33.580978], [-94.280849, 33.577187], [-94.280605, 33.574908], [-94.282172, 33.572989], [-94.290372, 33.567905], [-94.291687, 33.563481], [-94.290901, 33.558872], [-94.28944, 33.557635], [-94.287572, 33.557178], [-94.27909, 33.557026], [-94.275601, 33.557964], [-94.274473, 33.558652], [-94.271998, 33.561518], [-94.270979, 33.563221], [-94.270853, 33.564783], [-94.265669, 33.573589], [-94.262755, 33.577354], [-94.257801, 33.582508], [-94.252656, 33.586144], [-94.245932, 33.589114], [-94.242777, 33.589709], [-94.240179, 33.589536], [-94.236972, 33.587411], [-94.236363, 33.585992], [-94.236836, 33.580914], [-94.237975, 33.577757], [-94.238868, 33.576722], [-94.244366, 33.573549], [-94.251108, 33.56528], [-94.252331, 33.561855], [-94.252283, 33.560445], [-94.251569, 33.558188], [-94.250197, 33.556765], [-94.237904, 33.552675], [-94.231844, 33.552088], [-94.226392, 33.552912], [-94.222921, 33.554088], [-94.219221, 33.556096], [-94.213604, 33.563134], [-94.208078, 33.566911], [-94.205634, 33.567229], [-94.203594, 33.566546], [-94.201237, 33.557826], [-94.199486, 33.556085], [-94.197817, 33.555238], [-94.196395, 33.555123], [-94.193248, 33.556154], [-94.191333, 33.557666], [-94.189884, 33.562454], [-94.192483, 33.570425], [-94.194399, 33.573678], [-94.196367, 33.57478], [-94.201106, 33.575851], [-94.204265, 33.575005], [-94.207405, 33.574353], [-94.209665, 33.57351], [-94.211329, 33.573774], [-94.216141, 33.576392], [-94.217408, 33.57926], [-94.217198, 33.580737], [-94.214431, 33.583187], [-94.212997, 33.583487], [-94.210967, 33.583143], [-94.205788, 33.58138], [-94.203588, 33.580816], [-94.199752, 33.581098], [-94.196536, 33.581719], [-94.194465, 33.582886], [-94.190891, 33.587474], [-94.183913, 33.594682], [-94.18088, 33.592612], [-94.176327, 33.591077], [-94.162266, 33.588906], [-94.161082, 33.587972], [-94.16201, 33.580877], [-94.161277, 33.579271], [-94.156782, 33.575749], [-94.152626, 33.575923], [-94.148732, 33.580197], [-94.146048, 33.581975], [-94.144383, 33.582098], [-94.14216, 33.58139], [-94.141852, 33.57959], [-94.143024, 33.577725], [-94.145669, 33.5756], [-94.149506, 33.573602], [-94.151257, 33.571793], [-94.151755, 33.569476], [-94.151456, 33.568387], [-94.14852, 33.565678], [-94.145239, 33.564987], [-94.143402, 33.565505], [-94.136864, 33.571], [-94.136046, 33.571388], [-94.135142, 33.571033], [-94.134308, 33.569209], [-94.133048, 33.557953], [-94.131382, 33.552934], [-94.128658, 33.550952], [-94.126898, 33.550647], [-94.123898, 33.5521], [-94.122879, 33.553112], [-94.120719, 33.560555], [-94.120355, 33.5655], [-94.119902, 33.566999], [-94.112843, 33.566991], [-94.103176, 33.57035], [-94.100107, 33.572568], [-94.09744, 33.573719], [-94.088943, 33.575322], [-94.082641, 33.575492], [-94.07267, 33.572234], [-94.072231, 33.572605], [-94.072032, 33.573523], [-94.072032, 33.574162], [-94.071713, 33.574601], [-94.071353, 33.57484], [-94.070395, 33.574561], [-94.069517, 33.574162], [-94.068559, 33.573563], [-94.06828, 33.571967], [-94.067801, 33.570131], [-94.066846, 33.568909], [-94.061283, 33.568805], [-94.056598, 33.567825], [-94.056096, 33.567252], [-94.055663, 33.561887], [-94.056442, 33.560998], [-94.05985, 33.559249], [-94.06118, 33.559159], [-94.066685, 33.560954], [-94.067985, 33.560961], [-94.07172, 33.559682], [-94.073744, 33.558285], [-94.073826, 33.555834], [-94.072156, 33.553864], [-94.069092, 33.553406], [-94.06548, 33.550909], [-94.061896, 33.549764], [-94.056096, 33.550726], [-94.051882, 33.552585], [-94.050212, 33.551083], [-94.04604, 33.551321], [-94.04345, 33.552253], [-94.043428, 33.551425], [-94.043375, 33.542315], [-94.043009, 33.493039], [-94.043279, 33.49103], [-94.043188, 33.470324], [-94.042988, 33.435824], [-94.042988, 33.431024], [-94.042887, 33.420225], [-94.043053, 33.377716], [-94.042869, 33.37117], [-94.043128, 33.358757], [-94.043067, 33.352097], [-94.043067, 33.347351], [-94.043067, 33.330498], [-94.04299, 33.271227], [-94.04305, 33.260904], [-94.043004, 33.250128], [-94.04273, 33.241823], [-94.042876, 33.215219], [-94.042892, 33.202666], [-94.042875, 33.199785], [-94.042719, 33.160291], [-94.043185, 33.143476], [-94.043077, 33.138162], [-94.043007, 33.13389], [-94.04287, 33.092727], [-94.043036, 33.079485], [-94.042964, 33.019219], [-94.043088, 32.955592], [-94.043067, 32.937903], [-94.043092, 32.910021], [-94.042885, 32.898911], [-94.042859, 32.892771], [-94.042886, 32.880965], [-94.043025, 32.880446], [-94.042785, 32.871486], [-94.043026, 32.797476], [-94.042747, 32.786973], [-94.042829, 32.785277], [-94.042938, 32.780558], [-94.043027, 32.776863], [-94.042947, 32.767991], [-94.043147, 32.693031], [-94.042913, 32.655127], [-94.04278, 32.643466], [-94.042824, 32.640305], [-94.042926, 32.622015], [-94.042929, 32.61826], [-94.042919, 32.610142], [-94.043083, 32.564261], [-94.043142, 32.559502], [-94.043081, 32.513613], [-94.042885, 32.505145], [-94.042911, 32.492852], [-94.043089, 32.486561], [-94.043072, 32.4843], [-94.042955, 32.480261], [-94.042995, 32.478004], [-94.042902, 32.472906], [-94.042875, 32.471348], [-94.042903, 32.470386], [-94.042908, 32.439891], [-94.042986, 32.435507], [-94.042899, 32.400659], [-94.042923, 32.399918], [-94.042901, 32.392283], [-94.042763, 32.373332], [-94.042739, 32.363559], [-94.042733, 32.269696], [-94.042732, 32.26962], [-94.042662, 32.218146], [-94.042566, 32.166894], [-94.042539, 32.166826], [-94.042591, 32.158097], [-94.042681, 32.137956], [-94.042752, 32.125163], [-94.042337, 32.119914], [-94.0427, 32.056012], [-94.04272, 31.999265], [-94.041833, 31.992402], [-94.038412, 31.992437], [-94.029283, 31.995865], [-94.018664, 31.990843], [-93.977461, 31.926419], [-93.971712, 31.920384], [-93.953546, 31.910563], [-93.943541, 31.908564], [-93.938002, 31.906917], [-93.935008, 31.903773], [-93.932463, 31.895539], [-93.927672, 31.891497], [-93.923929, 31.88985], [-93.919588, 31.890748], [-93.915949, 31.892861], [-93.909557, 31.893144], [-93.904766, 31.890599], [-93.901173, 31.885958], [-93.901888, 31.880063], [-93.896981, 31.873382], [-93.889197, 31.867693], [-93.888149, 31.856914], [-93.884117, 31.847606], [-93.874822, 31.840611], [-93.874761, 31.821661], [-93.870917, 31.816837], [-93.85339, 31.805467], [-93.846188, 31.802021], [-93.839951, 31.798597], [-93.836868, 31.794159], [-93.836868, 31.788734], [-93.834649, 31.783309], [-93.831197, 31.780227], [-93.827451, 31.777741], [-93.823443, 31.775098], [-93.822598, 31.773559], [-93.827343, 31.75937], [-93.830112, 31.754555], [-93.830647, 31.745811], [-93.824579, 31.734397], [-93.819048, 31.728858], [-93.815657, 31.719043], [-93.815836, 31.711905], [-93.814587, 31.707444], [-93.810304, 31.705481], [-93.80727, 31.704232], [-93.803419, 31.700686], [-93.802694, 31.697783], [-93.802452, 31.693186], [-93.804479, 31.685664], [-93.817425, 31.672146], [-93.822051, 31.673967], [-93.826462, 31.666919], [-93.825661, 31.661022], [-93.818037, 31.647892], [-93.816838, 31.622509], [-93.818717, 31.614556], [-93.823977, 31.614228], [-93.827852, 31.616551], [-93.838057, 31.606795], [-93.839383, 31.599075], [-93.834924, 31.586211], [-93.822958, 31.56813], [-93.820764, 31.558221], [-93.818582, 31.554826], [-93.798087, 31.534044], [-93.787687, 31.527344], [-93.780835, 31.525384], [-93.760062, 31.523933], [-93.75386, 31.525331], [-93.751899, 31.525602], [-93.74987, 31.526211], [-93.746826, 31.526008], [-93.743376, 31.525196], [-93.74155, 31.522558], [-93.741111, 31.520101], [-93.740332, 31.517079], [-93.739318, 31.51505], [-93.733433, 31.513223], [-93.726736, 31.5116], [-93.725925, 31.504092], [-93.728766, 31.496786], [-93.730998, 31.492119], [-93.737168, 31.484622], [-93.741885, 31.483535], [-93.745608, 31.481973], [-93.747841, 31.480958], [-93.74987, 31.478929], [-93.74987, 31.475276], [-93.749476, 31.46869], [-93.709416, 31.442995], [-93.70093, 31.437784], [-93.697603, 31.428409], [-93.704678, 31.4189], [-93.704879, 31.410881], [-93.701611, 31.409334], [-93.695866, 31.409392], [-93.674117, 31.397681], [-93.671644, 31.393352], [-93.670182, 31.387184], [-93.668533, 31.379357], [-93.668146, 31.375103], [-93.669693, 31.371815], [-93.66892, 31.3664], [-93.665052, 31.363886], [-93.663892, 31.361953], [-93.663698, 31.360019], [-93.664665, 31.357698], [-93.665825, 31.355184], [-93.668439, 31.353012], [-93.677277, 31.330483], [-93.687851, 31.309835], [-93.68688, 31.305166], [-93.684039, 31.301771], [-93.67544, 31.30104], [-93.668928, 31.297975], [-93.657004, 31.281736], [-93.642516, 31.269508], [-93.620343, 31.271025], [-93.613942, 31.259375], [-93.614288, 31.251631], [-93.616308, 31.244595], [-93.616007, 31.23396], [-93.609828, 31.229661], [-93.607409, 31.227243], [-93.60526, 31.224153], [-93.604319, 31.220794], [-93.604319, 31.215286], [-93.607288, 31.205403], [-93.602443, 31.182541], [-93.600308, 31.176158], [-93.598828, 31.174679], [-93.588503, 31.165581], [-93.579215, 31.167422], [-93.569563, 31.177574], [-93.560943, 31.182482], [-93.552649, 31.185575], [-93.548931, 31.186601], [-93.535097, 31.185614], [-93.533307, 31.184463], [-93.531744, 31.180817], [-93.53683, 31.15862], [-93.540253, 31.156579], [-93.54401, 31.153015], [-93.544888, 31.148844], [-93.544888, 31.143137], [-93.544702, 31.135889], [-93.540278, 31.128868], [-93.539619, 31.121844], [-93.541375, 31.113502], [-93.549717, 31.10516], [-93.551693, 31.097258], [-93.551034, 31.091111], [-93.546644, 31.082989], [-93.540129, 31.078003], [-93.53104, 31.074699], [-93.526044, 31.070773], [-93.52301, 31.065241], [-93.52533, 31.060601], [-93.529256, 31.057567], [-93.532069, 31.055264], [-93.531219, 31.051678], [-93.523248, 31.037842], [-93.516943, 31.032584], [-93.516407, 31.02955], [-93.516943, 31.023662], [-93.539526, 31.008498], [-93.555581, 31.003919], [-93.562626, 31.005995], [-93.566017, 31.004567], [-93.56798, 31.001534], [-93.569764, 30.996715], [-93.571906, 30.987614], [-93.567972, 30.977981], [-93.560533, 30.971286], [-93.549841, 30.967118], [-93.532549, 30.950696], [-93.526245, 30.939411], [-93.526147, 30.930035], [-93.530936, 30.924534], [-93.542489, 30.920064], [-93.54503, 30.920837], [-93.546884, 30.921511], [-93.549244, 30.921006], [-93.551942, 30.918646], [-93.55565, 30.911228], [-93.556493, 30.901451], [-93.564248, 30.895045], [-93.567788, 30.888302], [-93.567451, 30.878524], [-93.565428, 30.87431], [-93.558617, 30.869424], [-93.558172, 30.839974], [-93.553626, 30.83514], [-93.554057, 30.824941], [-93.561666, 30.807739], [-93.563243, 30.806218], [-93.569303, 30.802969], [-93.578395, 30.802047], [-93.584265, 30.796663], [-93.589381, 30.786681], [-93.589896, 30.77776], [-93.592828, 30.763986], [-93.607757, 30.757657], [-93.619129, 30.742002], [-93.617688, 30.738479], [-93.609719, 30.729182], [-93.609544, 30.723139], [-93.611192, 30.718053], [-93.616184, 30.71398], [-93.620774, 30.704122], [-93.621093, 30.695159], [-93.629904, 30.67994], [-93.638213, 30.673058], [-93.654971, 30.670184], [-93.670354, 30.658034], [-93.6831, 30.640763], [-93.685121, 30.625201], [-93.683397, 30.608041], [-93.680813, 30.602993], [-93.679828, 30.599758], [-93.681235, 30.596102], [-93.684329, 30.592586], [-93.687282, 30.591601], [-93.689534, 30.592759], [-93.692869, 30.594382], [-93.712454, 30.588479], [-93.727844, 30.57407], [-93.727746, 30.566487], [-93.725847, 30.556978], [-93.729195, 30.544842], [-93.740253, 30.539569], [-93.732793, 30.52996], [-93.727721, 30.525671], [-93.714322, 30.518562], [-93.710117, 30.5064], [-93.716678, 30.494006], [-93.705845, 30.457748], [-93.697828, 30.443838], [-93.6978, 30.440583], [-93.702665, 30.429947], [-93.722314, 30.420729], [-93.745333, 30.397022], [-93.751437, 30.396288], [-93.757654, 30.390423], [-93.758554, 30.387077], [-93.755894, 30.370709], [-93.756352, 30.356166], [-93.765822, 30.333318], [-93.764265, 30.330223], [-93.760328, 30.329924], [-93.738699, 30.303794], [-93.72422, 30.295134], [-93.718684, 30.29501], [-93.714319, 30.294282], [-93.711118, 30.291372], [-93.708645, 30.288317], [-93.706608, 30.281187], [-93.70719, 30.275513], [-93.709132, 30.271827], [-93.707271, 30.249937], [-93.705083, 30.242752], [-93.713359, 30.225261], [-93.71922, 30.218542], [-93.720946, 30.209852], [-93.717397, 30.193439], [-93.710468, 30.180671], [-93.703764, 30.173936], [-93.697748, 30.152944], [-93.688212, 30.141376], [-93.692868, 30.135217], [-93.69498, 30.135185], [-93.698276, 30.138608], [-93.701252, 30.137376], [-93.702436, 30.112721], [-93.723765, 30.09413], [-93.732485, 30.088914], [-93.734085, 30.08613], [-93.731605, 30.081282], [-93.716405, 30.069122], [-93.70218, 30.065474], [-93.70058, 30.063666], [-93.699396, 30.05925], [-93.70082, 30.056274], [-93.70394, 30.054291], [-93.720805, 30.053043], [-93.737446, 30.037283], [-93.739158, 30.032627], [-93.739734, 30.023987], [-93.741078, 30.021571], [-93.786935, 29.99058], [-93.789431, 29.987812], [-93.807815, 29.954549], [-93.813735, 29.935126], [-93.81655, 29.920726], [-93.818998, 29.914822], [-93.830374, 29.894359], [-93.838374, 29.882855], [-93.85514, 29.864099], [-93.86357, 29.857177], [-93.872446, 29.85165], [-93.890679, 29.843159], [-93.900728, 29.836967], [-93.91636, 29.824968], [-93.922744, 29.818808], [-93.927992, 29.80964], [-93.929208, 29.802952], [-93.928808, 29.79708], [-93.926504, 29.78956], [-93.922407, 29.785048], [-93.89847, 29.771577], [-93.893862, 29.767289], [-93.890821, 29.761673], [-93.893829, 29.753033], [-93.891637, 29.744618], [-93.888821, 29.742234], [-93.873941, 29.73777], [-93.87002, 29.735482], [-93.863204, 29.724059], [-93.837971, 29.690619], [-93.852868, 29.675885], [-93.866981, 29.673085], [-93.88999, 29.674013], [-93.931, 29.679612], [-94.001406, 29.681486], [-94.056506, 29.671163], [-94.132577, 29.646217], [-94.500807, 29.505367], [-94.594853, 29.467903], [-94.631084, 29.451464], [-94.670389, 29.43078], [-94.694158, 29.415632], [-94.708473, 29.403049], [-94.723959, 29.383268], [-94.731047, 29.369141], [-94.744834, 29.369158], [-94.761491, 29.361883], [-94.778691, 29.361483], [-94.782356, 29.364266], [-94.783131, 29.375642], [-94.766848, 29.393489], [-94.7541, 29.401], [-94.723818, 29.426536], [-94.706365, 29.436805], [-94.686386, 29.466509], [-94.681541, 29.471389], [-94.6724, 29.476843], [-94.665853, 29.478401], [-94.656737, 29.478033], [-94.645948, 29.473769], [-94.628217, 29.475986], [-94.608557, 29.483345], [-94.594211, 29.492127], [-94.59544, 29.507669], [-94.591407, 29.513858], [-94.580274, 29.525295], [-94.566674, 29.531988], [-94.55399, 29.529559], [-94.546994, 29.524379], [-94.532348, 29.5178], [-94.511045, 29.51965], [-94.495025, 29.525031], [-94.490607, 29.534145], [-94.482873, 29.543068], [-94.479899, 29.546043], [-94.479899, 29.549612], [-94.485848, 29.550207], [-94.503429, 29.54325], [-94.509487, 29.54259], [-94.523743, 29.545987], [-94.526336, 29.552634], [-94.542532, 29.569], [-94.546385, 29.572048], [-94.553988, 29.573882], [-94.570006, 29.572232], [-94.578211, 29.567281], [-94.593518, 29.561319], [-94.62589, 29.552808], [-94.691625, 29.537787], [-94.718276, 29.533547], [-94.740699, 29.525858], [-94.757689, 29.524617], [-94.768676, 29.525659], [-94.780938, 29.531093], [-94.790605, 29.548401], [-94.779439, 29.549472], [-94.771053, 29.548439], [-94.755237, 29.562782], [-94.734626, 29.584046], [-94.708741, 29.625226], [-94.693154, 29.694453], [-94.692434, 29.70361], [-94.695317, 29.723052], [-94.724616, 29.774766], [-94.735271, 29.785433], [-94.740919, 29.787081], [-94.771512, 29.773889], [-94.792238, 29.767433], [-94.816085, 29.75671], [-94.851108, 29.721373], [-94.865007, 29.695337], [-94.867438, 29.678768], [-94.872551, 29.67125], [-94.893107, 29.661336], [-94.915413, 29.656614], [-94.921318, 29.658178], [-94.934167, 29.678682], [-94.936089, 29.692704], [-94.942681, 29.697778], [-94.965963, 29.70033], [-94.972666, 29.68487], [-94.949962, 29.641437], [-94.943232, 29.622664], [-94.941336, 29.613798], [-94.947999, 29.612846], [-94.953327, 29.617882], [-94.967319, 29.655783], [-94.971754, 29.666356], [-94.980113, 29.679067], [-95.005398, 29.659366], [-95.011683, 29.649802], [-95.015636, 29.639457], [-95.013499, 29.629194], [-94.988871, 29.610095], [-94.982706, 29.601344], [-94.988993, 29.591155], [-95.00767, 29.574257], [-95.016627, 29.558487]]], [[[-97.099533, 27.839664], [-97.099533, 27.843233], [-97.082878, 27.85751], [-97.072174, 27.869408], [-97.061462, 27.890823], [-97.073364, 27.902719], [-97.075737, 27.909859], [-97.067413, 27.914618], [-97.054329, 27.902719], [-97.050758, 27.884874], [-97.055984, 27.861799], [-97.064987, 27.845919], [-97.081688, 27.843233], [-97.099533, 27.839664]]], [[[-97.230629, 27.828465], [-97.238594, 27.828674], [-97.2453, 27.837059], [-97.257248, 27.864307], [-97.267517, 27.86808], [-97.268982, 27.873949], [-97.260811, 27.874159], [-97.252213, 27.871223], [-97.24614, 27.859905], [-97.239014, 27.843557], [-97.229996, 27.83161], [-97.228951, 27.830351], [-97.230629, 27.828465]]], [[[-97.214279, 27.806458], [-97.227692, 27.808764], [-97.196465, 27.815889], [-97.164391, 27.821758], [-97.142387, 27.821758], [-97.142799, 27.81568], [-97.155586, 27.816099], [-97.175499, 27.814003], [-97.203377, 27.807295], [-97.214279, 27.806458]]], [[[-97.231522, 27.640894], [-97.234612, 27.641066], [-97.228081, 27.673891], [-97.232376, 27.682655], [-97.237534, 27.682827], [-97.242172, 27.671141], [-97.243546, 27.671141], [-97.2463, 27.675953], [-97.246468, 27.682484], [-97.237366, 27.686951], [-97.222755, 27.685921], [-97.215538, 27.682827], [-97.220863, 27.67561], [-97.231522, 27.640894]]], [[[-97.453094, 27.054054], [-97.456902, 27.05691], [-97.457848, 27.060242], [-97.453568, 27.084513], [-97.45166, 27.085464], [-97.44976, 27.083084], [-97.450233, 27.061193], [-97.453094, 27.054054]]], [[[-97.463081, 27.04311], [-97.473557, 27.043585], [-97.475456, 27.045488], [-97.473557, 27.066904], [-97.47213, 27.069759], [-97.466415, 27.065952], [-97.462608, 27.053579], [-97.463081, 27.04311]]], [[[-97.458328, 27.003611], [-97.463081, 27.004086], [-97.466415, 27.010748], [-97.469749, 27.035971], [-97.468796, 27.040255], [-97.464516, 27.04073], [-97.459755, 27.037874], [-97.456421, 27.016935], [-97.454994, 27.007418], [-97.458328, 27.003611]]], [[[-97.473076, 26.970297], [-97.475937, 26.974106], [-97.469749, 26.989809], [-97.466415, 26.9979], [-97.461182, 27.000755], [-97.454041, 27.000755], [-97.452141, 26.9979], [-97.452141, 26.989809], [-97.467842, 26.971251], [-97.473076, 26.970297]]]]}}, {"type": "Feature", "properties": {"STUSPS": "VA", "NAME": "Virginia"}, "geometry": {"type": "MultiPolygon", "coordinates": [[[[-76.04653, 37.953586], [-76.041691, 37.954], [-76.041402, 37.954006], [-76.030122, 37.953655], [-76.029463, 37.953775], [-76.021714, 37.953887], [-76.020932, 37.953879], [-75.993905, 37.953489], [-76.00313, 37.947997], [-76.017592, 37.935161], [-76.032491, 37.915008], [-76.035802, 37.929008], [-76.04653, 37.953586]]], [[[-75.242266, 38.027209], [-75.296871, 37.959043], [-75.319335, 37.922484], [-75.334296, 37.893477], [-75.349338, 37.873143], [-75.359036, 37.864143], [-75.36683, 37.859446], [-75.381376, 37.852711], [-75.392008, 37.867738], [-75.40054, 37.874865], [-75.428956, 37.875305], [-75.437868, 37.872324], [-75.452681, 37.86351], [-75.467951, 37.851328], [-75.487485, 37.832136], [-75.514921, 37.799149], [-75.548082, 37.742383], [-75.556868, 37.72441], [-75.572464, 37.701565], [-75.581333, 37.683593], [-75.586136, 37.660653], [-75.60322, 37.620243], [-75.610808, 37.605909], [-75.611683, 37.593469], [-75.601018, 37.586489], [-75.595716, 37.576657], [-75.594044, 37.569698], [-75.60672, 37.55717], [-75.63337, 37.52214], [-75.666178, 37.472124], [-75.665499, 37.467318], [-75.657623, 37.462372], [-75.655634, 37.446959], [-75.665957, 37.439209], [-75.672648, 37.429915], [-75.697914, 37.405301], [-75.720739, 37.373129], [-75.727335, 37.360346], [-75.725634, 37.358416], [-75.726691, 37.350127], [-75.735829, 37.335426], [-75.765401, 37.305596], [-75.778817, 37.297176], [-75.780766, 37.297222], [-75.784634, 37.300976], [-75.791913, 37.300589], [-75.798448, 37.296285], [-75.79083, 37.276207], [-75.799343, 37.251779], [-75.795881, 37.236922], [-75.790386, 37.231225], [-75.789929, 37.228134], [-75.790903, 37.225066], [-75.804446, 37.208011], [-75.800468, 37.201029], [-75.800755, 37.197297], [-75.830341, 37.1706], [-75.87767, 37.135604], [-75.886369, 37.126085], [-75.897298, 37.118037], [-75.906734, 37.114193], [-75.920444, 37.110679], [-75.924225, 37.113085], [-75.913222, 37.119849], [-75.92552, 37.133601], [-75.942539, 37.125142], [-75.945872, 37.120514], [-75.962596, 37.117535], [-75.943915, 37.103885], [-75.93979, 37.089449], [-75.956976, 37.081888], [-75.975536, 37.085669], [-75.981722, 37.099073], [-75.97043, 37.118608], [-75.970004, 37.128861], [-75.978083, 37.157338], [-75.998647, 37.188739], [-76.006094, 37.19481], [-76.013071, 37.205366], [-76.013778, 37.219263], [-76.010535, 37.231579], [-76.014026, 37.235381], [-76.025753, 37.257407], [-76.023664, 37.268971], [-76.015507, 37.280874], [-76.023475, 37.289067], [-76.018645, 37.31782], [-76.014251, 37.331943], [-75.997778, 37.351739], [-75.987122, 37.368548], [-75.97997, 37.404608], [-75.983105, 37.415802], [-75.981624, 37.434116], [-75.976491, 37.444878], [-75.960877, 37.467562], [-75.963496, 37.475352], [-75.963326, 37.481785], [-75.958966, 37.500133], [-75.949974, 37.521876], [-75.940318, 37.534582], [-75.937299, 37.551729], [-75.941153, 37.558436], [-75.941182, 37.563839], [-75.924756, 37.600215], [-75.909586, 37.622671], [-75.877059, 37.660641], [-75.868481, 37.668224], [-75.869523, 37.674356], [-75.868355, 37.687609], [-75.859262, 37.703111], [-75.845579, 37.707993], [-75.837685, 37.712985], [-75.830773, 37.725486], [-75.831438, 37.73169], [-75.827922, 37.737986], [-75.82481, 37.741671], [-75.812155, 37.749502], [-75.803041, 37.762464], [-75.812125, 37.776589], [-75.818125, 37.791698], [-75.793399, 37.804493], [-75.784599, 37.806826], [-75.770607, 37.804602], [-75.743097, 37.806656], [-75.73588, 37.816561], [-75.723224, 37.820124], [-75.71659, 37.826696], [-75.714487, 37.837777], [-75.709114, 37.8477], [-75.702914, 37.849659], [-75.689837, 37.861817], [-75.685293, 37.873341], [-75.687584, 37.88634], [-75.709626, 37.900622], [-75.72049, 37.901926], [-75.724505, 37.900184], [-75.726699, 37.897299], [-75.753048, 37.896605], [-75.758796, 37.897615], [-75.759835, 37.899333], [-75.757694, 37.903912], [-75.712065, 37.936082], [-75.704318, 37.92901], [-75.693942, 37.930362], [-75.669711, 37.950796], [-75.665012, 37.949387], [-75.655681, 37.945435], [-75.647606, 37.947027], [-75.648229, 37.966775], [-75.644725, 37.969779], [-75.641823, 37.975967], [-75.638221, 37.979397], [-75.635736, 37.979536], [-75.634209, 37.977672], [-75.63201, 37.97602], [-75.630992, 37.975667], [-75.629532, 37.975966], [-75.628839, 37.976789], [-75.628855, 37.977798], [-75.633712, 37.983057], [-75.633833, 37.984519], [-75.632532, 37.986693], [-75.630869, 37.987818], [-75.627607, 37.988521], [-75.625612, 37.9898], [-75.624341, 37.994211], [-75.435956, 38.010282], [-75.42881, 38.010854], [-75.398839, 38.013277], [-75.242266, 38.027209]]], [[[-75.973607, 37.835817], [-75.971705, 37.830928], [-75.977301, 37.825821], [-75.982158, 37.806226], [-75.987301, 37.804917], [-75.9983, 37.812626], [-76.001116, 37.834947], [-75.999658, 37.848198], [-75.996859, 37.85042], [-75.992556, 37.848889], [-75.988018, 37.841085], [-75.982098, 37.837253], [-75.973607, 37.835817]]], [[[-82.565329, 37.196118], [-82.558178, 37.199606], [-82.553835, 37.202841], [-82.550372, 37.204458], [-82.545804, 37.20307], [-82.541302, 37.20653], [-82.536627, 37.20692], [-82.531576, 37.209163], [-82.532051, 37.210808], [-82.531787, 37.212097], [-82.528746, 37.213742], [-82.524464, 37.214957], [-82.520117, 37.212906], [-82.509431, 37.218924], [-82.508062, 37.220964], [-82.508342, 37.222385], [-82.507895, 37.222727], [-82.498858, 37.227044], [-82.496308, 37.227562], [-82.495243, 37.225606], [-82.491486, 37.225086], [-82.487219, 37.227799], [-82.487317, 37.230578], [-82.486439, 37.231204], [-82.473275, 37.235569], [-82.463073, 37.238292], [-82.457016, 37.238288], [-82.451998, 37.242559], [-82.449164, 37.243908], [-82.435728, 37.246491], [-82.431022, 37.246773], [-82.418085, 37.251331], [-82.385663, 37.259631], [-82.383285, 37.260154], [-82.376595, 37.2599], [-82.364535, 37.264415], [-82.355343, 37.26522], [-82.350948, 37.267077], [-82.342068, 37.274109], [-82.341849, 37.280886], [-82.336942, 37.279737], [-82.33157, 37.282211], [-82.324619, 37.28318], [-82.318957, 37.287524], [-82.317395, 37.290975], [-82.317083, 37.293635], [-82.316028, 37.294879], [-82.309415, 37.300066], [-82.291908, 37.311642], [-82.254352, 37.337745], [-82.202688, 37.374041], [-82.201745, 37.375108], [-82.124854, 37.427272], [-82.062809, 37.470911], [-82.050888, 37.480527], [-81.968297, 37.537798], [-81.969279, 37.534325], [-81.967583, 37.532815], [-81.959362, 37.53522], [-81.957379, 37.535198], [-81.956947, 37.534259], [-81.957436, 37.533206], [-81.957693, 37.529841], [-81.95663, 37.52849], [-81.953524, 37.528056], [-81.946022, 37.531742], [-81.94401, 37.530964], [-81.943981, 37.5303], [-81.947545, 37.52753], [-81.94766, 37.52508], [-81.947085, 37.523913], [-81.943693, 37.521212], [-81.943779, 37.519609], [-81.945475, 37.51661], [-81.944756, 37.513657], [-81.943865, 37.512879], [-81.941968, 37.512306], [-81.938749, 37.512902], [-81.936996, 37.51423], [-81.933088, 37.518968], [-81.926391, 37.514207], [-81.926736, 37.51304], [-81.92787, 37.512118], [-81.932279, 37.511961], [-81.941151, 37.509483], [-81.943045, 37.508609], [-81.944188, 37.506976], [-81.943912, 37.502929], [-81.945957, 37.501901], [-81.949188, 37.502376], [-81.951831, 37.50205], [-81.953147, 37.501314], [-81.954077, 37.499822], [-81.954364, 37.496084], [-81.954167, 37.495302], [-81.952735, 37.494162], [-81.952681, 37.492274], [-81.953264, 37.491763], [-81.957213, 37.491504], [-81.964986, 37.493488], [-81.97073, 37.489904], [-81.977593, 37.484603], [-81.979169, 37.484604], [-81.980327, 37.485447], [-81.985703, 37.485681], [-81.989849, 37.484879], [-81.992916, 37.482969], [-81.996578, 37.476705], [-81.995649, 37.469833], [-81.99227, 37.460916], [-81.987006, 37.454878], [-81.984891, 37.454315], [-81.980013, 37.45721], [-81.976176, 37.457186], [-81.968795, 37.451496], [-81.969342, 37.450324], [-81.965582, 37.446918], [-81.958672, 37.448045], [-81.949367, 37.445687], [-81.945765, 37.440214], [-81.942856, 37.439929], [-81.941175, 37.440485], [-81.938843, 37.440463], [-81.935621, 37.438397], [-81.935316, 37.43639], [-81.937838, 37.432111], [-81.940553, 37.429058], [-81.93695, 37.41992], [-81.932468, 37.415217], [-81.923481, 37.411379], [-81.924506, 37.407613], [-81.925764, 37.406874], [-81.927338, 37.406844], [-81.930042, 37.405291], [-81.930786, 37.401656], [-81.92828, 37.398059], [-81.928778, 37.393845], [-81.933601, 37.389217], [-81.936744, 37.38073], [-81.935872, 37.378554], [-81.93388, 37.377796], [-81.932763, 37.374229], [-81.933895, 37.372747], [-81.930194, 37.366728], [-81.929915, 37.366589], [-81.926697, 37.364618], [-81.928497, 37.360645], [-81.926589, 37.358942], [-81.925643, 37.357316], [-81.921571, 37.356423], [-81.920711, 37.355416], [-81.920279, 37.353402], [-81.916678, 37.349346], [-81.911951, 37.349339], [-81.911487, 37.348839], [-81.910875, 37.348729], [-81.907895, 37.343783], [-81.907322, 37.343119], [-81.906368, 37.34276], [-81.905945, 37.342775], [-81.903795, 37.34305], [-81.902992, 37.34234], [-81.899495, 37.341102], [-81.899459, 37.340277], [-81.896001, 37.331967], [-81.895489, 37.332022], [-81.894797, 37.332012], [-81.894768, 37.331381], [-81.893773, 37.330105], [-81.892876, 37.330134], [-81.887722, 37.331156], [-81.886952, 37.330725], [-81.885075, 37.330665], [-81.880886, 37.331146], [-81.879601, 37.332074], [-81.878713, 37.331753], [-81.878343, 37.328837], [-81.873213, 37.325065], [-81.872662, 37.323314], [-81.87018, 37.320667], [-81.867425, 37.320838], [-81.860267, 37.315715], [-81.859928, 37.313965], [-81.863712, 37.31223], [-81.865429, 37.31012], [-81.865683, 37.309484], [-81.865219, 37.308839], [-81.86476, 37.308404], [-81.862031, 37.305648], [-81.859624, 37.304765], [-81.856032, 37.306742], [-81.85446, 37.30657], [-81.853645, 37.300779], [-81.853978, 37.300418], [-81.854465, 37.299937], [-81.853488, 37.294763], [-81.854059, 37.291352], [-81.853551, 37.287701], [-81.849949, 37.285227], [-81.846807, 37.284649], [-81.843167, 37.285586], [-81.84231, 37.285556], [-81.838762, 37.286343], [-81.834432, 37.285416], [-81.833406, 37.284535], [-81.834387, 37.283086], [-81.83447, 37.281763], [-81.825065, 37.279536], [-81.819625, 37.279411], [-81.816702, 37.279865], [-81.813222, 37.281091], [-81.810559, 37.28298], [-81.809184, 37.283003], [-81.807232, 37.283175], [-81.805382, 37.285622], [-81.803275, 37.285916], [-81.793595, 37.284838], [-81.793115, 37.283538], [-81.793639, 37.282188], [-81.793425, 37.281674], [-81.789294, 37.284416], [-81.783122, 37.28258], [-81.779362, 37.279982], [-81.77935, 37.277394], [-81.777319, 37.275873], [-81.774747, 37.274847], [-81.774684, 37.274807], [-81.767837, 37.274216], [-81.765195, 37.275099], [-81.763836, 37.275218], [-81.762776, 37.275391], [-81.761752, 37.275713], [-81.76022, 37.275254], [-81.757631, 37.274003], [-81.75773, 37.271934], [-81.757714, 37.271124], [-81.757531, 37.27001], [-81.755012, 37.26772], [-81.752912, 37.266614], [-81.752123, 37.265568], [-81.75129, 37.265131], [-81.747656, 37.264329], [-81.746109, 37.263597], [-81.745505, 37.26133], [-81.745445, 37.258125], [-81.743008, 37.255127], [-81.741662, 37.254784], [-81.740974, 37.254052], [-81.743505, 37.247601], [-81.74342, 37.245858], [-81.744291, 37.244178], [-81.744003, 37.242528], [-81.738543, 37.238264], [-81.73332, 37.238127], [-81.728194, 37.239823], [-81.726171, 37.240522], [-81.723061, 37.240493], [-81.719554, 37.237785], [-81.716248, 37.234321], [-81.71573, 37.228771], [-81.698954, 37.218201], [-81.695113, 37.21357], [-81.686717, 37.213105], [-81.683544, 37.211452], [-81.684012, 37.211098], [-81.683268, 37.205649], [-81.681379, 37.203634], [-81.678603, 37.202467], [-81.67821, 37.201483], [-81.560625, 37.206663], [-81.558353, 37.208145], [-81.557315, 37.207697], [-81.556892, 37.207275], [-81.556119, 37.207413], [-81.5536, 37.208443], [-81.549248, 37.213732], [-81.545211, 37.220165], [-81.544437, 37.220761], [-81.53307, 37.223414], [-81.527458, 37.225817], [-81.520729, 37.226914], [-81.508786, 37.232564], [-81.507325, 37.2338], [-81.50626, 37.239272], [-81.506428, 37.244469], [-81.50488, 37.247697], [-81.504168, 37.250115], [-81.50319, 37.252579], [-81.498874, 37.258025], [-81.497775, 37.257899], [-81.497773, 37.25719], [-81.498445, 37.256568], [-81.498045, 37.254659], [-81.495738, 37.252393], [-81.492287, 37.25096], [-81.483559, 37.250604], [-81.480144, 37.251121], [-81.476431, 37.255127], [-81.462107, 37.259899], [-81.46, 37.262547], [-81.459874, 37.263901], [-81.460585, 37.265527], [-81.458895, 37.266466], [-81.454199, 37.266999], [-81.449068, 37.269583], [-81.448285, 37.270575], [-81.43285, 37.272697], [-81.427946, 37.271015], [-81.416663, 37.273214], [-81.411593, 37.28033], [-81.409577, 37.284025], [-81.409729, 37.284837], [-81.409196, 37.286071], [-81.403764, 37.296597], [-81.40506, 37.298794], [-81.402195, 37.30166], [-81.398185, 37.302965], [-81.396817, 37.304498], [-81.397357, 37.306358], [-81.398702, 37.307806], [-81.398548, 37.310635], [-81.394287, 37.316411], [-81.388132, 37.319903], [-81.386727, 37.320474], [-81.38581, 37.320085], [-81.384914, 37.318832], [-81.384127, 37.318596], [-81.380159, 37.317838], [-81.377349, 37.318447], [-81.374455, 37.318614], [-81.37261, 37.320195], [-81.371315, 37.324115], [-81.367599, 37.327569], [-81.36803, 37.329447], [-81.369264, 37.330568], [-81.369379, 37.331827], [-81.36809, 37.332423], [-81.367052, 37.334504], [-81.366315, 37.335927], [-81.362156, 37.337687], [-81.320105, 37.299323], [-81.225104, 37.234874], [-81.204774, 37.243013], [-81.178151, 37.257979], [-81.167029, 37.262881], [-81.158964, 37.265382], [-81.142404, 37.269165], [-81.112596, 37.278497], [-81.09482, 37.28264], [-81.084012, 37.284401], [-81.037191, 37.290251], [-81.021937, 37.294143], [-81.008457, 37.296073], [-81.000576, 37.297868], [-80.996013, 37.299545], [-80.979589, 37.302279], [-80.979106, 37.300581], [-80.982173, 37.296023], [-80.981322, 37.293465], [-80.980146, 37.292743], [-80.973889, 37.291444], [-80.966556, 37.292158], [-80.947896, 37.295872], [-80.938135, 37.300278], [-80.931118, 37.302872], [-80.92704, 37.303683], [-80.919259, 37.306163], [-80.900535, 37.315], [-80.880103, 37.328903], [-80.868986, 37.338573], [-80.865321, 37.340523], [-80.849451, 37.346909], [-80.883248, 37.383933], [-80.862761, 37.411829], [-80.864455, 37.41418], [-80.865174, 37.416996], [-80.865148, 37.419927], [-80.863142, 37.424644], [-80.859556, 37.429568], [-80.85836, 37.428168], [-80.856997, 37.427052], [-80.853163, 37.426902], [-80.850656, 37.426062], [-80.846324, 37.423394], [-80.844213, 37.423555], [-80.841672, 37.425971], [-80.837678, 37.425658], [-80.836446, 37.424355], [-80.811639, 37.407507], [-80.808769, 37.406271], [-80.806358, 37.404119], [-80.807134, 37.401348], [-80.806129, 37.398074], [-80.800447, 37.395738], [-80.798869, 37.395807], [-80.790317, 37.395668], [-80.784188, 37.394587], [-80.783324, 37.392793], [-80.783382, 37.390649], [-80.782295, 37.389016], [-80.776766, 37.384131], [-80.776649, 37.383679], [-80.770082, 37.372363], [-80.759886, 37.374882], [-80.748722, 37.38005], [-80.745527, 37.380111], [-80.73804, 37.382547], [-80.731589, 37.38471], [-80.723596, 37.388261], [-80.715479, 37.390707], [-80.705203, 37.394618], [-80.691709, 37.401749], [-80.684576, 37.40463], [-80.664971, 37.414215], [-80.664112, 37.41422], [-80.656687, 37.417585], [-80.653589, 37.419514], [-80.645893, 37.422147], [-80.636947, 37.427471], [-80.637554, 37.428556], [-80.637379, 37.429372], [-80.63439, 37.431227], [-80.632365, 37.432125], [-80.626365, 37.433328], [-80.622664, 37.433307], [-80.622117, 37.435969], [-80.616802, 37.439443], [-80.600204, 37.446173], [-80.591377, 37.45144], [-80.59024, 37.453296], [-80.585856, 37.456654], [-80.566297, 37.466575], [-80.561442, 37.469775], [-80.552036, 37.473563], [-80.544836, 37.474695], [-80.539786, 37.474527], [-80.533449, 37.476406], [-80.532372, 37.477124], [-80.528349, 37.477368], [-80.523481, 37.476905], [-80.515139, 37.478566], [-80.513409, 37.479446], [-80.511391, 37.481672], [-80.492981, 37.457749], [-80.49728, 37.444779], [-80.494867, 37.43507], [-80.475601, 37.422949], [-80.46482, 37.426144], [-80.457313, 37.432267], [-80.451367, 37.434039], [-80.443025, 37.438126], [-80.425656, 37.449876], [-80.402816, 37.460322], [-80.39988, 37.462314], [-80.382535, 37.470367], [-80.378308, 37.471381], [-80.371952, 37.474069], [-80.369449, 37.476599], [-80.36317, 37.480001], [-80.366838, 37.484879], [-80.343789, 37.492148], [-80.332038, 37.493744], [-80.327103, 37.495376], [-80.320627, 37.49888], [-80.314806, 37.500943], [-80.309331, 37.50288], [-80.309833, 37.503827], [-80.299789, 37.508271], [-80.282385, 37.533517], [-80.291644, 37.536505], [-80.309346, 37.527381], [-80.330306, 37.536244], [-80.327489, 37.540022], [-80.324384, 37.541052], [-80.321249, 37.541419], [-80.314464, 37.54412], [-80.312393, 37.546239], [-80.328504, 37.564315], [-80.294882, 37.57877], [-80.28244, 37.585481], [-80.270342, 37.591149], [-80.26356, 37.593374], [-80.258919, 37.595499], [-80.24978, 37.602117], [-80.240272, 37.606961], [-80.226017, 37.620059], [-80.223386, 37.623185], [-80.220984, 37.627767], [-80.239288, 37.637672], [-80.254431, 37.642352], [-80.254469, 37.642333], [-80.263281, 37.645082], [-80.263291, 37.645101], [-80.26483, 37.645526], [-80.264874, 37.645511], [-80.267228, 37.646011], [-80.267455, 37.646108], [-80.270352, 37.648929], [-80.270323, 37.648982], [-80.279372, 37.657077], [-80.292258, 37.683732], [-80.292337, 37.683976], [-80.296138, 37.691783], [-80.294108, 37.693852], [-80.287107, 37.696403], [-80.275007, 37.707844], [-80.27199, 37.711532], [-80.264406, 37.718786], [-80.258143, 37.720612], [-80.253077, 37.725899], [-80.252227, 37.727261], [-80.252024, 37.729825], [-80.260313, 37.733517], [-80.262765, 37.738336], [-80.257411, 37.756084], [-80.25641, 37.756372], [-80.251622, 37.755866], [-80.24979, 37.757111], [-80.250427, 37.761301], [-80.251319, 37.762958], [-80.246902, 37.768309], [-80.24139, 37.769443], [-80.232011, 37.775621], [-80.230458, 37.778305], [-80.227498, 37.778889], [-80.221827, 37.778293], [-80.217634, 37.776775], [-80.216899, 37.776056], [-80.216498, 37.776445], [-80.215658, 37.777481], [-80.215892, 37.781989], [-80.218616, 37.783291], [-80.220092, 37.78316], [-80.227965, 37.791714], [-80.229489, 37.792331], [-80.229228, 37.79466], [-80.227092, 37.798886], [-80.218611, 37.809783], [-80.216939, 37.809505], [-80.216229, 37.80982], [-80.210965, 37.812598], [-80.206482, 37.81597], [-80.205841, 37.818921], [-80.202853, 37.82424], [-80.199633, 37.827507], [-80.19465, 37.831759], [-80.18638, 37.837741], [-80.181768, 37.838343], [-80.179391, 37.839751], [-80.183555, 37.84681], [-80.183062, 37.850646], [-80.181815, 37.852724], [-80.176712, 37.854029], [-80.172076, 37.860066], [-80.172033, 37.862144], [-80.168957, 37.867116], [-80.162202, 37.875122], [-80.153832, 37.881824], [-80.148951, 37.886892], [-80.147316, 37.885936], [-80.14613, 37.884453], [-80.141947, 37.882616], [-80.131931, 37.8895], [-80.13104, 37.890697], [-80.130464, 37.893194], [-80.129555, 37.894134], [-80.12362, 37.897943], [-80.123021, 37.898046], [-80.120613, 37.896735], [-80.117747, 37.89772], [-80.11748, 37.900581], [-80.119106, 37.902018], [-80.118967, 37.903614], [-80.116884, 37.906292], [-80.106819, 37.914698], [-80.102931, 37.918911], [-80.096563, 37.918112], [-80.086954, 37.929547], [-80.080823, 37.935526], [-80.075441, 37.939629], [-80.074514, 37.942221], [-80.066569, 37.947171], [-80.063682, 37.947968], [-80.056839, 37.951833], [-80.051043, 37.956852], [-80.04841, 37.957481], [-80.036236, 37.96792], [-80.024168, 37.976907], [-80.013145, 37.984253], [-80.012555, 37.985999], [-80.012891, 37.987443], [-80.012193, 37.988633], [-80.008888, 37.99083], [-80.002507, 37.992767], [-79.999384, 37.995842], [-79.996134, 38.000996], [-79.995398, 38.003309], [-79.995901, 38.005791], [-79.994985, 38.007853], [-79.990114, 38.013246], [-79.986142, 38.014182], [-79.984842, 38.01661], [-79.985792, 38.018089], [-79.985619, 38.01916], [-79.98029, 38.027596], [-79.978427, 38.029082], [-79.976732, 38.029278], [-79.975269, 38.030075], [-79.973701, 38.032556], [-79.972165, 38.036102], [-79.973777, 38.038744], [-79.973895, 38.040004], [-79.971231, 38.044326], [-79.968189, 38.047709], [-79.959844, 38.063697], [-79.960093, 38.068677], [-79.954369, 38.080397], [-79.953509, 38.081484], [-79.949113, 38.084238], [-79.942364, 38.091588], [-79.938274, 38.094741], [-79.935101, 38.096541], [-79.93425, 38.097669], [-79.933911, 38.099168], [-79.931034, 38.101402], [-79.927645, 38.104826], [-79.92633, 38.107151], [-79.929687, 38.109197], [-79.934364, 38.109718], [-79.938051, 38.110759], [-79.938952, 38.111619], [-79.944843, 38.131585], [-79.942747, 38.134333], [-79.933751, 38.135508], [-79.929031, 38.139771], [-79.928747, 38.144436], [-79.928683, 38.144928], [-79.925512, 38.150237], [-79.925251, 38.150465], [-79.923125, 38.150874], [-79.918662, 38.15479], [-79.914884, 38.167524], [-79.915065, 38.168088], [-79.916072, 38.168428], [-79.917924, 38.168399], [-79.918913, 38.170439], [-79.918629, 38.172671], [-79.916765, 38.175504], [-79.916622, 38.177994], [-79.921026, 38.179954], [-79.921196, 38.180378], [-79.917061, 38.183741], [-79.916174, 38.184386], [-79.916344, 38.186278], [-79.91441, 38.188418], [-79.910961, 38.18792], [-79.90609, 38.188999], [-79.898426, 38.193045], [-79.892916, 38.199868], [-79.892345, 38.202397], [-79.891999, 38.203378], [-79.891591, 38.204652], [-79.888045, 38.20736], [-79.886413, 38.207953], [-79.884234, 38.207868], [-79.879087, 38.211016], [-79.863625, 38.223945], [-79.856962, 38.231075], [-79.850324, 38.233329], [-79.846445, 38.240003], [-79.845207, 38.241082], [-79.842981, 38.241594], [-79.837494, 38.241276], [-79.835124, 38.241892], [-79.834171, 38.242899], [-79.834031, 38.244957], [-79.832971, 38.247553], [-79.830882, 38.249687], [-79.825283, 38.250488], [-79.82101, 38.248277], [-79.819623, 38.248234], [-79.817149, 38.249511], [-79.814865, 38.251568], [-79.815719, 38.253645], [-79.815708, 38.255065], [-79.814202, 38.258174], [-79.811987, 38.260401], [-79.806333, 38.259193], [-79.801274, 38.261474], [-79.798295, 38.265957], [-79.790134, 38.267654], [-79.788945, 38.268703], [-79.787542, 38.273298], [-79.789791, 38.281167], [-79.795448, 38.290228], [-79.797848, 38.292053], [-79.802778, 38.292073], [-79.803346, 38.296682], [-79.804026, 38.298622], [-79.807542, 38.301694], [-79.810115, 38.305037], [-79.810154, 38.306707], [-79.808711, 38.309429], [-79.804093, 38.313922], [-79.799617, 38.317149], [-79.798159, 38.319161], [-79.79655, 38.32348], [-79.785972, 38.330878], [-79.779272, 38.331609], [-79.77309, 38.335529], [-79.769906, 38.341843], [-79.766403, 38.350873], [-79.767263, 38.353395], [-79.764432, 38.356514], [-79.757626, 38.357566], [-79.75556, 38.357372], [-79.744105, 38.353968], [-79.740615, 38.354101], [-79.7346, 38.356728], [-79.732059, 38.360168], [-79.729344, 38.36183], [-79.727053, 38.362233], [-79.725973, 38.363229], [-79.725597, 38.363828], [-79.725804, 38.366128], [-79.72679, 38.370832], [-79.727676, 38.371701], [-79.730494, 38.372217], [-79.731698, 38.373376], [-79.729895, 38.380351], [-79.72635, 38.38707], [-79.722653, 38.389517], [-79.717365, 38.401562], [-79.712904, 38.405034], [-79.708965, 38.409553], [-79.70914, 38.412064], [-79.706634, 38.41573], [-79.689675, 38.431439], [-79.689909, 38.432864], [-79.69093, 38.433995], [-79.691656, 38.436436], [-79.691377, 38.439558], [-79.689544, 38.442511], [-79.691478, 38.446282], [-79.688962, 38.449538], [-79.688205, 38.450476], [-79.688365, 38.45687], [-79.688882, 38.458714], [-79.691088, 38.463744], [-79.695588, 38.469058], [-79.698929, 38.469869], [-79.699622, 38.473967], [-79.699006, 38.475148], [-79.695565, 38.477842], [-79.69418, 38.478311], [-79.693424, 38.481011], [-79.695462, 38.481454], [-79.696959, 38.484574], [-79.697572, 38.487223], [-79.694506, 38.494232], [-79.692273, 38.496474], [-79.691301, 38.496768], [-79.688345, 38.496183], [-79.682974, 38.501317], [-79.681606, 38.504504], [-79.681574, 38.508217], [-79.680374, 38.510617], [-79.674074, 38.510417], [-79.670474, 38.507717], [-79.669128, 38.510883], [-79.669128, 38.510975], [-79.668774, 38.512017], [-79.667574, 38.512917], [-79.665674, 38.513817], [-79.663474, 38.514117], [-79.662074, 38.515517], [-79.662974, 38.518717], [-79.666774, 38.524317], [-79.669774, 38.526917], [-79.671574, 38.527517], [-79.672974, 38.528717], [-79.668774, 38.534217], [-79.666874, 38.538317], [-79.669675, 38.543416], [-79.669275, 38.549516], [-79.665075, 38.560916], [-79.662575, 38.560516], [-79.659275, 38.562416], [-79.660675, 38.566216], [-79.661575, 38.567316], [-79.659375, 38.572616], [-79.658175, 38.573016], [-79.656109, 38.5762], [-79.649075, 38.591515], [-79.571771, 38.563117], [-79.566271, 38.562517], [-79.555471, 38.560217], [-79.54257, 38.553217], [-79.53827, 38.551817], [-79.53687, 38.550917], [-79.53337, 38.546217], [-79.53317, 38.544717], [-79.53187, 38.542817], [-79.521469, 38.533918], [-79.499768, 38.49772], [-79.476638, 38.457228], [-79.370302, 38.427244], [-79.312276, 38.411876], [-79.300081, 38.414888], [-79.297758, 38.416438], [-79.295712, 38.418129], [-79.291813, 38.419627], [-79.290529, 38.420757], [-79.288432, 38.42096], [-79.286874, 38.420555], [-79.285613, 38.419249], [-79.282971, 38.418095], [-79.280149, 38.42076], [-79.279678, 38.424173], [-79.280263, 38.425475], [-79.280581, 38.426833], [-79.28247, 38.429168], [-79.282663, 38.431021], [-79.282762, 38.431647], [-79.282225, 38.432078], [-79.274529, 38.436337], [-79.272064, 38.437376], [-79.267414, 38.438322], [-79.265327, 38.441772], [-79.263376, 38.443762], [-79.26291, 38.444586], [-79.261107, 38.448082], [-79.254435, 38.455949], [-79.253067, 38.455818], [-79.247342, 38.453294], [-79.242641, 38.454168], [-79.241854, 38.457055], [-79.242024, 38.464332], [-79.240059, 38.469841], [-79.234408, 38.473011], [-79.23162, 38.474041], [-79.225669, 38.476471], [-79.220961, 38.48059], [-79.221406, 38.484837], [-79.219067, 38.487441], [-79.215212, 38.489261], [-79.210591, 38.492913], [-79.210026, 38.494231], [-79.210008, 38.494283], [-79.209703, 38.495574], [-79.207873, 38.500122], [-79.207884, 38.500428], [-79.206959, 38.503522], [-79.210959, 38.507422], [-79.205859, 38.524521], [-79.201459, 38.527821], [-79.196959, 38.536721], [-79.193458, 38.542421], [-79.188958, 38.54742], [-79.184058, 38.55152], [-79.180858, 38.55992], [-79.176658, 38.56552], [-79.174881, 38.566314], [-79.174512, 38.566531], [-79.170958, 38.56812], [-79.170658, 38.56922], [-79.171658, 38.57162], [-79.170858, 38.574119], [-79.168058, 38.578619], [-79.163458, 38.583119], [-79.158657, 38.592319], [-79.158257, 38.593919], [-79.158957, 38.594519], [-79.159158, 38.601219], [-79.154357, 38.606518], [-79.155557, 38.609218], [-79.155355, 38.611225], [-79.151257, 38.620618], [-79.146974, 38.625641], [-79.146741, 38.625819], [-79.142657, 38.634417], [-79.139657, 38.637217], [-79.137557, 38.638017], [-79.137012, 38.640655], [-79.136374, 38.6424], [-79.135546, 38.643715], [-79.135472, 38.644057], [-79.133557, 38.646017], [-79.131057, 38.653217], [-79.129757, 38.655017], [-79.122256, 38.659817], [-79.120256, 38.660216], [-79.111556, 38.659717], [-79.106356, 38.656217], [-79.092955, 38.659517], [-79.092755, 38.662816], [-79.091055, 38.669316], [-79.087855, 38.673816], [-79.084355, 38.686516], [-79.085555, 38.688816], [-79.088055, 38.690115], [-79.090755, 38.692515], [-79.092271, 38.699208], [-79.092555, 38.700149], [-79.092755, 38.702315], [-79.086555, 38.716015], [-79.087255, 38.720114], [-79.085455, 38.724614], [-79.081955, 38.729714], [-79.079655, 38.734714], [-79.076555, 38.739214], [-79.073855, 38.742114], [-79.072755, 38.744614], [-79.072555, 38.747513], [-79.064854, 38.754413], [-79.060954, 38.756713], [-79.057554, 38.760213], [-79.057253, 38.761413], [-79.056754, 38.766513], [-79.055654, 38.770913], [-79.053754, 38.772313], [-79.051554, 38.772613], [-79.051254, 38.773913], [-79.051654, 38.778013], [-79.052454, 38.779213], [-79.054354, 38.780613], [-79.055654, 38.783013], [-79.054954, 38.785713], [-79.048954, 38.790713], [-79.046554, 38.792113], [-79.033153, 38.791013], [-79.029253, 38.791013], [-79.027253, 38.792113], [-79.023053, 38.798613], [-79.023453, 38.802612], [-79.024453, 38.803712], [-79.024053, 38.809212], [-79.019553, 38.817912], [-79.016752, 38.820012], [-79.011952, 38.820412], [-79.007952, 38.822312], [-79.006552, 38.823712], [-79.006152, 38.824512], [-79.006352, 38.826112], [-79.005152, 38.829912], [-79.002352, 38.836512], [-78.999014, 38.840074], [-78.998863, 38.840962], [-79.000252, 38.845412], [-78.998171, 38.847353], [-78.993997, 38.850102], [-78.869276, 38.762991], [-78.865905, 38.767034], [-78.863684, 38.7718], [-78.848187, 38.794978], [-78.835191, 38.811499], [-78.832267, 38.814388], [-78.827262, 38.82161], [-78.821167, 38.830982], [-78.815116, 38.841594], [-78.810943, 38.849616], [-78.808181, 38.856175], [-78.796213, 38.874606], [-78.79161, 38.877593], [-78.790078, 38.880076], [-78.788031, 38.885123], [-78.786025, 38.887187], [-78.779198, 38.892298], [-78.772793, 38.893742], [-78.759085, 38.900529], [-78.757278, 38.903203], [-78.754516, 38.905728], [-78.754658, 38.907582], [-78.750517, 38.916029], [-78.738921, 38.927283], [-78.726222, 38.930932], [-78.724062, 38.930846], [-78.722451, 38.931405], [-78.718482, 38.934267], [-78.717076, 38.936028], [-78.71962, 38.92651], [-78.720095, 38.923863], [-78.719806, 38.922638], [-78.719755, 38.922135], [-78.719451, 38.92026], [-78.7209, 38.909844], [-78.71981, 38.905907], [-78.718647, 38.904561], [-78.717178, 38.904296], [-78.716168, 38.90483], [-78.712622, 38.908665], [-78.704323, 38.915231], [-78.69738, 38.915602], [-78.69145, 38.922195], [-78.688266, 38.92478], [-78.681617, 38.92584], [-78.680456, 38.925313], [-78.670679, 38.9338], [-78.666594, 38.9392], [-78.665886, 38.941579], [-78.662083, 38.945702], [-78.65905, 38.947375], [-78.655043, 38.953766], [-78.652352, 38.960677], [-78.646589, 38.968138], [-78.638423, 38.966819], [-78.632471, 38.974739], [-78.632452, 38.976983], [-78.630846, 38.979586], [-78.629553, 38.980866], [-78.625672, 38.982575], [-78.620453, 38.982601], [-78.619914, 38.981288], [-78.619982, 38.977338], [-78.618676, 38.974082], [-78.614312, 38.97585], [-78.611184, 38.976134], [-78.608369, 38.969743], [-78.601655, 38.964603], [-78.601399, 38.96653], [-78.598894, 38.969546], [-78.596015, 38.970192], [-78.593261, 38.971918], [-78.588704, 38.978579], [-78.582928, 38.985416], [-78.581981, 38.988398], [-78.580465, 38.990567], [-78.570462, 39.001552], [-78.561711, 39.009007], [-78.5594, 39.011877], [-78.554919, 39.015124], [-78.552321, 39.016374], [-78.550467, 39.018065], [-78.55738, 39.021393], [-78.55964, 39.024456], [-78.563294, 39.026328], [-78.565073, 39.025935], [-78.565837, 39.026303], [-78.571901, 39.031995], [-78.559997, 39.041573], [-78.556748, 39.044527], [-78.554263, 39.048058], [-78.547734, 39.054069], [-78.545679, 39.055052], [-78.540216, 39.060631], [-78.531695, 39.066519], [-78.526543, 39.068221], [-78.522714, 39.071062], [-78.516789, 39.077569], [-78.515955, 39.080046], [-78.516479, 39.081802], [-78.512103, 39.084878], [-78.508132, 39.08863], [-78.504384, 39.091398], [-78.495984, 39.09898], [-78.49516, 39.100992], [-78.484283, 39.107372], [-78.478426, 39.109843], [-78.47732, 39.109398], [-78.475376, 39.107469], [-78.473209, 39.108143], [-78.470261, 39.110063], [-78.46953, 39.111204], [-78.466662, 39.112858], [-78.459869, 39.113351], [-78.439429, 39.132146], [-78.437771, 39.135426], [-78.436658, 39.141691], [-78.427294, 39.152726], [-78.413943, 39.158415], [-78.412599, 39.160038], [-78.403697, 39.167451], [-78.406966, 39.170903], [-78.411972, 39.172734], [-78.426315, 39.182762], [-78.428697, 39.187217], [-78.424292, 39.192156], [-78.424905, 39.193301], [-78.430846, 39.196227], [-78.436662, 39.196658], [-78.438651, 39.198049], [-78.437053, 39.199766], [-78.43213, 39.204717], [-78.431167, 39.205744], [-78.429803, 39.207014], [-78.427911, 39.208611], [-78.423968, 39.212049], [-78.41789, 39.217504], [-78.405585, 39.231176], [-78.40498, 39.238006], [-78.404214, 39.241214], [-78.399669, 39.243874], [-78.399785, 39.244129], [-78.409116, 39.252564], [-78.414631, 39.255733], [-78.41612, 39.25541], [-78.418584, 39.256065], [-78.419422, 39.257476], [-78.414204, 39.26391], [-78.402783, 39.275471], [-78.401813, 39.276754], [-78.402275, 39.277238], [-78.398682, 39.281332], [-78.393371, 39.282988], [-78.388785, 39.288572], [-78.387194, 39.291444], [-78.387242, 39.29343], [-78.385888, 39.294888], [-78.374728, 39.305136], [-78.371604, 39.307692], [-78.367242, 39.310148], [-78.364686, 39.317312], [-78.361567, 39.318037], [-78.360035, 39.317771], [-78.35894, 39.319484], [-78.346301, 39.339108], [-78.34546, 39.341024], [-78.347634, 39.34272], [-78.347409, 39.343402], [-78.343685, 39.346713], [-78.342514, 39.346769], [-78.341308, 39.345555], [-78.339284, 39.348605], [-78.338958, 39.349889], [-78.34048, 39.353492], [-78.348698, 39.354744], [-78.362267, 39.357784], [-78.366867, 39.35929], [-78.362632, 39.362888], [-78.354837, 39.371616], [-78.343214, 39.388807], [-78.350014, 39.392861], [-78.349436, 39.397252], [-78.357949, 39.404192], [-78.359918, 39.409028], [-78.359352, 39.412534], [-78.356627, 39.415902], [-78.351236, 39.420595], [-78.348354, 39.424431], [-78.346718, 39.427618], [-78.347942, 39.430879], [-78.353227, 39.436792], [-78.347773, 39.440583], [-78.346546, 39.442616], [-78.346061, 39.445613], [-78.347333, 39.447659], [-78.346962, 39.450679], [-78.345823, 39.453499], [-78.345143, 39.459484], [-78.349476, 39.462205], [-78.347087, 39.466012], [-78.28798, 39.428755], [-78.262785, 39.414323], [-78.228766, 39.391233], [-78.205401, 39.375099], [-78.18737, 39.363989], [-78.158194, 39.343392], [-78.14092, 39.333745], [-78.108746, 39.31246], [-78.032841, 39.264403], [-77.828157, 39.132329], [-77.822182, 39.139985], [-77.82223, 39.142734], [-77.82299, 39.145451], [-77.822874, 39.147755], [-77.821413, 39.15241], [-77.818446, 39.155279], [-77.813206, 39.165023], [-77.811295, 39.167563], [-77.809125, 39.168567], [-77.805991, 39.172421], [-77.805099, 39.174222], [-77.804415, 39.178045], [-77.804712, 39.179419], [-77.797943, 39.192826], [-77.797714, 39.19424], [-77.798478, 39.199574], [-77.79819, 39.200658], [-77.794596, 39.206299], [-77.793631, 39.210125], [-77.788763, 39.215243], [-77.78364, 39.224081], [-77.781268, 39.226909], [-77.778068, 39.229305], [-77.771415, 39.236776], [-77.767277, 39.24938], [-77.770589, 39.249393], [-77.770876, 39.24976], [-77.770669, 39.255262], [-77.770281, 39.255977], [-77.768992, 39.256417], [-77.768, 39.257657], [-77.766525, 39.25734], [-77.762844, 39.258445], [-77.761768, 39.263031], [-77.761217, 39.263721], [-77.758733, 39.268114], [-77.758412, 39.269197], [-77.755698, 39.274575], [-77.755193, 39.275191], [-77.753105, 39.27734], [-77.75306, 39.277971], [-77.753357, 39.280331], [-77.752726, 39.283373], [-77.750267, 39.289284], [-77.747287, 39.295001], [-77.734899, 39.312409], [-77.730047, 39.315666], [-77.721638, 39.318494], [-77.719946, 39.319693], [-77.719029, 39.321125], [-77.715865, 39.320641], [-77.707709, 39.321559], [-77.697461, 39.318633], [-77.692984, 39.31845], [-77.687124, 39.319914], [-77.681706, 39.323666], [-77.675846, 39.324192], [-77.671341, 39.321675], [-77.66613, 39.317008], [-77.650997, 39.310784], [-77.640282, 39.308241], [-77.636101, 39.307782], [-77.615939, 39.302722], [-77.6059, 39.303688], [-77.598892, 39.301883], [-77.592739, 39.30129], [-77.588235, 39.301955], [-77.578491, 39.305228], [-77.570041, 39.30635], [-77.566596, 39.306121], [-77.56321, 39.303903], [-77.561826, 39.301913], [-77.562768, 39.294501], [-77.560854, 39.286152], [-77.553114, 39.279268], [-77.551054, 39.275882], [-77.545846, 39.271535], [-77.544258, 39.26966], [-77.543228, 39.266937], [-77.540581, 39.264947], [-77.534461, 39.262361], [-77.522486, 39.259086], [-77.520986, 39.258491], [-77.519634, 39.257232], [-77.508427, 39.25263], [-77.496606, 39.251045], [-77.486813, 39.247586], [-77.484664, 39.246123], [-77.480807, 39.241664], [-77.471213, 39.234509], [-77.46021, 39.228359], [-77.45812, 39.22614], [-77.45768, 39.22502], [-77.457943, 39.222023], [-77.459883, 39.218682], [-77.470113, 39.21184], [-77.47361, 39.208407], [-77.475929, 39.202024], [-77.475013, 39.194934], [-77.477362, 39.190495], [-77.478596, 39.189168], [-77.485971, 39.185665], [-77.505162, 39.18205], [-77.510631, 39.178484], [-77.516426, 39.170891], [-77.521222, 39.161057], [-77.524872, 39.148455], [-77.527282, 39.146236], [-77.526728, 39.137315], [-77.524559, 39.127821], [-77.519929, 39.120925], [-77.51532, 39.118591], [-77.499711, 39.11395], [-77.494955, 39.113038], [-77.4858, 39.109303], [-77.481279, 39.105658], [-77.47701, 39.100331], [-77.472414, 39.092524], [-77.469443, 39.086387], [-77.462617, 39.076248], [-77.46145, 39.075151], [-77.458202, 39.073723], [-77.452827, 39.072468], [-77.4374, 39.070611], [-77.42318, 39.066878], [-77.41543, 39.066435], [-77.404593, 39.064496], [-77.399204, 39.064784], [-77.38568, 39.061987], [-77.380108, 39.062808], [-77.375079, 39.061297], [-77.367529, 39.061087], [-77.359702, 39.062004], [-77.350311, 39.062133], [-77.340287, 39.062991], [-77.335511, 39.061771], [-77.33401, 39.060989], [-77.333706, 39.059508], [-77.324206, 39.056508], [-77.314905, 39.052208], [-77.310705, 39.052008], [-77.301005, 39.049508], [-77.293105, 39.046508], [-77.274706, 39.034091], [-77.266004, 39.031909], [-77.255303, 39.030009], [-77.248403, 39.026909], [-77.246003, 39.024909], [-77.244603, 39.020109], [-77.246903, 39.014809], [-77.251803, 39.011409], [-77.255703, 39.002409], [-77.253003, 38.995709], [-77.249203, 38.993709], [-77.248303, 38.992309], [-77.249803, 38.985909], [-77.234803, 38.97631], [-77.232268, 38.979502], [-77.231601, 38.979917], [-77.229992, 38.979858], [-77.228395, 38.978404], [-77.224969, 38.973349], [-77.221502, 38.97131], [-77.211502, 38.96941], [-77.209302, 38.97041], [-77.203602, 38.96891], [-77.202502, 38.96791], [-77.197502, 38.96681], [-77.188302, 38.96751], [-77.183002, 38.96881], [-77.171901, 38.96751], [-77.168001, 38.96741], [-77.166901, 38.96811], [-77.165301, 38.96801], [-77.151084, 38.965832], [-77.148179, 38.965002], [-77.146601, 38.96421], [-77.137701, 38.95531], [-77.131901, 38.94741], [-77.127601, 38.94001], [-77.1199, 38.934311], [-77.1179, 38.932411], [-77.1166, 38.928911], [-77.1134, 38.925211], [-77.1063, 38.919111], [-77.1034, 38.912911], [-77.1012, 38.911111], [-77.0937, 38.905911], [-77.0902, 38.904211], [-77.0822, 38.901911], [-77.070099, 38.900711], [-77.068199, 38.899811], [-77.067299, 38.899211], [-77.063499, 38.888611], [-77.058254, 38.880069], [-77.055199, 38.880012], [-77.054099, 38.879112], [-77.051099, 38.875212], [-77.051299, 38.873212], [-77.049099, 38.870712], [-77.046299, 38.871312], [-77.045599, 38.873012], [-77.046599, 38.874912], [-77.045399, 38.875212], [-77.043299, 38.874012], [-77.040599, 38.871212], [-77.039099, 38.868112], [-77.038899, 38.865812], [-77.039299, 38.864312], [-77.031698, 38.850512], [-77.032798, 38.841712], [-77.041699, 38.840212], [-77.044199, 38.840212], [-77.044999, 38.838512], [-77.044899, 38.834712], [-77.043499, 38.833212], [-77.042599, 38.833812], [-77.041199, 38.833712], [-77.039199, 38.832212], [-77.038098, 38.828612], [-77.039098, 38.821413], [-77.038098, 38.815613], [-77.035798, 38.814913], [-77.038898, 38.800813], [-77.038598, 38.791513], [-77.039498, 38.791113], [-77.040098, 38.789913], [-77.041098, 38.773313], [-77.041898, 38.741514], [-77.040998, 38.737914], [-77.041398, 38.724515], [-77.042298, 38.718515], [-77.045498, 38.714315], [-77.053199, 38.709915], [-77.065322, 38.709564], [-77.071861, 38.710581], [-77.072807, 38.711526], [-77.079499, 38.709515], [-77.0918, 38.703415], [-77.099, 38.698615], [-77.1027, 38.698315], [-77.1059, 38.696815], [-77.122001, 38.685816], [-77.132501, 38.673816], [-77.135901, 38.649817], [-77.131901, 38.644217], [-77.132201, 38.641217], [-77.1302, 38.635017], [-77.157501, 38.636417], [-77.174902, 38.624217], [-77.202002, 38.617217], [-77.204302, 38.617817], [-77.205103, 38.623917], [-77.216303, 38.637817], [-77.240604, 38.638917], [-77.246704, 38.635217], [-77.248904, 38.628617], [-77.245104, 38.620717], [-77.247003, 38.590618], [-77.26443, 38.582845], [-77.265304, 38.580319], [-77.26083, 38.56533], [-77.276603, 38.54712], [-77.276303, 38.53962], [-77.283503, 38.525221], [-77.291103, 38.515721], [-77.300776, 38.506978], [-77.310334, 38.493926], [-77.322622, 38.467131], [-77.32544, 38.44885], [-77.319036, 38.417803], [-77.310719, 38.397669], [-77.312201, 38.390958], [-77.314848, 38.389579], [-77.317288, 38.383576], [-77.296077, 38.369797], [-77.288145, 38.359477], [-77.28835, 38.351286], [-77.286202, 38.347025], [-77.279633, 38.339444], [-77.265295, 38.333165], [-77.240072, 38.331598], [-77.199433, 38.34089], [-77.17934, 38.341915], [-77.162692, 38.345994], [-77.155191, 38.351047], [-77.138224, 38.367917], [-77.104717, 38.369655], [-77.094665, 38.367715], [-77.08481, 38.368297], [-77.069956, 38.377895], [-77.056032, 38.3962], [-77.051437, 38.399083], [-77.043526, 38.400548], [-77.024866, 38.386791], [-77.011827, 38.374554], [-77.016932, 38.341697], [-77.020947, 38.329273], [-77.030683, 38.311623], [-77.026304, 38.302685], [-76.99767, 38.278047], [-76.990255, 38.273935], [-76.981372, 38.274214], [-76.96215, 38.256486], [-76.957796, 38.243183], [-76.957417, 38.236341], [-76.962375, 38.230093], [-76.966553, 38.229542], [-76.967335, 38.227185], [-76.962311, 38.214075], [-76.937134, 38.202384], [-76.916922, 38.199751], [-76.910832, 38.197073], [-76.875272, 38.172207], [-76.838795, 38.163476], [-76.824274, 38.163639], [-76.802968, 38.167988], [-76.788445, 38.169199], [-76.760241, 38.166581], [-76.749685, 38.162114], [-76.743064, 38.156988], [-76.740278, 38.152824], [-76.738938, 38.14651], [-76.721722, 38.137635], [-76.704048, 38.149264], [-76.701297, 38.155718], [-76.684892, 38.156497], [-76.665127, 38.147638], [-76.643448, 38.14825], [-76.638983, 38.151476], [-76.629476, 38.15305], [-76.613939, 38.148587], [-76.604131, 38.128771], [-76.600937, 38.110084], [-76.579497, 38.09487], [-76.543155, 38.076971], [-76.535919, 38.069532], [-76.522354, 38.04259], [-76.516547, 38.026566], [-76.491998, 38.017222], [-76.469343, 38.013544], [-76.465291, 38.010226], [-76.462542, 37.998572], [-76.427487, 37.977038], [-76.416299, 37.966828], [-76.391439, 37.958742], [-76.360211, 37.952329], [-76.343848, 37.947345], [-76.265998, 37.91138], [-76.236725, 37.889174], [-76.245072, 37.861918], [-76.251358, 37.833072], [-76.266057, 37.8174], [-76.275178, 37.812664], [-76.280544, 37.812597], [-76.282592, 37.814109], [-76.281985, 37.818068], [-76.284904, 37.822308], [-76.293525, 37.822717], [-76.307482, 37.81235], [-76.310307, 37.794849], [-76.306489, 37.788646], [-76.312108, 37.750522], [-76.304917, 37.729913], [-76.312858, 37.720338], [-76.302803, 37.704474], [-76.300067, 37.695364], [-76.302545, 37.689], [-76.312079, 37.684651], [-76.315161, 37.68472], [-76.324808, 37.676983], [-76.339892, 37.655966], [-76.332562, 37.645817], [-76.306464, 37.642005], [-76.292534, 37.636098], [-76.287959, 37.631771], [-76.279447, 37.618225], [-76.28037, 37.613715], [-76.309174, 37.621892], [-76.36232, 37.610368], [-76.381106, 37.627003], [-76.390054, 37.630326], [-76.399236, 37.628636], [-76.443254, 37.652347], [-76.472392, 37.665772], [-76.489576, 37.666201], [-76.491799, 37.663614], [-76.497564, 37.647056], [-76.501522, 37.643762], [-76.510187, 37.642324], [-76.536548, 37.663574], [-76.537698, 37.66893], [-76.535302, 37.687516], [-76.537228, 37.698892], [-76.54005, 37.704432], [-76.560476, 37.727827], [-76.576387, 37.757493], [-76.584289, 37.76889], [-76.593835, 37.772848], [-76.595939, 37.77168], [-76.602024, 37.772731], [-76.615351, 37.780759], [-76.651413, 37.796239], [-76.658302, 37.806815], [-76.680197, 37.825654], [-76.692747, 37.82277], [-76.701606, 37.822677], [-76.722156, 37.83668], [-76.72718, 37.842263], [-76.733046, 37.852009], [-76.738395, 37.865373], [-76.747552, 37.875864], [-76.765711, 37.879274], [-76.784618, 37.869569], [-76.782826, 37.863184], [-76.766328, 37.840437], [-76.7512, 37.824141], [-76.734309, 37.79866], [-76.723863, 37.788503], [-76.715498, 37.785873], [-76.689773, 37.78519], [-76.683775, 37.781391], [-76.681901, 37.778118], [-76.683343, 37.775783], [-76.683372, 37.765507], [-76.680922, 37.759647], [-76.677002, 37.7561], [-76.663887, 37.751887], [-76.639962, 37.750941], [-76.61971, 37.744795], [-76.617373, 37.742347], [-76.621433, 37.737973], [-76.61997, 37.731271], [-76.606466, 37.724819], [-76.597213, 37.717269], [-76.595943, 37.712989], [-76.598073, 37.70912], [-76.597868, 37.702918], [-76.579591, 37.671508], [-76.583143, 37.661986], [-76.574049, 37.646781], [-76.542666, 37.616857], [-76.533777, 37.61253], [-76.527188, 37.611315], [-76.435474, 37.612807], [-76.420252, 37.598686], [-76.410781, 37.581815], [-76.383188, 37.573056], [-76.357835, 37.573699], [-76.332641, 37.570042], [-76.300144, 37.561734], [-76.29796, 37.557636], [-76.302762, 37.551295], [-76.330598, 37.536391], [-76.339989, 37.53833], [-76.348992, 37.536548], [-76.360474, 37.51924], [-76.359378, 37.513426], [-76.352678, 37.504913], [-76.32947, 37.49492], [-76.306952, 37.497488], [-76.297739, 37.506863], [-76.296445, 37.511235], [-76.298456, 37.512677], [-76.297651, 37.515424], [-76.293599, 37.516499], [-76.288167, 37.514118], [-76.281043, 37.507821], [-76.265056, 37.481365], [-76.252415, 37.447274], [-76.250454, 37.421886], [-76.246617, 37.404122], [-76.245283, 37.386839], [-76.24846, 37.375135], [-76.258277, 37.36202], [-76.262407, 37.360786], [-76.264847, 37.357399], [-76.272888, 37.335174], [-76.272005, 37.322194], [-76.275552, 37.309964], [-76.282555, 37.319107], [-76.291324, 37.324145], [-76.308581, 37.329366], [-76.31205, 37.338088], [-76.337476, 37.364014], [-76.366751, 37.374495], [-76.387112, 37.385061], [-76.391437, 37.390284], [-76.393958, 37.39594], [-76.393125, 37.398068], [-76.415167, 37.402133], [-76.418719, 37.3978], [-76.407497, 37.369836], [-76.4147, 37.367778], [-76.428752, 37.380687], [-76.437525, 37.37975], [-76.445333, 37.36646], [-76.434965, 37.354524], [-76.406388, 37.332924], [-76.38777, 37.30767], [-76.385603, 37.294108], [-76.381075, 37.28534], [-76.369029, 37.279311], [-76.352556, 37.278334], [-76.349489, 37.273963], [-76.36229, 37.270226], [-76.392788, 37.264973], [-76.417173, 37.26395], [-76.421765, 37.255198], [-76.429141, 37.25331], [-76.475927, 37.250543], [-76.48284, 37.254831], [-76.493302, 37.24947], [-76.50364, 37.233856], [-76.494008, 37.225408], [-76.471799, 37.216016], [-76.394132, 37.22515], [-76.389793, 37.222981], [-76.3936, 37.214049], [-76.396052, 37.201087], [-76.389284, 37.193503], [-76.391252, 37.179887], [-76.399659, 37.160272], [-76.394756, 37.157568], [-76.381379, 37.155711], [-76.375255, 37.16084], [-76.35969, 37.16858], [-76.348658, 37.170655], [-76.343234, 37.166207], [-76.344898, 37.164479], [-76.34405, 37.160367], [-76.340129, 37.151823], [-76.334017, 37.144223], [-76.330481, 37.141727], [-76.324353, 37.142895], [-76.311088, 37.138495], [-76.292344, 37.126615], [-76.274463, 37.094544], [-76.271262, 37.084544], [-76.292863, 37.035145], [-76.300352, 37.00885], [-76.304272, 37.001378], [-76.312048, 37.000371], [-76.315008, 37.001683], [-76.314624, 37.00933], [-76.318065, 37.013846], [-76.340666, 37.015246], [-76.348066, 37.006747], [-76.356366, 37.002947], [-76.373567, 36.998347], [-76.383367, 36.993347], [-76.396368, 36.982347], [-76.408568, 36.969147], [-76.411768, 36.962847], [-76.418969, 36.964047], [-76.428869, 36.969947], [-76.452118, 36.998163], [-76.452461, 37.004603], [-76.449891, 37.004868], [-76.448231, 37.007705], [-76.464471, 37.027547], [-76.512289, 37.054858], [-76.518242, 37.055351], [-76.526273, 37.062947], [-76.527973, 37.068247], [-76.526573, 37.070047], [-76.526203, 37.077773], [-76.536875, 37.083942], [-76.555066, 37.075859], [-76.564219, 37.077507], [-76.567931, 37.080467], [-76.579499, 37.096627], [-76.618252, 37.119347], [-76.62478, 37.127091], [-76.622252, 37.142146], [-76.617084, 37.144498], [-76.604476, 37.160034], [-76.606684, 37.166674], [-76.610972, 37.166994], [-76.616268, 37.178962], [-76.61934, 37.192146], [-76.623292, 37.198738], [-76.629868, 37.206738], [-76.641085, 37.216002], [-76.649869, 37.220914], [-76.689166, 37.222866], [-76.698943, 37.219059], [-76.730951, 37.213813], [-76.73432, 37.204211], [-76.74, 37.195379], [-76.74304, 37.192611], [-76.75047, 37.190098], [-76.757765, 37.191658], [-76.773752, 37.206061], [-76.780532, 37.209336], [-76.789086, 37.224252], [-76.799079, 37.233294], [-76.813832, 37.239481], [-76.828109, 37.241385], [-76.869035, 37.241385], [-76.874746, 37.250427], [-76.877126, 37.251854], [-76.884264, 37.251854], [-76.898065, 37.243764], [-76.913293, 37.235674], [-76.919956, 37.230439], [-76.924239, 37.222349], [-76.923763, 37.216162], [-76.912818, 37.20712], [-76.898541, 37.199982], [-76.890927, 37.199506], [-76.865704, 37.209024], [-76.801023, 37.206043], [-76.803198, 37.201513], [-76.802511, 37.198308], [-76.796905, 37.189404], [-76.756899, 37.161582], [-76.747632, 37.150548], [-76.73728, 37.146164], [-76.73032, 37.145395], [-76.715295, 37.148035], [-76.696735, 37.174403], [-76.692926, 37.186147], [-76.691918, 37.195731], [-76.685614, 37.198851], [-76.669886, 37.183571], [-76.663774, 37.173875], [-76.66427, 37.171027], [-76.66867, 37.166771], [-76.67147, 37.158739], [-76.671588, 37.14206], [-76.666542, 37.138179], [-76.656894, 37.109843], [-76.65811, 37.096787], [-76.667646, 37.076228], [-76.669822, 37.06426], [-76.66835, 37.05506], [-76.662558, 37.045748], [-76.653998, 37.039172], [-76.646013, 37.036228], [-76.612124, 37.035604], [-76.586491, 37.02874], [-76.577531, 37.022548], [-76.562923, 37.003796], [-76.551246, 36.998946], [-76.524853, 36.983833], [-76.522971, 36.981085], [-76.524142, 36.978316], [-76.521006, 36.973187], [-76.513363, 36.968057], [-76.500355, 36.965212], [-76.487559, 36.952372], [-76.482407, 36.917364], [-76.482135, 36.901108], [-76.483369, 36.896239], [-76.469914, 36.882898], [-76.454692, 36.884077], [-76.45329, 36.887031], [-76.453941, 36.89274], [-76.447413, 36.90322], [-76.441605, 36.906116], [-76.43122, 36.904532], [-76.407507, 36.897444], [-76.387567, 36.899547], [-76.385867, 36.923247], [-76.353765, 36.922747], [-76.345569, 36.924531], [-76.344663, 36.919313], [-76.333158, 36.917293], [-76.328864, 36.918447], [-76.330765, 36.938647], [-76.327365, 36.959447], [-76.322764, 36.959147], [-76.315867, 36.955351], [-76.299364, 36.965547], [-76.297663, 36.968147], [-76.285063, 36.968747], [-76.267962, 36.964547], [-76.234961, 36.945147], [-76.22166, 36.939547], [-76.189959, 36.931447], [-76.139557, 36.923047], [-76.095508, 36.908817], [-76.087955, 36.908647], [-76.058154, 36.916947], [-76.043054, 36.927547], [-76.033454, 36.931946], [-76.013753, 36.930746], [-76.007553, 36.929047], [-75.996252, 36.922047], [-75.991552, 36.910847], [-75.972151, 36.842268], [-75.965451, 36.812449], [-75.94955, 36.76115], [-75.921748, 36.692051], [-75.890946, 36.630753], [-75.874145, 36.583853], [-75.867044, 36.550754], [-75.879744, 36.550754], [-75.880644, 36.550754], [-75.885945, 36.550754], [-75.886545, 36.550754], [-75.891945, 36.550754], [-75.893245, 36.550654], [-75.894145, 36.550754], [-75.903445, 36.550654], [-75.904745, 36.550654], [-75.909046, 36.550654], [-75.911446, 36.550654], [-75.922046, 36.550654], [-75.952847, 36.550553], [-75.953447, 36.550553], [-75.955748, 36.550553], [-75.957648, 36.550553], [-76.02675, 36.550553], [-76.034751, 36.550653], [-76.313215, 36.550551], [-76.465268, 36.550951], [-76.541687, 36.550312], [-76.575496, 36.550744], [-76.738329, 36.550985], [-76.749678, 36.550381], [-76.781296, 36.550659], [-76.807078, 36.550606], [-76.915897, 36.552093], [-76.916989, 36.550742], [-76.917318, 36.546046], [-76.916048, 36.543815], [-77.095062, 36.544626], [-77.124812, 36.543986], [-77.152691, 36.544078], [-77.1645, 36.54633], [-77.16966, 36.547315], [-77.190175, 36.546164], [-77.205156, 36.544581], [-77.749706, 36.54552], [-77.87528, 36.544754], [-77.882357, 36.544737], [-77.899771, 36.544663], [-78.038938, 36.544173], [-78.03942, 36.544196], [-78.132911, 36.543811], [-78.133323, 36.543847], [-78.245462, 36.544411], [-78.246681, 36.544341], [-78.323912, 36.543809], [-78.436333, 36.542666], [-78.441199, 36.542687], [-78.45697, 36.542474], [-78.470792, 36.542316], [-78.471022, 36.542307], [-78.509965, 36.541065], [-78.529722, 36.540981], [-78.533013, 36.541004], [-78.605304, 36.541092], [-78.663317, 36.542011], [-78.670051, 36.542035], [-78.758392, 36.541852], [-78.76543, 36.541727], [-78.7963, 36.541713], [-78.914543, 36.541972], [-78.91542, 36.541974], [-78.942009, 36.542113], [-78.942254, 36.542079], [-78.970577, 36.542154], [-78.971814, 36.542123], [-79.124736, 36.541568], [-79.126078, 36.541533], [-79.137936, 36.541739], [-79.208686, 36.541571], [-79.20948, 36.541594], [-79.24974, 36.541139], [-79.445687, 36.541218], [-79.445961, 36.541195], [-79.510647, 36.540738], [-79.666827, 36.541772], [-79.667309, 36.541772], [-79.887262, 36.542838], [-79.904662, 36.542438], [-79.966979, 36.542475], [-79.967511, 36.542502], [-80.027269, 36.542495], [-80.122183, 36.542646], [-80.169535, 36.54319], [-80.171636, 36.543219], [-80.225408, 36.543748], [-80.228263, 36.543867], [-80.295243, 36.543973], [-80.431605, 36.550219], [-80.432628, 36.550302], [-80.4401, 36.55063], [-80.624788, 36.558408], [-80.653349, 36.559221], [-80.704831, 36.562319], [-80.730351, 36.562349], [-80.773663, 36.560307], [-80.80392, 36.560813], [-80.837089, 36.559154], [-80.837641, 36.559118], [-80.901726, 36.561751], [-80.944338, 36.563058], [-80.945988, 36.563196], [-81.003802, 36.563629], [-81.011402, 36.564429], [-81.058844, 36.566976], [-81.061866, 36.56702], [-81.083206, 36.567328], [-81.124809, 36.569227], [-81.14181, 36.569527], [-81.171212, 36.571026], [-81.176712, 36.571926], [-81.249816, 36.573225], [-81.262303, 36.573924], [-81.307511, 36.575024], [-81.353322, 36.574723], [-81.374824, 36.574673], [-81.442228, 36.576822], [-81.47643, 36.580421], [-81.489387, 36.579026], [-81.499831, 36.57982], [-81.521032, 36.58052], [-81.600934, 36.587019], [-81.677535, 36.588117], [-81.6469, 36.611918], [-81.73694, 36.612379], [-81.826742, 36.614215], [-81.922644, 36.616213], [-81.934144, 36.594213], [-82.148569, 36.594718], [-82.150727, 36.594673], [-82.173982, 36.594607], [-82.177247, 36.594768], [-82.18074, 36.594928], [-82.188491, 36.595179], [-82.210497, 36.595772], [-82.211005, 36.59586], [-82.221713, 36.595814], [-82.223445, 36.595721], [-82.225716, 36.595744], [-82.226653, 36.595743], [-82.296995, 36.595704], [-82.466613, 36.594481], [-82.478668, 36.595588], [-82.487238, 36.595822], [-82.554294, 36.594876], [-82.559774, 36.5948], [-82.561074, 36.5948], [-82.609176, 36.594099], [-82.679879, 36.593698], [-82.69578, 36.593698], [-82.830433, 36.593761], [-82.888013, 36.593461], [-83.02725, 36.593847], [-83.028357, 36.593893], [-83.248933, 36.593827], [-83.249899, 36.593898], [-83.250304, 36.593935], [-83.261099, 36.593887], [-83.2763, 36.598187], [-83.374904, 36.597386], [-83.472108, 36.597284], [-83.55681, 36.597384], [-83.622624, 36.598061], [-83.645586, 36.600002], [-83.670128, 36.600764], [-83.670141, 36.600797], [-83.675413, 36.600814], [-83.674614, 36.603082], [-83.673114, 36.604682], [-83.665614, 36.605782], [-83.663614, 36.606782], [-83.657714, 36.611782], [-83.649513, 36.616683], [-83.648314, 36.622683], [-83.645213, 36.624183], [-83.639813, 36.624783], [-83.635013, 36.622883], [-83.628913, 36.624083], [-83.625013, 36.625183], [-83.619913, 36.627983], [-83.616413, 36.631383], [-83.614513, 36.633983], [-83.607913, 36.637083], [-83.605613, 36.637783], [-83.604313, 36.637683], [-83.603013, 36.636883], [-83.600713, 36.637084], [-83.584512, 36.641384], [-83.577312, 36.641784], [-83.569812, 36.645684], [-83.565712, 36.648384], [-83.562612, 36.651284], [-83.554112, 36.653784], [-83.547312, 36.654484], [-83.541812, 36.656584], [-83.533112, 36.661884], [-83.533012, 36.663284], [-83.531912, 36.664984], [-83.529612, 36.666184], [-83.527112, 36.665985], [-83.516011, 36.667585], [-83.511711, 36.669085], [-83.506911, 36.668685], [-83.501411, 36.669085], [-83.499911, 36.670185], [-83.498011, 36.670485], [-83.493911, 36.670085], [-83.48891, 36.667685], [-83.48261, 36.666185], [-83.466483, 36.6647], [-83.460808, 36.664885], [-83.458009, 36.665785], [-83.454709, 36.664785], [-83.448108, 36.665285], [-83.440808, 36.666885], [-83.436508, 36.666185], [-83.431708, 36.666485], [-83.423707, 36.667385], [-83.419507, 36.668486], [-83.411807, 36.670786], [-83.395806, 36.676786], [-83.394906, 36.677586], [-83.395607, 36.678987], [-83.395306, 36.679486], [-83.389306, 36.684986], [-83.386099, 36.686589], [-83.367505, 36.692686], [-83.364005, 36.694586], [-83.362105, 36.694786], [-83.360205, 36.693586], [-83.359205, 36.693586], [-83.356405, 36.694686], [-83.354606, 36.696153], [-83.353613, 36.696699], [-83.350805, 36.697386], [-83.349705, 36.698386], [-83.342804, 36.701286], [-83.315703, 36.708187], [-83.313003, 36.709087], [-83.311403, 36.710287], [-83.307103, 36.711387], [-83.287802, 36.713787], [-83.286902, 36.713987], [-83.285702, 36.715187], [-83.275501, 36.717987], [-83.272501, 36.717787], [-83.269301, 36.718487], [-83.263601, 36.720987], [-83.2555, 36.721787], [-83.2463, 36.725287], [-83.238499, 36.727087], [-83.236399, 36.726887], [-83.219999, 36.731287], [-83.199698, 36.737487], [-83.194597, 36.739487], [-83.175696, 36.739587], [-83.167396, 36.739187], [-83.161496, 36.739887], [-83.156696, 36.742187], [-83.146095, 36.741788], [-83.136395, 36.743088], [-83.134294, 36.746588], [-83.130994, 36.749788], [-83.127833, 36.750828], [-83.128272, 36.75637], [-83.128813, 36.757864], [-83.126719, 36.761], [-83.125728, 36.761276], [-83.125655, 36.761407], [-83.132477, 36.764398], [-83.132286, 36.76561], [-83.131245, 36.767105], [-83.128894, 36.769888], [-83.128494, 36.775588], [-83.131694, 36.781488], [-83.128794, 36.785388], [-83.123341, 36.786654], [-83.119144, 36.789531], [-83.114693, 36.796088], [-83.110793, 36.800388], [-83.108029, 36.802181], [-83.103092, 36.806689], [-83.098492, 36.814289], [-83.098892, 36.822989], [-83.099792, 36.824889], [-83.101692, 36.826689], [-83.102092, 36.828189], [-83.101792, 36.829089], [-83.098892, 36.831789], [-83.091291, 36.834389], [-83.088991, 36.835989], [-83.086991, 36.838189], [-83.07969, 36.840589], [-83.07519, 36.840889], [-83.07379, 36.844889], [-83.07559, 36.850589], [-83.07259, 36.854589], [-83.06929, 36.853589], [-83.066189, 36.851889], [-83.063989, 36.851689], [-83.060489, 36.853789], [-83.052489, 36.851989], [-83.047589, 36.851789], [-83.044288, 36.852989], [-83.042188, 36.854389], [-83.026887, 36.855489], [-83.025887, 36.855289], [-83.024387, 36.851689], [-83.021887, 36.849989], [-83.012587, 36.847289], [-83.009222, 36.847295], [-83.006086, 36.847889], [-83.003786, 36.851789], [-82.998376, 36.85663], [-82.988707, 36.859137], [-82.979227, 36.859693], [-82.973395, 36.859097], [-82.971934, 36.857767], [-82.970253, 36.857686], [-82.960955, 36.862536], [-82.951685, 36.866152], [-82.937573, 36.867275], [-82.92241, 36.873925], [-82.911824, 36.874243], [-82.91169, 36.874248], [-82.910315, 36.874055], [-82.907774, 36.874706], [-82.907276, 36.875643], [-82.908004, 36.877233], [-82.907981, 36.878749], [-82.906325, 36.87974], [-82.895445, 36.882145], [-82.890028, 36.884287], [-82.887627, 36.88689], [-82.884626, 36.888477], [-82.879492, 36.889085], [-82.878569, 36.889585], [-82.877862, 36.891843], [-82.878639, 36.893981], [-82.876438, 36.896238], [-82.873213, 36.897263], [-82.870068, 36.901735], [-82.872561, 36.903376], [-82.877473, 36.90796], [-82.876215, 36.910218], [-82.873777, 36.912299], [-82.872136, 36.913456], [-82.867116, 36.917965], [-82.865192, 36.920923], [-82.863468, 36.922308], [-82.861943, 36.924236], [-82.860032, 36.925241], [-82.858635, 36.927785], [-82.857965, 36.929529], [-82.858461, 36.932717], [-82.858784, 36.933065], [-82.860537, 36.937439], [-82.861684, 36.939316], [-82.861282, 36.944848], [-82.860633, 36.94584], [-82.859969, 36.949074], [-82.856099, 36.952471], [-82.855705, 36.953808], [-82.858443, 36.954036], [-82.860534, 36.956015], [-82.862866, 36.957765], [-82.864211, 36.957983], [-82.865404, 36.958084], [-82.867358, 36.963182], [-82.87023, 36.965498], [-82.870274, 36.965993], [-82.869183, 36.974182], [-82.868455, 36.976481], [-82.867535, 36.977518], [-82.866689, 36.978052], [-82.866019, 36.978272], [-82.864909, 36.97901], [-82.862926, 36.979975], [-82.860561, 36.978265], [-82.857936, 36.978276], [-82.856768, 36.979095], [-82.856417, 36.982216], [-82.853729, 36.985178], [-82.852614, 36.984963], [-82.851397, 36.984497], [-82.849429, 36.983479], [-82.845002, 36.983812], [-82.841252, 36.986858], [-82.840051, 36.987113], [-82.838549, 36.987027], [-82.836008, 36.988837], [-82.833843, 36.991973], [-82.830802, 36.993445], [-82.829125, 36.997541], [-82.830588, 37.000945], [-82.829961, 37.003555], [-82.828592, 37.005707], [-82.825224, 37.006279], [-82.822684, 37.004128], [-82.821798, 37.00438], [-82.819715, 37.006212], [-82.818006, 37.006161], [-82.815748, 37.007196], [-82.813579, 37.00532], [-82.800531, 37.007944], [-82.797487, 37.009654], [-82.796187, 37.008502], [-82.795695, 37.006702], [-82.794824, 37.005899], [-82.793441, 37.005491], [-82.79089, 37.00676], [-82.790462, 37.007263], [-82.789092, 37.007995], [-82.788897, 37.00816], [-82.782144, 37.008242], [-82.778386, 37.012521], [-82.777368, 37.015279], [-82.771795, 37.015716], [-82.767083, 37.020935], [-82.766408, 37.023106], [-82.759175, 37.027333], [-82.754051, 37.026587], [-82.751852, 37.025624], [-82.750715, 37.024107], [-82.747981, 37.025214], [-82.745562, 37.029839], [-82.743684, 37.041397], [-82.742454, 37.04298], [-82.733603, 37.044525], [-82.731722, 37.043447], [-82.726279, 37.042098], [-82.724714, 37.042758], [-82.722472, 37.045101], [-82.723279, 37.047616], [-82.723128, 37.052436], [-82.722254, 37.057948], [-82.723904, 37.062542], [-82.726312, 37.06687], [-82.727022, 37.073019], [-82.723747, 37.075525], [-82.721676, 37.07519], [-82.718353, 37.075706], [-82.71674, 37.07722], [-82.717204, 37.079544], [-82.718183, 37.080679], [-82.720597, 37.081833], [-82.72304, 37.084992], [-82.724954, 37.091905], [-82.724358, 37.09299], [-82.722179, 37.094309], [-82.721617, 37.101276], [-82.721941, 37.105689], [-82.726294, 37.111852], [-82.726449, 37.114985], [-82.726201, 37.115882], [-82.722097, 37.120168], [-82.718334, 37.122267], [-82.716334, 37.122093], [-82.70787, 37.125488], [-82.695667, 37.131514], [-82.684601, 37.135835], [-82.679428, 37.135575], [-82.676765, 37.134965], [-82.67153, 37.138444], [-82.667717, 37.141949], [-82.662449, 37.143865], [-82.657468, 37.145024], [-82.65476, 37.150601], [-82.653268, 37.151314], [-82.651646, 37.151908], [-82.633493, 37.154264], [-82.624878, 37.162932], [-82.617423, 37.168129], [-82.60829, 37.173047], [-82.597447, 37.177088], [-82.592766, 37.180391], [-82.593232, 37.18206], [-82.592451, 37.182847], [-82.586718, 37.185623], [-82.578988, 37.188498], [-82.565329, 37.196118]]]]}}]}