{"type":"FeatureCollection","features":[{"type":"Feature","properties":{"name":"Alabama","density":94.65,"STUSPS":"AL"},"geometry":{"type":"MultiPolygon","coordinates":[[[[-88.05338,30.50699],[-88.04565,30.51331],[-88.04197,30.51738],[-88.03867,30.52041],[-88.0351,30.52197],[-88.03241,30.52145],[-88.02917,30.51965],[-88.02622,30.51661],[-88.02351,30.49257],[-88.02433,30.49077],[-88.02675,30.49111],[-88.04504,30.50119],[-88.05235,30.50559],[-88.05338,30.50699]]],[[[-88.22572,30.32156],[-88.22073,30.32211],[-88.21958,30.32141],[-88.22024,30.32053],[-88.22542,30.31989],[-88.2262,30.32073],[-88.22572,30.32156]]],[[[-88.2619,30.33508],[-88.26038,30.33561],[-88.25914,30.33713],[-88.25876,30.33931],[-88.2577,30.34086],[-88.25794,30.344],[-88.26155,30.34662],[-88.26154,30.34767],[-88.26016,30.34916],[-88.2603,30.35018],[-88.25931,30.35554],[-88.25902,30.36076],[-88.25914,30.36311],[-88.26001,30.36582],[-88.25947,30.36678],[-88.25855,30.36661],[-88.25629,30.36381],[-88.256,30.36091],[-88.25676,30.35474],[-88.25717,30.35255],[-88.25632,30.34648],[-88.25513,30.34218],[-88.25356,30.3373],[-88.25329,30.3348],[-88.25362,30.33101],[-88.25539,30.32623],[-88.25621,30.32512],[-88.25781,30.32555],[-88.25976,30.32763],[-88.26138,30.33288],[-88.2624,30.33422],[-88.2619,30.33508]]],[[[-88.3273,30.22988],[-88.32014,30.23203],[-88.31307,30.23133],[-88.29971,30.23181],[-88.27915,30.23515],[-88.25837,30.2396],[-88.22462,30.24556],[-88.20147,30.25118],[-88.19213,30.25025],[-88.19018,30.25133],[-88.18637,30.2512],[-88.17335,30.25242],[-88.16743,30.25269],[-88.1619,30.2534],[-88.15368,30.25316],[-88.1473,30.2541],[-88.14526,30.25497],[-88.14114,30.25502],[-88.13063,30.26213],[-88.12472,30.27354],[-88.11774,30.27912],[-88.08681,30.25986],[-88.07485,30.24912],[-88.07586,30.24614],[-88.08287,30.24536],[-88.0924,30.2436],[-88.10938,30.24333],[-88.12272,30.24754],[-88.13776,30.24965],[-88.14981,30.24999],[-88.16679,30.24975],[-88.19191,30.24809],[-88.1998,30.24779],[-88.23485,30.24131],[-88.26019,30.23616],[-88.28313,30.23208],[-88.30477,30.22803],[-88.31887,30.22803],[-88.32637,30.22846],[-88.3273,30.22988]]],[[[-88.20006,34.99563],[-88.20082,34.99777],[-88.20199,35.00542],[-88.20296,35.00803],[-88.00003,35.00594],[-87.87797,35.00547],[-87.87774,35.00551],[-87.87263,35.00557],[-87.85353,35.00554],[-87.85189,35.00566],[-87.77359,35.00495],[-87.7676,35.00478],[-87.75889,35.00471],[-87.70949,35.00409],[-87.70232,35.00395],[-87.70054,35.00399],[-87.69683,35.00385],[-87.6714,35.00354],[-87.66412,35.00352],[-87.62502,35.00373],[-87.42861,35.00279],[-87.42154,35.00268],[-87.4174,35.00267],[-87.39131,35.00237],[-87.38107,35.00212],[-87.35928,35.00182],[-87.34925,35.00166],[-87.29918,35.00091],[-87.27001,35.00039],[-87.23054,34.99948],[-87.21668,34.99915],[-87.21076,34.99902],[-87.01117,34.99516],[-87.00001,34.99512],[-86.97441,34.99451],[-86.97261,34.99461],[-86.96712,34.9944],[-86.86215,34.99196],[-86.84979,34.99192],[-86.84647,34.99186],[-86.83637,34.99176],[-86.82066,34.99176],[-86.78365,34.99193],[-86.67762,34.99207],[-86.67436,34.992],[-86.67085,34.992],[-86.65961,34.99179],[-86.64121,34.99174],[-86.60004,34.99124],[-86.58896,34.9912],[-86.57122,34.99101],[-86.55586,34.99097],[-86.52849,34.99068],[-86.4678,34.99069],[-86.43393,34.99108],[-86.3972,34.99166],[-86.31127,34.9911],[-85.82872,34.98817],[-85.82441,34.98814],[-85.60516,34.98468],[-85.59938,34.95177],[-85.59878,34.94492],[-85.59516,34.92417],[-85.58315,34.86037],[-85.56142,34.75008],[-85.55248,34.70832],[-85.55245,34.70814],[-85.54127,34.65678],[-85.54126,34.6567],[-85.53433,34.62508],[-85.52726,34.58868],[-85.51707,34.5426],[-85.51393,34.52519],[-85.51371,34.52417],[-85.51211,34.51825],[-85.50838,34.50121],[-85.50245,34.47453],[-85.50232,34.47395],[-85.47045,34.32824],[-85.45869,34.26944],[-85.45807,34.26574],[-85.45537,34.25285],[-85.45506,34.25069],[-85.42947,34.1251],[-85.42822,34.1144],[-85.42023,34.07228],[-85.40675,34.00231],[-85.40592,34.0001],[-85.39884,33.96413],[-85.37743,33.85605],[-85.36184,33.77395],[-85.36049,33.76796],[-85.3574,33.7501],[-85.31499,33.5359],[-85.314,33.52981],[-85.30444,33.48288],[-85.23238,33.10808],[-85.22326,33.06258],[-85.22187,33.05554],[-85.18874,32.88973],[-85.18474,32.87053],[-85.18413,32.87053],[-85.18491,32.86894],[-85.18489,32.86335],[-85.1844,32.86132],[-85.17935,32.85527],[-85.17713,32.8539],[-85.1701,32.8525],[-85.16806,32.85286],[-85.16676,32.85474],[-85.16432,32.85618],[-85.16231,32.85648],[-85.16109,32.85605],[-85.15984,32.85495],[-85.15588,32.84992],[-85.15426,32.84748],[-85.15339,32.84486],[-85.1535,32.84278],[-85.1539,32.84102],[-85.15458,32.8398],[-85.15743,32.83944],[-85.16058,32.83825],[-85.16465,32.83479],[-85.16802,32.8292],[-85.1641,32.82128],[-85.16608,32.81763],[-85.16794,32.81161],[-85.16214,32.80424],[-85.15191,32.7941],[-85.14577,32.79111],[-85.1419,32.79182],[-85.14056,32.7897],[-85.13929,32.78492],[-85.13467,32.7839],[-85.12993,32.77965],[-85.12622,32.77919],[-85.1236,32.77571],[-85.12219,32.77335],[-85.13088,32.76956],[-85.13439,32.77058],[-85.13738,32.76907],[-85.14057,32.76404],[-85.14257,32.76068],[-85.13958,32.75431],[-85.13658,32.74844],[-85.1322,32.74441],[-85.1276,32.74305],[-85.12409,32.74169],[-85.11855,32.74082],[-85.1148,32.7381],[-85.11333,32.73575],[-85.11317,32.73281],[-85.11504,32.72883],[-85.11734,32.72663],[-85.11884,32.72483],[-85.12084,32.72293],[-85.12274,32.71573],[-85.119,32.71006],[-85.11928,32.70772],[-85.11928,32.70397],[-85.11704,32.69203],[-85.11474,32.68563],[-85.11264,32.68343],[-85.10404,32.67963],[-85.09354,32.66973],[-85.08848,32.65776],[-85.08974,32.65563],[-85.09634,32.65284],[-85.10034,32.65013],[-85.10534,32.64484],[-85.10299,32.64103],[-85.10039,32.63712],[-85.0966,32.63467],[-85.09134,32.63404],[-85.08617,32.63536],[-85.08364,32.63597],[-85.08236,32.63383],[-85.08472,32.63047],[-85.08853,32.62787],[-85.08944,32.62543],[-85.08832,32.62303],[-85.08729,32.62047],[-85.08536,32.61854],[-85.08362,32.6178],[-85.08224,32.61626],[-85.08077,32.61015],[-85.08029,32.60358],[-85.0764,32.59466],[-85.06754,32.57955],[-85.05967,32.57674],[-85.05693,32.57124],[-85.04436,32.55958],[-85.04055,32.55564],[-85.03484,32.552],[-85.03207,32.54543],[-85.02251,32.54292],[-85.02205,32.54004],[-85.02024,32.53475],[-85.01619,32.53113],[-85.01379,32.52611],[-85.0084,32.52488],[-85.0071,32.52387],[-85.00153,32.51474],[-84.99983,32.50434],[-84.99751,32.50073],[-84.99833,32.49414],[-84.99673,32.49234],[-84.99483,32.48604],[-84.99523,32.47524],[-84.99823,32.46984],[-84.99803,32.46174],[-84.99533,32.45324],[-84.99353,32.45074],[-84.98383,32.44564],[-84.97183,32.44284],[-84.96703,32.43534],[-84.96303,32.42424],[-84.96343,32.42254],[-84.97183,32.41624],[-84.97943,32.41224],[-84.9811,32.40283],[-84.9799,32.4001],[-84.97388,32.39522],[-84.96876,32.39301],[-84.96873,32.39146],[-84.97177,32.3906],[-84.97639,32.39102],[-84.97836,32.3905],[-84.98339,32.39176],[-84.98598,32.38967],[-84.98855,32.38408],[-84.98628,32.38034],[-84.97935,32.3807],[-84.97382,32.37987],[-84.97196,32.3777],[-84.97433,32.37458],[-84.97727,32.37384],[-84.98028,32.37439],[-84.98409,32.37352],[-84.9863,32.36967],[-84.98517,32.36706],[-84.98324,32.36512],[-84.98347,32.36319],[-84.98678,32.35906],[-85.00458,32.3452],[-85.0081,32.33668],[-85.0071,32.32836],[-85.00187,32.32202],[-84.98951,32.31932],[-84.93868,32.30071],[-84.9338,32.29826],[-84.92287,32.28533],[-84.91113,32.27695],[-84.90402,32.27375],[-84.89396,32.26585],[-84.89184,32.2634],[-84.88908,32.26091],[-84.88917,32.25923],[-84.8923,32.25827],[-84.89814,32.25861],[-84.90145,32.25742],[-84.90251,32.25523],[-84.90409,32.25084],[-84.90723,32.24905],[-84.9101,32.24833],[-84.91733,32.24905],[-84.92302,32.25082],[-84.92443,32.2498],[-84.92413,32.24565],[-84.92303,32.24455],[-84.92033,32.24405],[-84.91723,32.24595],[-84.91393,32.24515],[-84.91273,32.24335],[-84.91633,32.23655],[-84.92063,32.23395],[-84.92263,32.23175],[-84.92353,32.22975],[-84.92293,32.22475],[-84.92543,32.22155],[-84.92823,32.21985],[-84.93013,32.21905],[-84.93933,32.21795],[-84.94945,32.21851],[-84.95633,32.21785],[-84.96143,32.21805],[-84.96743,32.21935],[-84.97213,32.21825],[-84.97873,32.21255],[-84.98023,32.21005],[-84.98023,32.20775],[-84.97713,32.20575],[-84.97463,32.20365],[-84.97233,32.20355],[-84.96943,32.20445],[-84.96693,32.20445],[-84.96323,32.20225],[-84.96223,32.20005],[-84.96173,32.19865],[-84.96463,32.19515],[-84.96683,32.19395],[-84.97373,32.19155],[-84.99593,32.18485],[-85.00853,32.1819],[-85.01127,32.18049],[-85.01306,32.17911],[-85.01465,32.17688],[-85.02658,32.1661],[-85.03034,32.16173],[-85.03399,32.15635],[-85.04559,32.14376],[-85.04787,32.14203],[-85.05875,32.13602],[-85.06114,32.13406],[-85.06206,32.13249],[-85.06154,32.12967],[-85.05918,32.12515],[-85.05505,32.11367],[-85.05378,32.10768],[-85.04955,32.09536],[-85.04706,32.09043],[-85.04551,32.08687],[-85.04708,32.08435],[-85.05116,32.08253],[-85.05323,32.0806],[-85.05581,32.07444],[-85.05549,32.07266],[-85.05408,32.07021],[-85.05418,32.06799],[-85.05603,32.06305],[-85.05683,32.05976],[-85.05643,32.05806],[-85.05663,32.05416],[-85.05883,32.04666],[-85.05803,32.04376],[-85.05533,32.04058],[-85.05484,32.03881],[-85.05463,32.03669],[-85.05547,32.03422],[-85.05646,32.03182],[-85.05625,32.02834],[-85.05522,32.02721],[-85.0506,32.02391],[-85.04931,32.02269],[-85.05014,32.02109],[-85.05367,32.02066],[-85.05477,32.01741],[-85.05382,32.0135],[-85.05508,32.01071],[-85.06344,32.00414],[-85.06454,32.00249],[-85.06803,31.99336],[-85.06833,31.98676],[-85.07093,31.98166],[-85.06993,31.97836],[-85.06683,31.97476],[-85.06593,31.97246],[-85.06593,31.97116],[-85.06783,31.96736],[-85.07023,31.96566],[-85.07393,31.96416],[-85.08323,31.96246],[-85.08573,31.96076],[-85.08673,31.95916],[-85.08683,31.95776],[-85.08243,31.94536],[-85.07893,31.94146],[-85.07893,31.94016],[-85.08473,31.93736],[-85.08643,31.93596],[-85.09183,31.92886],[-85.09823,31.92626],[-85.09953,31.92526],[-85.10023,31.92406],[-85.10133,31.91866],[-85.10243,31.91736],[-85.10913,31.91436],[-85.11313,31.91186],[-85.11273,31.90986],[-85.10983,31.90806],[-85.10977,31.90414],[-85.11156,31.90125],[-85.11063,31.89686],[-85.11203,31.89476],[-85.11403,31.89336],[-85.11703,31.89286],[-85.12113,31.89326],[-85.13293,31.89306],[-85.13413,31.89216],[-85.13433,31.89146],[-85.13373,31.88956],[-85.13163,31.88676],[-85.12933,31.88246],[-85.12843,31.87966],[-85.12843,31.87756],[-85.12883,31.87636],[-85.13373,31.87006],[-85.13583,31.86246],[-85.13743,31.86066],[-85.14013,31.85876],[-85.14073,31.85746],[-85.14023,31.85526],[-85.13803,31.85126],[-85.13773,31.84586],[-85.13833,31.84416],[-85.14133,31.84106],[-85.14183,31.83926],[-85.13923,31.83416],[-85.13593,31.83046],[-85.13308,31.82867],[-85.13262,31.82683],[-85.13432,31.82461],[-85.13365,31.82231],[-85.13133,31.81756],[-85.13153,31.81306],[-85.13293,31.80806],[-85.13283,31.79886],[-85.13223,31.79516],[-85.13293,31.79236],[-85.13713,31.78836],[-85.14193,31.78196],[-85.14043,31.77966],[-85.13073,31.77226],[-85.12633,31.76886],[-85.12523,31.76706],[-85.12563,31.76446],[-85.12923,31.75866],[-85.12663,31.75246],[-85.12393,31.74756],[-85.11893,31.73266],[-85.11913,31.73096],[-85.12223,31.72276],[-85.12573,31.71886],[-85.12653,31.71676],[-85.12683,31.70896],[-85.12553,31.69496],[-85.12233,31.69127],[-85.11393,31.68687],[-85.11263,31.68517],[-85.10943,31.67747],[-85.09243,31.65997],[-85.08783,31.65787],[-85.08546,31.65703],[-85.08316,31.6564],[-85.07993,31.65529],[-85.07863,31.65331],[-85.07851,31.65169],[-85.0803,31.65077],[-85.08227,31.65037],[-85.08517,31.6441],[-85.08536,31.64219],[-85.08517,31.64075],[-85.0845,31.63903],[-85.08283,31.63797],[-85.08003,31.63687],[-85.07383,31.62957],[-85.06763,31.62527],[-85.06524,31.62435],[-85.05953,31.62172],[-85.05817,31.62023],[-85.05747,31.61862],[-85.05753,31.61688],[-85.05833,31.61455],[-85.06042,31.61127],[-85.06055,31.60822],[-85.0597,31.60726],[-85.05731,31.60671],[-85.05598,31.60518],[-85.0564,31.60096],[-85.05811,31.59334],[-85.05844,31.58369],[-85.05542,31.5787],[-85.05528,31.57709],[-85.05772,31.57306],[-85.05796,31.57084],[-85.05293,31.56289],[-85.05187,31.55787],[-85.05084,31.55555],[-85.0457,31.54871],[-85.04255,31.54595],[-85.04188,31.54468],[-85.0413,31.54099],[-85.04181,31.53775],[-85.04298,31.5352],[-85.0472,31.52867],[-85.04826,31.52601],[-85.04765,31.52375],[-85.04456,31.52091],[-85.04499,31.51823],[-85.04564,31.51681],[-85.04845,31.51368],[-85.05295,31.50652],[-85.05892,31.49599],[-85.06211,31.48802],[-85.06569,31.48412],[-85.07162,31.46838],[-85.06927,31.45347],[-85.0667,31.44729],[-85.06596,31.44298],[-85.06555,31.43954],[-85.06588,31.43059],[-85.06697,31.42859],[-85.06908,31.42762],[-85.07269,31.42828],[-85.07398,31.42718],[-85.07552,31.42476],[-85.07583,31.42151],[-85.07675,31.41597],[-85.07982,31.41173],[-85.07998,31.41047],[-85.07739,31.40284],[-85.07763,31.39888],[-85.07864,31.39636],[-85.0804,31.39393],[-85.08243,31.38454],[-85.08691,31.37447],[-85.09217,31.36458],[-85.09249,31.36288],[-85.09262,31.35747],[-85.09179,31.35521],[-85.09099,31.35443],[-85.08741,31.35443],[-85.08592,31.35315],[-85.08586,31.35019],[-85.08706,31.34032],[-85.08781,31.33798],[-85.08941,31.33603],[-85.08898,31.33429],[-85.08415,31.32831],[-85.08378,31.31821],[-85.08447,31.31619],[-85.0874,31.31122],[-85.08765,31.30868],[-85.08769,31.30405],[-85.08977,31.29503],[-85.09316,31.28969],[-85.09911,31.28417],[-85.11031,31.28173],[-85.11276,31.28004],[-85.1146,31.27733],[-85.11455,31.2763],[-85.11255,31.27438],[-85.1119,31.27248],[-85.11198,31.26799],[-85.11326,31.26434],[-85.11235,31.25958],[-85.11171,31.25802],[-85.10915,31.25461],[-85.10618,31.24808],[-85.10426,31.24187],[-85.10247,31.23786],[-85.10076,31.23481],[-85.09884,31.23252],[-85.09676,31.22565],[-85.09871,31.21951],[-85.0987,31.21129],[-85.09977,31.20975],[-85.10563,31.2046],[-85.10696,31.20269],[-85.10813,31.19564],[-85.10752,31.18645],[-85.1065,31.1853],[-85.10442,31.18565],[-85.10205,31.18473],[-85.09851,31.18015],[-85.09843,31.17777],[-85.10045,31.16673],[-85.10021,31.16549],[-85.09211,31.16029],[-85.08358,31.15963],[-85.0778,31.15789],[-85.07663,31.15693],[-85.07018,31.14868],[-85.06403,31.1425],[-85.06243,31.13952],[-85.06107,31.13423],[-85.05468,31.12082],[-85.05287,31.11949],[-85.05018,31.11892],[-85.04051,31.11158],[-85.03708,31.10975],[-85.03562,31.10819],[-85.03283,31.10057],[-85.02974,31.09616],[-85.02607,31.08418],[-85.02833,31.07685],[-85.02857,31.07458],[-85.01815,31.05925],[-85.01264,31.0554],[-85.01139,31.05355],[-85.00882,31.04557],[-85.00855,31.04282],[-85.00941,31.03238],[-85.00505,31.0247],[-85.00455,31.01918],[-85.00006,31.01498],[-84.99943,31.01384],[-84.99963,31.00908],[-85.00137,31.00504],[-85.0025,31.00068],[-85.02411,31.00068],[-85.03115,31.00065],[-85.05209,31.00059],[-85.05753,31.00059],[-85.14584,31.0007],[-85.15208,31.00089],[-85.15222,31.00083],[-85.24363,31.00088],[-85.49827,30.99693],[-85.74962,30.99529],[-85.74993,30.99484],[-85.89354,30.99347],[-85.99864,30.99287],[-86.03504,30.99332],[-86.05246,30.99325],[-86.05621,30.99313],[-86.11692,30.99292],[-86.16289,30.99368],[-86.16898,30.99371],[-86.1752,30.9938],[-86.18023,30.99401],[-86.23834,30.99437],[-86.25645,30.99385],[-86.28925,30.9938],[-86.3046,30.99403],[-86.36491,30.99445],[-86.37454,30.99447],[-86.38865,30.99418],[-86.39194,30.99417],[-86.40491,30.99405],[-86.4547,30.99379],[-86.45832,30.994],[-86.49995,30.99334],[-86.51283,30.9937],[-86.51994,30.99325],[-86.56344,30.99522],[-86.56759,30.99511],[-86.66468,30.99453],[-86.67838,30.99454],[-86.70626,30.9947],[-86.72538,30.99687],[-86.72729,30.99688],[-86.72839,30.99674],[-86.74524,30.99629],[-86.78592,30.99698],[-86.8305,30.9974],[-86.83193,30.99738],[-86.87299,30.99763],[-86.88814,30.99758],[-86.92781,30.9977],[-86.99848,30.99866],[-87.00436,30.99932],[-87.02711,30.99926],[-87.03637,30.99935],[-87.03999,30.99959],[-87.05374,30.99913],[-87.06406,30.99919],[-87.06863,30.99914],[-87.11887,30.99943],[-87.12497,30.9988],[-87.14075,30.99953],[-87.16261,30.99905],[-87.22475,30.99717],[-87.23768,30.99639],[-87.25498,30.99828],[-87.257,30.99819],[-87.25796,30.99826],[-87.25969,30.99817],[-87.26556,30.99827],[-87.29099,30.99835],[-87.30157,30.99843],[-87.30403,30.99819],[-87.31218,30.99844],[-87.33397,30.99827],[-87.35566,30.99824],[-87.36401,30.99822],[-87.36784,30.99829],[-87.42577,30.99809],[-87.43229,30.9982],[-87.44981,30.99827],[-87.4557,30.99832],[-87.45866,30.99839],[-87.46164,30.9982],[-87.46688,30.99818],[-87.47871,30.99821],[-87.48024,30.9982],[-87.51952,30.99759],[-87.54854,30.99793],[-87.57128,30.99787],[-87.59893,30.99746],[-87.59917,30.99572],[-87.59672,30.98761],[-87.5934,30.98296],[-87.59268,30.98014],[-87.59416,30.97757],[-87.59411,30.97633],[-87.59305,30.97297],[-87.59092,30.96941],[-87.58919,30.96446],[-87.59206,30.95149],[-87.59689,30.94113],[-87.5983,30.93879],[-87.60069,30.93707],[-87.60268,30.93428],[-87.60781,30.92449],[-87.60826,30.9219],[-87.6102,30.91663],[-87.61185,30.91454],[-87.61421,30.90854],[-87.61495,30.90423],[-87.61601,30.90145],[-87.62072,30.89893],[-87.6222,30.89751],[-87.62252,30.89368],[-87.62092,30.88992],[-87.62079,30.88749],[-87.62206,30.88541],[-87.6244,30.8847],[-87.62945,30.88011],[-87.62999,30.87769],[-87.63494,30.86589],[-87.62825,30.86013],[-87.62623,30.85713],[-87.62538,30.85436],[-87.6265,30.85188],[-87.62732,30.84796],[-87.62608,30.84649],[-87.62414,30.84571],[-87.61728,30.84035],[-87.61537,30.83703],[-87.61592,30.83469],[-87.61098,30.83263],[-87.60578,30.8313],[-87.60357,30.82862],[-87.60163,30.82514],[-87.60049,30.82063],[-87.5943,30.81698],[-87.58787,30.81504],[-87.58187,30.8124],[-87.57685,30.80816],[-87.57204,30.80053],[-87.56814,30.79909],[-87.56421,30.79625],[-87.56007,30.79226],[-87.55948,30.79045],[-87.55484,30.78712],[-87.55295,30.78694],[-87.55205,30.78625],[-87.54504,30.77867],[-87.54536,30.7741],[-87.54616,30.77202],[-87.54226,30.7675],[-87.53709,30.76253],[-87.53653,30.76138],[-87.53542,30.75476],[-87.53536,30.74977],[-87.53261,30.74349],[-87.52361,30.73831],[-87.51173,30.73353],[-87.50515,30.72631],[-87.50232,30.72159],[-87.49752,30.72012],[-87.49677,30.72035],[-87.48704,30.7185],[-87.48122,30.71651],[-87.47982,30.71495],[-87.47958,30.71287],[-87.47443,30.70659],[-87.4704,30.70528],[-87.46772,30.70168],[-87.46634,30.70084],[-87.45695,30.69756],[-87.4514,30.69981],[-87.44936,30.69891],[-87.44358,30.6946],[-87.44228,30.69268],[-87.43981,30.69048],[-87.43602,30.68867],[-87.43037,30.68865],[-87.42488,30.68337],[-87.41953,30.67998],[-87.41274,30.67806],[-87.40696,30.67516],[-87.40656,30.67402],[-87.40712,30.6718],[-87.40587,30.66662],[-87.40071,30.65715],[-87.40018,30.65722],[-87.39726,30.65435],[-87.39618,30.65045],[-87.39718,30.64812],[-87.39594,30.64397],[-87.39359,30.63088],[-87.39378,30.62701],[-87.39448,30.62519],[-87.39566,30.62337],[-87.39643,30.61773],[-87.39643,30.61691],[-87.39505,30.6159],[-87.39503,30.61528],[-87.39731,30.60873],[-87.39927,30.60561],[-87.40118,30.6044],[-87.4046,30.60339],[-87.40656,30.59993],[-87.40874,30.5837],[-87.41271,30.57323],[-87.41451,30.57346],[-87.41626,30.57245],[-87.41835,30.57004],[-87.41851,30.56956],[-87.41695,30.568],[-87.41666,30.56631],[-87.41865,30.56184],[-87.42092,30.56067],[-87.42241,30.56044],[-87.4228,30.56138],[-87.42336,30.56142],[-87.42604,30.56007],[-87.42789,30.55416],[-87.43144,30.55026],[-87.43496,30.5496],[-87.43544,30.54914],[-87.44659,30.52707],[-87.44643,30.52031],[-87.44494,30.51494],[-87.44518,30.51398],[-87.4465,30.51357],[-87.44778,30.51191],[-87.4477,30.51046],[-87.44471,30.50749],[-87.44322,30.50678],[-87.43969,30.50665],[-87.43827,30.50536],[-87.43118,30.4958],[-87.43058,30.4911],[-87.43298,30.4849],[-87.43558,30.4805],[-87.43468,30.4792],[-87.43158,30.4777],[-87.43058,30.4766],[-87.42958,30.4706],[-87.42508,30.4656],[-87.41468,30.4573],[-87.40788,30.4564],[-87.40468,30.4529],[-87.39988,30.451],[-87.39688,30.4506],[-87.39198,30.4516],[-87.38118,30.4501],[-87.37077,30.44686],[-87.36868,30.44463],[-87.36694,30.44048],[-87.36659,30.43665],[-87.36819,30.43341],[-87.37117,30.43049],[-87.38208,30.4229],[-87.38638,30.4205],[-87.39568,30.4176],[-87.39878,30.4151],[-87.40178,30.4114],[-87.40348,30.4102],[-87.40888,30.4088],[-87.41318,30.409],[-87.41918,30.4102],[-87.42268,30.4101],[-87.42618,30.4092],[-87.42958,30.4065],[-87.43178,30.4032],[-87.43428,30.3975],[-87.43728,30.3959],[-87.44068,30.3915],[-87.44118,30.3886],[-87.44088,30.3867],[-87.43868,30.3821],[-87.43868,30.3808],[-87.44182,30.3763],[-87.44908,30.3704],[-87.45138,30.3672],[-87.45188,30.365],[-87.45198,30.3603],[-87.45096,30.34626],[-87.45228,30.3441],[-87.45998,30.3363],[-87.46298,30.334],[-87.46488,30.3333],[-87.47558,30.3314],[-87.49188,30.3309],[-87.49998,30.32896],[-87.50257,30.3274],[-87.5047,30.32404],[-87.50594,30.3194],[-87.50578,30.3125],[-87.50468,30.3089],[-87.50278,30.3073],[-87.49488,30.305],[-87.48368,30.3048],[-87.48188,30.306],[-87.47588,30.3079],[-87.46868,30.3082],[-87.46578,30.3076],[-87.46298,30.3078],[-87.45958,30.3083],[-87.45558,30.3102],[-87.45008,30.3111],[-87.45238,30.3002],[-87.49998,30.2879],[-87.50548,30.2871],[-87.51838,30.2839],[-87.51832,30.28044],[-87.54392,30.27481],[-87.55867,30.2713],[-87.56504,30.27174],[-87.57407,30.27088],[-87.58136,30.26926],[-87.64164,30.25454],[-87.65998,30.25059],[-87.68181,30.24826],[-87.7027,30.24484],[-87.73553,30.24068],[-87.80056,30.22937],[-87.83846,30.22718],[-87.92612,30.23037],[-87.96225,30.22952],[-88.0,30.22575],[-88.01361,30.22349],[-88.02136,30.22333],[-88.02768,30.22365],[-88.02858,30.22676],[-88.02399,30.23039],[-88.01173,30.23245],[-87.96685,30.23562],[-87.94898,30.25656],[-87.93604,30.26147],[-87.91825,30.25331],[-87.91376,30.24784],[-87.90046,30.24153],[-87.8932,30.23924],[-87.87934,30.23859],[-87.86008,30.24029],[-87.81774,30.25429],[-87.80209,30.25305],[-87.78775,30.25424],[-87.768,30.26245],[-87.75596,30.27766],[-87.75232,30.28158],[-87.74717,30.28777],[-87.74721,30.29085],[-87.75028,30.2924],[-87.75614,30.29233],[-87.77276,30.3117],[-87.79672,30.3242],[-87.80927,30.3327],[-87.82988,30.35381],[-87.83454,30.36142],[-87.83748,30.36814],[-87.83774,30.37055],[-87.83735,30.3718],[-87.83711,30.37509],[-87.83737,30.37633],[-87.83961,30.37723],[-87.84386,30.37817],[-87.84938,30.37807],[-87.85381,30.37848],[-87.86502,30.38345],[-87.90634,30.40938],[-87.90891,30.41424],[-87.91414,30.44614],[-87.92003,30.47065],[-87.92128,30.47385],[-87.92516,30.47743],[-87.93203,30.48165],[-87.93697,30.4831],[-87.93372,30.4868],[-87.92656,30.49672],[-87.92503,30.50302],[-87.92172,30.50924],[-87.92152,30.51137],[-87.9206,30.51289],[-87.91595,30.51752],[-87.91114,30.52585],[-87.90534,30.53757],[-87.90171,30.55088],[-87.90417,30.56599],[-87.90789,30.57311],[-87.91143,30.57626],[-87.91496,30.58589],[-87.91253,30.61579],[-87.91398,30.62009],[-87.91775,30.62414],[-87.92144,30.62689],[-87.92133,30.62938],[-87.91857,30.63073],[-87.91935,30.63606],[-87.92466,30.64154],[-87.92538,30.64889],[-87.92984,30.65034],[-87.93107,30.65269],[-87.9317,30.65436],[-87.93672,30.65743],[-87.95599,30.65886],[-87.98556,30.67751],[-87.99058,30.67806],[-88.0069,30.68208],[-88.01141,30.68513],[-88.02011,30.67567],[-88.0218,30.66862],[-88.02398,30.66001],[-88.02604,30.65856],[-88.02919,30.65904],[-88.03459,30.65371],[-88.03841,30.6479],[-88.04472,30.64992],[-88.05165,30.64652],[-88.05807,30.64554],[-88.06188,30.64359],[-88.05968,30.6402],[-88.05601,30.63755],[-88.05469,30.63376],[-88.05851,30.62997],[-88.06029,30.62656],[-88.0596,30.61909],[-88.054,30.61249],[-88.05905,30.60829],[-88.0591,30.60396],[-88.0612,30.5965],[-88.0649,30.58829],[-88.0749,30.57889],[-88.08311,30.57284],[-88.08562,30.56992],[-88.08765,30.56439],[-88.08549,30.56326],[-88.08162,30.54632],[-88.08279,30.52871],[-88.09073,30.52357],[-88.10087,30.50975],[-88.10377,30.5009],[-88.10299,30.49303],[-88.09687,30.47105],[-88.10065,30.46122],[-88.10644,30.45274],[-88.10407,30.4273],[-88.10727,30.37725],[-88.11543,30.35657],[-88.12461,30.34162],[-88.12805,30.33851],[-88.13139,30.33431],[-88.13447,30.32786],[-88.13727,30.32005],[-88.13827,30.31326],[-88.13904,30.31279],[-88.13998,30.31322],[-88.14468,30.3212],[-88.14539,30.32434],[-88.14452,30.32686],[-88.14632,30.33099],[-88.15209,30.33049],[-88.15625,30.32757],[-88.17339,30.326],[-88.19158,30.31868],[-88.19566,30.32124],[-88.19556,30.32382],[-88.19322,30.32604],[-88.19404,30.33047],[-88.19578,30.33271],[-88.19661,30.33743],[-88.19836,30.33882],[-88.19635,30.34359],[-88.18853,30.34505],[-88.18853,30.34812],[-88.18718,30.35262],[-88.18802,30.35619],[-88.18786,30.35883],[-88.1871,30.3627],[-88.19366,30.36332],[-88.19626,30.36348],[-88.20006,30.36238],[-88.20449,30.3621],[-88.20923,30.36002],[-88.21407,30.36556],[-88.21646,30.3676],[-88.22454,30.37131],[-88.23089,30.37163],[-88.23447,30.37171],[-88.23875,30.37351],[-88.23996,30.3749],[-88.26069,30.38238],[-88.26564,30.38109],[-88.26753,30.38108],[-88.2708,30.38145],[-88.28263,30.38288],[-88.28739,30.38425],[-88.28811,30.38733],[-88.29227,30.38733],[-88.29987,30.38558],[-88.30355,30.37923],[-88.30332,30.37318],[-88.30474,30.37133],[-88.31152,30.37021],[-88.31461,30.37144],[-88.31223,30.37656],[-88.31484,30.38446],[-88.31508,30.39163],[-88.32114,30.39635],[-88.32613,30.39778],[-88.33196,30.40117],[-88.33802,30.40475],[-88.34373,30.40199],[-88.35002,30.40506],[-88.35736,30.40662],[-88.3605,30.40324],[-88.35961,30.40039],[-88.36402,30.38801],[-88.37467,30.38561],[-88.39502,30.36942],[-88.40228,30.51085],[-88.40355,30.5331],[-88.40393,30.54336],[-88.40401,30.54506],[-88.40748,30.62274],[-88.40746,30.63165],[-88.40807,30.63697],[-88.40957,30.66873],[-88.41134,30.70633],[-88.41155,30.71296],[-88.41227,30.73177],[-88.41863,30.86653],[-88.41956,30.87519],[-88.42573,31.00018],[-88.42581,31.00112],[-88.43201,31.1143],[-88.4381,31.23006],[-88.43821,31.23125],[-88.43898,31.2469],[-88.43878,31.25265],[-88.44518,31.35585],[-88.44521,31.35597],[-88.44869,31.42089],[-88.44866,31.42128],[-88.45104,31.45945],[-88.45158,31.48153],[-88.45301,31.50016],[-88.45948,31.62165],[-88.45972,31.624],[-88.46443,31.69788],[-88.46511,31.72231],[-88.46867,31.79072],[-88.47111,31.85095],[-88.47121,31.85139],[-88.47264,31.87515],[-88.47323,31.89386],[-88.46888,31.93026],[-88.46866,31.93317],[-88.45504,32.03972],[-88.45496,32.04058],[-88.43871,32.17208],[-88.43865,32.17281],[-88.42828,32.25014],[-88.42145,32.30868],[-88.41382,32.37392],[-88.4125,32.38003],[-88.40379,32.44977],[-88.40379,32.44989],[-88.39997,32.48542],[-88.38304,32.62668],[-88.38299,32.62695],[-88.37334,32.71182],[-88.36835,32.74766],[-88.35429,32.87513],[-88.34043,32.9912],[-88.33093,33.07312],[-88.31713,33.18412],[-88.31524,33.20332],[-88.31253,33.22092],[-88.27742,33.51244],[-88.2768,33.51646],[-88.27462,33.53401],[-88.27005,33.57082],[-88.26953,33.57289],[-88.26816,33.58504],[-88.26715,33.59199],[-88.267,33.59423],[-88.25634,33.68205],[-88.25613,33.68286],[-88.25462,33.69578],[-88.25445,33.69878],[-88.25226,33.71957],[-88.24414,33.78167],[-88.24303,33.79568],[-88.24005,33.81088],[-88.23549,33.8472],[-88.22652,33.91155],[-88.22643,33.91287],[-88.21074,34.0292],[-88.20723,34.05833],[-88.2002,34.11595],[-88.19213,34.17535],[-88.19068,34.19012],[-88.18762,34.20478],[-88.18667,34.22095],[-88.17689,34.29386],[-88.17587,34.30217],[-88.17363,34.32105],[-88.16591,34.38093],[-88.16563,34.3831],[-88.15629,34.46321],[-88.13999,34.5817],[-88.13925,34.58779],[-88.13872,34.58922],[-88.13426,34.62266],[-88.11841,34.72429],[-88.11642,34.7463],[-88.10756,34.81163],[-88.09789,34.8922],[-88.1,34.8941],[-88.12504,34.90223],[-88.13669,34.90759],[-88.13972,34.90963],[-88.14633,34.91437],[-88.15462,34.92239],[-88.16159,34.93346],[-88.1721,34.95521],[-88.17611,34.96252],[-88.17997,34.96747],[-88.18743,34.97491],[-88.19881,34.99119],[-88.20006,34.99563]]]]}},{"type":"Feature","properties":{"name":"Florida","density":353.4,"STUSPS":"FL"},"geometry":{"type":"MultiPolygon","coordinates":[[[[-80.17628,25.52505],[-80.17395,25.52538],[-80.17312,25.52418],[-80.17268,25.52209],[-80.17602,25.52115],[-80.17706,25.5217],[-80.17628,25.52505]]],[[[-80.2586,25.35961],[-80.25843,25.36439],[-80.25754,25.36466],[-80.25587,25.36605],[-80.25468,25.36885],[-80.25516,25.37089],[-80.25589,25.37335],[-80.25586,25.37624],[-80.25543,25.38074],[-80.25429,25.38218],[-80.25088,25.38442],[-80.24945,25.38678],[-80.24639,25.38827],[-80.2412,25.38647],[-80.2366,25.38927],[-80.23736,25.39138],[-80.24187,25.3915],[-80.24421,25.39307],[-80.24829,25.39217],[-80.24949,25.39505],[-80.24229,25.39912],[-80.2394,25.39671],[-80.23783,25.39424],[-80.23479,25.39399],[-80.23397,25.39673],[-80.23568,25.39786],[-80.23614,25.39934],[-80.23527,25.40127],[-80.2303,25.40291],[-80.22462,25.40298],[-80.2233,25.40509],[-80.22096,25.40636],[-80.21831,25.40526],[-80.21652,25.40599],[-80.21475,25.40886],[-80.21389,25.41058],[-80.21178,25.41201],[-80.20922,25.41437],[-80.20854,25.41639],[-80.20935,25.41774],[-80.21029,25.42125],[-80.20981,25.42485],[-80.21035,25.42639],[-80.2119,25.42703],[-80.21202,25.4281],[-80.20976,25.42907],[-80.20607,25.43218],[-80.20131,25.4413],[-80.20108,25.44419],[-80.20021,25.44488],[-80.19719,25.45142],[-80.19651,25.45435],[-80.19566,25.45708],[-80.19376,25.46135],[-80.19356,25.46394],[-80.19217,25.46793],[-80.192,25.47195],[-80.19041,25.47316],[-80.18834,25.47729],[-80.18846,25.47968],[-80.18718,25.48283],[-80.18528,25.48433],[-80.18326,25.48701],[-80.18135,25.49055],[-80.18088,25.49323],[-80.18938,25.49713],[-80.18954,25.49936],[-80.19041,25.50109],[-80.18972,25.50409],[-80.18864,25.50556],[-80.18477,25.5048],[-80.18257,25.50641],[-80.1807,25.50641],[-80.17966,25.50849],[-80.18065,25.50992],[-80.17848,25.51069],[-80.17827,25.5126],[-80.1788,25.51425],[-80.17833,25.5172],[-80.17724,25.51843],[-80.17574,25.51771],[-80.17554,25.51636],[-80.17592,25.51267],[-80.17599,25.51029],[-80.17734,25.50703],[-80.17853,25.50148],[-80.17793,25.49645],[-80.17702,25.49333],[-80.17791,25.4886],[-80.17667,25.4859],[-80.17725,25.48464],[-80.17856,25.48131],[-80.18197,25.47505],[-80.18513,25.46977],[-80.18568,25.46761],[-80.18742,25.46647],[-80.18838,25.46383],[-80.1899,25.4614],[-80.18993,25.45643],[-80.18977,25.45344],[-80.19171,25.44807],[-80.19537,25.4411],[-80.20045,25.4298],[-80.20251,25.42735],[-80.2024,25.42393],[-80.20412,25.42015],[-80.20334,25.41742],[-80.20383,25.4145],[-80.20565,25.41155],[-80.20805,25.40971],[-80.21174,25.4068],[-80.21515,25.40349],[-80.21903,25.39998],[-80.22117,25.39784],[-80.22247,25.39569],[-80.2258,25.39386],[-80.22651,25.39139],[-80.23139,25.38742],[-80.23103,25.38581],[-80.22912,25.38319],[-80.23061,25.38],[-80.23171,25.37658],[-80.23315,25.37275],[-80.2355,25.36768],[-80.23756,25.36357],[-80.24012,25.35836],[-80.24139,25.35556],[-80.23934,25.35059],[-80.24088,25.34983],[-80.24243,25.34886],[-80.24386,25.3471],[-80.24716,25.34554],[-80.25028,25.34479],[-80.25195,25.3478],[-80.25313,25.35048],[-80.25516,25.35231],[-80.25789,25.35295],[-80.25896,25.35435],[-80.2586,25.35961]]],[[[-80.29618,25.32709],[-80.29484,25.3277],[-80.29367,25.32682],[-80.29371,25.32461],[-80.29526,25.32449],[-80.29678,25.32554],[-80.29618,25.32709]]],[[[-80.30352,25.38012],[-80.30162,25.38119],[-80.29818,25.38216],[-80.29568,25.38366],[-80.29491,25.38545],[-80.29368,25.38545],[-80.29268,25.38258],[-80.29279,25.37955],[-80.295,25.37671],[-80.29914,25.37725],[-80.30227,25.37744],[-80.30364,25.37851],[-80.30352,25.38012]]],[[[-80.30354,25.40601],[-80.30183,25.40682],[-80.30024,25.40665],[-80.29974,25.40538],[-80.30028,25.40435],[-80.30196,25.403],[-80.30346,25.40409],[-80.30405,25.40529],[-80.30354,25.40601]]],[[[-80.46085,25.05081],[-80.45931,25.05173],[-80.45593,25.0526],[-80.44864,25.05367],[-80.44749,25.05363],[-80.44631,25.05281],[-80.44666,25.05117],[-80.44827,25.05015],[-80.45174,25.04929],[-80.45578,25.04835],[-80.45907,25.04806],[-80.46043,25.04884],[-80.46098,25.04958],[-80.46085,25.05081]]],[[[-80.48067,25.11603],[-80.47692,25.11432],[-80.47715,25.11226],[-80.47501,25.10978],[-80.47594,25.10832],[-80.47742,25.10789],[-80.47919,25.11056],[-80.48231,25.11236],[-80.48067,25.11603]]],[[[-80.48261,25.08643],[-80.48238,25.08837],[-80.48143,25.08944],[-80.48154,25.09149],[-80.48047,25.09267],[-80.47703,25.09095],[-80.47489,25.09213],[-80.47394,25.09364],[-80.47429,25.09536],[-80.47632,25.09623],[-80.4775,25.09805],[-80.47857,25.10171],[-80.47774,25.10354],[-80.47667,25.10247],[-80.47572,25.09881],[-80.47394,25.09708],[-80.47109,25.0945],[-80.47049,25.09332],[-80.46883,25.09203],[-80.47144,25.0916],[-80.47465,25.09074],[-80.47632,25.08891],[-80.47845,25.08901],[-80.48,25.08805],[-80.48083,25.086],[-80.4825,25.08428],[-80.4838,25.08514],[-80.48261,25.08643]]],[[[-80.49806,25.10268],[-80.49558,25.10224],[-80.49379,25.1032],[-80.49079,25.10354],[-80.48899,25.10499],[-80.48872,25.10722],[-80.48835,25.10888],[-80.48784,25.10929],[-80.48618,25.1086],[-80.48689,25.10677],[-80.48725,25.10505],[-80.48903,25.10257],[-80.49153,25.09956],[-80.49317,25.09947],[-80.4945,25.09784],[-80.49699,25.09967],[-80.49806,25.10268]]],[[[-80.50289,25.0762],[-80.50042,25.07799],[-80.49905,25.08087],[-80.49626,25.08181],[-80.49285,25.08],[-80.49328,25.07845],[-80.49595,25.07855],[-80.49846,25.07591],[-80.50187,25.07476],[-80.50289,25.0762]]],[[[-80.5106,25.13897],[-80.50994,25.13997],[-80.50841,25.13952],[-80.5069,25.13801],[-80.50536,25.13782],[-80.50493,25.13574],[-80.50619,25.13348],[-80.50655,25.13171],[-80.50774,25.13096],[-80.50916,25.13139],[-80.50774,25.13408],[-80.50809,25.13526],[-80.50999,25.13703],[-80.5106,25.13897]]],[[[-80.5144,25.15035],[-80.51093,25.15156],[-80.51074,25.15376],[-80.50934,25.15519],[-80.50815,25.15456],[-80.50543,25.14874],[-80.50664,25.14734],[-80.50976,25.14926],[-80.51397,25.14871],[-80.5144,25.15035]]],[[[-80.51868,25.08598],[-80.51478,25.08486],[-80.51114,25.08318],[-80.51059,25.08191],[-80.51207,25.08132],[-80.51783,25.083],[-80.51931,25.08512],[-80.51868,25.08598]]],[[[-80.54546,25.1833],[-80.54303,25.18517],[-80.54042,25.18636],[-80.5378,25.18679],[-80.53578,25.187],[-80.53483,25.18829],[-80.53578,25.1899],[-80.53673,25.19066],[-80.53745,25.19302],[-80.53564,25.1951],[-80.53484,25.19279],[-80.53405,25.19017],[-80.53275,25.18855],[-80.53033,25.1876],[-80.53129,25.1856],[-80.53244,25.18502],[-80.53394,25.18462],[-80.53623,25.18326],[-80.53795,25.18268],[-80.54059,25.18197],[-80.5428,25.18188],[-80.54439,25.18229],[-80.54546,25.1833]]],[[[-80.55322,25.16141],[-80.55058,25.16239],[-80.55006,25.16185],[-80.55035,25.16043],[-80.55144,25.15932],[-80.55281,25.15829],[-80.55587,25.15818],[-80.55322,25.16141]]],[[[-80.55979,25.06456],[-80.55814,25.06596],[-80.55829,25.06739],[-80.55584,25.07221],[-80.55488,25.07128],[-80.55446,25.0697],[-80.55478,25.06781],[-80.55377,25.06532],[-80.55195,25.06477],[-80.55266,25.06294],[-80.55479,25.06405],[-80.55836,25.06251],[-80.55991,25.06327],[-80.55979,25.06456]]],[[[-80.5706,25.13117],[-80.56965,25.1315],[-80.56816,25.12944],[-80.56633,25.1291],[-80.56495,25.12787],[-80.56499,25.12476],[-80.56647,25.12392],[-80.56797,25.12248],[-80.56773,25.12571],[-80.5702,25.12787],[-80.57083,25.12925],[-80.5706,25.13117]]],[[[-80.57084,25.14806],[-80.57013,25.14946],[-80.56834,25.15022],[-80.56502,25.14968],[-80.56338,25.14834],[-80.56087,25.14569],[-80.55798,25.14209],[-80.55723,25.14038],[-80.5585,25.13976],[-80.56194,25.13957],[-80.56176,25.14141],[-80.56373,25.14248],[-80.56416,25.14461],[-80.56427,25.1469],[-80.5655,25.14844],[-80.56823,25.14796],[-80.57036,25.1472],[-80.57084,25.14806]]],[[[-80.57417,25.1046],[-80.57084,25.10643],[-80.56716,25.10826],[-80.56762,25.11258],[-80.56834,25.11568],[-80.56858,25.1188],[-80.56763,25.11912],[-80.56656,25.11568],[-80.56335,25.11095],[-80.56169,25.10987],[-80.56074,25.1074],[-80.56205,25.10653],[-80.56502,25.10653],[-80.56716,25.10578],[-80.56811,25.10449],[-80.57096,25.10374],[-80.5731,25.10395],[-80.57417,25.1046]]],[[[-80.57905,25.15995],[-80.57456,25.1599],[-80.5738,25.15783],[-80.57293,25.15675],[-80.57412,25.15542],[-80.57461,25.15387],[-80.57441,25.14968],[-80.57512,25.14839],[-80.57643,25.15022],[-80.57675,25.15378],[-80.57778,25.15603],[-80.57894,25.15803],[-80.57905,25.15995]]],[[[-80.58903,25.06046],[-80.58756,25.06109],[-80.58636,25.06255],[-80.58552,25.06254],[-80.58269,25.06117],[-80.58281,25.05879],[-80.58328,25.05695],[-80.58505,25.05697],[-80.58641,25.05562],[-80.58825,25.05648],[-80.58932,25.05823],[-80.58903,25.06046]]],[[[-80.6077,25.17492],[-80.60435,25.17485],[-80.60233,25.17356],[-80.59948,25.17356],[-80.59806,25.17162],[-80.59615,25.17098],[-80.59437,25.17022],[-80.59057,25.17119],[-80.58914,25.17173],[-80.58663,25.17144],[-80.58604,25.16924],[-80.58601,25.16802],[-80.58724,25.16641],[-80.58728,25.16415],[-80.5868,25.16264],[-80.58764,25.16164],[-80.58933,25.16155],[-80.59138,25.16255],[-80.5931,25.16309],[-80.59619,25.16243],[-80.59762,25.1631],[-80.59985,25.16373],[-80.60204,25.16601],[-80.60293,25.16974],[-80.60367,25.17148],[-80.60564,25.17362],[-80.60741,25.17442],[-80.6077,25.17492]]],[[[-80.61941,25.07151],[-80.61854,25.07236],[-80.6156,25.07261],[-80.61063,25.07497],[-80.61058,25.07255],[-80.61006,25.07037],[-80.60853,25.07017],[-80.60671,25.07058],[-80.60553,25.07036],[-80.60592,25.06943],[-80.60687,25.06872],[-80.60852,25.0677],[-80.60982,25.06585],[-80.60982,25.06424],[-80.60828,25.06111],[-80.60756,25.05939],[-80.60792,25.05692],[-80.60946,25.05595],[-80.61338,25.05616],[-80.61422,25.05778],[-80.61338,25.06606],[-80.61338,25.06872],[-80.61594,25.06912],[-80.61802,25.06886],[-80.61956,25.06983],[-80.61941,25.07151]]],[[[-80.61978,25.0029],[-80.61835,25.00403],[-80.61778,25.00565],[-80.61553,25.00778],[-80.61435,25.00788],[-80.61275,25.00666],[-80.61303,25.00441],[-80.61415,25.00322],[-80.61598,25.00353],[-80.61898,25.00139],[-80.62016,25.00135],[-80.61978,25.0029]]],[[[-80.62479,25.18281],[-80.62289,25.18281],[-80.62147,25.18367],[-80.62016,25.18292],[-80.61709,25.18246],[-80.61448,25.18231],[-80.61232,25.18174],[-80.60985,25.18241],[-80.61064,25.18026],[-80.6125,25.17642],[-80.61445,25.17578],[-80.61769,25.17678],[-80.61946,25.1781],[-80.618,25.18013],[-80.61962,25.18116],[-80.62145,25.18067],[-80.62432,25.1813],[-80.62479,25.18281]]],[[[-80.62717,25.0004],[-80.626,25.00262],[-80.62323,25.00159],[-80.62278,25.0],[-80.62389,24.99878],[-80.62617,24.99908],[-80.62717,25.0004]]],[[[-80.62736,24.95981],[-80.62515,24.96137],[-80.62388,24.96367],[-80.62304,24.96202],[-80.62294,24.95985],[-80.6232,24.95862],[-80.62733,24.95908],[-80.62736,24.95981]]],[[[-80.63743,25.02707],[-80.63684,25.02813],[-80.63415,25.02812],[-80.63226,25.02752],[-80.63163,25.02546],[-80.63324,25.02425],[-80.63423,25.0243],[-80.63523,25.02562],[-80.63685,25.02644],[-80.63743,25.02707]]],[[[-80.64822,25.05087],[-80.64763,25.05205],[-80.64478,25.05281],[-80.64275,25.05231],[-80.6413,25.0516],[-80.64114,25.04979],[-80.64186,25.04804],[-80.64424,25.04694],[-80.64638,25.04746],[-80.64822,25.04915],[-80.64822,25.05087]]],[[[-80.64921,25.03553],[-80.64668,25.03643],[-80.64586,25.03627],[-80.64556,25.03544],[-80.64634,25.03316],[-80.64853,25.03236],[-80.6495,25.03434],[-80.64921,25.03553]]],[[[-80.65355,24.98283],[-80.65106,24.98433],[-80.65141,24.98638],[-80.65141,24.98735],[-80.65118,24.98886],[-80.65023,24.9895],[-80.64774,24.98851],[-80.64658,24.98737],[-80.64644,24.9863],[-80.64789,24.98519],[-80.65077,24.98216],[-80.65269,24.98081],[-80.65413,24.98164],[-80.65355,24.98283]]],[[[-80.65867,25.10711],[-80.65625,25.10977],[-80.6528,25.10861],[-80.65165,25.10723],[-80.64974,25.10711],[-80.64782,25.10861],[-80.64642,25.10884],[-80.64348,25.11208],[-80.6408,25.1167],[-80.63927,25.11821],[-80.63876,25.12075],[-80.6394,25.12295],[-80.64169,25.12549],[-80.64208,25.12699],[-80.64399,25.12745],[-80.64603,25.12861],[-80.64744,25.13069],[-80.64693,25.13288],[-80.64629,25.1352],[-80.64706,25.13716],[-80.64744,25.13866],[-80.64595,25.13962],[-80.64387,25.13751],[-80.64118,25.13705],[-80.63748,25.13728],[-80.6385,25.13543],[-80.63927,25.13346],[-80.64182,25.13265],[-80.64291,25.13186],[-80.64222,25.1301],[-80.64045,25.12922],[-80.63943,25.12699],[-80.63768,25.12437],[-80.63583,25.12396],[-80.63429,25.12003],[-80.63225,25.11932],[-80.63214,25.11859],[-80.63454,25.11699],[-80.63665,25.11257],[-80.63715,25.1099],[-80.63837,25.1065],[-80.64323,25.10549],[-80.64361,25.10399],[-80.64489,25.10341],[-80.64616,25.10249],[-80.64425,25.10018],[-80.64348,25.09844],[-80.64123,25.09772],[-80.64078,25.09503],[-80.64141,25.09234],[-80.64412,25.09117],[-80.64425,25.0885],[-80.64213,25.08666],[-80.64124,25.08429],[-80.64009,25.08233],[-80.63762,25.08287],[-80.63779,25.08207],[-80.6401,25.08031],[-80.63981,25.07757],[-80.64021,25.07532],[-80.64064,25.07337],[-80.64298,25.07273],[-80.64657,25.07481],[-80.64913,25.07827],[-80.64836,25.08251],[-80.64808,25.08503],[-80.65037,25.08873],[-80.64954,25.09076],[-80.6505,25.09382],[-80.65076,25.09821],[-80.6514,25.10029],[-80.65305,25.10318],[-80.65561,25.10445],[-80.65854,25.10538],[-80.65867,25.10711]]],[[[-80.66556,24.9894],[-80.66349,24.993],[-80.66183,24.99527],[-80.66058,24.99574],[-80.65858,24.99537],[-80.65651,24.9961],[-80.65529,24.996],[-80.65427,24.99492],[-80.65415,24.99338],[-80.6551,24.99231],[-80.65771,24.9908],[-80.65783,24.9895],[-80.65759,24.98778],[-80.65961,24.98789],[-80.66163,24.98757],[-80.66496,24.9881],[-80.66556,24.9894]]],[[[-80.66909,25.03577],[-80.66711,25.03668],[-80.66464,25.03715],[-80.66382,25.03515],[-80.66403,25.03364],[-80.66498,25.0331],[-80.66841,25.03353],[-80.66936,25.03463],[-80.66909,25.03577]]],[[[-80.66991,24.92347],[-80.6685,24.92644],[-80.66654,24.92765],[-80.66515,24.92816],[-80.66208,24.92664],[-80.66083,24.92403],[-80.66139,24.9219],[-80.66332,24.92024],[-80.66639,24.91852],[-80.66901,24.91841],[-80.67084,24.92021],[-80.66991,24.92347]]],[[[-80.67184,24.98871],[-80.67132,24.98947],[-80.67009,24.99017],[-80.66841,24.9895],[-80.66675,24.98724],[-80.66732,24.9864],[-80.66929,24.98708],[-80.67138,24.98764],[-80.67184,24.98871]]],[[[-80.68024,25.10075],[-80.6782,25.10156],[-80.67693,25.10364],[-80.6745,25.10411],[-80.67118,25.10226],[-80.66965,25.10087],[-80.66876,25.09833],[-80.66684,25.0974],[-80.66693,25.09596],[-80.66979,25.09691],[-80.67274,25.09829],[-80.67437,25.09852],[-80.67678,25.09902],[-80.67885,25.0988],[-80.68042,25.09928],[-80.68024,25.10075]]],[[[-80.68064,25.03295],[-80.67806,25.03526],[-80.6751,25.03383],[-80.67379,25.03355],[-80.67373,25.03292],[-80.67624,25.03099],[-80.67865,25.03194],[-80.68,25.03225],[-80.68064,25.03295]]],[[[-80.68471,25.11462],[-80.68369,25.1152],[-80.68331,25.11682],[-80.68446,25.11763],[-80.68522,25.11936],[-80.68369,25.1204],[-80.68407,25.12295],[-80.68216,25.12364],[-80.68076,25.12214],[-80.67948,25.12318],[-80.67769,25.12098],[-80.67769,25.11855],[-80.6768,25.11636],[-80.6759,25.11451],[-80.67769,25.11462],[-80.67871,25.11532],[-80.67948,25.11717],[-80.68063,25.11763],[-80.68139,25.11636],[-80.68178,25.11416],[-80.68318,25.11266],[-80.68586,25.11289],[-80.68471,25.11462]]],[[[-80.68599,25.03059],[-80.68483,25.03113],[-80.68205,25.03072],[-80.68183,25.02795],[-80.68211,25.02531],[-80.68464,25.02611],[-80.68707,25.0272],[-80.68599,25.03059]]],[[[-80.70064,25.05509],[-80.69563,25.06208],[-80.69485,25.06212],[-80.69264,25.06009],[-80.6927,25.05727],[-80.69501,25.05443],[-80.6925,25.05217],[-80.69448,25.05007],[-80.69773,25.04962],[-80.69998,25.05324],[-80.70064,25.05509]]],[[[-80.70217,25.09877],[-80.70016,25.10145],[-80.70071,25.10434],[-80.70089,25.10807],[-80.69914,25.10734],[-80.6985,25.10561],[-80.69824,25.10226],[-80.69722,25.10006],[-80.69722,25.09833],[-80.69867,25.0962],[-80.70154,25.09576],[-80.70217,25.09877]]],[[[-80.70156,25.1226],[-80.70016,25.12225],[-80.69863,25.12121],[-80.69671,25.12248],[-80.69454,25.12225],[-80.69441,25.11994],[-80.69709,25.11844],[-80.69952,25.1159],[-80.7009,25.11582],[-80.7007,25.11839],[-80.70284,25.12133],[-80.70156,25.1226]]],[[[-80.704,24.90206],[-80.70257,24.90497],[-80.70049,24.90807],[-80.69935,24.90854],[-80.69806,24.90887],[-80.69697,24.90808],[-80.69519,24.90416],[-80.6934,24.89953],[-80.69444,24.89747],[-80.69642,24.89665],[-80.69898,24.8966],[-80.70259,24.89704],[-80.70435,24.89853],[-80.704,24.90206]]],[[[-80.71496,25.1408],[-80.71356,25.14167],[-80.71254,25.14317],[-80.71113,25.14305],[-80.7096,25.14132],[-80.71037,25.1397],[-80.7096,25.13751],[-80.7082,25.13681],[-80.70526,25.13554],[-80.70348,25.13369],[-80.70169,25.13335],[-80.70028,25.12988],[-80.69863,25.12711],[-80.69965,25.12572],[-80.70118,25.12618],[-80.70182,25.12768],[-80.70437,25.12819],[-80.70602,25.1289],[-80.70771,25.13259],[-80.71003,25.13486],[-80.71186,25.13639],[-80.71363,25.13935],[-80.71496,25.1408]]],[[[-80.71476,25.14979],[-80.7125,25.14806],[-80.71095,25.14581],[-80.71131,25.14441],[-80.71297,25.14398],[-80.71464,25.14656],[-80.71523,25.14882],[-80.71476,25.14979]]],[[[-80.7283,25.09474],[-80.7252,25.09915],[-80.72323,25.09813],[-80.72323,25.09585],[-80.72464,25.09382],[-80.7262,25.09319],[-80.72734,25.09326],[-80.7283,25.09474]]],[[[-80.73163,24.99554],[-80.73017,25.00039],[-80.73009,25.00245],[-80.72369,25.00505],[-80.72388,25.00385],[-80.72561,25.0],[-80.72625,24.99623],[-80.7289,24.9941],[-80.73063,24.99323],[-80.73163,24.99554]]],[[[-80.73715,25.06555],[-80.73634,25.06695],[-80.73579,25.06896],[-80.7361,25.07064],[-80.73432,25.07216],[-80.73333,25.07144],[-80.733,25.06927],[-80.73178,25.06801],[-80.73058,25.06874],[-80.72987,25.07046],[-80.7282,25.07089],[-80.72796,25.06949],[-80.72844,25.06853],[-80.728,25.06718],[-80.72706,25.06505],[-80.72712,25.06356],[-80.72799,25.06262],[-80.72994,25.06201],[-80.73198,25.06514],[-80.73383,25.06577],[-80.73567,25.06483],[-80.73678,25.06483],[-80.73715,25.06555]]],[[[-80.739,25.01047],[-80.73785,25.01044],[-80.73553,25.00545],[-80.73586,25.00289],[-80.73692,25.00247],[-80.7384,25.00432],[-80.74011,25.00828],[-80.739,25.01047]]],[[[-80.74079,24.85495],[-80.74053,24.85663],[-80.73885,24.85876],[-80.73649,24.85992],[-80.73297,24.86432],[-80.73123,24.86521],[-80.72786,24.8661],[-80.7263,24.86657],[-80.72285,24.86376],[-80.72065,24.86247],[-80.71851,24.863],[-80.7168,24.86514],[-80.71232,24.86682],[-80.71071,24.86942],[-80.7069,24.87081],[-80.70467,24.87255],[-80.70435,24.87475],[-80.70503,24.87795],[-80.70409,24.8803],[-80.69642,24.88445],[-80.69143,24.88506],[-80.69065,24.88422],[-80.68987,24.88176],[-80.69154,24.87982],[-80.69403,24.87901],[-80.69599,24.87773],[-80.69819,24.87517],[-80.7005,24.87222],[-80.70182,24.87022],[-80.70333,24.86835],[-80.70547,24.86772],[-80.70864,24.8661],[-80.71073,24.86397],[-80.7146,24.86239],[-80.71843,24.86089],[-80.72126,24.85986],[-80.72576,24.85791],[-80.72981,24.85532],[-80.73205,24.85263],[-80.73415,24.85061],[-80.73517,24.84882],[-80.73748,24.84874],[-80.73941,24.85035],[-80.74132,24.85251],[-80.74079,24.85495]]],[[[-80.75907,25.03271],[-80.75802,25.03629],[-80.7557,25.03857],[-80.75451,25.03908],[-80.75369,25.03789],[-80.75399,25.03647],[-80.75559,25.03452],[-80.75567,25.03091],[-80.75312,25.03036],[-80.74978,25.02822],[-80.7496,25.02706],[-80.75067,25.02635],[-80.75395,25.02858],[-80.75829,25.0293],[-80.75907,25.03271]]],[[[-80.76253,25.14527],[-80.76051,25.14634],[-80.75884,25.14527],[-80.75927,25.14386],[-80.76089,25.14353],[-80.76277,25.14365],[-80.76253,25.14527]]],[[[-80.78817,24.94046],[-80.78633,24.94096],[-80.78389,24.94084],[-80.78267,24.93933],[-80.78369,24.93719],[-80.78471,24.93677],[-80.78689,24.93754],[-80.78799,24.93872],[-80.78817,24.94046]]],[[[-80.79124,25.02531],[-80.78965,25.02655],[-80.7863,25.02656],[-80.78523,25.02476],[-80.78579,25.02366],[-80.78714,25.02301],[-80.78923,25.02318],[-80.79153,25.02357],[-80.79124,25.02531]]],[[[-80.79224,25.13171],[-80.79129,25.13257],[-80.78927,25.13204],[-80.78701,25.12956],[-80.78428,25.1273],[-80.78092,25.1239],[-80.78118,25.12203],[-80.78219,25.12159],[-80.78442,25.1234],[-80.7867,25.12442],[-80.78962,25.12811],[-80.79129,25.12932],[-80.79224,25.13171]]],[[[-80.79159,25.09456],[-80.79025,25.0938],[-80.78945,25.09209],[-80.78712,25.09222],[-80.78567,25.09248],[-80.78549,25.09184],[-80.78767,25.08912],[-80.79005,25.09004],[-80.79112,25.09147],[-80.7924,25.09398],[-80.79159,25.09456]]],[[[-80.79244,25.07118],[-80.78867,25.07103],[-80.78752,25.06868],[-80.78975,25.06673],[-80.7923,25.06792],[-80.79295,25.06945],[-80.79244,25.07118]]],[[[-80.83273,24.99347],[-80.83171,24.99461],[-80.82989,24.99445],[-80.82923,24.99212],[-80.82777,24.99062],[-80.8272,24.98889],[-80.82791,24.98793],[-80.82931,24.98717],[-80.82976,24.98768],[-80.83003,24.98972],[-80.8325,24.99251],[-80.83273,24.99347]]],[[[-80.83415,25.11977],[-80.83347,25.12141],[-80.8323,25.1217],[-80.83183,25.12011],[-80.83112,25.11935],[-80.82866,25.11496],[-80.82922,25.11467],[-80.83086,25.11524],[-80.83193,25.11666],[-80.83349,25.11768],[-80.83415,25.11977]]],[[[-80.84825,24.80583],[-80.84614,24.80749],[-80.83622,24.8093],[-80.83049,24.81239],[-80.82936,24.8149],[-80.81999,24.82349],[-80.81649,24.82376],[-80.81561,24.82541],[-80.81302,24.82708],[-80.81361,24.82832],[-80.80888,24.83353],[-80.80468,24.83479],[-80.79271,24.84348],[-80.79048,24.84295],[-80.79055,24.84016],[-80.79664,24.83719],[-80.80194,24.83346],[-80.80888,24.82697],[-80.81021,24.82418],[-80.80733,24.8187],[-80.79965,24.81745],[-80.79115,24.82567],[-80.7884,24.82533],[-80.78688,24.82277],[-80.79453,24.81205],[-80.7977,24.81157],[-80.80737,24.81244],[-80.82438,24.81237],[-80.82899,24.80962],[-80.83502,24.80694],[-80.84092,24.80547],[-80.84669,24.80276],[-80.84928,24.80351],[-80.84825,24.80583]]],[[[-80.85264,25.10986],[-80.85204,25.1108],[-80.85037,25.11072],[-80.8498,25.10967],[-80.84976,25.10847],[-80.85147,25.10774],[-80.8524,25.10851],[-80.85264,25.10986]]],[[[-80.86539,25.03239],[-80.86414,25.03298],[-80.8626,25.03396],[-80.86219,25.0338],[-80.86158,25.03168],[-80.86089,25.03106],[-80.86355,25.02966],[-80.86534,25.02995],[-80.8658,25.03115],[-80.86539,25.03239]]],[[[-80.88312,25.11067],[-80.8812,25.11379],[-80.88089,25.11556],[-80.88088,25.11705],[-80.88135,25.1184],[-80.88082,25.11921],[-80.87929,25.11892],[-80.87653,25.11717],[-80.87538,25.11526],[-80.87579,25.1121],[-80.87608,25.11088],[-80.87807,25.10937],[-80.88023,25.10856],[-80.8825,25.10834],[-80.88343,25.10913],[-80.88312,25.11067]]],[[[-80.88731,25.05983],[-80.88578,25.06106],[-80.88481,25.0612],[-80.88358,25.05988],[-80.88392,25.0592],[-80.88536,25.0581],[-80.88637,25.05845],[-80.88715,25.05938],[-80.88731,25.05983]]],[[[-80.90496,25.05165],[-80.90344,25.05233],[-80.90178,25.05221],[-80.90158,25.05033],[-80.90227,25.04931],[-80.90405,25.04966],[-80.9049,25.05066],[-80.90496,25.05165]]],[[[-80.90939,25.13344],[-80.90423,25.13743],[-80.90021,25.13741],[-80.90057,25.1349],[-80.90541,25.13256],[-80.9086,25.13254],[-80.90939,25.13344]]],[[[-80.915,25.10862],[-80.91333,25.11008],[-80.91202,25.11032],[-80.9115,25.10965],[-80.91062,25.10797],[-80.90879,25.10613],[-80.90738,25.10433],[-80.90781,25.1029],[-80.90977,25.10187],[-80.91107,25.10195],[-80.91218,25.10349],[-80.91283,25.10506],[-80.915,25.10862]]],[[[-80.92315,24.76668],[-80.9222,24.76797],[-80.92066,24.76905],[-80.91674,24.77056],[-80.91531,24.77326],[-80.91448,24.77455],[-80.91424,24.7765],[-80.91531,24.7779],[-80.914,24.77866],[-80.91246,24.77704],[-80.91091,24.77747],[-80.90876,24.7776],[-80.90839,24.77687],[-80.90736,24.77258],[-80.90653,24.77065],[-80.90762,24.76862],[-80.91212,24.76597],[-80.91319,24.76586],[-80.91612,24.7665],[-80.91965,24.7665],[-80.92294,24.76569],[-80.92315,24.76668]]],[[[-80.93159,24.76873],[-80.931,24.77013],[-80.92933,24.77002],[-80.92826,24.76927],[-80.92601,24.76894],[-80.92577,24.76765],[-80.92636,24.76592],[-80.92835,24.76426],[-80.93153,24.7634],[-80.93124,24.76441],[-80.93135,24.76679],[-80.93159,24.76873]]],[[[-80.93157,25.08064],[-80.92953,25.08089],[-80.92517,25.08055],[-80.92601,25.07925],[-80.92735,25.07844],[-80.92988,25.07847],[-80.93118,25.07921],[-80.93221,25.08],[-80.93157,25.08064]]],[[[-80.94341,25.10863],[-80.93922,25.10969],[-80.93532,25.11109],[-80.93248,25.10923],[-80.93524,25.10781],[-80.93816,25.10718],[-80.93919,25.10634],[-80.94164,25.10617],[-80.94404,25.10766],[-80.94341,25.10863]]],[[[-81.12476,24.70713],[-81.11859,24.70781],[-81.10735,24.71276],[-81.10529,24.71128],[-81.09914,24.71199],[-81.09021,24.71657],[-81.08073,24.7182],[-81.07762,24.72133],[-81.07693,24.71649],[-81.07167,24.72036],[-81.0654,24.72092],[-81.06682,24.72393],[-81.06145,24.72899],[-81.05646,24.73114],[-81.05057,24.73758],[-81.04627,24.74056],[-81.04159,24.74328],[-81.0367,24.74283],[-81.03474,24.74045],[-81.03092,24.73772],[-81.02894,24.73776],[-81.02729,24.7358],[-81.02595,24.73355],[-81.02357,24.7348],[-81.02107,24.73342],[-81.01692,24.73468],[-81.01335,24.73732],[-81.01183,24.7399],[-81.01009,24.74055],[-81.00814,24.73886],[-81.00301,24.74078],[-81.00225,24.74181],[-81.00024,24.74237],[-80.99843,24.74189],[-80.99443,24.74399],[-80.99385,24.74592],[-80.99457,24.74796],[-80.99453,24.74861],[-80.9894,24.74982],[-80.9872,24.75452],[-80.98868,24.76016],[-80.98611,24.7599],[-80.98317,24.75459],[-80.97996,24.75286],[-80.97707,24.7569],[-80.97194,24.75934],[-80.96962,24.75862],[-80.96695,24.75837],[-80.96581,24.76068],[-80.96396,24.76371],[-80.96189,24.76344],[-80.95849,24.7654],[-80.95525,24.76933],[-80.95381,24.77089],[-80.95193,24.7697],[-80.95215,24.76614],[-80.94942,24.76592],[-80.94728,24.76862],[-80.93906,24.77456],[-80.93543,24.7752],[-80.93204,24.77524],[-80.93142,24.77434],[-80.93124,24.77294],[-80.93302,24.77197],[-80.93854,24.76753],[-80.96425,24.75171],[-80.96762,24.74792],[-80.97054,24.74739],[-80.9755,24.74493],[-80.97612,24.74241],[-80.97987,24.74115],[-80.99234,24.73319],[-81.00663,24.72681],[-81.00995,24.72386],[-81.01178,24.72191],[-81.01593,24.71988],[-81.02379,24.7169],[-81.02946,24.72112],[-81.03029,24.72284],[-81.02916,24.72394],[-81.02821,24.72675],[-81.02975,24.72815],[-81.03245,24.72732],[-81.03429,24.72734],[-81.04963,24.72131],[-81.05347,24.72004],[-81.05712,24.71748],[-81.06015,24.71573],[-81.06455,24.71545],[-81.06713,24.71493],[-81.07103,24.71172],[-81.07176,24.70999],[-81.07344,24.70644],[-81.07586,24.70427],[-81.07872,24.69656],[-81.07844,24.69238],[-81.07549,24.69181],[-81.07541,24.69083],[-81.0773,24.68997],[-81.07931,24.68949],[-81.08178,24.69068],[-81.08244,24.69196],[-81.0867,24.69145],[-81.09444,24.68934],[-81.09755,24.69001],[-81.10804,24.68859],[-81.11008,24.68949],[-81.11285,24.69224],[-81.11597,24.69907],[-81.12019,24.70418],[-81.12409,24.70487],[-81.12476,24.70713]]],[[[-81.231,24.78213],[-81.22798,24.78178],[-81.22708,24.77828],[-81.22613,24.77572],[-81.22774,24.77532],[-81.23005,24.77686],[-81.23146,24.78089],[-81.231,24.78213]]],[[[-81.28081,24.65563],[-81.27769,24.66003],[-81.27416,24.66299],[-81.27197,24.66364],[-81.26791,24.66499],[-81.26548,24.66865],[-81.26388,24.6707],[-81.26001,24.67485],[-81.25778,24.67506],[-81.25353,24.67415],[-81.2521,24.67287],[-81.2498,24.67336],[-81.24609,24.67583],[-81.24323,24.674],[-81.24299,24.67246],[-81.24476,24.6692],[-81.2477,24.66941],[-81.24988,24.66784],[-81.25161,24.66617],[-81.25492,24.66481],[-81.25771,24.66431],[-81.26725,24.66012],[-81.26884,24.6606],[-81.27324,24.65907],[-81.27683,24.65582],[-81.28178,24.65375],[-81.28081,24.65563]]],[[[-81.29563,24.77734],[-81.29443,24.77957],[-81.29323,24.78083],[-81.29062,24.77809],[-81.28776,24.77635],[-81.28638,24.77417],[-81.28498,24.77168],[-81.28573,24.76824],[-81.28924,24.76903],[-81.29395,24.77257],[-81.29524,24.77544],[-81.29563,24.77734]]],[[[-81.31426,24.75254],[-81.31295,24.7533],[-81.31176,24.7561],[-81.30979,24.75685],[-81.3061,24.75708],[-81.30505,24.75519],[-81.30281,24.75145],[-81.29951,24.74703],[-81.29896,24.74365],[-81.3032,24.74639],[-81.30724,24.74833],[-81.30974,24.74855],[-81.312,24.74984],[-81.31426,24.75081],[-81.31426,24.75254]]],[[[-81.32707,24.76385],[-81.32513,24.76712],[-81.32422,24.76706],[-81.32164,24.76403],[-81.31927,24.76103],[-81.3177,24.75815],[-81.31735,24.75675],[-81.31842,24.75664],[-81.324,24.75956],[-81.32759,24.76231],[-81.32707,24.76385]]],[[[-81.33065,24.72953],[-81.32875,24.72977],[-81.32519,24.73096],[-81.32555,24.73301],[-81.32566,24.73722],[-81.32566,24.73981],[-81.32816,24.74369],[-81.33038,24.74972],[-81.3284,24.75027],[-81.3259,24.74617],[-81.32412,24.74585],[-81.32127,24.74337],[-81.31746,24.73927],[-81.3133,24.73797],[-81.31045,24.73873],[-81.30784,24.73538],[-81.30368,24.73247],[-81.30225,24.73031],[-81.30213,24.72124],[-81.29928,24.71692],[-81.2974,24.71673],[-81.30118,24.71399],[-81.30325,24.71403],[-81.30515,24.71593],[-81.30991,24.72497],[-81.31277,24.72735],[-81.31705,24.72831],[-81.32229,24.72878],[-81.32935,24.72664],[-81.33065,24.72953]]],[[[-81.34218,24.73916],[-81.33874,24.73959],[-81.33636,24.74002],[-81.33576,24.74088],[-81.33636,24.74326],[-81.33636,24.74477],[-81.33588,24.74499],[-81.33363,24.74423],[-81.33089,24.74164],[-81.33149,24.73884],[-81.33161,24.73473],[-81.33208,24.73268],[-81.33291,24.7316],[-81.3341,24.73387],[-81.33612,24.73527],[-81.33767,24.73722],[-81.34028,24.73722],[-81.34206,24.73819],[-81.34218,24.73916]]],[[[-81.35599,25.70353],[-81.35215,25.70735],[-81.34124,25.71258],[-81.33839,25.71086],[-81.33601,25.70787],[-81.33601,25.70444],[-81.33799,25.69751],[-81.33824,25.6929],[-81.35056,25.68983],[-81.35562,25.69252],[-81.357,25.69665],[-81.35599,25.70353]]],[[[-81.44425,24.63528],[-81.44294,24.63624],[-81.44172,24.63603],[-81.44076,24.63461],[-81.44087,24.63297],[-81.44206,24.63251],[-81.44431,24.63292],[-81.44425,24.63528]]],[[[-81.48282,24.61809],[-81.48099,24.61861],[-81.47917,24.61784],[-81.4759,24.61603],[-81.47292,24.61425],[-81.47121,24.61408],[-81.46904,24.61315],[-81.46756,24.61159],[-81.46766,24.60997],[-81.46889,24.60847],[-81.47147,24.60985],[-81.47347,24.61228],[-81.4771,24.6148],[-81.48027,24.61676],[-81.48282,24.61716],[-81.48282,24.61809]]],[[[-81.81231,24.56733],[-81.81095,24.56954],[-81.80959,24.56951],[-81.80922,24.56836],[-81.81081,24.566],[-81.81204,24.56609],[-81.81231,24.56733]]],[[[-81.81205,24.54881],[-81.81147,24.55079],[-81.80946,24.55662],[-81.80718,24.56153],[-81.80241,24.56316],[-81.79985,24.56447],[-81.79904,24.56979],[-81.79986,24.57144],[-81.79742,24.57389],[-81.79753,24.57539],[-81.79934,24.57609],[-81.80006,24.58882],[-81.79949,24.59417],[-81.79715,24.59461],[-81.79538,24.59287],[-81.79389,24.58504],[-81.79401,24.57575],[-81.78225,24.57791],[-81.77408,24.58477],[-81.76644,24.58601],[-81.75283,24.58023],[-81.74642,24.58496],[-81.73929,24.59011],[-81.722,24.60665],[-81.72835,24.61758],[-81.75138,24.62823],[-81.76534,24.63263],[-81.76139,24.64203],[-81.75428,24.65404],[-81.74565,24.65988],[-81.70131,24.67772],[-81.68741,24.6862],[-81.67234,24.69951],[-81.65651,24.70291],[-81.64387,24.71234],[-81.62354,24.72021],[-81.59929,24.72971],[-81.5846,24.7367],[-81.57115,24.75635],[-81.56143,24.76038],[-81.5158,24.75616],[-81.51378,24.75775],[-81.50076,24.78952],[-81.4981,24.79257],[-81.49209,24.79466],[-81.47528,24.79894],[-81.47029,24.80207],[-81.46609,24.80347],[-81.44351,24.81336],[-81.44121,24.81289],[-81.43973,24.80851],[-81.43964,24.80374],[-81.45106,24.78895],[-81.45796,24.78184],[-81.45695,24.77364],[-81.45152,24.76687],[-81.4202,24.77799],[-81.41086,24.79047],[-81.40547,24.79271],[-81.40123,24.79147],[-81.37783,24.78217],[-81.37182,24.77909],[-81.36551,24.7693],[-81.36631,24.7424],[-81.36132,24.73722],[-81.36019,24.73403],[-81.35941,24.72858],[-81.35276,24.722],[-81.35121,24.72027],[-81.34183,24.7071],[-81.33624,24.70451],[-81.33101,24.70483],[-81.3196,24.70267],[-81.31643,24.69767],[-81.31205,24.68176],[-81.30883,24.66463],[-81.2969,24.65538],[-81.31307,24.64725],[-81.32792,24.6454],[-81.33267,24.63969],[-81.33796,24.6403],[-81.3466,24.63581],[-81.3613,24.633],[-81.3631,24.63096],[-81.36633,24.63111],[-81.3764,24.62733],[-81.38992,24.62237],[-81.3948,24.62113],[-81.40189,24.62354],[-81.4064,24.64246],[-81.41254,24.64673],[-81.42256,24.6466],[-81.43571,24.65073],[-81.44392,24.64268],[-81.44605,24.64436],[-81.44688,24.65343],[-81.47303,24.649],[-81.4773,24.64565],[-81.48051,24.64457],[-81.48182,24.64781],[-81.50594,24.65451],[-81.50963,24.64706],[-81.50801,24.6424],[-81.50817,24.63815],[-81.51,24.62867],[-81.51077,24.62567],[-81.5174,24.62124],[-81.51902,24.61881],[-81.52468,24.61864],[-81.53432,24.61791],[-81.54161,24.6144],[-81.55084,24.61223],[-81.55918,24.60957],[-81.56413,24.60384],[-81.57456,24.60093],[-81.58532,24.59538],[-81.59195,24.59348],[-81.60433,24.58616],[-81.61185,24.58558],[-81.62819,24.57907],[-81.63825,24.57913],[-81.64413,24.57492],[-81.66514,24.57326],[-81.67731,24.56297],[-81.68524,24.55868],[-81.69779,24.55952],[-81.71123,24.5564],[-81.71721,24.55708],[-81.73533,24.55683],[-81.74876,24.55462],[-81.75502,24.55175],[-81.76338,24.55242],[-81.77522,24.55041],[-81.78598,24.54672],[-81.80356,24.54451],[-81.81254,24.54547],[-81.81205,24.54881]]],[[[-81.81529,24.56284],[-81.8128,24.56359],[-81.81208,24.56281],[-81.81226,24.56077],[-81.81336,24.56033],[-81.81459,24.56042],[-81.81562,24.56207],[-81.81529,24.56284]]],[[[-81.89309,24.56273],[-81.89043,24.56257],[-81.88588,24.56297],[-81.88386,24.56122],[-81.88374,24.56033],[-81.88587,24.55929],[-81.88823,24.55777],[-81.88945,24.55902],[-81.89192,24.55991],[-81.89311,24.56214],[-81.89309,24.56273]]],[[[-81.92351,24.60265],[-81.92353,24.605],[-81.92308,24.60663],[-81.92147,24.60675],[-81.92048,24.60567],[-81.91947,24.60548],[-81.91888,24.60428],[-81.92019,24.60275],[-81.92108,24.60129],[-81.92251,24.60052],[-81.92331,24.60049],[-81.92423,24.6011],[-81.92351,24.60265]]],[[[-81.92513,24.54482],[-81.92448,24.54631],[-81.92256,24.5479],[-81.92133,24.54848],[-81.91986,24.54827],[-81.91798,24.54749],[-81.91698,24.54676],[-81.91677,24.54535],[-81.91755,24.54388],[-81.91963,24.54233],[-81.92165,24.5418],[-81.92489,24.53996],[-81.92538,24.54189],[-81.92513,24.54482]]],[[[-81.92834,24.52924],[-81.92558,24.53286],[-81.92441,24.53281],[-81.91981,24.53128],[-81.91773,24.53052],[-81.91781,24.52924],[-81.919,24.52855],[-81.92117,24.52844],[-81.92351,24.52778],[-81.926,24.52651],[-81.92833,24.52659],[-81.92834,24.52924]]],[[[-81.96436,24.52512],[-81.96309,24.52497],[-81.96238,24.52213],[-81.96307,24.52131],[-81.96427,24.5213],[-81.96506,24.52421],[-81.96436,24.52512]]],[[[-81.97887,24.52463],[-81.97462,24.52687],[-81.97086,24.52696],[-81.96818,24.52485],[-81.96818,24.5235],[-81.97854,24.52325],[-81.97887,24.52463]]],[[[-82.00977,24.53491],[-82.00931,24.53646],[-82.00748,24.5379],[-82.00449,24.5366],[-81.99982,24.53353],[-81.99831,24.53086],[-81.99899,24.52963],[-82.00271,24.52813],[-82.00429,24.52793],[-82.00645,24.52744],[-82.00759,24.52831],[-82.00932,24.53262],[-82.00977,24.53491]]],[[[-82.14541,24.5899],[-82.14341,24.59293],[-82.14,24.59514],[-82.13511,24.5967],[-82.13002,24.59751],[-82.12483,24.59706],[-82.11981,24.59482],[-82.11438,24.59293],[-82.10812,24.59062],[-82.1039,24.5875],[-82.10163,24.58504],[-82.10023,24.58056],[-82.09992,24.57706],[-82.09955,24.57458],[-82.1002,24.56982],[-82.10134,24.5655],[-82.10322,24.56291],[-82.10436,24.56071],[-82.10599,24.55857],[-82.10849,24.55819],[-82.11164,24.55549],[-82.11264,24.55283],[-82.11345,24.55147],[-82.11609,24.54954],[-82.11867,24.54854],[-82.12106,24.5485],[-82.12425,24.54872],[-82.12689,24.5484],[-82.13025,24.54821],[-82.13354,24.55002],[-82.13354,24.5524],[-82.13045,24.55251],[-82.12759,24.55273],[-82.12522,24.5511],[-82.12296,24.55175],[-82.11928,24.55564],[-82.11642,24.55716],[-82.11417,24.55867],[-82.11286,24.55986],[-82.11179,24.56224],[-82.11072,24.56581],[-82.11036,24.56862],[-82.11274,24.57067],[-82.11595,24.5697],[-82.11809,24.5697],[-82.11868,24.57143],[-82.11916,24.57478],[-82.12106,24.57845],[-82.12189,24.58169],[-82.12367,24.58396],[-82.12569,24.58537],[-82.12962,24.58699],[-82.13223,24.58828],[-82.13496,24.58872],[-82.1371,24.58969],[-82.13948,24.59066],[-82.14186,24.5898],[-82.14245,24.58774],[-82.14376,24.58612],[-82.1456,24.58647],[-82.14541,24.5899]]],[[[-82.14887,24.55165],[-82.14744,24.5524],[-82.14518,24.55251],[-82.14411,24.55132],[-82.1445,24.54986],[-82.14602,24.54894],[-82.14887,24.55067],[-82.14887,24.55165]]],[[[-82.16566,24.55659],[-82.16472,24.56043],[-82.16452,24.56339],[-82.16167,24.56598],[-82.15945,24.56635],[-82.15766,24.56689],[-82.15671,24.56613],[-82.15826,24.56418],[-82.1617,24.56289],[-82.16265,24.56116],[-82.16289,24.55727],[-82.16301,24.55381],[-82.16218,24.55197],[-82.16063,24.5511],[-82.15921,24.55208],[-82.15861,24.55337],[-82.15707,24.55348],[-82.15576,24.55143],[-82.15643,24.54911],[-82.15903,24.54793],[-82.16126,24.54866],[-82.16264,24.54971],[-82.16522,24.5528],[-82.16566,24.55659]]],[[[-82.22407,26.6029],[-82.21994,26.60707],[-82.21434,26.60294],[-82.20635,26.58363],[-82.19902,26.56095],[-82.19736,26.55351],[-82.19188,26.54362],[-82.1902,26.53772],[-82.18785,26.52352],[-82.17954,26.51246],[-82.17978,26.50599],[-82.17683,26.50051],[-82.17608,26.49757],[-82.1782,26.4943],[-82.17783,26.49222],[-82.17552,26.4919],[-82.17303,26.49359],[-82.17007,26.49345],[-82.1688,26.49234],[-82.1685,26.48774],[-82.16391,26.48561],[-82.16166,26.48665],[-82.16,26.48613],[-82.15974,26.48198],[-82.15418,26.48083],[-82.14937,26.47761],[-82.14007,26.47731],[-82.13247,26.47907],[-82.12843,26.47758],[-82.12005,26.47358],[-82.08842,26.45518],[-82.07692,26.46611],[-82.06664,26.46609],[-82.06255,26.47013],[-82.04081,26.45823],[-82.03621,26.45439],[-82.03217,26.45268],[-82.02053,26.45311],[-82.01561,26.45486],[-82.01371,26.45426],[-82.01391,26.45206],[-82.06311,26.42546],[-82.07501,26.42206],[-82.08291,26.42206],[-82.09812,26.42496],[-82.12667,26.43628],[-82.14872,26.45546],[-82.17292,26.46766],[-82.17702,26.47156],[-82.18072,26.47626],[-82.18644,26.48922],[-82.19884,26.54598],[-82.20167,26.55138],[-82.2014,26.55631],[-82.20532,26.56793],[-82.21367,26.57991],[-82.22089,26.58391],[-82.22444,26.59325],[-82.22407,26.6029]]],[[[-82.26248,26.68397],[-82.25844,26.68801],[-82.25726,26.69353],[-82.25583,26.70393],[-82.25345,26.70585],[-82.25013,26.70776],[-82.24608,26.70606],[-82.24561,26.70309],[-82.24252,26.69672],[-82.2449,26.69247],[-82.24537,26.68631],[-82.24276,26.68143],[-82.2342,26.67675],[-82.23539,26.67442],[-82.23753,26.66911],[-82.23848,26.66252],[-82.23491,26.6553],[-82.23325,26.64956],[-82.22826,26.64447],[-82.22778,26.63703],[-82.22374,26.62683],[-82.21875,26.62513],[-82.21851,26.62322],[-82.22089,26.61812],[-82.22113,26.61345],[-82.22313,26.61254],[-82.2239,26.61418],[-82.22792,26.62713],[-82.23147,26.63473],[-82.2361,26.63788],[-82.2446,26.65351],[-82.24828,26.66166],[-82.2544,26.66719],[-82.26248,26.6776],[-82.26248,26.68397]]],[[[-82.42055,27.84654],[-82.4146,27.84836],[-82.40605,27.84995],[-82.40522,27.84901],[-82.4056,27.84796],[-82.41703,27.84583],[-82.41813,27.8442],[-82.41988,27.84363],[-82.4214,27.8446],[-82.42055,27.84654]]],[[[-82.43746,27.86702],[-82.43545,27.8842],[-82.42462,27.8842],[-82.42445,27.88403],[-82.42428,27.86822],[-82.42978,27.86323],[-82.4348,27.86349],[-82.43742,27.86433],[-82.43746,27.86702]]],[[[-82.44098,27.83596],[-82.43858,27.8396],[-82.43122,27.83861],[-82.43222,27.82229],[-82.43861,27.8223],[-82.44169,27.82353],[-82.44098,27.83596]]],[[[-82.5764,27.63775],[-82.5727,27.63694],[-82.56933,27.63316],[-82.56918,27.63053],[-82.57361,27.63127],[-82.5767,27.63506],[-82.5764,27.63775]]],[[[-82.69547,27.66549],[-82.69391,27.66874],[-82.68789,27.66801],[-82.68555,27.66474],[-82.68722,27.66264],[-82.6912,27.66284],[-82.69506,27.66158],[-82.69547,27.66549]]],[[[-82.75733,28.80073],[-82.75115,28.80219],[-82.74212,28.80323],[-82.73404,28.79906],[-82.73048,28.7974],[-82.72382,28.79045],[-82.73143,28.78406],[-82.73433,28.77711],[-82.73671,28.77371],[-82.74117,28.77719],[-82.74748,28.78338],[-82.7464,28.79135],[-82.74925,28.7976],[-82.75615,28.79906],[-82.75733,28.80073]]],[[[-82.76424,27.59128],[-82.76348,27.59629],[-82.76337,27.60066],[-82.7631,27.60239],[-82.76255,27.60315],[-82.76149,27.60308],[-82.76046,27.60242],[-82.75885,27.60047],[-82.75865,27.59696],[-82.75919,27.59432],[-82.76035,27.58746],[-82.76064,27.58556],[-82.76006,27.58277],[-82.75898,27.57989],[-82.7567,27.57762],[-82.7561,27.57608],[-82.75757,27.57604],[-82.75893,27.57711],[-82.76332,27.58215],[-82.76418,27.58859],[-82.76424,27.59128]]],[[[-82.80072,28.17501],[-82.79948,28.17542],[-82.79832,28.17491],[-82.79843,28.17389],[-82.80012,28.17323],[-82.80103,28.174],[-82.80072,28.17501]]],[[[-82.80433,28.17731],[-82.80352,28.17791],[-82.80188,28.17741],[-82.80163,28.17655],[-82.80253,28.17592],[-82.80428,28.17641],[-82.80433,28.17731]]],[[[-82.80613,28.17406],[-82.80513,28.17453],[-82.80416,28.1741],[-82.8041,28.17309],[-82.80505,28.17257],[-82.80607,28.17305],[-82.80613,28.17406]]],[[[-82.84337,28.11954],[-82.8422,28.1254],[-82.83814,28.12939],[-82.83379,28.13026],[-82.83224,28.12906],[-82.83784,28.12404],[-82.83981,28.11933],[-82.83838,28.11346],[-82.83268,28.1099],[-82.8324,28.10672],[-82.84274,28.11123],[-82.84337,28.11954]]],[[[-82.85243,28.21017],[-82.8495,28.21335],[-82.84602,28.21326],[-82.84045,28.212],[-82.84104,28.20872],[-82.84284,28.20694],[-82.84606,28.20825],[-82.84761,28.20747],[-82.84844,28.20447],[-82.84493,28.19908],[-82.84439,28.19657],[-82.84577,28.19493],[-82.84306,28.19048],[-82.84422,28.18795],[-82.84705,28.18728],[-82.84702,28.18184],[-82.84434,28.17417],[-82.8404,28.16686],[-82.84265,28.16385],[-82.8466,28.16531],[-82.84987,28.17979],[-82.85243,28.21017]]],[[[-82.8752,24.62925],[-82.87312,24.63058],[-82.87076,24.6301],[-82.86765,24.62891],[-82.8633,24.62888],[-82.86289,24.6257],[-82.86349,24.62443],[-82.86414,24.62473],[-82.86439,24.62657],[-82.86825,24.6271],[-82.8723,24.62633],[-82.87366,24.62647],[-82.8752,24.62925]]],[[[-82.92429,24.63083],[-82.9218,24.63342],[-82.91934,24.63516],[-82.91762,24.63602],[-82.91672,24.63625],[-82.91741,24.63478],[-82.91862,24.63342],[-82.92075,24.63145],[-82.92252,24.62973],[-82.92362,24.6289],[-82.92611,24.62805],[-82.92429,24.63083]]],[[[-83.03447,29.12534],[-83.0328,29.12784],[-83.02781,29.127],[-83.02386,29.12403],[-83.02401,29.11932],[-83.02654,29.11788],[-83.03447,29.12181],[-83.03447,29.12534]]],[[[-83.03447,29.09959],[-83.03067,29.09897],[-83.02591,29.09627],[-83.02948,29.09378],[-83.03405,29.09555],[-83.03533,29.09631],[-83.03447,29.09959]]],[[[-83.07596,29.10163],[-83.06985,29.10278],[-83.0618,29.1025],[-83.05993,29.09966],[-83.06204,29.09731],[-83.06537,29.09565],[-83.07072,29.09661],[-83.07725,29.10022],[-83.07596,29.10163]]],[[[-83.09341,29.13178],[-83.08842,29.13489],[-83.08509,29.13219],[-83.0826,29.12892],[-83.08329,29.12454],[-83.08565,29.12019],[-83.09025,29.11872],[-83.08997,29.12275],[-83.09009,29.12638],[-83.09392,29.12852],[-83.09341,29.13178]]],[[[-83.83005,29.97302],[-83.82784,29.97281],[-83.82701,29.97106],[-83.82903,29.96983],[-83.83082,29.97106],[-83.83005,29.97302]]],[[[-84.67468,29.78623],[-84.67181,29.78656],[-84.66193,29.78172],[-84.65674,29.78175],[-84.64854,29.78371],[-84.64409,29.78967],[-84.64176,29.78958],[-84.63487,29.78804],[-84.62988,29.78866],[-84.62453,29.7901],[-84.61716,29.79567],[-84.61122,29.80041],[-84.60758,29.80517],[-84.60474,29.81029],[-84.60306,29.81165],[-84.59485,29.81478],[-84.59126,29.81588],[-84.58852,29.81506],[-84.58555,29.81681],[-84.58625,29.81959],[-84.5821,29.82293],[-84.58111,29.82438],[-84.58032,29.82691],[-84.57652,29.82784],[-84.57498,29.82887],[-84.57398,29.83057],[-84.57248,29.82846],[-84.57152,29.82417],[-84.57212,29.81866],[-84.57408,29.814],[-84.57941,29.80785],[-84.58282,29.80598],[-84.61027,29.79484],[-84.62374,29.7885],[-84.64485,29.78319],[-84.65923,29.77926],[-84.66791,29.7779],[-84.67207,29.77958],[-84.67392,29.78321],[-84.67468,29.78623]]],[[[-85.09717,29.62624],[-85.09488,29.62776],[-85.09172,29.62647],[-85.0896,29.62444],[-85.08395,29.61938],[-85.07828,29.61746],[-85.07391,29.61284],[-85.06902,29.60944],[-85.05239,29.60328],[-85.04877,29.60315],[-85.0385,29.59955],[-85.02705,29.59673],[-85.02086,29.59843],[-85.01574,29.59817],[-85.01433,29.59963],[-85.01468,29.60325],[-85.01338,29.60428],[-85.01136,29.60361],[-85.00793,29.60461],[-85.00274,29.60505],[-84.99792,29.60469],[-84.98756,29.60763],[-84.9815,29.60864],[-84.96912,29.61344],[-84.96311,29.61645],[-84.95911,29.61761],[-84.95585,29.62002],[-84.9484,29.6226],[-84.94304,29.62727],[-84.93259,29.63723],[-84.92805,29.63825],[-84.92647,29.64082],[-84.92584,29.64495],[-84.92404,29.64689],[-84.92033,29.64864],[-84.91318,29.64989],[-84.90723,29.64932],[-84.90381,29.64874],[-84.90117,29.65086],[-84.89865,29.65373],[-84.89334,29.65647],[-84.8899,29.65673],[-84.88586,29.65658],[-84.88339,29.66009],[-84.87949,29.66366],[-84.87292,29.66431],[-84.86785,29.66682],[-84.86764,29.67095],[-84.86312,29.6698],[-84.86143,29.67277],[-84.85306,29.67186],[-84.83463,29.67586],[-84.82339,29.67871],[-84.81308,29.68121],[-84.80828,29.68434],[-84.80293,29.68369],[-84.7976,29.68695],[-84.79524,29.68712],[-84.7905,29.68952],[-84.7901,29.69175],[-84.79385,29.69466],[-84.7978,29.69484],[-84.79859,29.69775],[-84.79859,29.70207],[-84.79464,29.70272],[-84.78971,29.69843],[-84.78695,29.69501],[-84.78221,29.69261],[-84.77728,29.69586],[-84.77905,29.70255],[-84.77721,29.7074],[-84.77247,29.70983],[-84.76702,29.71141],[-84.7612,29.71622],[-84.75577,29.72003],[-84.7511,29.72178],[-84.74572,29.72625],[-84.73987,29.72675],[-84.72577,29.73609],[-84.72396,29.73939],[-84.72347,29.74344],[-84.72064,29.74522],[-84.7167,29.74471],[-84.71107,29.75],[-84.70751,29.75409],[-84.7058,29.76059],[-84.70253,29.76395],[-84.70002,29.76421],[-84.69756,29.76773],[-84.69667,29.77071],[-84.69488,29.77091],[-84.69341,29.76886],[-84.69203,29.76492],[-84.69262,29.76304],[-84.69941,29.75815],[-84.71912,29.7391],[-84.74588,29.71638],[-84.76512,29.69972],[-84.77695,29.69219],[-84.79913,29.68156],[-84.82058,29.6739],[-84.82963,29.67217],[-84.85383,29.66472],[-84.87005,29.65872],[-84.88463,29.65225],[-84.93783,29.62344],[-84.95645,29.614],[-84.96085,29.61276],[-84.97998,29.60646],[-85.03622,29.58892],[-85.04507,29.58699],[-85.05057,29.59023],[-85.05604,29.59436],[-85.061,29.59854],[-85.06945,29.60528],[-85.08423,29.61516],[-85.09539,29.62117],[-85.09773,29.62403],[-85.09717,29.62624]]],[[[-85.22248,29.67934],[-85.22032,29.68014],[-85.21616,29.68074],[-85.2071,29.68044],[-85.20186,29.68258],[-85.18478,29.68271],[-85.16863,29.68241],[-85.15641,29.67963],[-85.13964,29.68379],[-85.1384,29.68513],[-85.13464,29.68657],[-85.12424,29.68764],[-85.12246,29.6887],[-85.11853,29.68829],[-85.11427,29.68866],[-85.10398,29.68632],[-85.10041,29.68469],[-85.0984,29.6855],[-85.0939,29.68484],[-85.09174,29.68237],[-85.08532,29.67993],[-85.08046,29.67491],[-85.07431,29.67398],[-85.07724,29.67086],[-85.08176,29.66524],[-85.08836,29.65563],[-85.09134,29.65046],[-85.09676,29.63306],[-85.10001,29.63182],[-85.12045,29.63002],[-85.13552,29.632],[-85.14101,29.63404],[-85.14589,29.6388],[-85.15183,29.64339],[-85.15676,29.64768],[-85.17531,29.659],[-85.18716,29.66569],[-85.20431,29.6727],[-85.21893,29.67621],[-85.22246,29.6778],[-85.22248,29.67934]]],[[[-85.0025,31.00068],[-85.0019,31.00068],[-85.00182,30.99789],[-85.00254,30.9869],[-85.00593,30.9798],[-85.00593,30.97704],[-85.00511,30.9747],[-85.00403,30.97347],[-84.99993,30.97119],[-84.99983,30.97149],[-84.99763,30.97119],[-84.98803,30.96879],[-84.98483,30.96749],[-84.98253,30.96559],[-84.98013,30.96129],[-84.97963,30.95899],[-84.97963,30.95469],[-84.98223,30.94689],[-84.98303,30.94259],[-84.98363,30.93699],[-84.98313,30.93479],[-84.98063,30.93269],[-84.97523,30.93079],[-84.97103,30.92819],[-84.96943,30.92199],[-84.96673,30.91729],[-84.95613,30.90759],[-84.95233,30.90229],[-84.94962,30.89739],[-84.94253,30.88849],[-84.93937,30.88716],[-84.9349,30.88453],[-84.93432,30.88189],[-84.93922,30.87489],[-84.93932,30.87149],[-84.93312,30.86589],[-84.93252,30.86319],[-84.93533,30.86129],[-84.93662,30.85899],[-84.93322,30.85149],[-84.92782,30.84789],[-84.92566,30.84268],[-84.92696,30.83919],[-84.93232,30.83809],[-84.93574,30.83396],[-84.93742,30.82089],[-84.93682,30.81849],[-84.93092,30.81049],[-84.92832,30.80509],[-84.92792,30.80279],[-84.92902,30.79729],[-84.92832,30.79309],[-84.92672,30.79019],[-84.91802,30.77809],[-84.91742,30.77589],[-84.91802,30.77209],[-84.92012,30.76599],[-84.91502,30.76119],[-84.91432,30.75359],[-84.91352,30.75229],[-84.91112,30.75119],[-84.90632,30.75059],[-84.90312,30.75179],[-84.90022,30.75189],[-84.89762,30.75139],[-84.89612,30.75059],[-84.88752,30.74179],[-84.88522,30.73499],[-84.88382,30.73259],[-84.87542,30.72749],[-84.86975,30.7219],[-84.86469,30.71154],[-84.83632,30.71071],[-84.64481,30.70199],[-84.60639,30.69986],[-84.60625,30.69987],[-84.53937,30.69677],[-84.53504,30.69652],[-84.47441,30.69279],[-84.3749,30.68979],[-84.28121,30.68526],[-84.2499,30.68415],[-84.12489,30.67805],[-84.1077,30.67682],[-84.05723,30.6747],[-84.0466,30.6742],[-84.04181,30.67388],[-84.03971,30.67382],[-84.00739,30.6721],[-83.88032,30.66581],[-83.88022,30.66583],[-83.85522,30.66441],[-83.82089,30.66261],[-83.81054,30.66188],[-83.67677,30.6549],[-83.67406,30.65475],[-83.61167,30.65125],[-83.49988,30.64567],[-83.44889,30.64241],[-83.44002,30.64202],[-83.42958,30.6415],[-83.42948,30.64152],[-83.39006,30.63933],[-83.37946,30.63868],[-83.34101,30.63635],[-83.31165,30.63458],[-83.30945,30.63442],[-83.18739,30.62722],[-83.17441,30.62644],[-83.16331,30.62589],[-83.15617,30.6255],[-83.13137,30.62358],[-82.87878,30.60908],[-82.87726,30.60902],[-82.6989,30.59827],[-82.69862,30.59823],[-82.68927,30.59772],[-82.56924,30.59097],[-82.56548,30.59062],[-82.55316,30.58993],[-82.54506,30.58936],[-82.53623,30.58889],[-82.5249,30.58819],[-82.45954,30.58427],[-82.37484,30.579],[-82.28734,30.57346],[-82.2581,30.57156],[-82.24984,30.57086],[-82.21484,30.56859],[-82.21438,30.56696],[-82.21731,30.56519],[-82.22283,30.56559],[-82.22826,30.56258],[-82.23262,30.55796],[-82.23443,30.55659],[-82.23444,30.549],[-82.23891,30.54543],[-82.2404,30.53777],[-82.23612,30.53115],[-82.23075,30.52676],[-82.2294,30.52082],[-82.23038,30.51734],[-82.22693,30.51028],[-82.22503,30.50783],[-82.21851,30.50419],[-82.21285,30.49875],[-82.20645,30.49188],[-82.20142,30.48516],[-82.20094,30.47444],[-82.20461,30.46887],[-82.20771,30.4605],[-82.20752,30.45693],[-82.20604,30.45551],[-82.20482,30.45184],[-82.20397,30.44451],[-82.20649,30.43708],[-82.20987,30.43282],[-82.21029,30.42459],[-82.20415,30.40133],[-82.19652,30.38932],[-82.19234,30.38457],[-82.19294,30.37878],[-82.18881,30.3766],[-82.18639,30.37736],[-82.18463,30.37717],[-82.1838,30.37371],[-82.18002,30.36863],[-82.17151,30.35987],[-82.17005,30.35893],[-82.16519,30.35804],[-82.16176,30.35785],[-82.15811,30.35991],[-82.14328,30.36339],[-82.11638,30.36734],[-82.10483,30.36832],[-82.1025,30.36782],[-82.10142,30.36656],[-82.1018,30.36534],[-82.09469,30.36078],[-82.08111,30.35881],[-82.06853,30.35918],[-82.06003,30.36033],[-82.05007,30.36234],[-82.04792,30.36326],[-82.04075,30.37016],[-82.03682,30.37788],[-82.03587,30.38529],[-82.04116,30.39684],[-82.04199,30.40327],[-82.04116,30.40997],[-82.03997,30.41428],[-82.034,30.42236],[-82.03446,30.42805],[-82.03721,30.43452],[-82.0362,30.43846],[-82.03006,30.44485],[-82.02821,30.4474],[-82.02546,30.45775],[-82.02373,30.46729],[-82.01778,30.47508],[-82.01698,30.47878],[-82.0173,30.48764],[-82.01822,30.49208],[-82.01589,30.4955],[-82.01477,30.51301],[-82.01583,30.51817],[-82.01699,30.51936],[-82.01887,30.52383],[-82.01836,30.53118],[-82.01322,30.55009],[-82.00548,30.56349],[-82.00809,30.57702],[-82.01211,30.59377],[-82.01571,30.6017],[-82.0165,30.60248],[-82.02694,30.60615],[-82.02734,30.60673],[-82.02654,30.6133],[-82.0285,30.62183],[-82.03393,30.6296],[-82.03761,30.63327],[-82.03994,30.63714],[-82.03909,30.64113],[-82.0396,30.64331],[-82.04227,30.64945],[-82.04611,30.65177],[-82.04951,30.65555],[-82.04884,30.66068],[-82.04718,30.6629],[-82.04699,30.66593],[-82.04847,30.66895],[-82.05043,30.67627],[-82.04354,30.68473],[-82.04142,30.69359],[-82.04301,30.69826],[-82.03643,30.70659],[-82.0368,30.71303],[-82.03854,30.71592],[-82.03756,30.71864],[-82.03915,30.72318],[-82.04004,30.72459],[-82.04446,30.72615],[-82.04479,30.72848],[-82.03942,30.73719],[-82.03963,30.74773],[-82.03866,30.75109],[-82.03677,30.75443],[-82.0348,30.75445],[-82.03188,30.75048],[-82.02714,30.75113],[-82.02373,30.75351],[-82.01884,30.75459],[-82.01886,30.75657],[-82.01392,30.7609],[-82.01138,30.7626],[-82.01516,30.77197],[-82.01845,30.77276],[-82.01796,30.77494],[-82.02327,30.78269],[-82.02376,30.78526],[-82.02197,30.78823],[-82.01875,30.788],[-82.01587,30.79159],[-82.01251,30.78933],[-82.00805,30.79205],[-82.00475,30.79139],[-81.99497,30.78607],[-81.9921,30.783],[-81.98342,30.77812],[-81.97772,30.77664],[-81.97344,30.77883],[-81.97083,30.78386],[-81.96995,30.78908],[-81.96662,30.79391],[-81.9629,30.79585],[-81.96172,30.80099],[-81.9645,30.80745],[-81.96244,30.80844],[-81.96274,30.81364],[-81.96393,30.8181],[-81.9557,30.82275],[-81.9495,30.82787],[-81.9437,30.82598],[-81.93879,30.82884],[-81.93698,30.82851],[-81.93621,30.82542],[-81.93281,30.82041],[-81.92705,30.81757],[-81.91873,30.81749],[-81.91092,30.81612],[-81.90453,30.81774],[-81.90409,30.82041],[-81.90672,30.82339],[-81.90727,30.82556],[-81.90482,30.82828],[-81.90144,30.82992],[-81.89485,30.82517],[-81.89291,30.82551],[-81.89102,30.82247],[-81.8915,30.81675],[-81.8891,30.81356],[-81.88482,30.81153],[-81.88149,30.79992],[-81.87619,30.7998],[-81.87035,30.79748],[-81.87041,30.79482],[-81.86826,30.79285],[-81.86374,30.79427],[-81.85351,30.79463],[-81.84564,30.79072],[-81.84118,30.79227],[-81.83969,30.7912],[-81.84177,30.78785],[-81.83924,30.7866],[-81.82849,30.78936],[-81.8237,30.78683],[-81.81921,30.78991],[-81.80745,30.79012],[-81.8024,30.7872],[-81.79845,30.78225],[-81.79675,30.78306],[-81.79661,30.78562],[-81.79442,30.787],[-81.79258,30.78548],[-81.78368,30.77288],[-81.7867,30.7698],[-81.78258,30.76607],[-81.78352,30.76246],[-81.78215,30.76134],[-81.77195,30.76381],[-81.77157,30.76516],[-81.77348,30.767],[-81.77247,30.77124],[-81.77036,30.77348],[-81.7713,30.77632],[-81.76964,30.77712],[-81.76172,30.7757],[-81.76047,30.77465],[-81.75853,30.77108],[-81.75488,30.7687],[-81.75004,30.76711],[-81.74404,30.7664],[-81.74075,30.76501],[-81.74039,30.7636],[-81.74214,30.76195],[-81.74274,30.76059],[-81.742,30.75907],[-81.73234,30.7553],[-81.73135,30.75401],[-81.73296,30.75202],[-81.73284,30.75049],[-81.7293,30.74826],[-81.72446,30.74655],[-81.71993,30.74463],[-81.70911,30.74798],[-81.70247,30.74544],[-81.69478,30.74841],[-81.69241,30.74764],[-81.69105,30.74328],[-81.68843,30.74148],[-81.68009,30.7416],[-81.67282,30.73894],[-81.67012,30.74023],[-81.66884,30.74251],[-81.66908,30.74499],[-81.67247,30.74844],[-81.67931,30.74475],[-81.68236,30.74548],[-81.6831,30.74849],[-81.67843,30.75107],[-81.66984,30.75167],[-81.66335,30.7544],[-81.66084,30.75319],[-81.65977,30.74944],[-81.66354,30.74573],[-81.66269,30.74304],[-81.65989,30.74218],[-81.65463,30.74439],[-81.65233,30.7431],[-81.6515,30.74068],[-81.65409,30.73309],[-81.65313,30.7298],[-81.64902,30.7275],[-81.64614,30.72759],[-81.64191,30.72892],[-81.63806,30.73337],[-81.63505,30.73328],[-81.63284,30.72876],[-81.63069,30.72809],[-81.62914,30.72873],[-81.62833,30.73539],[-81.62437,30.73634],[-81.62082,30.73162],[-81.62113,30.72883],[-81.62354,30.72468],[-81.62114,30.72254],[-81.61507,30.72269],[-81.61304,30.72045],[-81.61066,30.71622],[-81.60762,30.71637],[-81.60583,30.71969],[-81.60602,30.72622],[-81.60429,30.72894],[-81.60088,30.72944],[-81.59645,30.72725],[-81.59609,30.72462],[-81.59711,30.71933],[-81.59384,30.71848],[-81.58929,30.72284],[-81.58682,30.72374],[-81.57372,30.72234],[-81.57142,30.72164],[-81.56841,30.71898],[-81.5638,30.71775],[-81.56346,30.71342],[-81.56071,30.71169],[-81.55615,30.71375],[-81.55257,30.71697],[-81.5493,30.71829],[-81.5461,30.71703],[-81.54468,30.71397],[-81.5416,30.71006],[-81.53839,30.70866],[-81.53515,30.7097],[-81.53381,30.71205],[-81.53396,30.71473],[-81.53452,30.71794],[-81.53425,30.72097],[-81.53337,30.72343],[-81.53116,30.72422],[-81.52625,30.72339],[-81.52142,30.72254],[-81.51612,30.72224],[-81.50722,30.72294],[-81.48954,30.7261],[-81.48733,30.72608],[-81.48379,30.72389],[-81.47575,30.71475],[-81.4726,30.71331],[-81.46447,30.71104],[-81.45998,30.71043],[-81.44872,30.70935],[-81.44412,30.70971],[-81.43805,30.70504],[-81.43273,30.70302],[-81.42919,30.70072],[-81.42585,30.70045],[-81.4276,30.69228],[-81.42787,30.68369],[-81.42917,30.67081],[-81.43215,30.65477],[-81.43702,30.63135],[-81.44189,30.60139],[-81.44339,30.57049],[-81.44189,30.55273],[-81.43962,30.54157],[-81.43583,30.52607],[-81.43759,30.51869],[-81.4413,30.51746],[-81.44661,30.52306],[-81.45552,30.5226],[-81.45593,30.51338],[-81.4437,30.49879],[-81.43239,30.48722],[-81.41559,30.48476],[-81.4132,30.48291],[-81.4124,30.46821],[-81.41016,30.45347],[-81.40828,30.44066],[-81.40808,30.43464],[-81.41248,30.42289],[-81.40371,30.40909],[-81.40368,30.40477],[-81.41001,30.40352],[-81.41158,30.40218],[-81.41046,30.40051],[-81.40481,30.39721],[-81.403,30.39458],[-81.39473,30.3965],[-81.39347,30.39555],[-81.39757,30.37949],[-81.39805,30.3617],[-81.3962,30.33109],[-81.39192,30.30442],[-81.38829,30.29095],[-81.38449,30.27392],[-81.38092,30.25681],[-81.35559,30.16256],[-81.33083,30.05919],[-81.32501,30.03247],[-81.32191,30.02052],[-81.3169,30.00111],[-81.30898,29.96944],[-81.29969,29.93998],[-81.29527,29.92861],[-81.28896,29.91518],[-81.27737,29.90398],[-81.27511,29.89884],[-81.27509,29.89376],[-81.27291,29.88372],[-81.27053,29.8764],[-81.26999,29.87273],[-81.26659,29.8604],[-81.26556,29.85873],[-81.26535,29.85234],[-81.26494,29.84534],[-81.26353,29.83269],[-81.26223,29.82026],[-81.26058,29.80626],[-81.25828,29.79449],[-81.25605,29.78587],[-81.25388,29.77685],[-81.24037,29.73947],[-81.22902,29.71469],[-81.22668,29.71121],[-81.22623,29.70709],[-81.21156,29.66709],[-81.16358,29.55529],[-81.1239,29.47446],[-81.11522,29.45627],[-81.11121,29.44712],[-81.1016,29.42638],[-81.04668,29.30786],[-80.96618,29.14796],[-80.94438,29.11086],[-80.92994,29.09162],[-80.91788,29.07843],[-80.91222,29.07395],[-80.90959,29.07092],[-80.90727,29.06426],[-80.89309,29.03694],[-80.87799,29.01159],[-80.78702,28.87527],[-80.73986,28.80157],[-80.70973,28.75669],[-80.64729,28.67788],[-80.6434,28.67358],[-80.61679,28.63456],[-80.5953,28.60949],[-80.58388,28.59771],[-80.57424,28.58534],[-80.57032,28.57365],[-80.56736,28.56235],[-80.56414,28.54307],[-80.56097,28.53074],[-80.55418,28.51382],[-80.54573,28.49879],[-80.53611,28.47865],[-80.52509,28.45945],[-80.52522,28.45503],[-80.52673,28.45171],[-80.52896,28.4497],[-80.53585,28.44698],[-80.53924,28.44689],[-80.54228,28.44571],[-80.5576,28.43914],[-80.56378,28.4358],[-80.57281,28.42775],[-80.5781,28.42308],[-80.58275,28.41686],[-80.5847,28.41184],[-80.58903,28.40787],[-80.59415,28.39532],[-80.59751,28.38552],[-80.60202,28.36803],[-80.60428,28.35485],[-80.6062,28.33901],[-80.60679,28.32706],[-80.60668,28.31451],[-80.60682,28.2964],[-80.60342,28.25591],[-80.60334,28.25256],[-80.59815,28.22188],[-80.59416,28.19586],[-80.58997,28.17799],[-80.572,28.11159],[-80.567,28.09626],[-80.56337,28.08603],[-80.55785,28.07183],[-80.54767,28.04879],[-80.53096,28.01366],[-80.52425,28.0005],[-80.51403,27.9809],[-80.50887,27.97048],[-80.49283,27.94053],[-80.47391,27.9083],[-80.46698,27.89648],[-80.45777,27.87989],[-80.44697,27.86195],[-80.44718,27.85973],[-80.42834,27.82374],[-80.41599,27.7987],[-80.4037,27.77717],[-80.39538,27.76082],[-80.39149,27.75486],[-80.38441,27.74119],[-80.38051,27.73203],[-80.37878,27.72516],[-80.37196,27.70472],[-80.36463,27.68468],[-80.3617,27.67376],[-80.35905,27.66712],[-80.35793,27.66088],[-80.35507,27.65322],[-80.35142,27.63999],[-80.35098,27.63234],[-80.34809,27.62396],[-80.34392,27.61627],[-80.33578,27.60567],[-80.3323,27.59988],[-80.33088,27.59613],[-80.32488,27.56868],[-80.31939,27.54995],[-80.31171,27.52531],[-80.30059,27.5006],[-80.29776,27.49151],[-80.29633,27.48599],[-80.29323,27.47874],[-80.29074,27.47429],[-80.2912,27.47318],[-80.29601,27.4721],[-80.29658,27.47098],[-80.29574,27.46981],[-80.29139,27.47031],[-80.29075,27.46984],[-80.29062,27.46651],[-80.28048,27.44169],[-80.27839,27.43586],[-80.27708,27.4335],[-80.27021,27.41563],[-80.26146,27.39435],[-80.25366,27.37979],[-80.23354,27.34131],[-80.233,27.33851],[-80.23167,27.33494],[-80.22675,27.32274],[-80.2091,27.28323],[-80.20381,27.27231],[-80.19309,27.24955],[-80.16147,27.19281],[-80.15983,27.18839],[-80.16003,27.18677],[-80.15777,27.17922],[-80.15337,27.16931],[-80.15756,27.16313],[-80.15578,27.15853],[-80.15072,27.1473],[-80.14982,27.14356],[-80.14529,27.13219],[-80.14358,27.12573],[-80.14208,27.11979],[-80.1386,27.11152],[-80.13374,27.10186],[-80.12667,27.09013],[-80.11677,27.0724],[-80.11511,27.06663],[-80.11173,27.06053],[-80.09391,27.01859],[-80.08617,26.98707],[-80.08101,26.97416],[-80.07658,26.95893],[-80.07396,26.95164],[-80.07062,26.94462],[-80.07143,26.94288],[-80.06853,26.93313],[-80.06672,26.92481],[-80.06136,26.90756],[-80.0536,26.88378],[-80.04626,26.85924],[-80.03136,26.79634],[-80.03147,26.79273],[-80.03233,26.78723],[-80.03137,26.78373],[-80.03196,26.77364],[-80.03564,26.7738],[-80.03746,26.76634],[-80.03573,26.74929],[-80.03476,26.73654],[-80.03489,26.72793],[-80.03442,26.72115],[-80.03316,26.71481],[-80.0331,26.70085],[-80.03383,26.68973],[-80.03455,26.6864],[-80.03576,26.67604],[-80.03696,26.64604],[-80.03685,26.63436],[-80.03601,26.61322],[-80.03616,26.60259],[-80.03886,26.56935],[-80.04163,26.55445],[-80.04206,26.54545],[-80.0449,26.53796],[-80.05036,26.50955],[-80.05881,26.45543],[-80.05856,26.45309],[-80.05981,26.44451],[-80.06164,26.43298],[-80.06533,26.39308],[-80.06631,26.39172],[-80.06755,26.36902],[-80.07056,26.33646],[-80.07226,26.33536],[-80.07526,26.31866],[-80.07986,26.26436],[-80.08023,26.25873],[-80.08206,26.25778],[-80.08355,26.25652],[-80.08505,26.24882],[-80.08726,26.24127],[-80.0888,26.2322],[-80.08951,26.22196],[-80.09064,26.21595],[-80.09291,26.20512],[-80.09803,26.16644],[-80.10137,26.14776],[-80.10292,26.13512],[-80.10292,26.13057],[-80.1037,26.12192],[-80.10398,26.11177],[-80.10486,26.09526],[-80.10798,26.09217],[-80.10877,26.09009],[-80.10899,26.08726],[-80.10911,26.08101],[-80.11021,26.07257],[-80.1106,26.06828],[-80.11109,26.05843],[-80.11248,26.04745],[-80.1161,25.99813],[-80.11728,25.98658],[-80.11801,25.97316],[-80.11896,25.94591],[-80.1201,25.93504],[-80.12126,25.91774],[-80.12164,25.90489],[-80.12169,25.89795],[-80.12087,25.88315],[-80.11902,25.86586],[-80.11879,25.84566],[-80.11949,25.8277],[-80.12101,25.8132],[-80.12292,25.80508],[-80.1246,25.80035],[-80.12599,25.7934],[-80.1286,25.78207],[-80.13111,25.76976],[-80.13084,25.76436],[-80.13369,25.76244],[-80.1371,25.75657],[-80.13969,25.75551],[-80.14285,25.75099],[-80.14272,25.74654],[-80.14514,25.74155],[-80.14824,25.73882],[-80.15134,25.73796],[-80.15937,25.73301],[-80.15462,25.72884],[-80.15263,25.72863],[-80.14805,25.72585],[-80.1476,25.72347],[-80.14817,25.7191],[-80.15108,25.71293],[-80.15145,25.70904],[-80.15232,25.70532],[-80.15444,25.70231],[-80.15589,25.69852],[-80.1566,25.69115],[-80.15517,25.68229],[-80.15293,25.67158],[-80.15633,25.66615],[-80.158,25.66536],[-80.15943,25.66618],[-80.16263,25.67444],[-80.17018,25.68118],[-80.17731,25.6866],[-80.17532,25.69169],[-80.17235,25.69576],[-80.16687,25.70108],[-80.16786,25.7064],[-80.17252,25.70793],[-80.17243,25.70957],[-80.16177,25.71608],[-80.15426,25.72321],[-80.15801,25.72642],[-80.15761,25.72748],[-80.1621,25.73162],[-80.16595,25.73177],[-80.16711,25.73392],[-80.16627,25.73569],[-80.17512,25.74445],[-80.1789,25.74605],[-80.19962,25.74599],[-80.20263,25.74821],[-80.20852,25.7456],[-80.20983,25.74427],[-80.21067,25.74073],[-80.21436,25.7383],[-80.21772,25.73943],[-80.222,25.73665],[-80.22801,25.73339],[-80.2293,25.73402],[-80.22996,25.73345],[-80.22968,25.73262],[-80.23143,25.73155],[-80.23306,25.73168],[-80.23334,25.72976],[-80.23275,25.72905],[-80.23579,25.72604],[-80.23786,25.72723],[-80.24038,25.72421],[-80.24469,25.71788],[-80.24912,25.71338],[-80.24819,25.71003],[-80.24608,25.70752],[-80.24511,25.69842],[-80.24732,25.69758],[-80.24982,25.69019],[-80.25583,25.68062],[-80.25576,25.67789],[-80.2574,25.67778],[-80.26014,25.67452],[-80.26262,25.66924],[-80.26561,25.66173],[-80.26733,25.65898],[-80.26819,25.65449],[-80.26618,25.65273],[-80.26645,25.65217],[-80.2683,25.65175],[-80.26865,25.65052],[-80.2698,25.6478],[-80.27068,25.64755],[-80.2713,25.64455],[-80.272,25.63919],[-80.27583,25.63739],[-80.27828,25.63252],[-80.28632,25.62006],[-80.28821,25.6206],[-80.29827,25.62161],[-80.2988,25.61927],[-80.30008,25.61896],[-80.30151,25.61759],[-80.30337,25.61738],[-80.3054,25.61591],[-80.30668,25.61279],[-80.3072,25.60947],[-80.30844,25.60702],[-80.30885,25.60423],[-80.30823,25.60027],[-80.30854,25.59527],[-80.3077,25.59332],[-80.30811,25.59191],[-80.30775,25.58624],[-80.3051,25.57861],[-80.30261,25.57179],[-80.30267,25.5695],[-80.30676,25.56507],[-80.30779,25.561],[-80.30733,25.55795],[-80.30845,25.55589],[-80.31175,25.547],[-80.31344,25.53738],[-80.31435,25.53617],[-80.32459,25.53561],[-80.32875,25.53264],[-80.33042,25.53073],[-80.33149,25.52824],[-80.32994,25.5262],[-80.33146,25.52569],[-80.33182,25.52246],[-80.33084,25.51921],[-80.33103,25.51797],[-80.33355,25.51703],[-80.33582,25.50965],[-80.3335,25.5076],[-80.33394,25.50618],[-80.33268,25.50407],[-80.33977,25.50025],[-80.33899,25.49534],[-80.34054,25.49223],[-80.34047,25.48834],[-80.33961,25.48369],[-80.33957,25.48223],[-80.34027,25.48151],[-80.3403,25.4772],[-80.34052,25.47062],[-80.34003,25.46789],[-80.33859,25.46617],[-80.33643,25.46471],[-80.33437,25.46493],[-80.33408,25.46424],[-80.33488,25.46207],[-80.33722,25.45922],[-80.33694,25.45619],[-80.33389,25.45256],[-80.33064,25.45066],[-80.33091,25.44811],[-80.33052,25.44297],[-80.32906,25.44053],[-80.32606,25.43794],[-80.32044,25.43715],[-80.32156,25.43283],[-80.32533,25.43081],[-80.32637,25.42292],[-80.32609,25.41944],[-80.32822,25.4161],[-80.32725,25.4141],[-80.32564,25.41017],[-80.32928,25.40649],[-80.32746,25.40459],[-80.32792,25.39683],[-80.32632,25.39426],[-80.32356,25.39333],[-80.32044,25.39149],[-80.3198,25.38914],[-80.31673,25.38886],[-80.31267,25.38796],[-80.31036,25.38971],[-80.30844,25.39039],[-80.30542,25.38774],[-80.3068,25.38437],[-80.31036,25.3731],[-80.31194,25.36995],[-80.31378,25.36715],[-80.31827,25.36291],[-80.3204,25.36298],[-80.3228,25.36147],[-80.32399,25.3593],[-80.32633,25.35705],[-80.32992,25.34993],[-80.33095,25.34657],[-80.33553,25.34067],[-80.33887,25.33654],[-80.3426,25.33155],[-80.34323,25.3276],[-80.34228,25.32326],[-80.34303,25.32283],[-80.34508,25.32279],[-80.34931,25.32101],[-80.35053,25.32247],[-80.35108,25.32484],[-80.35164,25.32581],[-80.35436,25.32636],[-80.35545,25.32513],[-80.35731,25.32473],[-80.35873,25.32525],[-80.35981,25.32632],[-80.36086,25.32807],[-80.36309,25.3281],[-80.36513,25.32668],[-80.36539,25.32481],[-80.36741,25.32416],[-80.37064,25.32322],[-80.37188,25.32079],[-80.37054,25.31746],[-80.37148,25.31728],[-80.37344,25.31282],[-80.37367,25.30953],[-80.37586,25.30769],[-80.37629,25.30448],[-80.37706,25.30219],[-80.37589,25.29949],[-80.37378,25.29623],[-80.37447,25.29398],[-80.37411,25.2928],[-80.37206,25.29208],[-80.37126,25.2914],[-80.3723,25.28902],[-80.37245,25.2871],[-80.37649,25.28753],[-80.37969,25.28846],[-80.38291,25.29162],[-80.38588,25.29108],[-80.38849,25.2885],[-80.39099,25.2856],[-80.39491,25.28033],[-80.39812,25.27679],[-80.40002,25.27098],[-80.3999,25.2654],[-80.4005,25.2612],[-80.39943,25.25787],[-80.39741,25.25658],[-80.39788,25.25336],[-80.39705,25.24788],[-80.40002,25.24196],[-80.39978,25.23842],[-80.40822,25.23659],[-80.41357,25.23551],[-80.41464,25.23089],[-80.41309,25.22648],[-80.41333,25.22509],[-80.41476,25.22412],[-80.41808,25.21756],[-80.42046,25.21197],[-80.42082,25.20649],[-80.41666,25.19874],[-80.41297,25.19606],[-80.40727,25.19369],[-80.40454,25.19423],[-80.40168,25.19208],[-80.39741,25.19176],[-80.39337,25.19261],[-80.39146,25.19261],[-80.38968,25.19552],[-80.38944,25.19788],[-80.38659,25.19853],[-80.38445,25.19842],[-80.38053,25.20025],[-80.37839,25.19853],[-80.37625,25.19821],[-80.37447,25.19756],[-80.37257,25.19874],[-80.37221,25.20089],[-80.37257,25.20348],[-80.37352,25.2053],[-80.37185,25.20628],[-80.3696,25.20606],[-80.36722,25.20681],[-80.36473,25.20692],[-80.36211,25.20659],[-80.35712,25.20842],[-80.35284,25.20756],[-80.35165,25.20864],[-80.35201,25.21025],[-80.34928,25.21294],[-80.34761,25.2167],[-80.34675,25.21852],[-80.34535,25.21982],[-80.34512,25.22197],[-80.34274,25.22401],[-80.33977,25.22702],[-80.33597,25.2367],[-80.33442,25.24046],[-80.33501,25.24777],[-80.33276,25.25142],[-80.33216,25.26303],[-80.33335,25.26432],[-80.33371,25.26572],[-80.34024,25.26486],[-80.3425,25.26733],[-80.34143,25.26948],[-80.34119,25.27163],[-80.34286,25.27131],[-80.34369,25.27184],[-80.34322,25.27399],[-80.34417,25.27657],[-80.3469,25.27732],[-80.34821,25.27657],[-80.35011,25.27668],[-80.35177,25.27926],[-80.35355,25.27904],[-80.35569,25.27732],[-80.36033,25.27915],[-80.36116,25.28184],[-80.36306,25.28345],[-80.36651,25.28259],[-80.36591,25.28538],[-80.36372,25.28584],[-80.35663,25.2836],[-80.35331,25.28444],[-80.35089,25.28663],[-80.346,25.28703],[-80.34303,25.28868],[-80.34238,25.29053],[-80.33983,25.29085],[-80.33856,25.28999],[-80.33669,25.28722],[-80.33474,25.28704],[-80.33269,25.28534],[-80.32932,25.28596],[-80.32924,25.28676],[-80.32571,25.2881],[-80.31976,25.2918],[-80.3149,25.29625],[-80.30662,25.30061],[-80.3051,25.30308],[-80.30464,25.30532],[-80.29997,25.30749],[-80.29788,25.30907],[-80.29644,25.31194],[-80.29137,25.31428],[-80.29046,25.3152],[-80.28917,25.32391],[-80.28683,25.32492],[-80.28058,25.32873],[-80.27946,25.33138],[-80.27825,25.33393],[-80.27614,25.33798],[-80.27486,25.3421],[-80.27432,25.34565],[-80.27369,25.34715],[-80.27179,25.34844],[-80.26892,25.35053],[-80.26697,25.35206],[-80.2643,25.35242],[-80.26098,25.35188],[-80.25765,25.3507],[-80.25943,25.34919],[-80.2605,25.3464],[-80.25753,25.34286],[-80.2546,25.34174],[-80.25302,25.34049],[-80.25302,25.33835],[-80.25444,25.33695],[-80.25651,25.33296],[-80.25733,25.33123],[-80.25852,25.328],[-80.26,25.32485],[-80.26318,25.32274],[-80.26969,25.32028],[-80.27219,25.31669],[-80.27421,25.31411],[-80.27609,25.31305],[-80.27765,25.3103],[-80.27922,25.30521],[-80.27856,25.30319],[-80.27897,25.30039],[-80.28392,25.29038],[-80.28739,25.28409],[-80.29679,25.27204],[-80.30513,25.25922],[-80.30795,25.25603],[-80.3122,25.24818],[-80.31282,25.24665],[-80.31407,25.24496],[-80.31413,25.2425],[-80.31587,25.23892],[-80.31859,25.23598],[-80.32223,25.23398],[-80.32398,25.22972],[-80.326,25.22816],[-80.3274,25.22381],[-80.33038,25.22126],[-80.33042,25.21899],[-80.33169,25.2182],[-80.3346,25.2162],[-80.33465,25.21303],[-80.33711,25.20936],[-80.33754,25.20639],[-80.34074,25.20495],[-80.34248,25.20156],[-80.34244,25.19831],[-80.34352,25.19545],[-80.34486,25.19479],[-80.34636,25.19292],[-80.35142,25.1905],[-80.35274,25.1871],[-80.35305,25.18307],[-80.35629,25.17863],[-80.36045,25.17713],[-80.36306,25.17433],[-80.36734,25.16874],[-80.36663,25.16713],[-80.36437,25.16723],[-80.35843,25.16906],[-80.35367,25.17025],[-80.35028,25.17023],[-80.34985,25.16894],[-80.3518,25.16604],[-80.35264,25.1642],[-80.35436,25.16329],[-80.35567,25.15874],[-80.35818,25.15323],[-80.36288,25.15301],[-80.36514,25.15189],[-80.36952,25.14992],[-80.37005,25.1475],[-80.37126,25.14647],[-80.37128,25.14354],[-80.37309,25.14038],[-80.37144,25.13699],[-80.37447,25.13565],[-80.37627,25.133],[-80.37714,25.13034],[-80.3784,25.12927],[-80.38143,25.12803],[-80.38464,25.12413],[-80.38535,25.12132],[-80.38883,25.12089],[-80.39221,25.1168],[-80.39574,25.11408],[-80.39793,25.11068],[-80.39972,25.10849],[-80.39942,25.10701],[-80.40006,25.10603],[-80.4044,25.10624],[-80.40708,25.10435],[-80.41032,25.10287],[-80.41218,25.10328],[-80.41413,25.10258],[-80.41462,25.10078],[-80.41738,25.09886],[-80.41903,25.09945],[-80.41951,25.10236],[-80.42391,25.1044],[-80.42664,25.10236],[-80.43012,25.09779],[-80.42941,25.09619],[-80.43046,25.08971],[-80.43315,25.08897],[-80.43345,25.08693],[-80.43589,25.08441],[-80.43903,25.08032],[-80.44164,25.0781],[-80.44315,25.07619],[-80.4462,25.07508],[-80.44884,25.07338],[-80.45315,25.07202],[-80.46146,25.0701],[-80.46235,25.06869],[-80.46472,25.06748],[-80.47214,25.06153],[-80.47486,25.05773],[-80.47824,25.0545],[-80.48097,25.05025],[-80.48476,25.04571],[-80.48722,25.04387],[-80.49016,25.04115],[-80.49363,25.03883],[-80.49252,25.03564],[-80.48945,25.03297],[-80.48957,25.03002],[-80.49249,25.02734],[-80.49346,25.02469],[-80.49452,25.02305],[-80.49751,25.02075],[-80.49887,25.01904],[-80.50248,25.01771],[-80.50413,25.01673],[-80.50478,25.01599],[-80.50652,25.01444],[-80.5096,25.01435],[-80.51183,25.01066],[-80.51412,25.01028],[-80.51595,25.00793],[-80.51637,25.00379],[-80.51837,25.00196],[-80.52102,25.00252],[-80.52418,25.00162],[-80.53181,24.99825],[-80.53298,24.99535],[-80.53428,24.99312],[-80.5356,24.9916],[-80.53692,24.99135],[-80.53975,24.98804],[-80.54111,24.98504],[-80.54316,24.98268],[-80.54769,24.97891],[-80.55034,24.97366],[-80.55169,24.97153],[-80.55492,24.96896],[-80.55772,24.96636],[-80.5613,24.96477],[-80.56256,24.96206],[-80.56569,24.95916],[-80.56578,24.9571],[-80.56852,24.95642],[-80.56934,24.95477],[-80.57153,24.95373],[-80.57394,24.95376],[-80.57582,24.95237],[-80.57775,24.95253],[-80.58118,24.95179],[-80.58372,24.95074],[-80.58656,24.95069],[-80.59001,24.95006],[-80.59487,24.9478],[-80.59808,24.94743],[-80.60128,24.9439],[-80.6074,24.94049],[-80.61207,24.93632],[-80.61797,24.93129],[-80.61973,24.92859],[-80.62285,24.92676],[-80.62689,24.92248],[-80.62801,24.92066],[-80.63124,24.91708],[-80.63384,24.91428],[-80.63634,24.91228],[-80.64191,24.9084],[-80.64646,24.90519],[-80.65001,24.90292],[-80.65314,24.9011],[-80.65626,24.89858],[-80.6577,24.89735],[-80.66043,24.89846],[-80.66103,24.90022],[-80.66065,24.90398],[-80.65961,24.90501],[-80.65585,24.90647],[-80.65213,24.90727],[-80.64971,24.91353],[-80.64837,24.9142],[-80.64333,24.91284],[-80.63912,24.91578],[-80.63588,24.91993],[-80.63376,24.92195],[-80.63202,24.92433],[-80.6295,24.92491],[-80.62285,24.93148],[-80.62162,24.93362],[-80.62389,24.93991],[-80.62318,24.94671],[-80.6197,24.94674],[-80.61623,24.9431],[-80.61334,24.94417],[-80.61164,24.94781],[-80.61239,24.95176],[-80.61088,24.95275],[-80.60727,24.95084],[-80.60501,24.95084],[-80.60145,24.94859],[-80.59763,24.95034],[-80.59575,24.95397],[-80.5967,24.95602],[-80.60062,24.95958],[-80.60093,24.9628],[-80.59884,24.96615],[-80.59444,24.96792],[-80.58993,24.96572],[-80.5866,24.96173],[-80.58375,24.96302],[-80.58303,24.96421],[-80.58541,24.96615],[-80.5824,24.9671],[-80.58155,24.96526],[-80.57917,24.965],[-80.5781,24.96231],[-80.57642,24.96188],[-80.57416,24.96278],[-80.57262,24.9616],[-80.56942,24.96199],[-80.56924,24.96422],[-80.56655,24.96554],[-80.56384,24.96993],[-80.56102,24.96972],[-80.5584,24.97129],[-80.55591,24.97451],[-80.55661,24.97884],[-80.55263,24.98371],[-80.55092,24.98728],[-80.55284,24.98916],[-80.55136,24.99066],[-80.54931,24.9912],[-80.54908,24.99355],[-80.5494,24.99476],[-80.54745,24.99827],[-80.54477,24.99911],[-80.54287,25.00137],[-80.54287,25.00331],[-80.54348,25.00569],[-80.54338,25.00859],[-80.54476,25.01215],[-80.54383,25.01397],[-80.53998,25.0135],[-80.53565,25.01553],[-80.53087,25.01744],[-80.52686,25.01826],[-80.52409,25.01721],[-80.52112,25.01591],[-80.51589,25.01473],[-80.51327,25.01753],[-80.51339,25.01968],[-80.51387,25.02248],[-80.51304,25.0256],[-80.51393,25.02788],[-80.5126,25.02847],[-80.50972,25.02806],[-80.50773,25.02955],[-80.50594,25.03172],[-80.50427,25.03292],[-80.50495,25.03503],[-80.50342,25.03737],[-80.50187,25.03767],[-80.5008,25.03853],[-80.50134,25.0419],[-80.49674,25.04701],[-80.49099,25.05055],[-80.48889,25.0502],[-80.48671,25.05283],[-80.48378,25.05457],[-80.48082,25.05732],[-80.47926,25.06035],[-80.4772,25.06272],[-80.47429,25.0654],[-80.47251,25.06759],[-80.46966,25.0705],[-80.46669,25.07373],[-80.46348,25.07685],[-80.46105,25.07911],[-80.46087,25.0832],[-80.45992,25.08546],[-80.46027,25.08751],[-80.46122,25.08934],[-80.46336,25.09063],[-80.46556,25.09079],[-80.46574,25.0917],[-80.46158,25.093],[-80.4592,25.09289],[-80.45742,25.08955],[-80.45695,25.08761],[-80.45599,25.08632],[-80.45386,25.08718],[-80.45136,25.08848],[-80.44637,25.09246],[-80.4434,25.09536],[-80.44304,25.09784],[-80.44197,25.09902],[-80.43912,25.1015],[-80.4365,25.10559],[-80.4333,25.10785],[-80.43401,25.11151],[-80.43389,25.11387],[-80.43829,25.11678],[-80.43841,25.11925],[-80.44245,25.12227],[-80.4472,25.12313],[-80.44898,25.1256],[-80.45184,25.12689],[-80.45552,25.12818],[-80.45766,25.13087],[-80.46134,25.13249],[-80.46101,25.13415],[-80.45883,25.13509],[-80.45815,25.13849],[-80.45705,25.14162],[-80.45856,25.14391],[-80.46181,25.14979],[-80.46172,25.15195],[-80.46073,25.1535],[-80.4608,25.15596],[-80.46098,25.15797],[-80.46186,25.16011],[-80.46112,25.16178],[-80.4583,25.1662],[-80.45824,25.16774],[-80.45467,25.17308],[-80.45325,25.17457],[-80.45282,25.17664],[-80.45187,25.17858],[-80.45009,25.17972],[-80.44779,25.17896],[-80.44637,25.17993],[-80.44672,25.18186],[-80.44625,25.18261],[-80.44399,25.18294],[-80.44304,25.18498],[-80.44292,25.18928],[-80.44268,25.19165],[-80.44554,25.19143],[-80.44735,25.19184],[-80.44894,25.19563],[-80.44969,25.19802],[-80.45479,25.20037],[-80.45717,25.20321],[-80.45853,25.20597],[-80.46162,25.20635],[-80.46455,25.20907],[-80.4655,25.21176],[-80.46812,25.21165],[-80.47175,25.21025],[-80.47292,25.2117],[-80.47666,25.21335],[-80.47943,25.21376],[-80.48633,25.21104],[-80.48825,25.20743],[-80.49061,25.20823],[-80.4929,25.20763],[-80.49479,25.20793],[-80.49725,25.20941],[-80.49856,25.21149],[-80.50078,25.21157],[-80.50176,25.21038],[-80.50119,25.20845],[-80.49814,25.20756],[-80.49627,25.20526],[-80.49651,25.20348],[-80.49601,25.20043],[-80.49798,25.19993],[-80.50049,25.2027],[-80.50633,25.20795],[-80.50758,25.21117],[-80.50944,25.21255],[-80.51049,25.21639],[-80.51314,25.21728],[-80.51506,25.21982],[-80.51934,25.22261],[-80.52423,25.2219],[-80.52599,25.21864],[-80.52837,25.21756],[-80.52958,25.215],[-80.53639,25.21403],[-80.53922,25.21491],[-80.54142,25.21205],[-80.53871,25.2053],[-80.53909,25.20438],[-80.54025,25.20477],[-80.54239,25.20638],[-80.546,25.20604],[-80.54788,25.20684],[-80.54928,25.20853],[-80.54897,25.21064],[-80.54793,25.21238],[-80.54891,25.21445],[-80.55392,25.21423],[-80.55653,25.21208],[-80.55915,25.21186],[-80.5628,25.2123],[-80.56319,25.21109],[-80.56181,25.20944],[-80.56037,25.20591],[-80.55958,25.20452],[-80.55899,25.19965],[-80.56497,25.19665],[-80.56591,25.19482],[-80.56552,25.19294],[-80.56888,25.19325],[-80.57204,25.19696],[-80.57456,25.19779],[-80.5758,25.19878],[-80.57757,25.20122],[-80.5765,25.20412],[-80.57555,25.20294],[-80.57531,25.20068],[-80.57353,25.19885],[-80.57034,25.19869],[-80.56878,25.2013],[-80.56873,25.20358],[-80.56804,25.20389],[-80.56448,25.20381],[-80.56329,25.20568],[-80.56329,25.20738],[-80.56626,25.21083],[-80.56794,25.21176],[-80.57032,25.21046],[-80.57376,25.21003],[-80.57495,25.21057],[-80.57662,25.21186],[-80.57956,25.21209],[-80.58208,25.21068],[-80.58291,25.20842],[-80.58451,25.20728],[-80.58363,25.20606],[-80.58339,25.2038],[-80.58339,25.20111],[-80.58516,25.20108],[-80.58762,25.20069],[-80.59158,25.19925],[-80.59284,25.19723],[-80.59417,25.19466],[-80.59402,25.19147],[-80.59554,25.19017],[-80.59886,25.18929],[-80.60179,25.18795],[-80.60316,25.18774],[-80.60648,25.18646],[-80.60756,25.18516],[-80.60802,25.18415],[-80.60918,25.18369],[-80.60965,25.1854],[-80.60947,25.18608],[-80.60748,25.18773],[-80.60683,25.18803],[-80.60527,25.18834],[-80.60405,25.18876],[-80.60317,25.1902],[-80.60316,25.1912],[-80.60395,25.19326],[-80.60585,25.19541],[-80.60443,25.20003],[-80.60363,25.20192],[-80.60504,25.20352],[-80.60899,25.2032],[-80.60977,25.20036],[-80.61343,25.20147],[-80.61952,25.19767],[-80.62204,25.19975],[-80.62368,25.19821],[-80.62391,25.19584],[-80.62522,25.1953],[-80.62877,25.19815],[-80.63095,25.19763],[-80.63116,25.1952],[-80.63452,25.19407],[-80.63425,25.19283],[-80.63639,25.19261],[-80.63889,25.19068],[-80.64162,25.19089],[-80.64377,25.19161],[-80.64721,25.18971],[-80.64721,25.19122],[-80.64821,25.19292],[-80.65223,25.19279],[-80.65291,25.1895],[-80.65434,25.18702],[-80.65422,25.18509],[-80.65505,25.18455],[-80.65745,25.18539],[-80.66034,25.18488],[-80.66087,25.18208],[-80.66301,25.18014],[-80.66396,25.1767],[-80.66123,25.17498],[-80.65862,25.1753],[-80.6579,25.17788],[-80.65576,25.17616],[-80.65374,25.17627],[-80.6513,25.17519],[-80.64803,25.17618],[-80.64406,25.17727],[-80.64263,25.17795],[-80.63725,25.17826],[-80.63552,25.17804],[-80.63411,25.17646],[-80.63535,25.17639],[-80.63767,25.17654],[-80.64032,25.17699],[-80.6423,25.17586],[-80.64462,25.17526],[-80.64583,25.17413],[-80.64694,25.17279],[-80.64925,25.16865],[-80.65178,25.16212],[-80.65094,25.15744],[-80.65363,25.15669],[-80.65569,25.1548],[-80.65624,25.1525],[-80.656,25.15002],[-80.65172,25.14701],[-80.65256,25.14594],[-80.6566,25.14475],[-80.65723,25.14536],[-80.65716,25.14631],[-80.65761,25.14665],[-80.65821,25.14628],[-80.65846,25.14445],[-80.65799,25.14316],[-80.66191,25.14153],[-80.66884,25.14174],[-80.67145,25.14002],[-80.67371,25.1383],[-80.67502,25.14023],[-80.67442,25.1426],[-80.6724,25.14389],[-80.6705,25.14432],[-80.66881,25.14693],[-80.66646,25.14906],[-80.66171,25.15465],[-80.65826,25.1554],[-80.65565,25.15755],[-80.65493,25.1597],[-80.65351,25.16175],[-80.65326,25.16455],[-80.65588,25.16691],[-80.65768,25.16956],[-80.65967,25.16902],[-80.66221,25.16802],[-80.66682,25.16707],[-80.66858,25.16696],[-80.66975,25.16721],[-80.66796,25.1691],[-80.66766,25.17059],[-80.66837,25.17192],[-80.66939,25.17252],[-80.67098,25.17452],[-80.67233,25.17471],[-80.67361,25.17379],[-80.67364,25.17124],[-80.67421,25.17013],[-80.67409,25.16856],[-80.67275,25.16799],[-80.6726,25.16761],[-80.67499,25.1671],[-80.67675,25.16545],[-80.67777,25.16434],[-80.67945,25.16417],[-80.68029,25.16474],[-80.6799,25.16618],[-80.67762,25.16935],[-80.67726,25.17325],[-80.67828,25.1747],[-80.68136,25.1744],[-80.68396,25.17235],[-80.68809,25.16874],[-80.69166,25.16832],[-80.69403,25.16594],[-80.69593,25.1639],[-80.69807,25.16339],[-80.69831,25.16121],[-80.69748,25.15788],[-80.69783,25.15465],[-80.70068,25.15293],[-80.7031,25.15356],[-80.70488,25.15134],[-80.70569,25.14906],[-80.70479,25.14451],[-80.70424,25.14388],[-80.70362,25.14256],[-80.70416,25.14081],[-80.70614,25.14048],[-80.7073,25.14174],[-80.70829,25.14394],[-80.70834,25.14601],[-80.70879,25.14776],[-80.71009,25.14938],[-80.71069,25.15182],[-80.71368,25.15292],[-80.71534,25.15434],[-80.71786,25.15597],[-80.71992,25.15548],[-80.72266,25.15463],[-80.72509,25.15345],[-80.72666,25.15288],[-80.72693,25.15345],[-80.72616,25.15471],[-80.72603,25.15605],[-80.72239,25.15955],[-80.72307,25.16251],[-80.72457,25.16519],[-80.72719,25.16627],[-80.72908,25.1675],[-80.7323,25.16762],[-80.7318,25.16651],[-80.72993,25.16452],[-80.72946,25.16312],[-80.72975,25.16058],[-80.73029,25.15983],[-80.73443,25.1612],[-80.73634,25.15938],[-80.73753,25.15917],[-80.73878,25.16182],[-80.74191,25.16387],[-80.74587,25.16566],[-80.74752,25.16488],[-80.74799,25.16114],[-80.74742,25.15798],[-80.7443,25.15637],[-80.74418,25.15497],[-80.7411,25.15163],[-80.73807,25.15034],[-80.73562,25.15207],[-80.73148,25.15179],[-80.72874,25.15023],[-80.72364,25.14776],[-80.7216,25.14647],[-80.72274,25.14541],[-80.72614,25.1455],[-80.72873,25.14411],[-80.73285,25.14319],[-80.73717,25.14342],[-80.74231,25.14252],[-80.74775,25.14744],[-80.75161,25.15276],[-80.75428,25.15227],[-80.75571,25.15303],[-80.75463,25.15566],[-80.75428,25.15843],[-80.75735,25.16104],[-80.763,25.16258],[-80.76888,25.16227],[-80.77173,25.16104],[-80.77273,25.159],[-80.77253,25.15608],[-80.77102,25.15421],[-80.76902,25.15045],[-80.76878,25.1483],[-80.76949,25.14497],[-80.77147,25.14034],[-80.77463,25.13844],[-80.77682,25.13807],[-80.77806,25.13821],[-80.77697,25.13961],[-80.77481,25.14212],[-80.77296,25.14478],[-80.77204,25.14855],[-80.77333,25.15356],[-80.77559,25.15637],[-80.77636,25.16057],[-80.77924,25.16401],[-80.78315,25.16587],[-80.78744,25.16444],[-80.79017,25.16455],[-80.79363,25.16372],[-80.79724,25.15941],[-80.79905,25.1547],[-80.79889,25.15093],[-80.798,25.14668],[-80.80053,25.14298],[-80.80098,25.14482],[-80.80066,25.14829],[-80.80198,25.1526],[-80.80049,25.15855],[-80.79954,25.16311],[-80.79831,25.16496],[-80.7964,25.16903],[-80.79354,25.17642],[-80.7945,25.17987],[-80.79804,25.18184],[-80.80212,25.18221],[-80.80594,25.18418],[-80.80854,25.18443],[-80.81251,25.18357],[-80.81459,25.18271],[-80.8137,25.1779],[-80.8137,25.17593],[-80.81179,25.17469],[-80.81002,25.17235],[-80.80988,25.1689],[-80.81642,25.16496],[-80.82636,25.16064],[-80.82813,25.16558],[-80.8299,25.16866],[-80.83317,25.1726],[-80.83889,25.17593],[-80.84855,25.17765],[-80.85817,25.17658],[-80.86815,25.17595],[-80.87546,25.17432],[-80.88047,25.17142],[-80.88339,25.16695],[-80.88552,25.16524],[-80.88807,25.16644],[-80.89465,25.16543],[-80.90007,25.16203],[-80.90162,25.1538],[-80.89891,25.14765],[-80.90058,25.13967],[-80.91592,25.1413],[-80.94322,25.13444],[-80.94554,25.12844],[-80.94918,25.13023],[-80.94982,25.13444],[-80.95743,25.1357],[-80.96166,25.13434],[-80.9643,25.13217],[-80.96667,25.13403],[-80.97177,25.13396],[-80.99918,25.12422],[-81.0096,25.1254],[-81.02299,25.12939],[-81.05051,25.12827],[-81.06608,25.12429],[-81.07986,25.1188],[-81.08393,25.11619],[-81.08793,25.11617],[-81.09067,25.11791],[-81.09452,25.12705],[-81.09726,25.13127],[-81.10345,25.13705],[-81.11194,25.14547],[-81.12062,25.1523],[-81.12739,25.15539],[-81.13357,25.1563],[-81.14099,25.15719],[-81.14102,25.16387],[-81.14228,25.183],[-81.14902,25.19771],[-81.15548,25.2081],[-81.16185,25.21473],[-81.17204,25.22228],[-81.17091,25.24586],[-81.16831,25.25318],[-81.16711,25.26997],[-81.16421,25.27424],[-81.16162,25.27535],[-81.1612,25.28088],[-81.16276,25.28481],[-81.16207,25.28983],[-81.15929,25.29859],[-81.1523,25.30554],[-81.14892,25.31807],[-81.15192,25.32477],[-81.1481,25.33279],[-81.1401,25.34112],[-81.13391,25.343],[-81.12141,25.33875],[-81.11821,25.34522],[-81.11727,25.35495],[-81.11916,25.35926],[-81.12514,25.36121],[-81.12516,25.36394],[-81.12253,25.36693],[-81.12445,25.37131],[-81.12186,25.37568],[-81.12305,25.37912],[-81.12849,25.38051],[-81.1414,25.38136],[-81.14687,25.38361],[-81.15051,25.38725],[-81.15066,25.39921],[-81.14714,25.4043],[-81.14677,25.40758],[-81.1497,25.40919],[-81.15048,25.41346],[-81.14986,25.41613],[-81.15183,25.42157],[-81.15751,25.42657],[-81.15715,25.43449],[-81.16254,25.44115],[-81.16711,25.45088],[-81.16865,25.46385],[-81.16797,25.46949],[-81.18023,25.47525],[-81.18898,25.48073],[-81.20971,25.50649],[-81.21015,25.51689],[-81.20318,25.53416],[-81.20439,25.53891],[-81.20932,25.54861],[-81.21408,25.54993],[-81.22004,25.55367],[-81.22556,25.55847],[-81.22844,25.56454],[-81.23358,25.56891],[-81.2327,25.57337],[-81.23904,25.57973],[-81.24022,25.58316],[-81.24284,25.59238],[-81.24052,25.59904],[-81.24171,25.60652],[-81.25116,25.60846],[-81.27149,25.61434],[-81.27527,25.62472],[-81.27332,25.6385],[-81.27421,25.63995],[-81.28301,25.64489],[-81.28372,25.65367],[-81.2899,25.65432],[-81.28942,25.65796],[-81.28942,25.66374],[-81.28491,25.66888],[-81.29185,25.67248],[-81.28752,25.67938],[-81.29033,25.68751],[-81.30326,25.69373],[-81.3119,25.70291],[-81.31818,25.70551],[-81.3303,25.71065],[-81.33504,25.71565],[-81.34608,25.72147],[-81.35525,25.72873],[-81.36049,25.73699],[-81.36016,25.74179],[-81.37,25.74341],[-81.38188,25.74919],[-81.37945,25.75715],[-81.38058,25.76672],[-81.38141,25.77552],[-81.38381,25.77675],[-81.38901,25.7813],[-81.39519,25.77916],[-81.41504,25.78435],[-81.42399,25.79372],[-81.4356,25.79606],[-81.44137,25.79923],[-81.45789,25.79775],[-81.47023,25.80333],[-81.46398,25.81129],[-81.46812,25.81515],[-81.47648,25.81725],[-81.47945,25.8213],[-81.48954,25.82212],[-81.4913,25.82478],[-81.49304,25.83088],[-81.49962,25.8348],[-81.50517,25.83615],[-81.51153,25.8323],[-81.51498,25.83864],[-81.52283,25.84099],[-81.53001,25.83861],[-81.52782,25.84998],[-81.53423,25.85661],[-81.54236,25.85255],[-81.54789,25.84961],[-81.55254,25.85832],[-81.56133,25.86174],[-81.56439,25.85621],[-81.56937,25.85942],[-81.57274,25.86559],[-81.57912,25.86485],[-81.58134,25.87082],[-81.58248,25.87671],[-81.58782,25.87938],[-81.59304,25.88334],[-81.60497,25.89208],[-81.61772,25.89128],[-81.62262,25.89066],[-81.63587,25.89858],[-81.6374,25.90171],[-81.63858,25.90543],[-81.64235,25.90543],[-81.65422,25.89595],[-81.66034,25.89013],[-81.66478,25.88561],[-81.67209,25.88184],[-81.67518,25.8765],[-81.6709,25.87179],[-81.66961,25.86636],[-81.67263,25.85665],[-81.67751,25.85036],[-81.67829,25.8453],[-81.68059,25.84527],[-81.6848,25.8472],[-81.68954,25.85271],[-81.71317,25.89757],[-81.71769,25.90204],[-81.71796,25.90793],[-81.72271,25.90879],[-81.72857,25.90816],[-81.72949,25.90941],[-81.72934,25.91845],[-81.73195,25.93151],[-81.73462,25.93613],[-81.73886,25.9411],[-81.7455,25.94623],[-81.75314,25.95111],[-81.75551,25.95731],[-81.7529,25.96115],[-81.74458,25.97013],[-81.73816,25.97184],[-81.73959,25.97568],[-81.74506,25.97889],[-81.74723,25.98407],[-81.74917,25.99164],[-81.75259,25.99343],[-81.75786,25.99872],[-81.76244,26.00607],[-81.77316,26.03302],[-81.78496,26.05401],[-81.80175,26.09141],[-81.80883,26.15225],[-81.81461,26.17317],[-81.81681,26.20717],[-81.82067,26.23673],[-81.83314,26.29452],[-81.84455,26.32771],[-81.85498,26.35051],[-81.86313,26.36425],[-81.8629,26.36597],[-81.86898,26.37865],[-81.87652,26.38698],[-81.88427,26.39396],[-81.88557,26.39773],[-81.88267,26.40063],[-81.88251,26.40265],[-81.88456,26.40366],[-81.8939,26.40363],[-81.90172,26.41111],[-81.90301,26.41707],[-81.90655,26.42287],[-81.91284,26.42939],[-81.92361,26.43666],[-81.93841,26.44506],[-81.95616,26.45259],[-81.96393,26.45722],[-81.96742,26.46085],[-81.96928,26.46389],[-81.96894,26.46484],[-81.96685,26.46551],[-81.96563,26.4648],[-81.96439,26.46207],[-81.9614,26.45955],[-81.95591,26.4575],[-81.95484,26.45875],[-81.95662,26.46705],[-81.96951,26.4765],[-81.98071,26.48096],[-81.99701,26.48486],[-82.00896,26.48405],[-82.01272,26.48688],[-82.01082,26.4936],[-82.00725,26.49714],[-82.00834,26.50211],[-82.00758,26.5063],[-82.01012,26.51292],[-82.00905,26.52007],[-81.99831,26.52638],[-81.99812,26.53272],[-82.0059,26.53441],[-82.0153,26.52884],[-82.02552,26.53033],[-82.03872,26.52565],[-82.03998,26.52695],[-82.03851,26.52923],[-82.03942,26.53224],[-82.04311,26.53267],[-82.044,26.53445],[-82.0427,26.53637],[-82.04471,26.53983],[-82.05119,26.54224],[-82.05471,26.54805],[-82.05808,26.5484],[-82.06925,26.53543],[-82.07163,26.52565],[-82.06854,26.51353],[-82.06331,26.50289],[-82.05689,26.49715],[-82.05689,26.49375],[-82.07175,26.49255],[-82.08589,26.48949],[-82.09611,26.48393],[-82.10567,26.48393],[-82.1065,26.49139],[-82.10271,26.49969],[-82.10062,26.51076],[-82.10915,26.51523],[-82.10704,26.51821],[-82.10205,26.51948],[-82.10467,26.52352],[-82.11203,26.52756],[-82.1137,26.53224],[-82.11393,26.54075],[-82.12249,26.55499],[-82.12511,26.56818],[-82.12439,26.58242],[-82.12161,26.58527],[-82.1235,26.58963],[-82.12657,26.59036],[-82.13201,26.61021],[-82.13865,26.6126],[-82.1446,26.6228],[-82.14769,26.63448],[-82.14436,26.63894],[-82.14255,26.64391],[-82.14994,26.65412],[-82.16603,26.6693],[-82.16931,26.67654],[-82.17288,26.67866],[-82.17573,26.67845],[-82.18157,26.68171],[-82.18381,26.6878],[-82.18358,26.69502],[-82.1812,26.6982],[-82.17383,26.70563],[-82.15814,26.70733],[-82.15167,26.70414],[-82.13902,26.70299],[-82.12579,26.69954],[-82.1189,26.69091],[-82.1118,26.68164],[-82.10625,26.66734],[-82.10362,26.66543],[-82.10395,26.65424],[-82.09896,26.64595],[-82.08779,26.64723],[-82.08209,26.6536],[-82.09135,26.66677],[-82.0867,26.68516],[-82.08497,26.70241],[-82.0798,26.71678],[-82.06658,26.74266],[-82.05975,26.77091],[-82.0563,26.7758],[-82.0558,26.78649],[-82.051,26.79186],[-82.05097,26.79902],[-82.04922,26.81437],[-82.05456,26.83297],[-82.05148,26.84672],[-82.05111,26.86495],[-82.06028,26.88037],[-82.06562,26.88345],[-82.08666,26.88854],[-82.0931,26.89668],[-82.09551,26.9093],[-82.09711,26.91451],[-82.09231,26.92306],[-82.08684,26.92772],[-82.08325,26.92779],[-82.07876,26.92602],[-82.06772,26.92779],[-82.06198,26.93124],[-82.05523,26.93577],[-82.0538,26.9398],[-82.06093,26.94997],[-82.06616,26.95442],[-82.07884,26.95914],[-82.08738,26.95899],[-82.09536,26.95386],[-82.09938,26.95337],[-82.10157,26.95921],[-82.11343,26.96215],[-82.11418,26.96465],[-82.11784,26.96514],[-82.11956,26.96316],[-82.1181,26.96106],[-82.11845,26.95823],[-82.11548,26.95113],[-82.12465,26.94562],[-82.12654,26.93979],[-82.13316,26.93369],[-82.13557,26.92895],[-82.14143,26.92393],[-82.1543,26.92487],[-82.15888,26.92982],[-82.16656,26.93425],[-82.16789,26.93832],[-82.17407,26.94171],[-82.1831,26.93577],[-82.1812,26.92136],[-82.1705,26.89911],[-82.15339,26.85395],[-82.14507,26.78883],[-82.14626,26.78289],[-82.15109,26.78348],[-82.16171,26.77844],[-82.17217,26.76995],[-82.18548,26.77004],[-82.19071,26.7725],[-82.19712,26.77292],[-82.20211,26.77016],[-82.2033,26.76571],[-82.20544,26.76443],[-82.21,26.76808],[-82.22065,26.76655],[-82.23064,26.77101],[-82.23872,26.76783],[-82.24989,26.76295],[-82.25321,26.75403],[-82.2544,26.74554],[-82.25975,26.72803],[-82.2588,26.71848],[-82.26194,26.71709],[-82.26427,26.72016],[-82.2638,26.72564],[-82.26468,26.75684],[-82.2695,26.78467],[-82.27425,26.79354],[-82.28268,26.80421],[-82.28436,26.8093],[-82.28226,26.81096],[-82.28253,26.81599],[-82.28958,26.82664],[-82.30174,26.84159],[-82.32578,26.87747],[-82.33455,26.88435],[-82.34247,26.89468],[-82.35165,26.90838],[-82.37101,26.93865],[-82.37705,26.94923],[-82.38161,26.95769],[-82.3928,26.97271],[-82.40062,26.98494],[-82.40955,27.00451],[-82.41922,27.02074],[-82.44572,27.06063],[-82.45633,27.08732],[-82.46032,27.09993],[-82.46532,27.11073],[-82.46889,27.11361],[-82.47702,27.14123],[-82.48667,27.15866],[-82.49284,27.16839],[-82.49993,27.18056],[-82.50284,27.18973],[-82.51108,27.20758],[-82.51422,27.21191],[-82.52203,27.22837],[-82.52829,27.23737],[-82.53313,27.24127],[-82.53623,27.2454],[-82.53646,27.24876],[-82.53972,27.25433],[-82.54512,27.26103],[-82.55767,27.26737],[-82.56399,27.26986],[-82.56889,27.27558],[-82.56975,27.27945],[-82.56458,27.28475],[-82.56172,27.28919],[-82.56006,27.2951],[-82.566,27.29721],[-82.56925,27.29859],[-82.57602,27.30932],[-82.58353,27.31759],[-82.58675,27.31961],[-82.58837,27.32444],[-82.59037,27.32836],[-82.59763,27.33575],[-82.62386,27.36221],[-82.63754,27.37998],[-82.64282,27.38972],[-82.66108,27.4126],[-82.67512,27.42432],[-82.69007,27.43442],[-82.69182,27.43722],[-82.691,27.44433],[-82.70782,27.48762],[-82.71452,27.50042],[-82.72452,27.51361],[-82.74302,27.53109],[-82.74575,27.53883],[-82.74244,27.53936],[-82.73486,27.53484],[-82.72091,27.52807],[-82.71916,27.52611],[-82.71671,27.52637],[-82.70804,27.52311],[-82.70962,27.51335],[-82.71158,27.50894],[-82.71062,27.50172],[-82.70682,27.49842],[-82.69042,27.49641],[-82.68613,27.49813],[-82.68692,27.50802],[-82.68362,27.51311],[-82.67462,27.51961],[-82.66202,27.52281],[-82.65562,27.52126],[-82.64848,27.52235],[-82.64135,27.52551],[-82.64667,27.53183],[-82.64601,27.53354],[-82.63493,27.53921],[-82.63205,27.55191],[-82.62672,27.55889],[-82.61202,27.57123],[-82.613,27.58284],[-82.61172,27.58528],[-82.60173,27.58989],[-82.59649,27.59405],[-82.58763,27.59413],[-82.58463,27.59602],[-82.58145,27.59631],[-82.57745,27.59956],[-82.57854,27.60208],[-82.57774,27.60539],[-82.57251,27.60713],[-82.57061,27.60888],[-82.56567,27.61571],[-82.56445,27.62178],[-82.566,27.62453],[-82.56372,27.63144],[-82.56291,27.638],[-82.55854,27.63868],[-82.53715,27.67293],[-82.52858,27.68451],[-82.52417,27.68874],[-82.51704,27.698],[-82.517,27.70168],[-82.51426,27.70559],[-82.49489,27.71896],[-82.48245,27.71989],[-82.47947,27.72216],[-82.47846,27.72191],[-82.47671,27.72369],[-82.47709,27.72514],[-82.47808,27.72575],[-82.4762,27.7288],[-82.47713,27.73522],[-82.47924,27.74012],[-82.48142,27.74337],[-82.47834,27.74625],[-82.47048,27.74864],[-82.46813,27.74784],[-82.46708,27.74887],[-82.46324,27.75069],[-82.46196,27.74811],[-82.46139,27.74739],[-82.46039,27.74761],[-82.45754,27.75257],[-82.45523,27.75376],[-82.45263,27.75359],[-82.45164,27.75526],[-82.44772,27.75655],[-82.44524,27.75818],[-82.44264,27.75754],[-82.43238,27.76632],[-82.43276,27.76847],[-82.42953,27.77144],[-82.42874,27.77311],[-82.42851,27.7746],[-82.43022,27.77487],[-82.43219,27.77306],[-82.43575,27.77541],[-82.41924,27.79239],[-82.41405,27.79248],[-82.41182,27.79398],[-82.41211,27.80208],[-82.41188,27.80591],[-82.41049,27.81073],[-82.40291,27.81211],[-82.39851,27.81422],[-82.39369,27.81413],[-82.39198,27.8172],[-82.38585,27.81965],[-82.38687,27.82398],[-82.3919,27.82386],[-82.39468,27.83301],[-82.39338,27.83752],[-82.39473,27.84219],[-82.39328,27.84361],[-82.39215,27.84551],[-82.3924,27.84605],[-82.39441,27.8458],[-82.39648,27.84499],[-82.39693,27.84551],[-82.39746,27.85163],[-82.39783,27.85384],[-82.40233,27.85396],[-82.40438,27.85782],[-82.40129,27.86076],[-82.4033,27.87401],[-82.40158,27.87636],[-82.40261,27.8826],[-82.41532,27.90038],[-82.42973,27.90032],[-82.4329,27.89885],[-82.44243,27.91528],[-82.44461,27.91564],[-82.44624,27.91238],[-82.44559,27.90996],[-82.44902,27.90712],[-82.45159,27.90751],[-82.45373,27.90855],[-82.46053,27.90844],[-82.4618,27.90972],[-82.46227,27.92016],[-82.46025,27.93705],[-82.46189,27.9386],[-82.46641,27.93617],[-82.46761,27.93324],[-82.47313,27.93202],[-82.49042,27.91981],[-82.49172,27.91471],[-82.48812,27.89527],[-82.48074,27.8893],[-82.48207,27.87873],[-82.48426,27.87782],[-82.48728,27.87441],[-82.48936,27.86906],[-82.48847,27.86318],[-82.48014,27.85325],[-82.47162,27.84734],[-82.46884,27.8433],[-82.47244,27.82256],[-82.47527,27.82099],[-82.48985,27.82261],[-82.51119,27.82802],[-82.52852,27.83663],[-82.53389,27.83292],[-82.53751,27.83565],[-82.53734,27.8367],[-82.5346,27.83994],[-82.53516,27.84083],[-82.53668,27.84079],[-82.54209,27.84568],[-82.54653,27.84914],[-82.54782,27.85145],[-82.54995,27.85181],[-82.553,27.84739],[-82.55457,27.84796],[-82.55466,27.85029],[-82.55182,27.85651],[-82.55292,27.8627],[-82.53862,27.8649],[-82.53162,27.87171],[-82.52992,27.8775],[-82.53183,27.87916],[-82.53136,27.88282],[-82.52995,27.8851],[-82.53093,27.88621],[-82.53887,27.88555],[-82.53937,27.88447],[-82.54154,27.88439],[-82.54089,27.8895],[-82.54235,27.89051],[-82.54203,27.89358],[-82.53479,27.89361],[-82.53205,27.89599],[-82.5319,27.89823],[-82.53527,27.89866],[-82.5359,27.9008],[-82.53549,27.90321],[-82.53132,27.9039],[-82.53078,27.90503],[-82.53155,27.90699],[-82.532,27.91595],[-82.53482,27.9166],[-82.53537,27.91815],[-82.53418,27.91874],[-82.53414,27.91991],[-82.53522,27.92077],[-82.53514,27.92203],[-82.53345,27.92307],[-82.53332,27.92484],[-82.53087,27.92642],[-82.53084,27.92825],[-82.53344,27.92966],[-82.53372,27.933],[-82.53331,27.93469],[-82.53164,27.93641],[-82.53338,27.93854],[-82.53667,27.93851],[-82.53826,27.94066],[-82.54392,27.9406],[-82.54474,27.94366],[-82.54045,27.94704],[-82.54122,27.949],[-82.5456,27.9503],[-82.54566,27.95228],[-82.54372,27.95298],[-82.54421,27.95617],[-82.55392,27.967],[-82.56551,27.96708],[-82.56885,27.96136],[-82.57337,27.96304],[-82.57028,27.97039],[-82.56629,27.97246],[-82.56863,27.97553],[-82.57284,27.97496],[-82.58359,27.979],[-82.59644,27.97985],[-82.60242,27.9823],[-82.61132,27.98835],[-82.61157,27.99031],[-82.61442,27.99046],[-82.62061,27.99554],[-82.62259,28.00014],[-82.62763,28.00142],[-82.63081,28.00265],[-82.6365,28.00588],[-82.6394,28.00983],[-82.64047,28.0168],[-82.64691,28.01717],[-82.64865,28.0182],[-82.65513,28.01677],[-82.65745,28.01369],[-82.65727,28.01027],[-82.65489,28.00943],[-82.65727,28.00271],[-82.65788,28.00017],[-82.66164,28.00065],[-82.66356,27.99987],[-82.66497,28.00133],[-82.6637,28.00554],[-82.66412,28.00934],[-82.66765,28.01635],[-82.66583,28.01908],[-82.66511,28.02496],[-82.66535,28.0281],[-82.66963,28.03041],[-82.677,28.03293],[-82.68056,28.03146],[-82.68674,28.0302],[-82.69007,28.02747],[-82.68511,28.02067],[-82.68294,28.01404],[-82.67676,28.00922],[-82.67557,28.00544],[-82.68454,27.99383],[-82.68767,27.98953],[-82.69268,27.98382],[-82.69408,27.97757],[-82.69369,27.97607],[-82.68964,27.97487],[-82.68865,27.97299],[-82.69161,27.97104],[-82.69612,27.96332],[-82.70013,27.96031],[-82.70647,27.96053],[-82.71061,27.95703],[-82.71652,27.9584],[-82.7218,27.95461],[-82.72381,27.95133],[-82.72488,27.94575],[-82.72148,27.94574],[-82.72131,27.94399],[-82.72005,27.94099],[-82.72485,27.93836],[-82.72585,27.93622],[-82.72061,27.93616],[-82.70296,27.92394],[-82.69768,27.92294],[-82.69322,27.92266],[-82.69154,27.92526],[-82.6889,27.9244],[-82.68827,27.9191],[-82.68429,27.91583],[-82.67675,27.91381],[-82.6668,27.91241],[-82.66129,27.90991],[-82.65149,27.90652],[-82.6475,27.90588],[-82.64546,27.91013],[-82.64429,27.91014],[-82.63842,27.90463],[-82.63715,27.90446],[-82.63148,27.90835],[-82.62965,27.90696],[-82.63413,27.90342],[-82.63817,27.89808],[-82.63826,27.8929],[-82.63212,27.8911],[-82.61647,27.88084],[-82.61002,27.8735],[-82.60332,27.86517],[-82.59639,27.86408],[-82.59661,27.85889],[-82.59844,27.85758],[-82.59482,27.8434],[-82.58932,27.8357],[-82.58875,27.83043],[-82.59146,27.82671],[-82.59441,27.82522],[-82.59314,27.82159],[-82.58763,27.81901],[-82.58849,27.81538],[-82.59162,27.81305],[-82.59719,27.81368],[-82.60231,27.80594],[-82.60583,27.80307],[-82.60635,27.79997],[-82.60742,27.7989],[-82.60568,27.79646],[-82.60709,27.79289],[-82.61163,27.79031],[-82.61908,27.78907],[-82.62242,27.78919],[-82.62566,27.78092],[-82.62437,27.77831],[-82.62161,27.77396],[-82.62343,27.7689],[-82.62398,27.76037],[-82.62804,27.75838],[-82.63052,27.7539],[-82.62933,27.74931],[-82.62455,27.74841],[-82.6232,27.74458],[-82.62719,27.74106],[-82.62502,27.73271],[-82.62572,27.72701],[-82.63362,27.71061],[-82.63982,27.70391],[-82.65252,27.70031],[-82.66292,27.70231],[-82.67162,27.70591],[-82.67732,27.70621],[-82.67724,27.69505],[-82.67983,27.69489],[-82.68033,27.70578],[-82.68484,27.70368],[-82.68912,27.69947],[-82.69375,27.70022],[-82.69768,27.702],[-82.69863,27.7081],[-82.71146,27.70536],[-82.71336,27.70368],[-82.71363,27.69866],[-82.71882,27.69201],[-82.71645,27.68874],[-82.71913,27.686],[-82.71961,27.67407],[-82.72432,27.67332],[-82.72418,27.66869],[-82.72123,27.66531],[-82.7211,27.66438],[-82.7238,27.66356],[-82.72369,27.66236],[-82.7181,27.65782],[-82.71632,27.65141],[-82.71255,27.64665],[-82.71435,27.64541],[-82.71476,27.64289],[-82.71353,27.64173],[-82.71115,27.6418],[-82.70796,27.63013],[-82.70634,27.62916],[-82.70434,27.63043],[-82.70024,27.63804],[-82.69886,27.63863],[-82.6982,27.63779],[-82.7025,27.62785],[-82.70502,27.62531],[-82.73057,27.61433],[-82.73465,27.61185],[-82.73698,27.61264],[-82.73585,27.62489],[-82.73722,27.62747],[-82.73757,27.63276],[-82.73998,27.63718],[-82.74417,27.64832],[-82.74534,27.65378],[-82.74297,27.67057],[-82.74188,27.67548],[-82.73839,27.68368],[-82.73802,27.70681],[-82.74032,27.71821],[-82.74664,27.73019],[-82.75372,27.73631],[-82.76092,27.7452],[-82.77048,27.76627],[-82.78005,27.77483],[-82.78336,27.78001],[-82.7843,27.78312],[-82.79053,27.79105],[-82.82043,27.81374],[-82.82856,27.82225],[-82.84212,27.84396],[-82.84653,27.8543],[-82.84913,27.8632],[-82.85112,27.87421],[-82.85217,27.88597],[-82.84783,27.9102],[-82.8429,27.93386],[-82.83505,27.94982],[-82.83268,27.958],[-82.83153,27.96446],[-82.83199,27.97019],[-82.82983,27.98257],[-82.82911,28.0046],[-82.82816,28.02013],[-82.8185,28.0487],[-82.81652,28.04573],[-82.81366,28.03125],[-82.8158,28.02076],[-82.81628,28.01195],[-82.80915,28.00649],[-82.81081,28.00439],[-82.81557,28.00145],[-82.81771,27.99663],[-82.81319,27.9855],[-82.81081,27.98257],[-82.80986,27.9769],[-82.81081,27.96955],[-82.80487,27.96598],[-82.80273,27.97459],[-82.79988,27.9824],[-82.7994,27.98802],[-82.79751,27.9897],[-82.79299,28.00649],[-82.79417,28.01216],[-82.7918,28.01929],[-82.79085,28.03398],[-82.78847,28.03649],[-82.78875,28.04154],[-82.78606,28.04794],[-82.78942,28.04866],[-82.79917,28.04845],[-82.80558,28.05202],[-82.81509,28.05495],[-82.8223,28.05407],[-82.8341,28.06376],[-82.83862,28.07949],[-82.83624,28.09186],[-82.82713,28.083],[-82.82531,28.07865],[-82.82463,28.07257],[-82.82555,28.06374],[-82.82121,28.06019],[-82.81771,28.06229],[-82.81249,28.06178],[-82.80511,28.05642],[-82.80035,28.05265],[-82.79322,28.05265],[-82.79037,28.05307],[-82.78348,28.05265],[-82.78348,28.06062],[-82.78657,28.06523],[-82.7792,28.07278],[-82.77887,28.07637],[-82.78368,28.0799],[-82.78377,28.08215],[-82.78034,28.09706],[-82.78359,28.10537],[-82.78208,28.10786],[-82.78357,28.11002],[-82.78116,28.11251],[-82.78225,28.11463],[-82.78149,28.11746],[-82.77899,28.11819],[-82.77809,28.12],[-82.77831,28.12158],[-82.78086,28.123],[-82.78298,28.12287],[-82.78391,28.12413],[-82.78132,28.12759],[-82.78384,28.13748],[-82.78737,28.13919],[-82.78518,28.14242],[-82.78809,28.14985],[-82.79189,28.15558],[-82.79398,28.16087],[-82.79818,28.16099],[-82.79853,28.16247],[-82.79495,28.16426],[-82.79434,28.16561],[-82.79659,28.16913],[-82.80025,28.16947],[-82.80088,28.17091],[-82.79785,28.17234],[-82.79291,28.17269],[-82.79251,28.17354],[-82.79386,28.17454],[-82.79472,28.17546],[-82.79435,28.17591],[-82.79298,28.17605],[-82.79044,28.17475],[-82.78887,28.17488],[-82.78893,28.17627],[-82.79135,28.17785],[-82.79738,28.18169],[-82.79914,28.18528],[-82.79776,28.18779],[-82.78722,28.19299],[-82.78254,28.20745],[-82.77808,28.20892],[-82.77429,28.20703],[-82.7701,28.20772],[-82.76264,28.21901],[-82.76446,28.22007],[-82.75769,28.2264],[-82.75599,28.22806],[-82.75725,28.22974],[-82.76383,28.23128],[-82.76447,28.23206],[-82.76221,28.24213],[-82.76135,28.24285],[-82.75601,28.24079],[-82.74838,28.24682],[-82.74943,28.25057],[-82.75091,28.25216],[-82.75306,28.25162],[-82.75813,28.25388],[-82.75822,28.25493],[-82.75666,28.25591],[-82.74925,28.25586],[-82.74619,28.26119],[-82.74312,28.26786],[-82.74311,28.27372],[-82.73699,28.27451],[-82.73696,28.27639],[-82.7429,28.27773],[-82.74354,28.27866],[-82.74025,28.28226],[-82.73895,28.28261],[-82.7358,28.28076],[-82.73258,28.28198],[-82.73329,28.28562],[-82.73227,28.28748],[-82.72714,28.2882],[-82.72537,28.29013],[-82.72595,28.29178],[-82.73279,28.29193],[-82.73534,28.29936],[-82.73231,28.30277],[-82.73523,28.30667],[-82.73172,28.31368],[-82.73355,28.31513],[-82.73146,28.32502],[-82.71582,28.3455],[-82.71535,28.34865],[-82.71184,28.34904],[-82.71039,28.35198],[-82.71152,28.35348],[-82.71753,28.3535],[-82.71796,28.35401],[-82.71809,28.35733],[-82.71306,28.35937],[-82.70992,28.36426],[-82.70591,28.3684],[-82.70604,28.36946],[-82.70865,28.3699],[-82.70852,28.37113],[-82.70725,28.37171],[-82.70369,28.37196],[-82.70129,28.37482],[-82.70543,28.37824],[-82.704,28.38049],[-82.70689,28.3862],[-82.70572,28.39101],[-82.70685,28.39226],[-82.70634,28.39485],[-82.70452,28.39926],[-82.70459,28.40122],[-82.70681,28.4021],[-82.7064,28.40308],[-82.70387,28.40412],[-82.70265,28.40315],[-82.70091,28.40352],[-82.69485,28.40584],[-82.69008,28.40841],[-82.68784,28.40869],[-82.68717,28.40997],[-82.68748,28.41226],[-82.68956,28.4133],[-82.69286,28.4118],[-82.69948,28.41194],[-82.69994,28.41246],[-82.69952,28.41313],[-82.69446,28.4152],[-82.69447,28.41786],[-82.69743,28.41945],[-82.69726,28.4202],[-82.69453,28.42281],[-82.69294,28.42276],[-82.68566,28.42087],[-82.68258,28.42622],[-82.67793,28.42786],[-82.67735,28.43058],[-82.67443,28.43051],[-82.66988,28.43305],[-82.66991,28.43481],[-82.672,28.43611],[-82.67094,28.44062],[-82.66721,28.44223],[-82.66776,28.44858],[-82.66449,28.44957],[-82.66463,28.45205],[-82.66873,28.45383],[-82.66806,28.45586],[-82.67419,28.45728],[-82.67512,28.45934],[-82.68047,28.46081],[-82.68122,28.46424],[-82.67972,28.46627],[-82.67358,28.46833],[-82.66999,28.46834],[-82.6667,28.4756],[-82.66791,28.47797],[-82.66505,28.48443],[-82.66447,28.48879],[-82.66702,28.48972],[-82.66892,28.4939],[-82.66639,28.49733],[-82.67015,28.50077],[-82.67819,28.49933],[-82.66892,28.50769],[-82.66975,28.51123],[-82.66942,28.51988],[-82.66804,28.5282],[-82.6637,28.53019],[-82.65489,28.53275],[-82.65275,28.53776],[-82.65669,28.54481],[-82.66313,28.55077],[-82.66165,28.55414],[-82.6568,28.55404],[-82.65228,28.55216],[-82.65109,28.55697],[-82.65669,28.56869],[-82.65549,28.57313],[-82.65622,28.57538],[-82.64594,28.58047],[-82.64427,28.58418],[-82.64919,28.58762],[-82.64782,28.58944],[-82.64806,28.59072],[-82.654,28.59147],[-82.65536,28.5923],[-82.65626,28.60049],[-82.65542,28.6044],[-82.65682,28.60537],[-82.66271,28.605],[-82.66375,28.60537],[-82.66351,28.60669],[-82.65393,28.61348],[-82.65325,28.61626],[-82.65988,28.62218],[-82.66582,28.62305],[-82.66603,28.62644],[-82.67102,28.6287],[-82.67115,28.6311],[-82.67257,28.63686],[-82.67288,28.6412],[-82.67158,28.64262],[-82.66916,28.64399],[-82.66797,28.64753],[-82.67248,28.65129],[-82.67771,28.65483],[-82.67529,28.66103],[-82.67129,28.6613],[-82.66797,28.66317],[-82.66963,28.66609],[-82.66939,28.66922],[-82.66202,28.66735],[-82.65846,28.67068],[-82.65513,28.67485],[-82.65513,28.68048],[-82.66012,28.68257],[-82.66803,28.68329],[-82.66934,28.6854],[-82.6663,28.68882],[-82.66725,28.69174],[-82.67457,28.69392],[-82.6751,28.69821],[-82.68342,28.7005],[-82.69103,28.70172],[-82.69529,28.70801],[-82.70481,28.71447],[-82.71266,28.71386],[-82.72084,28.7137],[-82.72073,28.71863],[-82.71503,28.72697],[-82.70837,28.72843],[-82.70481,28.73593],[-82.69886,28.73343],[-82.69387,28.73343],[-82.69007,28.73656],[-82.69369,28.74219],[-82.69791,28.7476],[-82.69828,28.75701],[-82.69691,28.76801],[-82.6972,28.77407],[-82.70255,28.77743],[-82.69673,28.78427],[-82.69197,28.78886],[-82.6915,28.79219],[-82.69506,28.79573],[-82.69815,28.79635],[-82.70033,28.79224],[-82.70528,28.79573],[-82.70671,28.7976],[-82.71313,28.79969],[-82.71503,28.80635],[-82.7224,28.80948],[-82.73024,28.81593],[-82.73214,28.82051],[-82.7387,28.8248],[-82.73659,28.83591],[-82.72762,28.83925],[-82.72939,28.84768],[-82.73383,28.85219],[-82.73096,28.8584],[-82.72789,28.87125],[-82.71067,28.87545],[-82.70061,28.8785],[-82.68977,28.88549],[-82.68866,28.89518],[-82.68886,28.90561],[-82.69577,28.91043],[-82.69232,28.91247],[-82.69197,28.91605],[-82.69554,28.91626],[-82.70148,28.91938],[-82.69625,28.9252],[-82.69601,28.93082],[-82.70262,28.93295],[-82.70879,28.93598],[-82.72386,28.95351],[-82.72572,28.96223],[-82.73261,28.96659],[-82.74367,28.97019],[-82.74358,28.97819],[-82.75092,28.9824],[-82.75333,28.98144],[-82.75487,28.98382],[-82.75717,28.98595],[-82.75198,28.98797],[-82.76055,28.99309],[-82.76405,28.99971],[-82.75938,29.00662],[-82.75829,29.01919],[-82.75351,29.0265],[-82.75733,29.03415],[-82.75947,29.04205],[-82.76161,29.05161],[-82.76375,29.05452],[-82.77112,29.05535],[-82.77706,29.05743],[-82.78324,29.05764],[-82.78847,29.05722],[-82.79893,29.05535],[-82.80487,29.05431],[-82.80582,29.05722],[-82.79299,29.06179],[-82.7849,29.06491],[-82.78348,29.06927],[-82.78799,29.07155],[-82.79985,29.07498],[-82.8082,29.0728],[-82.81557,29.07301],[-82.81692,29.07622],[-82.81462,29.08028],[-82.81462,29.08713],[-82.82019,29.08722],[-82.81937,29.09191],[-82.82366,29.0989],[-82.81536,29.10203],[-82.81287,29.10651],[-82.80772,29.10852],[-82.80178,29.11662],[-82.80275,29.12103],[-82.80845,29.12561],[-82.8057,29.12985],[-82.80674,29.13628],[-82.80514,29.13968],[-82.80474,29.14662],[-82.80809,29.1484],[-82.80701,29.15254],[-82.81105,29.1569],[-82.8139,29.1625],[-82.82056,29.16229],[-82.82246,29.15793],[-82.82707,29.15843],[-82.83205,29.1569],[-82.83422,29.15492],[-82.84147,29.15878],[-82.85818,29.16228],[-82.86829,29.16136],[-82.8764,29.15941],[-82.88721,29.16174],[-82.90708,29.16475],[-82.91171,29.1673],[-82.92261,29.16977],[-82.93241,29.16789],[-82.9453,29.16782],[-82.97468,29.17091],[-82.97952,29.17182],[-82.98622,29.17267],[-82.99169,29.1735],[-82.99478,29.17516],[-82.99858,29.17412],[-82.99838,29.16865],[-82.99964,29.16332],[-83.00318,29.15732],[-83.00737,29.15628],[-83.01363,29.15452],[-83.01664,29.15046],[-83.01688,29.14693],[-83.01759,29.14465],[-83.0145,29.1405],[-83.01641,29.13863],[-83.02092,29.13946],[-83.03444,29.13347],[-83.03732,29.13448],[-83.04136,29.13759],[-83.04374,29.13635],[-83.04778,29.13386],[-83.04825,29.1297],[-83.05316,29.12675],[-83.05654,29.12991],[-83.058,29.13905],[-83.05687,29.14626],[-83.06085,29.14797],[-83.06465,29.14237],[-83.06825,29.15313],[-83.06584,29.16458],[-83.06679,29.17205],[-83.06774,29.1789],[-83.07369,29.18595],[-83.07899,29.19694],[-83.08609,29.20952],[-83.08784,29.21642],[-83.08674,29.22468],[-83.08077,29.23438],[-83.08208,29.23933],[-83.08029,29.24169],[-83.07473,29.24798],[-83.07726,29.25533],[-83.08901,29.2665],[-83.09522,29.26919],[-83.09721,29.27234],[-83.10343,29.27159],[-83.11384,29.27794],[-83.12557,29.27885],[-83.12803,29.28273],[-83.1381,29.28405],[-83.14644,29.28919],[-83.14983,29.28952],[-83.15153,29.29197],[-83.15505,29.29148],[-83.15801,29.28799],[-83.16157,29.2857],[-83.16912,29.28976],[-83.16918,29.29125],[-83.16458,29.29682],[-83.1653,29.29969],[-83.16758,29.30013],[-83.17003,29.30107],[-83.1746,29.30712],[-83.17361,29.3099],[-83.16397,29.31643],[-83.16389,29.31853],[-83.15668,29.32221],[-83.15617,29.32486],[-83.15829,29.32659],[-83.16459,29.32483],[-83.16874,29.32943],[-83.17257,29.33009],[-83.1709,29.3425],[-83.17395,29.34678],[-83.17991,29.34874],[-83.18762,29.35879],[-83.1911,29.36819],[-83.19371,29.37005],[-83.19847,29.36798],[-83.20251,29.37129],[-83.2007,29.37385],[-83.20124,29.38019],[-83.20411,29.38336],[-83.20191,29.38808],[-83.20245,29.39442],[-83.21133,29.39832],[-83.21237,29.40054],[-83.21043,29.40487],[-83.21449,29.41018],[-83.21371,29.41321],[-83.21807,29.42049],[-83.22855,29.4212],[-83.23042,29.42748],[-83.24051,29.43318],[-83.25765,29.433],[-83.26396,29.43581],[-83.27202,29.43226],[-83.28023,29.43341],[-83.28168,29.43693],[-83.28473,29.43784],[-83.29372,29.43702],[-83.29529,29.43814],[-83.29391,29.4399],[-83.29031,29.44182],[-83.2897,29.44478],[-83.29652,29.44751],[-83.29799,29.45044],[-83.30707,29.46241],[-83.30783,29.46886],[-83.31438,29.47508],[-83.32106,29.47725],[-83.33113,29.47559],[-83.33993,29.48576],[-83.35007,29.48936],[-83.35672,29.4999],[-83.37029,29.4999],[-83.37925,29.50356],[-83.38397,29.513],[-83.38837,29.51246],[-83.40025,29.51724],[-83.40155,29.52329],[-83.39574,29.52631],[-83.39646,29.52983],[-83.39983,29.53304],[-83.40311,29.54327],[-83.40036,29.55013],[-83.40305,29.56501],[-83.40715,29.57056],[-83.40526,29.57832],[-83.40691,29.58854],[-83.40507,29.59557],[-83.40168,29.60095],[-83.39948,29.61296],[-83.40145,29.63339],[-83.40408,29.6408],[-83.40644,29.65032],[-83.41171,29.65704],[-83.41477,29.66356],[-83.41072,29.66437],[-83.40858,29.66726],[-83.41095,29.66995],[-83.4147,29.67054],[-83.41856,29.66912],[-83.42498,29.66953],[-83.42876,29.675],[-83.43626,29.67739],[-83.44464,29.67715],[-83.44819,29.67525],[-83.45536,29.67644],[-83.45833,29.67816],[-83.45849,29.68048],[-83.46396,29.68213],[-83.47849,29.68756],[-83.48369,29.68821],[-83.48357,29.69854],[-83.48772,29.7003],[-83.49091,29.70836],[-83.49567,29.70778],[-83.49866,29.7098],[-83.49295,29.71269],[-83.50412,29.71372],[-83.50957,29.71241],[-83.51272,29.71648],[-83.52623,29.72115],[-83.53574,29.72569],[-83.54248,29.72815],[-83.54793,29.72808],[-83.54928,29.72961],[-83.54717,29.73222],[-83.55388,29.74112],[-83.55998,29.74303],[-83.5608,29.74924],[-83.56307,29.75458],[-83.56602,29.76143],[-83.57329,29.76325],[-83.57987,29.7592],[-83.58422,29.7585],[-83.58565,29.76139],[-83.58327,29.76572],[-83.57895,29.76838],[-83.58472,29.77608],[-83.58697,29.77893],[-83.58921,29.78326],[-83.58609,29.78464],[-83.58304,29.78731],[-83.5819,29.79206],[-83.58446,29.79687],[-83.58544,29.80044],[-83.58848,29.80224],[-83.58898,29.80533],[-83.5859,29.81175],[-83.58755,29.81605],[-83.58684,29.81894],[-83.5904,29.82142],[-83.59252,29.81865],[-83.59436,29.81855],[-83.59549,29.82798],[-83.60259,29.83048],[-83.60142,29.83309],[-83.60524,29.83639],[-83.6106,29.83667],[-83.61304,29.83987],[-83.61857,29.84234],[-83.61964,29.8476],[-83.62342,29.85394],[-83.62927,29.86344],[-83.63256,29.87387],[-83.63699,29.87646],[-83.63649,29.88273],[-83.63798,29.88607],[-83.65357,29.89465],[-83.65995,29.89952],[-83.66229,29.90246],[-83.6687,29.906],[-83.67164,29.90979],[-83.67718,29.91158],[-83.67902,29.91445],[-83.67922,29.91851],[-83.68079,29.92157],[-83.68429,29.92344],[-83.68884,29.92216],[-83.69732,29.92784],[-83.71175,29.93327],[-83.71756,29.93724],[-83.72789,29.94097],[-83.73917,29.94921],[-83.74632,29.95783],[-83.74941,29.95886],[-83.75258,29.95569],[-83.75725,29.95794],[-83.76201,29.96082],[-83.76557,29.96483],[-83.76723,29.96813],[-83.77032,29.96854],[-83.774,29.96808],[-83.77579,29.97225],[-83.78077,29.97217],[-83.78245,29.97554],[-83.78873,29.97698],[-83.79576,29.97574],[-83.80265,29.9776],[-83.80773,29.97671],[-83.81257,29.98192],[-83.81946,29.98419],[-83.82203,29.98215],[-83.82869,29.98319],[-83.84543,29.99807],[-83.85888,30.00476],[-83.86296,30.00786],[-83.87403,30.01113],[-83.91315,30.02899],[-83.91382,30.03255],[-83.92,30.03461],[-83.92536,30.03457],[-83.93151,30.03907],[-83.93367,30.04115],[-83.93188,30.04417],[-83.93343,30.04631],[-83.93909,30.0501],[-83.94386,30.05078],[-83.94569,30.05501],[-83.95088,30.05341],[-83.95166,30.05863],[-83.95772,30.06273],[-83.95968,30.06494],[-83.96752,30.06576],[-83.96957,30.07041],[-83.97359,30.07251],[-83.98323,30.07308],[-83.98924,30.07769],[-83.98687,30.0811],[-83.98605,30.0846],[-83.98964,30.08727],[-83.99255,30.08519],[-83.99654,30.08172],[-84.002,30.08522],[-83.99915,30.09139],[-84.00153,30.09468],[-84.00676,30.09755],[-84.01404,30.09733],[-84.02427,30.10327],[-84.0367,30.10228],[-84.04028,30.09964],[-84.04298,30.10152],[-84.04872,30.10321],[-84.05393,30.10243],[-84.06071,30.1005],[-84.06299,30.10138],[-84.08306,30.09229],[-84.08703,30.0921],[-84.09374,30.09396],[-84.10565,30.09117],[-84.11384,30.08548],[-84.11894,30.08851],[-84.12061,30.09118],[-84.12489,30.0906],[-84.13568,30.08302],[-84.15728,30.07271],[-84.16788,30.07142],[-84.17915,30.07319],[-84.18449,30.07725],[-84.18222,30.08236],[-84.1774,30.08545],[-84.17385,30.09098],[-84.175,30.09576],[-84.17706,30.09611],[-84.17981,30.09198],[-84.18806,30.09405],[-84.19356,30.09783],[-84.20215,30.11226],[-84.20559,30.11432],[-84.20879,30.10722],[-84.20451,30.09591],[-84.20168,30.09443],[-84.19853,30.08794],[-84.20158,30.08798],[-84.20341,30.08461],[-84.20801,30.08478],[-84.21874,30.08397],[-84.22779,30.08531],[-84.23701,30.08556],[-84.23921,30.09015],[-84.24567,30.09302],[-84.24749,30.10114],[-84.25608,30.10475],[-84.26226,30.10372],[-84.26383,30.10028],[-84.26936,30.09766],[-84.27251,30.09236],[-84.274,30.08308],[-84.27037,30.07547],[-84.27079,30.06809],[-84.27305,30.06376],[-84.27717,30.06026],[-84.28223,30.06115],[-84.28973,30.0572],[-84.29323,30.05842],[-84.29784,30.05745],[-84.31747,30.0481],[-84.32953,30.03934],[-84.33428,30.03708],[-84.33713,30.03235],[-84.3339,30.02901],[-84.33761,30.02638],[-84.33951,30.02926],[-84.34545,30.027],[-84.34432,30.02247],[-84.34689,30.0186],[-84.35239,30.01291],[-84.35543,30.01403],[-84.35519,30.01671],[-84.35662,30.01856],[-84.3616,30.01566],[-84.36611,30.00866],[-84.36378,30.00479],[-84.36089,29.99796],[-84.3625,29.99282],[-84.36196,29.98774],[-84.35999,29.98474],[-84.35809,29.98288],[-84.35643,29.98041],[-84.35352,29.98006],[-84.35215,29.97907],[-84.35037,29.98051],[-84.3477,29.98412],[-84.34656,29.98504],[-84.34466,29.98504],[-84.34324,29.98288],[-84.34113,29.97889],[-84.34015,29.97537],[-84.34085,29.97197],[-84.34175,29.97026],[-84.3483,29.96906],[-84.35072,29.9697],[-84.3538,29.96975],[-84.36047,29.97125],[-84.36237,29.9729],[-84.36962,29.97464],[-84.37283,29.97609],[-84.37806,29.97691],[-84.38269,29.97691],[-84.38531,29.97722],[-84.39196,29.98062],[-84.3947,29.98237],[-84.39921,29.98329],[-84.40254,29.9837],[-84.40896,29.98494],[-84.41228,29.98432],[-84.41561,29.98309],[-84.41882,29.98329],[-84.42643,29.98576],[-84.42892,29.9869],[-84.43261,29.99019],[-84.43415,29.9905],[-84.43558,29.98967],[-84.4376,29.98813],[-84.43617,29.98576],[-84.43546,29.98175],[-84.43641,29.97856],[-84.43257,29.9762],[-84.43242,29.97424],[-84.43415,29.97361],[-84.43653,29.9697],[-84.44199,29.96785],[-84.44247,29.96507],[-84.44259,29.96219],[-84.44092,29.96188],[-84.4389,29.96023],[-84.43629,29.96095],[-84.43427,29.96106],[-84.43237,29.95982],[-84.42619,29.96003],[-84.42334,29.96136],[-84.41977,29.96425],[-84.41782,29.9655],[-84.41038,29.96425],[-84.40836,29.96342],[-84.40694,29.96157],[-84.40432,29.95982],[-84.40206,29.96003],[-84.39683,29.95972],[-84.39398,29.95992],[-84.38923,29.96054],[-84.38413,29.96138],[-84.38115,29.96075],[-84.37687,29.95694],[-84.37212,29.95251],[-84.36808,29.95148],[-84.36404,29.9523],[-84.36083,29.95416],[-84.35591,29.9531],[-84.35191,29.95142],[-84.34656,29.94798],[-84.34422,29.94707],[-84.34125,29.94776],[-84.33862,29.94649],[-84.33651,29.94251],[-84.33394,29.92965],[-84.33375,29.92372],[-84.33595,29.91296],[-84.33917,29.90667],[-84.34155,29.90219],[-84.34446,29.89903],[-84.34907,29.89681],[-84.3517,29.89638],[-84.35856,29.89672],[-84.36677,29.89576],[-84.37202,29.89405],[-84.3775,29.8934],[-84.38086,29.89371],[-84.40496,29.90123],[-84.40907,29.90195],[-84.42334,29.90328],[-84.42524,29.90482],[-84.4332,29.9075],[-84.4408,29.91296],[-84.44366,29.91688],[-84.44877,29.92161],[-84.45055,29.92769],[-84.45171,29.92909],[-84.46018,29.92779],[-84.47032,29.92452],[-84.48091,29.91774],[-84.48454,29.91626],[-84.4887,29.91317],[-84.49202,29.90987],[-84.49309,29.91049],[-84.49281,29.9123],[-84.49456,29.91396],[-84.49844,29.91474],[-84.50079,29.91609],[-84.50599,29.91641],[-84.51041,29.91634],[-84.51306,29.91523],[-84.51542,29.91536],[-84.52181,29.91408],[-84.52864,29.91234],[-84.53587,29.91009],[-84.56807,29.89147],[-84.57744,29.88783],[-84.5937,29.88096],[-84.6033,29.87612],[-84.61315,29.86798],[-84.62491,29.86042],[-84.63368,29.85629],[-84.63642,29.85289],[-84.64336,29.84986],[-84.64796,29.8471],[-84.6527,29.84351],[-84.65377,29.8398],[-84.6546,29.83594],[-84.65645,29.83428],[-84.6611,29.83712],[-84.66255,29.83709],[-84.66461,29.83474],[-84.66628,29.83683],[-84.66828,29.8373],[-84.67181,29.83475],[-84.67505,29.83388],[-84.67439,29.83143],[-84.67442,29.83015],[-84.68398,29.83075],[-84.69205,29.82906],[-84.70181,29.82433],[-84.70684,29.8212],[-84.71719,29.81356],[-84.72781,29.80702],[-84.73033,29.8069],[-84.73432,29.80513],[-84.73659,29.80356],[-84.74483,29.79725],[-84.75036,29.79234],[-84.75559,29.78854],[-84.75857,29.7879],[-84.76175,29.78865],[-84.76752,29.7857],[-84.77825,29.78073],[-84.79144,29.7737],[-84.79841,29.76892],[-84.80346,29.76792],[-84.8079,29.76613],[-84.81385,29.76288],[-84.8242,29.75829],[-84.83133,29.75756],[-84.83717,29.75593],[-84.85045,29.74935],[-84.85786,29.74696],[-84.86827,29.74245],[-84.88178,29.73388],[-84.88477,29.72906],[-84.88543,29.72562],[-84.88803,29.72241],[-84.89279,29.72317],[-84.89282,29.72516],[-84.89489,29.7281],[-84.89944,29.73111],[-84.90037,29.73301],[-84.90214,29.73532],[-84.90069,29.73728],[-84.9001,29.73961],[-84.89584,29.74483],[-84.89007,29.7558],[-84.88903,29.7596],[-84.88618,29.76544],[-84.88492,29.76703],[-84.88277,29.76844],[-84.88002,29.76922],[-84.87711,29.77289],[-84.87113,29.78133],[-84.87089,29.7834],[-84.87231,29.78711],[-84.87255,29.7901],[-84.87065,29.79711],[-84.87362,29.79701],[-84.87766,29.79814],[-84.88206,29.79649],[-84.8817,29.7933],[-84.88253,29.78886],[-84.88182,29.78732],[-84.8842,29.78598],[-84.88515,29.78453],[-84.888,29.78443],[-84.88954,29.78494],[-84.89399,29.78518],[-84.90413,29.78628],[-84.90963,29.78371],[-84.91511,29.7833],[-84.9164,29.777],[-84.92092,29.7729],[-84.92756,29.7612],[-84.93409,29.75577],[-84.93837,29.75021],[-84.9466,29.74503],[-84.96418,29.73976],[-84.96884,29.72708],[-84.977,29.72121],[-84.98165,29.72067],[-84.9867,29.71748],[-84.99326,29.71496],[-84.99769,29.71396],[-85.00493,29.71358],[-85.00587,29.71163],[-85.01385,29.70952],[-85.02515,29.71214],[-85.02906,29.71127],[-85.03262,29.70868],[-85.03586,29.70862],[-85.03719,29.7111],[-85.04022,29.71286],[-85.04807,29.71519],[-85.05332,29.71553],[-85.07212,29.71903],[-85.10168,29.71875],[-85.12147,29.71585],[-85.15324,29.70823],[-85.16152,29.70572],[-85.1723,29.7035],[-85.17728,29.70019],[-85.18794,29.69964],[-85.1965,29.69737],[-85.20241,29.69817],[-85.25091,29.68716],[-85.25178,29.68485],[-85.24954,29.68295],[-85.24592,29.68162],[-85.22961,29.68243],[-85.22539,29.68584],[-85.22204,29.68547],[-85.2215,29.68395],[-85.22458,29.68098],[-85.23223,29.67735],[-85.24225,29.67693],[-85.24998,29.67914],[-85.25972,29.6813],[-85.27663,29.68349],[-85.29074,29.68408],[-85.29862,29.68402],[-85.30659,29.68329],[-85.31835,29.68157],[-85.32834,29.67875],[-85.33606,29.67545],[-85.34284,29.67121],[-85.34654,29.66857],[-85.35151,29.66667],[-85.35674,29.66956],[-85.36209,29.67534],[-85.36506,29.6773],[-85.36768,29.68081],[-85.3753,29.69185],[-85.38087,29.70208],[-85.38731,29.71537],[-85.39841,29.74296],[-85.40429,29.76195],[-85.40963,29.78162],[-85.41153,29.79236],[-85.41348,29.79953],[-85.41668,29.82025],[-85.4175,29.82993],[-85.41581,29.84258],[-85.41357,29.85294],[-85.41177,29.85979],[-85.40713,29.866],[-85.39832,29.87178],[-85.39339,29.87462],[-85.39123,29.87432],[-85.39128,29.87264],[-85.39752,29.86351],[-85.39895,29.86058],[-85.39926,29.854],[-85.40015,29.85052],[-85.40355,29.84533],[-85.40505,29.84101],[-85.40829,29.83554],[-85.41043,29.83073],[-85.41047,29.82607],[-85.40864,29.82286],[-85.40699,29.81919],[-85.40742,29.81679],[-85.40892,29.81379],[-85.41042,29.8081],[-85.4097,29.80235],[-85.4084,29.79842],[-85.40681,29.79534],[-85.40546,29.7913],[-85.40428,29.7847],[-85.40279,29.77955],[-85.40101,29.77654],[-85.4039,29.77263],[-85.40332,29.76835],[-85.40147,29.76413],[-85.39747,29.76387],[-85.39553,29.76237],[-85.39219,29.75432],[-85.39176,29.75057],[-85.38908,29.74216],[-85.38922,29.73883],[-85.38932,29.73362],[-85.38858,29.73016],[-85.38599,29.72538],[-85.38227,29.71944],[-85.37796,29.70962],[-85.37157,29.70311],[-85.37138,29.69945],[-85.37288,29.69673],[-85.37159,29.69406],[-85.37153,29.69209],[-85.3692,29.69098],[-85.36738,29.69237],[-85.36309,29.6911],[-85.36185,29.68804],[-85.36359,29.68054],[-85.36078,29.67866],[-85.35378,29.68004],[-85.35126,29.68183],[-85.34648,29.68152],[-85.33933,29.68373],[-85.33149,29.68445],[-85.32886,29.68643],[-85.32573,29.6857],[-85.32177,29.68542],[-85.31373,29.68646],[-85.30977,29.69318],[-85.30708,29.7035],[-85.30875,29.70819],[-85.30838,29.71236],[-85.30558,29.71368],[-85.30396,29.72062],[-85.30388,29.73194],[-85.30425,29.74152],[-85.30457,29.75055],[-85.30342,29.75756],[-85.30502,29.76992],[-85.30339,29.77486],[-85.30238,29.7833],[-85.30167,29.79534],[-85.30084,29.79897],[-85.30279,29.80886],[-85.30636,29.81143],[-85.30863,29.81332],[-85.31142,29.81437],[-85.31455,29.82228],[-85.31408,29.82629],[-85.31478,29.83057],[-85.31454,29.83273],[-85.31746,29.83889],[-85.32501,29.84497],[-85.33229,29.8459],[-85.33665,29.8493],[-85.34284,29.85794],[-85.34362,29.86188],[-85.35017,29.87702],[-85.36373,29.89891],[-85.38473,29.92095],[-85.40505,29.93849],[-85.41257,29.94303],[-85.42043,29.94716],[-85.42832,29.95002],[-85.43848,29.95143],[-85.44675,29.95453],[-85.45514,29.95672],[-85.4656,29.95755],[-85.47107,29.95672],[-85.48129,29.95786],[-85.48782,29.96064],[-85.49329,29.9629],[-85.49614,29.96476],[-85.50232,29.96785],[-85.50862,29.97196],[-85.51492,29.97732],[-85.52455,29.98751],[-85.52977,29.99533],[-85.5306,29.99759],[-85.53714,30.00387],[-85.54498,30.00541],[-85.55378,30.0119],[-85.56899,30.0261],[-85.58139,30.03778],[-85.58836,30.04513],[-85.59561,30.05058],[-85.6069,30.05706],[-85.61717,30.06223],[-85.62779,30.06699],[-85.65301,30.07815],[-85.68337,30.09101],[-85.69967,30.09872],[-85.71745,30.11009],[-85.72907,30.11825],[-85.73365,30.12242],[-85.74993,30.13654],[-85.77541,30.15629],[-85.81122,30.17832],[-85.87814,30.21562],[-85.92255,30.23767],[-85.94765,30.24908],[-85.96655,30.25712],[-85.99994,30.27078],[-86.08996,30.30357],[-86.18874,30.33419],[-86.2058,30.33853],[-86.22256,30.34359],[-86.24353,30.34968],[-86.26361,30.35511],[-86.28013,30.3589],[-86.2987,30.36305],[-86.314,30.36639],[-86.3424,30.37131],[-86.36418,30.37452],[-86.38783,30.37757],[-86.41208,30.38035],[-86.44389,30.3832],[-86.47085,30.3839],[-86.48952,30.38351],[-86.50615,30.3823],[-86.51414,30.38513],[-86.52022,30.38664],[-86.52625,30.38741],[-86.5411,30.38894],[-86.54882,30.38935],[-86.55954,30.39021],[-86.56354,30.39094],[-86.58056,30.39294],[-86.58687,30.39276],[-86.59672,30.39376],[-86.60801,30.3952],[-86.62512,30.39663],[-86.64366,30.39704],[-86.65709,30.39684],[-86.68145,30.39602],[-86.71306,30.39479],[-86.73861,30.39335],[-86.75489,30.39182],[-86.78912,30.38833],[-86.83618,30.38331],[-86.85032,30.38146],[-86.87596,30.37767],[-86.90968,30.37242],[-86.953,30.36536],[-87.00588,30.35593],[-87.04855,30.34824],[-87.0935,30.33939],[-87.15539,30.32775],[-87.20601,30.32147],[-87.22631,30.31935],[-87.24998,30.31747],[-87.2709,30.31675],[-87.28777,30.32116],[-87.29609,30.32567],[-87.30025,30.32814],[-87.3012,30.33029],[-87.31249,30.32578],[-87.31237,30.32424],[-87.31439,30.32147],[-87.33008,30.31767],[-87.35064,30.31336],[-87.38344,30.30639],[-87.41434,30.299],[-87.42741,30.29633],[-87.45355,30.29295],[-87.46496,30.29059],[-87.4816,30.28761],[-87.49218,30.28515],[-87.51832,30.28044],[-87.51838,30.2839],[-87.50548,30.2871],[-87.49998,30.2879],[-87.45238,30.3002],[-87.45008,30.3111],[-87.45558,30.3102],[-87.45958,30.3083],[-87.46298,30.3078],[-87.46578,30.3076],[-87.46868,30.3082],[-87.47588,30.3079],[-87.48188,30.306],[-87.48368,30.3048],[-87.49488,30.305],[-87.50278,30.3073],[-87.50468,30.3089],[-87.50578,30.3125],[-87.50594,30.3194],[-87.5047,30.32404],[-87.50257,30.3274],[-87.49998,30.32896],[-87.49188,30.3309],[-87.47558,30.3314],[-87.46488,30.3333],[-87.46298,30.334],[-87.45998,30.3363],[-87.45228,30.3441],[-87.45096,30.34626],[-87.45198,30.3603],[-87.45188,30.365],[-87.45138,30.3672],[-87.44908,30.3704],[-87.44182,30.3763],[-87.43868,30.3808],[-87.43868,30.3821],[-87.44088,30.3867],[-87.44118,30.3886],[-87.44068,30.3915],[-87.43728,30.3959],[-87.43428,30.3975],[-87.43178,30.4032],[-87.42958,30.4065],[-87.42618,30.4092],[-87.42268,30.4101],[-87.41918,30.4102],[-87.41318,30.409],[-87.40888,30.4088],[-87.40348,30.4102],[-87.40178,30.4114],[-87.39878,30.4151],[-87.39568,30.4176],[-87.38638,30.4205],[-87.38208,30.4229],[-87.37117,30.43049],[-87.36819,30.43341],[-87.36659,30.43665],[-87.36694,30.44048],[-87.36868,30.44463],[-87.37077,30.44686],[-87.38118,30.4501],[-87.39198,30.4516],[-87.39688,30.4506],[-87.39988,30.451],[-87.40468,30.4529],[-87.40788,30.4564],[-87.41468,30.4573],[-87.42508,30.4656],[-87.42958,30.4706],[-87.43058,30.4766],[-87.43158,30.4777],[-87.43468,30.4792],[-87.43558,30.4805],[-87.43298,30.4849],[-87.43058,30.4911],[-87.43118,30.4958],[-87.43827,30.50536],[-87.43969,30.50665],[-87.44322,30.50678],[-87.44471,30.50749],[-87.4477,30.51046],[-87.44778,30.51191],[-87.4465,30.51357],[-87.44518,30.51398],[-87.44494,30.51494],[-87.44643,30.52031],[-87.44659,30.52707],[-87.43544,30.54914],[-87.43496,30.5496],[-87.43144,30.55026],[-87.42789,30.55416],[-87.42604,30.56007],[-87.42336,30.56142],[-87.4228,30.56138],[-87.42241,30.56044],[-87.42092,30.56067],[-87.41865,30.56184],[-87.41666,30.56631],[-87.41695,30.568],[-87.41851,30.56956],[-87.41835,30.57004],[-87.41626,30.57245],[-87.41451,30.57346],[-87.41271,30.57323],[-87.40874,30.5837],[-87.40656,30.59993],[-87.4046,30.60339],[-87.40118,30.6044],[-87.39927,30.60561],[-87.39731,30.60873],[-87.39503,30.61528],[-87.39505,30.6159],[-87.39643,30.61691],[-87.39643,30.61773],[-87.39566,30.62337],[-87.39448,30.62519],[-87.39378,30.62701],[-87.39359,30.63088],[-87.39594,30.64397],[-87.39718,30.64812],[-87.39618,30.65045],[-87.39726,30.65435],[-87.40018,30.65722],[-87.40071,30.65715],[-87.40587,30.66662],[-87.40712,30.6718],[-87.40656,30.67402],[-87.40696,30.67516],[-87.41274,30.67806],[-87.41953,30.67998],[-87.42488,30.68337],[-87.43037,30.68865],[-87.43602,30.68867],[-87.43981,30.69048],[-87.44228,30.69268],[-87.44358,30.6946],[-87.44936,30.69891],[-87.4514,30.69981],[-87.45695,30.69756],[-87.46634,30.70084],[-87.46772,30.70168],[-87.4704,30.70528],[-87.47443,30.70659],[-87.47958,30.71287],[-87.47982,30.71495],[-87.48122,30.71651],[-87.48704,30.7185],[-87.49677,30.72035],[-87.49752,30.72012],[-87.50232,30.72159],[-87.50515,30.72631],[-87.51173,30.73353],[-87.52361,30.73831],[-87.53261,30.74349],[-87.53536,30.74977],[-87.53542,30.75476],[-87.53653,30.76138],[-87.53709,30.76253],[-87.54226,30.7675],[-87.54616,30.77202],[-87.54536,30.7741],[-87.54504,30.77867],[-87.55205,30.78625],[-87.55295,30.78694],[-87.55484,30.78712],[-87.55948,30.79045],[-87.56007,30.79226],[-87.56421,30.79625],[-87.56814,30.79909],[-87.57204,30.80053],[-87.57685,30.80816],[-87.58187,30.8124],[-87.58787,30.81504],[-87.5943,30.81698],[-87.60049,30.82063],[-87.60163,30.82514],[-87.60357,30.82862],[-87.60578,30.8313],[-87.61098,30.83263],[-87.61592,30.83469],[-87.61537,30.83703],[-87.61728,30.84035],[-87.62414,30.84571],[-87.62608,30.84649],[-87.62732,30.84796],[-87.6265,30.85188],[-87.62538,30.85436],[-87.62623,30.85713],[-87.62825,30.86013],[-87.63494,30.86589],[-87.62999,30.87769],[-87.62945,30.88011],[-87.6244,30.8847],[-87.62206,30.88541],[-87.62079,30.88749],[-87.62092,30.88992],[-87.62252,30.89368],[-87.6222,30.89751],[-87.62072,30.89893],[-87.61601,30.90145],[-87.61495,30.90423],[-87.61421,30.90854],[-87.61185,30.91454],[-87.6102,30.91663],[-87.60826,30.9219],[-87.60781,30.92449],[-87.60268,30.93428],[-87.60069,30.93707],[-87.5983,30.93879],[-87.59689,30.94113],[-87.59206,30.95149],[-87.58919,30.96446],[-87.59092,30.96941],[-87.59305,30.97297],[-87.59411,30.97633],[-87.59416,30.97757],[-87.59268,30.98014],[-87.5934,30.98296],[-87.59672,30.98761],[-87.59917,30.99572],[-87.59893,30.99746],[-87.57128,30.99787],[-87.54854,30.99793],[-87.51952,30.99759],[-87.48024,30.9982],[-87.47871,30.99821],[-87.46688,30.99818],[-87.46164,30.9982],[-87.45866,30.99839],[-87.4557,30.99832],[-87.44981,30.99827],[-87.43229,30.9982],[-87.42577,30.99809],[-87.36784,30.99829],[-87.36401,30.99822],[-87.35566,30.99824],[-87.33397,30.99827],[-87.31218,30.99844],[-87.30403,30.99819],[-87.30157,30.99843],[-87.29099,30.99835],[-87.26556,30.99827],[-87.25969,30.99817],[-87.25796,30.99826],[-87.257,30.99819],[-87.25498,30.99828],[-87.23768,30.99639],[-87.22475,30.99717],[-87.16261,30.99905],[-87.14075,30.99953],[-87.12497,30.9988],[-87.11887,30.99943],[-87.06863,30.99914],[-87.06406,30.99919],[-87.05374,30.99913],[-87.03999,30.99959],[-87.03637,30.99935],[-87.02711,30.99926],[-87.00436,30.99932],[-86.99848,30.99866],[-86.92781,30.9977],[-86.88814,30.99758],[-86.87299,30.99763],[-86.83193,30.99738],[-86.8305,30.9974],[-86.78592,30.99698],[-86.74524,30.99629],[-86.72839,30.99674],[-86.72729,30.99688],[-86.72538,30.99687],[-86.70626,30.9947],[-86.67838,30.99454],[-86.66468,30.99453],[-86.56759,30.99511],[-86.56344,30.99522],[-86.51994,30.99325],[-86.51283,30.9937],[-86.49995,30.99334],[-86.45832,30.994],[-86.4547,30.99379],[-86.40491,30.99405],[-86.39194,30.99417],[-86.38865,30.99418],[-86.37454,30.99447],[-86.36491,30.99445],[-86.3046,30.99403],[-86.28925,30.9938],[-86.25645,30.99385],[-86.23834,30.99437],[-86.18023,30.99401],[-86.1752,30.9938],[-86.16898,30.99371],[-86.16289,30.99368],[-86.11692,30.99292],[-86.05621,30.99313],[-86.05246,30.99325],[-86.03504,30.99332],[-85.99864,30.99287],[-85.89354,30.99347],[-85.74993,30.99484],[-85.74962,30.99529],[-85.49827,30.99693],[-85.24363,31.00088],[-85.15222,31.00083],[-85.15208,31.00089],[-85.14584,31.0007],[-85.05753,31.00059],[-85.05209,31.00059],[-85.03115,31.00065],[-85.02411,31.00068],[-85.0025,31.00068]]]]}},{"type":"Feature","properties":{"name":"North Carolina","density":198.2,"STUSPS":"NC"},"geometry":{"type":"MultiPolygon","coordinates":[[[[-75.72681,35.93584],[-75.71827,35.93971],[-75.70532,35.9394],[-75.69115,35.93693],[-75.68636,35.93297],[-75.67525,35.92902],[-75.65954,35.91956],[-75.66294,35.91617],[-75.66202,35.90652],[-75.65348,35.90469],[-75.64852,35.90698],[-75.64512,35.90579],[-75.62767,35.88315],[-75.61683,35.85633],[-75.61977,35.84761],[-75.61436,35.81566],[-75.62045,35.80925],[-75.62423,35.80939],[-75.63898,35.81864],[-75.66789,35.82354],[-75.67505,35.8302],[-75.66009,35.83861],[-75.6606,35.86254],[-75.66336,35.86984],[-75.67283,35.88242],[-75.68142,35.88398],[-75.69767,35.90164],[-75.69687,35.90956],[-75.70216,35.91543],[-75.72378,35.92557],[-75.72725,35.93362],[-75.72681,35.93584]]],[[[-75.73248,35.20035],[-75.7263,35.20171],[-75.72261,35.20129],[-75.7159,35.20355],[-75.70673,35.2084],[-75.70064,35.21145],[-75.69885,35.21548],[-75.69885,35.2182],[-75.69362,35.22189],[-75.69172,35.22539],[-75.68626,35.23102],[-75.68103,35.23335],[-75.68031,35.22927],[-75.68055,35.22616],[-75.67841,35.22247],[-75.67722,35.21937],[-75.67057,35.22053],[-75.66819,35.21898],[-75.65916,35.22189],[-75.65156,35.22597],[-75.64609,35.22849],[-75.64133,35.22869],[-75.6342,35.23296],[-75.62779,35.23898],[-75.62137,35.24286],[-75.61875,35.24694],[-75.60616,35.25256],[-75.5976,35.25703],[-75.59546,35.2611],[-75.59618,35.26693],[-75.59546,35.26926],[-75.58714,35.26576],[-75.57978,35.26304],[-75.57122,35.26343],[-75.56694,35.26596],[-75.55696,35.26693],[-75.54816,35.26906],[-75.54222,35.27042],[-75.53794,35.27294],[-75.53105,35.27236],[-75.52392,35.26964],[-75.52178,35.27178],[-75.52297,35.27663],[-75.52202,35.28032],[-75.51679,35.29293],[-75.51513,35.30088],[-75.51679,35.31058],[-75.51513,35.31581],[-75.51394,35.32202],[-75.51655,35.32648],[-75.51703,35.33656],[-75.5156,35.34219],[-75.5137,35.34626],[-75.5137,35.35692],[-75.51014,35.36196],[-75.50491,35.367],[-75.50087,35.37204],[-75.4973,35.38153],[-75.49516,35.38909],[-75.49611,35.39452],[-75.49706,35.39858],[-75.4954,35.40343],[-75.49421,35.40924],[-75.49231,35.41428],[-75.49255,35.42338],[-75.4916,35.43364],[-75.48779,35.44546],[-75.48613,35.45843],[-75.48518,35.47295],[-75.48565,35.47759],[-75.48494,35.48127],[-75.48328,35.48495],[-75.48375,35.49404],[-75.48589,35.50275],[-75.4866,35.50856],[-75.48803,35.51126],[-75.48613,35.52268],[-75.48304,35.52964],[-75.47615,35.53428],[-75.47615,35.53951],[-75.47401,35.5455],[-75.47282,35.55227],[-75.47377,35.55536],[-75.47275,35.55957],[-75.46998,35.56778],[-75.46871,35.57399],[-75.46958,35.57617],[-75.46885,35.58769],[-75.47167,35.59427],[-75.47187,35.59866],[-75.47092,35.60987],[-75.47258,35.61567],[-75.47139,35.62166],[-75.47591,35.63093],[-75.4809,35.6377],[-75.48431,35.64514],[-75.48472,35.65116],[-75.48538,35.65546],[-75.48751,35.65889],[-75.49112,35.6613],[-75.49207,35.66686],[-75.49587,35.67304],[-75.49564,35.67767],[-75.49896,35.68925],[-75.4992,35.69794],[-75.50443,35.70412],[-75.50752,35.70682],[-75.51047,35.71364],[-75.50753,35.71696],[-75.5079,35.71861],[-75.5122,35.71929],[-75.51311,35.72323],[-75.51028,35.72557],[-75.51036,35.7272],[-75.51343,35.72861],[-75.51353,35.72983],[-75.51059,35.73258],[-75.51183,35.73429],[-75.51402,35.73406],[-75.5175,35.73596],[-75.51956,35.74432],[-75.51674,35.7491],[-75.51692,35.75237],[-75.52142,35.754],[-75.52345,35.7593],[-75.52653,35.76682],[-75.52891,35.77145],[-75.52677,35.77357],[-75.52345,35.77357],[-75.51901,35.76909],[-75.5105,35.75535],[-75.50467,35.74425],[-75.49278,35.71762],[-75.48589,35.69852],[-75.47995,35.67941],[-75.4752,35.66164],[-75.46974,35.63518],[-75.46545,35.61181],[-75.46189,35.59267],[-75.46062,35.57697],[-75.46193,35.55748],[-75.46766,35.5326],[-75.47342,35.50914],[-75.47924,35.4834],[-75.48129,35.46327],[-75.48385,35.43054],[-75.4858,35.40074],[-75.4918,35.37814],[-75.49876,35.35351],[-75.50602,35.3252],[-75.51132,35.29816],[-75.51677,35.27115],[-75.51881,35.25753],[-75.52044,35.25357],[-75.52511,35.24383],[-75.52782,35.22766],[-75.5313,35.22658],[-75.54184,35.23025],[-75.55814,35.23425],[-75.57765,35.2353],[-75.60224,35.23264],[-75.62437,35.22813],[-75.64918,35.22247],[-75.66958,35.21543],[-75.69013,35.20918],[-75.71074,35.20208],[-75.72043,35.19858],[-75.73165,35.19647],[-75.73438,35.19799],[-75.73248,35.20035]]],[[[-76.01528,35.07066],[-76.01076,35.07591],[-76.0072,35.07785],[-76.00007,35.08019],[-75.99436,35.0866],[-75.98866,35.09419],[-75.98557,35.09808],[-75.987,35.10197],[-75.98985,35.1043],[-75.98795,35.10741],[-75.98842,35.11383],[-75.98842,35.11636],[-75.98224,35.12044],[-75.97749,35.12063],[-75.97345,35.11908],[-75.96893,35.11694],[-75.96394,35.1183],[-75.95824,35.11538],[-75.9473,35.11927],[-75.92948,35.13035],[-75.92211,35.13171],[-75.91213,35.13638],[-75.90119,35.14085],[-75.8886,35.14629],[-75.8741,35.15251],[-75.86673,35.15407],[-75.85366,35.15815],[-75.84677,35.16359],[-75.8306,35.16825],[-75.81729,35.17214],[-75.80921,35.17602],[-75.80541,35.17894],[-75.7997,35.17816],[-75.78568,35.18263],[-75.78045,35.18845],[-75.7772,35.18947],[-75.77361,35.18728],[-75.77574,35.1841],[-75.78125,35.18103],[-75.79757,35.17544],[-75.81896,35.16767],[-75.84748,35.15601],[-75.86911,35.14746],[-75.89026,35.13813],[-75.92021,35.12472],[-75.94588,35.11091],[-75.96513,35.09963],[-75.98391,35.0866],[-75.9965,35.07746],[-76.00197,35.07299],[-76.00292,35.06793],[-76.0091,35.06599],[-76.01243,35.06813],[-76.01528,35.07066]]],[[[-76.28151,35.31733],[-76.2824,35.31927],[-76.28003,35.32105],[-76.27805,35.32445],[-76.27785,35.32687],[-76.27913,35.32824],[-76.27963,35.33051],[-76.27775,35.33059],[-76.27418,35.33018],[-76.27349,35.328],[-76.27062,35.32622],[-76.26834,35.32493],[-76.26735,35.32307],[-76.26656,35.32016],[-76.26537,35.31814],[-76.2624,35.31386],[-76.26468,35.31216],[-76.26676,35.31152],[-76.26943,35.30998],[-76.27121,35.3103],[-76.27666,35.31224],[-76.28072,35.31378],[-76.2825,35.31507],[-76.28151,35.31733]]],[[[-76.33014,34.84794],[-76.32862,34.84981],[-76.32605,34.84966],[-76.32358,34.8488],[-76.3212,34.85052],[-76.32092,34.8534],[-76.31787,34.85442],[-76.31588,34.85855],[-76.31331,34.8598],[-76.31036,34.86144],[-76.30884,34.86355],[-76.30637,34.86448],[-76.30466,34.86628],[-76.30171,34.86799],[-76.30086,34.86955],[-76.29743,34.8722],[-76.2961,34.87649],[-76.29439,34.88047],[-76.29182,34.8857],[-76.28916,34.88866],[-76.28707,34.88928],[-76.28564,34.8878],[-76.28641,34.88507],[-76.28564,34.88398],[-76.28336,34.88265],[-76.27975,34.88398],[-76.27623,34.88585],[-76.27376,34.88975],[-76.26939,34.89272],[-76.26558,34.89591],[-76.26463,34.89802],[-76.26254,34.89989],[-76.25941,34.90082],[-76.25693,34.90238],[-76.25475,34.90332],[-76.25399,34.90543],[-76.25408,34.90667],[-76.25218,34.90815],[-76.24952,34.90971],[-76.24676,34.91018],[-76.244,34.91291],[-76.23811,34.91774],[-76.23535,34.92032],[-76.23126,34.92297],[-76.22908,34.92468],[-76.22698,34.92569],[-76.22432,34.92936],[-76.22299,34.93107],[-76.22043,34.93302],[-76.21805,34.93622],[-76.2133,34.9405],[-76.21092,34.94214],[-76.20883,34.94463],[-76.2055,34.94565],[-76.20322,34.94822],[-76.20084,34.95009],[-76.20084,34.95235],[-76.19808,34.95484],[-76.19732,34.95663],[-76.1959,34.95897],[-76.19304,34.96053],[-76.19086,34.9631],[-76.1882,34.96466],[-76.18506,34.96778],[-76.18173,34.96918],[-76.18002,34.97113],[-76.17745,34.97144],[-76.17574,34.97222],[-76.1765,34.97432],[-76.17508,34.97689],[-76.17317,34.97845],[-76.17156,34.98047],[-76.16918,34.97985],[-76.16642,34.98055],[-76.16576,34.98351],[-76.16329,34.98468],[-76.15996,34.98452],[-76.15758,34.98491],[-76.15483,34.98452],[-76.15178,34.98678],[-76.15245,34.98904],[-76.15273,34.99208],[-76.15178,34.99457],[-76.1496,34.99668],[-76.14655,34.99854],[-76.14399,35.00088],[-76.14389,35.00322],[-76.14132,35.00571],[-76.13895,35.0068],[-76.13591,35.0103],[-76.13248,35.01241],[-76.12935,35.01334],[-76.12802,35.0142],[-76.12345,35.01677],[-76.12069,35.01817],[-76.11794,35.02198],[-76.11375,35.02268],[-76.1129,35.02549],[-76.111,35.02736],[-76.11062,35.03187],[-76.10814,35.0346],[-76.10368,35.03693],[-76.09873,35.03693],[-76.09721,35.03989],[-76.09445,35.0416],[-76.09255,35.04394],[-76.08885,35.04518],[-76.08609,35.04806],[-76.08514,35.0511],[-76.08704,35.05281],[-76.08457,35.05717],[-76.08343,35.05904],[-76.08115,35.06075],[-76.08,35.0623],[-76.07791,35.06378],[-76.07573,35.06635],[-76.07677,35.06783],[-76.07592,35.06993],[-76.07211,35.07195],[-76.06831,35.0725],[-76.06479,35.07312],[-76.06051,35.07187],[-76.05785,35.0718],[-76.05395,35.07141],[-76.04854,35.06915],[-76.04188,35.06448],[-76.03779,35.06191],[-76.03675,35.05974],[-76.03751,35.05701],[-76.04188,35.05398],[-76.05063,35.04931],[-76.05928,35.04604],[-76.06393,35.04359],[-76.07411,35.03903],[-76.08096,35.03491],[-76.09645,35.02377],[-76.111,35.01279],[-76.12925,34.99893],[-76.15825,34.97658],[-76.18563,34.95593],[-76.21415,34.93209],[-76.23174,34.91696],[-76.24258,34.90776],[-76.25769,34.89646],[-76.27566,34.88359],[-76.28678,34.8754],[-76.30019,34.86604],[-76.31302,34.85559],[-76.32263,34.8481],[-76.3271,34.84506],[-76.32881,34.84466],[-76.33033,34.84521],[-76.33014,34.84794]]],[[[-76.54757,34.71063],[-76.54543,34.71238],[-76.5383,34.71199],[-76.53426,34.71082],[-76.52641,34.70965],[-76.5219,34.70965],[-76.51952,34.70711],[-76.52095,34.703],[-76.52285,34.6991],[-76.52594,34.6991],[-76.5295,34.69949],[-76.53545,34.70066],[-76.53949,34.70125],[-76.544,34.70125],[-76.54685,34.70398],[-76.54685,34.70633],[-76.54757,34.71063]]],[[[-76.55363,34.62317],[-76.55389,34.62795],[-76.55181,34.63045],[-76.55041,34.63092],[-76.5503,34.62747],[-76.55059,34.6241],[-76.55182,34.62019],[-76.55059,34.61604],[-76.54745,34.6137],[-76.54041,34.61386],[-76.53709,34.61284],[-76.53823,34.61112],[-76.5368,34.60971],[-76.53224,34.61049],[-76.52948,34.61432],[-76.52815,34.61738],[-76.52824,34.62129],[-76.52463,34.62363],[-76.52216,34.627],[-76.52073,34.63091],[-76.51503,34.63787],[-76.51123,34.64413],[-76.50837,34.64874],[-76.506,34.65602],[-76.50134,34.66087],[-76.50058,34.66392],[-76.49773,34.66681],[-76.49991,34.66994],[-76.50305,34.67252],[-76.502,34.67471],[-76.49725,34.67611],[-76.49383,34.67885],[-76.49145,34.68581],[-76.48907,34.68948],[-76.48575,34.69136],[-76.48337,34.69644],[-76.47881,34.70019],[-76.47643,34.70082],[-76.47519,34.70324],[-76.47196,34.70605],[-76.47443,34.70902],[-76.47396,34.71137],[-76.46958,34.71293],[-76.46616,34.71582],[-76.46445,34.71942],[-76.4616,34.72239],[-76.45827,34.72325],[-76.45437,34.72528],[-76.45143,34.72504],[-76.44876,34.72723],[-76.4481,34.72918],[-76.44515,34.73176],[-76.44154,34.73379],[-76.44182,34.73598],[-76.44173,34.7395],[-76.44011,34.74106],[-76.43783,34.74247],[-76.43907,34.74559],[-76.44078,34.74715],[-76.43926,34.75028],[-76.43774,34.75395],[-76.43878,34.75723],[-76.43973,34.75848],[-76.43812,34.76129],[-76.43336,34.76262],[-76.43232,34.76512],[-76.42985,34.76535],[-76.4249,34.76434],[-76.42224,34.76278],[-76.41853,34.76207],[-76.41644,34.76457],[-76.41359,34.76512],[-76.41254,34.76777],[-76.41349,34.7702],[-76.41425,34.77238],[-76.41245,34.7748],[-76.4134,34.77785],[-76.41397,34.77918],[-76.41283,34.78066],[-76.40807,34.78386],[-76.40284,34.78386],[-76.40294,34.78667],[-76.40256,34.78886],[-76.40256,34.79136],[-76.39952,34.79307],[-76.39762,34.79214],[-76.38934,34.79159],[-76.38735,34.79323],[-76.38326,34.79495],[-76.38003,34.79893],[-76.37641,34.80361],[-76.37347,34.80721],[-76.37242,34.81056],[-76.36653,34.81446],[-76.36396,34.81712],[-76.36444,34.82001],[-76.36368,34.82336],[-76.35883,34.82523],[-76.35464,34.82656],[-76.35265,34.82851],[-76.3478,34.82906],[-76.34656,34.8314],[-76.34333,34.83335],[-76.34038,34.83663],[-76.33753,34.83881],[-76.33734,34.83671],[-76.34,34.83366],[-76.34514,34.82843],[-76.35284,34.82016],[-76.36586,34.80705],[-76.37793,34.79526],[-76.39229,34.78074],[-76.39933,34.77324],[-76.42186,34.74723],[-76.4345,34.73411],[-76.45086,34.71512],[-76.46388,34.70003],[-76.47738,34.68401],[-76.48812,34.67103],[-76.49668,34.66024],[-76.50296,34.65078],[-76.5097,34.63826],[-76.51788,34.62559],[-76.52454,34.61573],[-76.531,34.60321],[-76.533,34.59703],[-76.53547,34.59155],[-76.54108,34.59922],[-76.54878,34.60806],[-76.55296,34.61464],[-76.55477,34.61949],[-76.55363,34.62317]]],[[[-76.58631,34.71395],[-76.57918,34.71414],[-76.57324,34.71277],[-76.56872,34.71297],[-76.56064,34.71004],[-76.56159,34.70672],[-76.56492,34.70457],[-76.56421,34.70222],[-76.55731,34.70027],[-76.55541,34.69949],[-76.55541,34.69675],[-76.55303,34.69695],[-76.54495,34.69675],[-76.53806,34.69597],[-76.52594,34.69187],[-76.52523,34.68854],[-76.5257,34.68522],[-76.52808,34.68385],[-76.53283,34.68679],[-76.53901,34.68854],[-76.54638,34.69011],[-76.55874,34.69343],[-76.56611,34.69519],[-76.57443,34.69714],[-76.58156,34.6991],[-76.58464,34.70183],[-76.58583,34.70652],[-76.58726,34.7118],[-76.58631,34.71395]]],[[[-76.66549,34.68974],[-76.66315,34.68925],[-76.65925,34.69019],[-76.65469,34.68972],[-76.65269,34.68925],[-76.6507,34.68901],[-76.64851,34.6869],[-76.64708,34.68635],[-76.64433,34.68667],[-76.63663,34.68503],[-76.63501,34.6851],[-76.62931,34.68362],[-76.62341,34.6808],[-76.61486,34.67768],[-76.61134,34.67572],[-76.60601,34.67377],[-76.5986,34.67228],[-76.59593,34.67041],[-76.59204,34.66994],[-76.58928,34.67197],[-76.58785,34.67119],[-76.58538,34.669],[-76.58329,34.66681],[-76.58025,34.66501],[-76.57492,34.66392],[-76.5716,34.66235],[-76.56551,34.65962],[-76.56466,34.65797],[-76.56218,34.65719],[-76.55781,34.65453],[-76.5522,34.65234],[-76.54849,34.65203],[-76.54146,34.65046],[-76.54022,34.64812],[-76.53756,34.64679],[-76.53366,34.64523],[-76.53024,34.64358],[-76.53091,34.63889],[-76.53043,34.63631],[-76.52872,34.63341],[-76.52881,34.63154],[-76.53015,34.63013],[-76.53224,34.63036],[-76.53557,34.63169],[-76.53861,34.63498],[-76.54241,34.6403],[-76.54735,34.64554],[-76.55315,34.64945],[-76.56104,34.65359],[-76.57055,34.65828],[-76.58567,34.66392],[-76.59917,34.66806],[-76.60782,34.67033],[-76.61989,34.67353],[-76.63064,34.67588],[-76.64376,34.6783],[-76.65041,34.67994],[-76.65583,34.68315],[-76.66049,34.68596],[-76.66496,34.68823],[-76.66549,34.68974]]],[[[-77.09848,34.64702],[-77.09763,34.64827],[-77.09544,34.6489],[-77.09525,34.65054],[-77.09563,34.65312],[-77.09468,34.65398],[-77.09297,34.65305],[-77.09154,34.65305],[-77.0886,34.65461],[-77.08831,34.65602],[-77.08565,34.6568],[-77.08327,34.65719],[-77.08156,34.65883],[-77.07538,34.66087],[-77.07006,34.66227],[-77.06787,34.66384],[-77.0654,34.66384],[-77.06293,34.66431],[-77.05818,34.66579],[-77.04838,34.66783],[-77.04563,34.669],[-77.03517,34.67134],[-77.02861,34.6722],[-77.02481,34.6733],[-77.01853,34.67471],[-77.01463,34.67603],[-77.01302,34.67549],[-77.01244,34.67408],[-77.01026,34.67189],[-77.00836,34.67173],[-77.00513,34.67275],[-77.00237,34.67197],[-77.00009,34.67299],[-76.9979,34.67345],[-76.99201,34.67314],[-76.98744,34.67463],[-76.98507,34.67447],[-76.98221,34.67518],[-76.97898,34.67541],[-76.97499,34.6769],[-76.97261,34.6769],[-76.96824,34.67674],[-76.96472,34.67783],[-76.96073,34.67822],[-76.95597,34.6783],[-76.9515,34.67885],[-76.9478,34.67869],[-76.94571,34.67947],[-76.93335,34.68127],[-76.93144,34.68237],[-76.92821,34.6826],[-76.92156,34.68292],[-76.91176,34.6844],[-76.90806,34.68503],[-76.90416,34.68651],[-76.89969,34.68909],[-76.89807,34.69026],[-76.89208,34.69136],[-76.89037,34.6912],[-76.88762,34.69034],[-76.88362,34.68948],[-76.88134,34.68987],[-76.88011,34.69019],[-76.87782,34.69042],[-76.8744,34.69214],[-76.8706,34.69347],[-76.86889,34.69417],[-76.86499,34.69362],[-76.86157,34.69386],[-76.8589,34.69339],[-76.85596,34.69402],[-76.85415,34.69433],[-76.85073,34.69417],[-76.84873,34.69527],[-76.84426,34.69527],[-76.84122,34.69667],[-76.83751,34.69808],[-76.8339,34.69964],[-76.83057,34.70191],[-76.82762,34.70347],[-76.82496,34.70394],[-76.82221,34.70472],[-76.81698,34.70347],[-76.80947,34.70324],[-76.80509,34.70379],[-76.8012,34.70347],[-76.79768,34.70347],[-76.79264,34.70441],[-76.7896,34.70394],[-76.78465,34.70347],[-76.78152,34.70418],[-76.77657,34.70316],[-76.77267,34.70269],[-76.76963,34.70293],[-76.76668,34.69996],[-76.76279,34.70105],[-76.75746,34.70246],[-76.75204,34.70269],[-76.74757,34.70199],[-76.74577,34.70308],[-76.74615,34.70973],[-76.74558,34.71215],[-76.74206,34.71238],[-76.73864,34.71137],[-76.73674,34.71098],[-76.73474,34.70887],[-76.73331,34.70668],[-76.73217,34.70433],[-76.73255,34.70222],[-76.73056,34.70082],[-76.72742,34.70175],[-76.72466,34.70332],[-76.72029,34.70324],[-76.71601,34.70426],[-76.71126,34.70402],[-76.70784,34.70293],[-76.70565,34.70097],[-76.70261,34.6998],[-76.70127,34.7016],[-76.70318,34.70441],[-76.70365,34.70793],[-76.70194,34.71106],[-76.6989,34.71231],[-76.6969,34.71129],[-76.69338,34.70746],[-76.68806,34.70183],[-76.68568,34.69941],[-76.68264,34.69816],[-76.68112,34.69988],[-76.67779,34.69917],[-76.67599,34.69769],[-76.6757,34.69566],[-76.67627,34.69433],[-76.6777,34.69362],[-76.68283,34.69394],[-76.68806,34.69378],[-76.69357,34.69378],[-76.69821,34.69407],[-76.70595,34.69527],[-76.71306,34.69597],[-76.72067,34.6966],[-76.72505,34.69701],[-76.73354,34.69742],[-76.7432,34.69771],[-76.76297,34.69745],[-76.77945,34.69678],[-76.79813,34.6956],[-76.81516,34.69419],[-76.84739,34.69081],[-76.85693,34.68961],[-76.87794,34.68708],[-76.89608,34.68457],[-76.91967,34.68095],[-76.93535,34.67859],[-76.95275,34.67578],[-76.96211,34.67437],[-76.96932,34.6732],[-76.99412,34.6688],[-77.01427,34.66485],[-77.03363,34.6605],[-77.05577,34.6552],[-77.07485,34.65027],[-77.08133,34.64848],[-77.08679,34.64679],[-77.09298,34.64459],[-77.09744,34.64429],[-77.09877,34.64569],[-77.09848,34.64702]]],[[[-77.17131,34.62567],[-77.16722,34.62817],[-77.16161,34.63044],[-77.14811,34.63654],[-77.13518,34.641],[-77.1311,34.6421],[-77.12777,34.64405],[-77.12539,34.64436],[-77.12406,34.64569],[-77.12349,34.64718],[-77.12121,34.64796],[-77.11626,34.64718],[-77.1117,34.64585],[-77.11037,34.64515],[-77.11199,34.64327],[-77.11498,34.6415],[-77.1168,34.64058],[-77.1187,34.63854],[-77.12596,34.63693],[-77.13547,34.63459],[-77.14707,34.63083],[-77.15705,34.62708],[-77.16608,34.62371],[-77.16922,34.62238],[-77.17122,34.62223],[-77.17245,34.62332],[-77.17131,34.62567]]],[[[-77.23025,34.59844],[-77.22807,34.59938],[-77.22417,34.60055],[-77.22113,34.60313],[-77.21466,34.60673],[-77.20687,34.61073],[-77.2024,34.61284],[-77.19764,34.61339],[-77.19204,34.6155],[-77.18586,34.61863],[-77.18139,34.62066],[-77.17949,34.62043],[-77.1793,34.6191],[-77.1812,34.61785],[-77.18823,34.61511],[-77.19631,34.61174],[-77.20297,34.609],[-77.20981,34.6058],[-77.21657,34.60235],[-77.22265,34.59883],[-77.22693,34.59672],[-77.2293,34.59703],[-77.23025,34.59844]]],[[[-81.67754,36.58812],[-81.60093,36.58702],[-81.52103,36.58052],[-81.48939,36.57903],[-81.46234,36.57815],[-81.44223,36.57682],[-81.37482,36.57467],[-81.35332,36.57472],[-81.30751,36.57502],[-81.2623,36.57392],[-81.24982,36.57323],[-81.17671,36.57193],[-81.17121,36.57103],[-81.14181,36.56953],[-81.12481,36.56923],[-81.08321,36.56733],[-81.05884,36.56698],[-81.0114,36.56443],[-81.0038,36.56363],[-80.94599,36.5632],[-80.94434,36.56306],[-80.90173,36.56175],[-80.83764,36.55912],[-80.83709,36.55915],[-80.80392,36.56081],[-80.77366,36.56031],[-80.73035,36.56235],[-80.70483,36.56232],[-80.65335,36.55922],[-80.62479,36.55841],[-80.4401,36.55063],[-80.43263,36.5503],[-80.43161,36.55022],[-80.29524,36.54397],[-80.22826,36.54387],[-80.22541,36.54375],[-80.17164,36.54322],[-80.16953,36.54319],[-80.12218,36.54265],[-80.02727,36.5425],[-79.96751,36.5425],[-79.96698,36.54248],[-79.90466,36.54244],[-79.88726,36.54284],[-79.66731,36.54177],[-79.66683,36.54177],[-79.51065,36.54074],[-79.44596,36.5412],[-79.44569,36.54122],[-79.24974,36.54114],[-79.20948,36.54159],[-79.20869,36.54157],[-79.13794,36.54174],[-79.12608,36.54153],[-79.12474,36.54157],[-78.97181,36.54212],[-78.97058,36.54215],[-78.94225,36.54208],[-78.94201,36.54211],[-78.91542,36.54197],[-78.7963,36.54171],[-78.76543,36.54173],[-78.75839,36.54185],[-78.67005,36.54203],[-78.66332,36.54201],[-78.6053,36.54109],[-78.53301,36.541],[-78.52972,36.54098],[-78.50996,36.54107],[-78.47079,36.54232],[-78.45697,36.54247],[-78.4412,36.54269],[-78.43633,36.54267],[-78.32391,36.54381],[-78.24668,36.54434],[-78.24546,36.54441],[-78.13332,36.54385],[-78.13291,36.54381],[-78.03942,36.5442],[-78.03894,36.54417],[-77.89977,36.54466],[-77.88236,36.54474],[-77.87528,36.54475],[-77.74971,36.54552],[-77.20516,36.54458],[-77.19017,36.54616],[-77.16966,36.54731],[-77.15269,36.54408],[-77.12481,36.54399],[-77.09506,36.54463],[-76.91605,36.54382],[-76.91732,36.54605],[-76.91699,36.55074],[-76.9159,36.55209],[-76.80708,36.55061],[-76.7813,36.55066],[-76.74968,36.55038],[-76.73833,36.55098],[-76.5755,36.55074],[-76.54169,36.55031],[-76.46527,36.55095],[-76.31321,36.55055],[-76.19715,36.55047],[-76.0451,36.55052],[-76.02147,36.55046],[-75.99775,36.55045],[-75.96816,36.55056],[-75.95891,36.55055],[-75.92205,36.55065],[-75.90475,36.55065],[-75.89038,36.55049],[-75.86765,36.55041],[-75.86177,36.51766],[-75.8577,36.50083],[-75.83632,36.42296],[-75.81874,36.35758],[-75.79641,36.29035],[-75.77251,36.22944],[-75.75964,36.2047],[-75.73843,36.15428],[-75.71831,36.11367],[-75.69674,36.0775],[-75.65854,36.02043],[-75.56979,35.8633],[-75.5523,35.82217],[-75.54546,35.80505],[-75.53633,35.79261],[-75.53686,35.78888],[-75.54206,35.78822],[-75.54581,35.7937],[-75.55745,35.79603],[-75.56306,35.79926],[-75.56309,35.80628],[-75.56872,35.80786],[-75.57048,35.80883],[-75.57062,35.81122],[-75.56934,35.81484],[-75.57309,35.81781],[-75.57599,35.82309],[-75.57399,35.82586],[-75.57048,35.82833],[-75.57138,35.83111],[-75.57537,35.83373],[-75.58888,35.84493],[-75.59448,35.85334],[-75.59938,35.86767],[-75.60218,35.87441],[-75.60894,35.87818],[-75.61759,35.88909],[-75.62291,35.89232],[-75.62224,35.8996],[-75.62129,35.90078],[-75.61221,35.90526],[-75.61478,35.91177],[-75.6154,35.92643],[-75.6298,35.94602],[-75.64454,35.96442],[-75.66022,35.96961],[-75.66707,35.97138],[-75.66869,35.97315],[-75.66797,35.98],[-75.67349,35.98819],[-75.67621,35.99062],[-75.68229,35.99585],[-75.68731,35.99673],[-75.69691,35.99421],[-75.7057,35.99873],[-75.71141,36.00325],[-75.72757,36.00344],[-75.72983,36.00729],[-75.72709,36.01051],[-75.72733,36.02199],[-75.72294,36.02459],[-75.71058,36.02564],[-75.71105,36.0317],[-75.70642,36.0392],[-75.71521,36.04832],[-75.71925,36.04621],[-75.72674,36.04563],[-75.72935,36.04429],[-75.73221,36.04066],[-75.73709,36.04078],[-75.73827,36.05034],[-75.74141,36.05637],[-75.73946,36.06685],[-75.73972,36.07527],[-75.74267,36.09242],[-75.75193,36.12237],[-75.75134,36.12698],[-75.74528,36.13149],[-75.74587,36.14406],[-75.75027,36.15375],[-75.75735,36.16688],[-75.75776,36.17007],[-75.75776,36.17803],[-75.76275,36.19165],[-75.76726,36.20498],[-75.77237,36.21754],[-75.78212,36.2208],[-75.78557,36.21696],[-75.794,36.2254],[-75.79853,36.2308],[-75.80197,36.24246],[-75.81088,36.24908],[-75.81185,36.2477],[-75.81112,36.25454],[-75.80817,36.25955],[-75.80387,36.26767],[-75.80684,36.28491],[-75.81314,36.29171],[-75.82027,36.29219],[-75.8337,36.29363],[-75.84212,36.30086],[-75.84529,36.30561],[-75.85081,36.31968],[-75.85176,36.32418],[-75.84594,36.3326],[-75.83869,36.33146],[-75.82312,36.32255],[-75.82205,36.32801],[-75.82348,36.33988],[-75.82383,36.34715],[-75.83215,36.35605],[-75.83191,36.36027],[-75.82894,36.36572],[-75.83405,36.37185],[-75.84772,36.37845],[-75.84855,36.38017],[-75.84225,36.38438],[-75.84095,36.39165],[-75.84071,36.39739],[-75.84974,36.40016],[-75.84606,36.41145],[-75.84332,36.41996],[-75.8558,36.42436],[-75.86281,36.43086],[-75.86495,36.43775],[-75.87113,36.4387],[-75.87707,36.43631],[-75.88306,36.43772],[-75.88833,36.44158],[-75.88741,36.44884],[-75.8924,36.46136],[-75.89787,36.46509],[-75.89991,36.48212],[-75.90728,36.48581],[-75.91307,36.48634],[-75.91728,36.48581],[-75.92413,36.48212],[-75.92733,36.48282],[-75.93547,36.4906],[-75.95462,36.49146],[-75.96115,36.49479],[-75.97255,36.49467],[-75.97522,36.48803],[-75.97689,36.48756],[-75.9891,36.49514],[-75.98242,36.50426],[-75.981,36.51133],[-75.98623,36.52566],[-75.99621,36.52814],[-75.99882,36.53444],[-76.00263,36.53711],[-76.03067,36.53883],[-76.03186,36.53253],[-76.02853,36.52699],[-76.02616,36.52374],[-76.02639,36.51649],[-76.03519,36.51343],[-76.04256,36.51056],[-76.04018,36.50483],[-76.03923,36.50006],[-76.03638,36.49509],[-76.03376,36.49012],[-76.03195,36.4825],[-76.02022,36.45862],[-76.01234,36.44746],[-76.00391,36.44186],[-75.98987,36.43681],[-75.98005,36.43546],[-75.97605,36.43863],[-75.97197,36.43717],[-75.96602,36.42761],[-75.95628,36.40083],[-75.94824,36.39586],[-75.94066,36.39871],[-75.94101,36.40622],[-75.94434,36.41057],[-75.93769,36.4205],[-75.93352,36.42337],[-75.93411,36.42745],[-75.93242,36.42861],[-75.92942,36.4266],[-75.92451,36.42545],[-75.9231,36.41992],[-75.92391,36.4181],[-75.92084,36.40882],[-75.923,36.39988],[-75.91641,36.38901],[-75.91695,36.38317],[-75.92351,36.3678],[-75.92333,36.36186],[-75.91776,36.35359],[-75.91533,36.35233],[-75.90988,36.34344],[-75.90565,36.33404],[-75.89529,36.31961],[-75.88821,36.29341],[-75.88338,36.28474],[-75.87262,36.28227],[-75.86476,36.28499],[-75.85965,36.28321],[-75.85679,36.28066],[-75.85683,36.27796],[-75.86331,36.27371],[-75.86237,36.26294],[-75.8679,36.26024],[-75.87233,36.25475],[-75.87072,36.25224],[-75.86929,36.2463],[-75.8643,36.24515],[-75.86535,36.23602],[-75.86226,36.2333],[-75.86386,36.22931],[-75.8583,36.22178],[-75.8488,36.21545],[-75.84437,36.21722],[-75.84118,36.21651],[-75.83681,36.20383],[-75.83011,36.19651],[-75.82851,36.19013],[-75.82913,36.18924],[-75.83099,36.18973],[-75.83644,36.1988],[-75.83883,36.20038],[-75.84286,36.19925],[-75.84517,36.19523],[-75.84517,36.19185],[-75.84102,36.18855],[-75.84026,36.1772],[-75.83486,36.17169],[-75.83482,36.16891],[-75.83429,36.16762],[-75.83247,36.16735],[-75.83128,36.16601],[-75.83105,36.16373],[-75.82471,36.16285],[-75.82394,36.16023],[-75.82505,36.15766],[-75.8228,36.15496],[-75.82353,36.1505],[-75.82501,36.1497],[-75.82558,36.14618],[-75.82244,36.14284],[-75.81755,36.14064],[-75.80677,36.1237],[-75.80677,36.1197],[-75.79943,36.11767],[-75.79903,36.11394],[-75.80155,36.11191],[-75.80322,36.1063],[-75.80248,36.10219],[-75.80302,36.09872],[-75.79645,36.09258],[-75.78983,36.07902],[-75.79071,36.07799],[-75.79324,36.07784],[-75.79627,36.07467],[-75.7965,36.07284],[-75.79817,36.0722],[-75.83404,36.09357],[-75.84397,36.10028],[-75.84539,36.10301],[-75.84932,36.10481],[-75.86674,36.12748],[-75.86433,36.1308],[-75.86573,36.13624],[-75.86404,36.14636],[-75.86155,36.15019],[-75.86287,36.15961],[-75.87171,36.17304],[-75.87159,36.17572],[-75.87503,36.18414],[-75.89267,36.19814],[-75.89573,36.19868],[-75.90013,36.20303],[-75.89642,36.2083],[-75.89776,36.20952],[-75.90657,36.20876],[-75.90979,36.21255],[-75.90717,36.21836],[-75.91331,36.22333],[-75.91673,36.23792],[-75.92329,36.24595],[-75.94704,36.25866],[-75.95861,36.25968],[-75.95948,36.26433],[-75.96173,36.26681],[-75.96525,36.26684],[-75.96891,36.26422],[-75.96708,36.255],[-75.96066,36.25101],[-75.95723,36.24572],[-75.95097,36.23546],[-75.94787,36.22439],[-75.94984,36.2154],[-75.95547,36.20495],[-75.9586,36.2024],[-75.95995,36.19888],[-75.94408,36.18737],[-75.94194,36.18463],[-75.94257,36.18143],[-75.93643,36.17756],[-75.91719,36.17263],[-75.91256,36.16782],[-75.91338,36.16544],[-75.92463,36.16455],[-75.93464,36.1659],[-75.96165,36.17197],[-76.00071,36.18013],[-76.01699,36.18637],[-76.01894,36.18832],[-76.02439,36.19569],[-76.02616,36.202],[-76.04232,36.21102],[-76.04417,36.21975],[-76.0466,36.2208],[-76.05001,36.23107],[-76.05396,36.23483],[-76.05933,36.23469],[-76.06484,36.23713],[-76.07958,36.23824],[-76.08415,36.24821],[-76.09768,36.25569],[-76.10158,36.2592],[-76.10568,36.27244],[-76.1124,36.27556],[-76.12655,36.28552],[-76.12823,36.28919],[-76.13102,36.29099],[-76.13495,36.29007],[-76.13598,36.28884],[-76.15442,36.28942],[-76.16438,36.2923],[-76.16523,36.29712],[-76.17283,36.30239],[-76.1854,36.3011],[-76.19547,36.2965],[-76.2018,36.29964],[-76.21478,36.30061],[-76.21837,36.29927],[-76.21788,36.29662],[-76.20589,36.29284],[-76.20258,36.28622],[-76.19528,36.28711],[-76.19041,36.28603],[-76.1886,36.27967],[-76.17594,36.26808],[-76.17391,36.26359],[-76.16067,36.26305],[-76.15584,36.26383],[-76.14428,36.25889],[-76.13671,36.25039],[-76.13513,36.24152],[-76.12599,36.23288],[-76.12099,36.22176],[-76.11719,36.21351],[-76.10697,36.21121],[-76.08011,36.19944],[-76.07716,36.19297],[-76.07464,36.18282],[-76.06894,36.16805],[-76.06062,36.15462],[-76.05927,36.14928],[-76.06422,36.14377],[-76.07167,36.14018],[-76.09256,36.13579],[-76.12575,36.13104],[-76.14642,36.13005],[-76.16663,36.12371],[-76.17494,36.12352],[-76.17946,36.12544],[-76.18754,36.12544],[-76.19659,36.13233],[-76.20687,36.13752],[-76.21488,36.1454],[-76.21654,36.15078],[-76.22818,36.15849],[-76.23312,36.1652],[-76.23175,36.16786],[-76.23698,36.17189],[-76.24788,36.17515],[-76.24968,36.17779],[-76.2491,36.18493],[-76.25457,36.18743],[-76.2605,36.18841],[-76.26598,36.18724],[-76.26978,36.19069],[-76.27715,36.19088],[-76.27881,36.188],[-76.27699,36.18495],[-76.27715,36.18071],[-76.27002,36.17899],[-76.26907,36.17285],[-76.26476,36.17066],[-76.25956,36.16536],[-76.25124,36.1621],[-76.24601,36.15865],[-76.24459,36.155],[-76.23643,36.14611],[-76.23603,36.13754],[-76.22853,36.13065],[-76.22747,36.12525],[-76.21891,36.11815],[-76.21036,36.11546],[-76.20038,36.10893],[-76.19172,36.1072],[-76.19681,36.10355],[-76.20656,36.10144],[-76.21369,36.09606],[-76.22466,36.09716],[-76.2289,36.0999],[-76.23372,36.09786],[-76.23871,36.09857],[-76.24173,36.10202],[-76.2491,36.10471],[-76.25148,36.10259],[-76.2579,36.10643],[-76.26336,36.10586],[-76.28446,36.11459],[-76.28856,36.11968],[-76.29687,36.12295],[-76.30934,36.12488],[-76.3147,36.12851],[-76.31898,36.13235],[-76.32326,36.13485],[-76.32896,36.13427],[-76.33609,36.13562],[-76.33989,36.13811],[-76.3475,36.1383],[-76.35463,36.13946],[-76.35938,36.14003],[-76.36533,36.13773],[-76.37357,36.13821],[-76.37938,36.14289],[-76.38268,36.14924],[-76.38768,36.15572],[-76.39028,36.16249],[-76.4008,36.16798],[-76.40502,36.17208],[-76.41666,36.17745],[-76.42094,36.1811],[-76.42736,36.18071],[-76.43497,36.18992],[-76.43806,36.19184],[-76.44471,36.19165],[-76.44994,36.19337],[-76.45469,36.1928],[-76.45802,36.18532],[-76.44923,36.17745],[-76.44257,36.17477],[-76.43687,36.16958],[-76.43568,36.16249],[-76.43021,36.16076],[-76.42554,36.16089],[-76.40288,36.14464],[-76.39633,36.13918],[-76.39504,36.13427],[-76.38919,36.13324],[-76.38288,36.12754],[-76.38196,36.12295],[-76.37174,36.11776],[-76.36509,36.11988],[-76.3601,36.12103],[-76.34642,36.12102],[-76.34536,36.11392],[-76.34061,36.11315],[-76.33966,36.10912],[-76.33609,36.10855],[-76.32872,36.10451],[-76.31589,36.10086],[-76.30923,36.10106],[-76.30258,36.10029],[-76.30401,36.09453],[-76.31133,36.0909],[-76.31779,36.09049],[-76.32326,36.08781],[-76.32348,36.08488],[-76.3319,36.08383],[-76.33489,36.08532],[-76.33657,36.08838],[-76.34703,36.08877],[-76.35507,36.08646],[-76.36937,36.08531],[-76.3841,36.08108],[-76.40424,36.07879],[-76.4112,36.0807],[-76.41215,36.07244],[-76.40811,36.06802],[-76.41461,36.06427],[-76.41975,36.0636],[-76.43093,36.05611],[-76.43877,36.04707],[-76.44352,36.04515],[-76.45142,36.03907],[-76.45612,36.03381],[-76.45879,36.02802],[-76.46032,36.02414],[-76.49153,36.01728],[-76.50651,36.01132],[-76.51411,36.00652],[-76.54549,36.01017],[-76.56331,36.01094],[-76.57282,36.0094],[-76.58043,36.01055],[-76.58851,36.01824],[-76.5934,36.02296],[-76.59326,36.02574],[-76.60324,36.03535],[-76.60538,36.04727],[-76.60681,36.05418],[-76.61085,36.05553],[-76.61632,36.05457],[-76.62012,36.04996],[-76.62345,36.04477],[-76.62844,36.04227],[-76.63557,36.03708],[-76.63985,36.03593],[-76.65223,36.03529],[-76.66123,36.03837],[-76.66314,36.04189],[-76.67648,36.04361],[-76.68926,36.06149],[-76.6919,36.06629],[-76.6929,36.07531],[-76.68881,36.07897],[-76.69071,36.08492],[-76.69261,36.09107],[-76.68833,36.09626],[-76.68857,36.10701],[-76.69142,36.11047],[-76.69523,36.10874],[-76.70497,36.10989],[-76.70962,36.1206],[-76.71115,36.12813],[-76.71067,36.13466],[-76.71614,36.14445],[-76.72145,36.14784],[-76.72232,36.16018],[-76.72046,36.17285],[-76.71852,36.1905],[-76.71891,36.20098],[-76.71429,36.21528],[-76.71067,36.22329],[-76.70473,36.22962],[-76.70013,36.2341],[-76.69451,36.23729],[-76.69142,36.24706],[-76.67546,36.26688],[-76.67217,36.27198],[-76.67478,36.27639],[-76.68287,36.27658],[-76.69998,36.28539],[-76.7014,36.28367],[-76.69831,36.27754],[-76.69776,36.27166],[-76.70568,36.26604],[-76.70897,36.25499],[-76.72185,36.24553],[-76.72502,36.23112],[-76.72755,36.23192],[-76.73135,36.2346],[-76.73468,36.23575],[-76.73706,36.23479],[-76.73753,36.23173],[-76.74134,36.22924],[-76.74514,36.21505],[-76.74989,36.2114],[-76.75084,36.20412],[-76.74775,36.1974],[-76.75203,36.1928],[-76.75346,36.17668],[-76.75156,36.16978],[-76.75393,36.16517],[-76.75464,36.15539],[-76.75417,36.14752],[-76.75156,36.1383],[-76.74942,36.13159],[-76.74419,36.12621],[-76.74062,36.11815],[-76.73587,36.11027],[-76.73421,36.10394],[-76.73016,36.10182],[-76.72604,36.09624],[-76.72684,36.09107],[-76.72945,36.08089],[-76.72874,36.07839],[-76.73088,36.07474],[-76.72898,36.06936],[-76.72731,36.06322],[-76.72541,36.05899],[-76.72042,36.05207],[-76.71804,36.04804],[-76.70561,36.04259],[-76.70806,36.03824],[-76.70568,36.0317],[-76.70473,36.02766],[-76.70378,36.0194],[-76.70378,36.01055],[-76.69689,36.00979],[-76.68596,36.00632],[-76.68387,36.00037],[-76.68192,35.9896],[-76.68477,35.98806],[-76.68733,35.98457],[-76.69475,35.97786],[-76.69998,35.97382],[-76.7064,35.9719],[-76.71915,35.96509],[-76.72573,35.95521],[-76.72697,35.94257],[-76.73164,35.94004],[-76.73277,35.93672],[-76.7283,35.93358],[-76.71777,35.93714],[-76.70666,35.94487],[-76.6976,35.94208],[-76.69285,35.94246],[-76.68359,35.94024],[-76.67906,35.9365],[-76.66243,35.93207],[-76.65387,35.93438],[-76.63981,35.93646],[-76.60959,35.93569],[-76.60384,35.93983],[-76.58717,35.94148],[-76.57393,35.94196],[-76.5604,35.94105],[-76.55381,35.94015],[-76.52855,35.94404],[-76.50749,35.94983],[-76.49011,35.95978],[-76.48434,35.95825],[-76.47448,35.96017],[-76.46448,35.9642],[-76.4585,35.96786],[-76.4236,35.97739],[-76.40645,35.98152],[-76.39955,35.98209],[-76.39242,35.97921],[-76.3841,35.97151],[-76.3841,35.96632],[-76.37489,35.95541],[-76.3784,35.95228],[-76.38268,35.95035],[-76.3822,35.94824],[-76.37911,35.94535],[-76.3746,35.94362],[-76.37269,35.94093],[-76.37079,35.93438],[-76.36723,35.93438],[-76.36414,35.93554],[-76.36034,35.93669],[-76.35653,35.93708],[-76.35344,35.93842],[-76.35344,35.94073],[-76.34845,35.94227],[-76.34536,35.94073],[-76.33514,35.939],[-76.32928,35.93923],[-76.3254,35.93861],[-76.3147,35.94535],[-76.31351,35.94881],[-76.2876,35.96498],[-76.2826,35.96753],[-76.27429,35.96825],[-76.27168,35.97228],[-76.2598,35.97305],[-76.2453,35.97671],[-76.24411,35.97959],[-76.2365,35.97902],[-76.22319,35.98171],[-76.22034,35.9844],[-76.20539,35.98756],[-76.19871,35.98652],[-76.19039,35.98748],[-76.18564,35.98806],[-76.18065,35.98806],[-76.17708,35.99152],[-76.17052,35.99452],[-76.15593,35.99325],[-76.14832,35.99479],[-76.13264,35.9894],[-76.12765,35.99017],[-76.11956,35.99152],[-76.1015,35.99171],[-76.08313,35.98985],[-76.07702,35.98902],[-76.07456,35.99113],[-76.06799,35.99036],[-76.06252,35.99075],[-76.05397,35.98709],[-76.03495,35.97613],[-76.02497,35.96978],[-76.01677,35.96268],[-76.01142,35.9542],[-76.01516,35.95319],[-76.01708,35.94553],[-76.02045,35.93246],[-76.01522,35.92688],[-76.01285,35.92187],[-76.0176,35.91937],[-76.02069,35.91533],[-76.02521,35.9136],[-76.02853,35.91071],[-76.02755,35.90472],[-76.03281,35.90147],[-76.04018,35.89473],[-76.04541,35.88452],[-76.04602,35.87027],[-76.05278,35.86584],[-76.05824,35.86237],[-76.0632,35.85343],[-76.06191,35.84868],[-76.06228,35.84234],[-76.06537,35.83386],[-76.06276,35.82827],[-76.06347,35.82403],[-76.06133,35.81999],[-76.05587,35.8144],[-76.05492,35.81054],[-76.05049,35.80669],[-76.05135,35.80399],[-76.05027,35.80149],[-76.05302,35.79782],[-76.05325,35.77507],[-76.05492,35.76735],[-76.05587,35.76022],[-76.05159,35.75328],[-76.04897,35.74556],[-76.04831,35.73708],[-76.05135,35.73283],[-76.0523,35.72704],[-76.05658,35.71932],[-76.06086,35.71681],[-76.05896,35.7116],[-76.06015,35.70871],[-76.05753,35.70716],[-76.05492,35.70272],[-76.05064,35.70465],[-76.04802,35.70099],[-76.04351,35.70041],[-76.04208,35.69616],[-76.04137,35.69288],[-76.03846,35.69194],[-76.03638,35.68844],[-76.04128,35.67403],[-76.04398,35.67164],[-76.04636,35.65907],[-76.04755,35.65291],[-76.04398,35.6477],[-76.03804,35.64576],[-76.03281,35.64634],[-76.02853,35.64943],[-76.02378,35.65021],[-76.01879,35.65368],[-76.01285,35.66083],[-76.01302,35.67007],[-76.00928,35.67589],[-76.00595,35.67782],[-76.005,35.68187],[-76.00453,35.69018],[-75.99977,35.69404],[-76.00025,35.70079],[-76.00191,35.7062],[-75.99882,35.71044],[-75.99954,35.71507],[-76.00237,35.71836],[-76.0012,35.7253],[-75.99621,35.7307],[-75.99455,35.73804],[-75.9905,35.74209],[-75.98932,35.74903],[-75.98904,35.75712],[-75.98595,35.76781],[-75.9829,35.77256],[-75.98574,35.78268],[-75.98385,35.78741],[-75.98645,35.79377],[-75.99003,35.79628],[-75.99412,35.81253],[-75.99098,35.81825],[-75.98718,35.82191],[-75.98694,35.82558],[-75.98076,35.83232],[-75.97601,35.83848],[-75.97886,35.84484],[-75.98432,35.85409],[-75.98813,35.8618],[-75.98797,35.86526],[-75.98314,35.86603],[-75.98052,35.87027],[-75.98147,35.87894],[-75.98605,35.88899],[-75.97783,35.89718],[-75.96625,35.89929],[-75.96256,35.90139],[-75.94782,35.92035],[-75.93728,35.92643],[-75.93132,35.92688],[-75.92158,35.93592],[-75.92514,35.94073],[-75.93346,35.94958],[-75.93782,35.95088],[-75.94226,35.95555],[-75.94699,35.95743],[-75.94729,35.95983],[-75.93655,35.96498],[-75.91039,35.97359],[-75.89757,35.97613],[-75.88188,35.97536],[-75.87475,35.97671],[-75.87095,35.97856],[-75.86097,35.97709],[-75.85241,35.97498],[-75.83628,35.9705],[-75.80935,35.95931],[-75.80514,35.95404],[-75.80559,35.94612],[-75.79531,35.94144],[-75.79228,35.93727],[-75.7825,35.93342],[-75.7825,35.92824],[-75.78108,35.92438],[-75.7823,35.91956],[-75.77801,35.91379],[-75.77113,35.91302],[-75.76804,35.91186],[-75.76832,35.90799],[-75.77018,35.90512],[-75.76881,35.90139],[-75.76447,35.89704],[-75.76423,35.89242],[-75.76121,35.88892],[-75.7552,35.8878],[-75.7495,35.88414],[-75.74902,35.88125],[-75.75196,35.87823],[-75.75302,35.87138],[-75.74855,35.86257],[-75.75187,35.85101],[-75.74332,35.84446],[-75.73476,35.83733],[-75.72802,35.82451],[-75.73357,35.82114],[-75.7331,35.81594],[-75.73001,35.81247],[-75.73072,35.809],[-75.73025,35.80592],[-75.73191,35.80264],[-75.73642,35.79917],[-75.7369,35.79281],[-75.73405,35.78606],[-75.73524,35.78047],[-75.73823,35.7783],[-75.74237,35.77488],[-75.74118,35.76986],[-75.73547,35.76388],[-75.73476,35.75848],[-75.73642,35.75482],[-75.73856,35.75308],[-75.73856,35.74942],[-75.73405,35.74459],[-75.7262,35.73919],[-75.72668,35.73649],[-75.72953,35.73032],[-75.72692,35.7199],[-75.72573,35.71449],[-75.71812,35.7089],[-75.71741,35.70041],[-75.71717,35.69365],[-75.72217,35.68979],[-75.72597,35.68535],[-75.73286,35.68149],[-75.73813,35.68202],[-75.73962,35.68406],[-75.73714,35.6894],[-75.73809,35.69462],[-75.7426,35.69963],[-75.75187,35.70407],[-75.75782,35.706],[-75.76732,35.70562],[-75.77227,35.69858],[-75.77814,35.69352],[-75.78083,35.68842],[-75.78042,35.68411],[-75.76645,35.67706],[-75.76902,35.67147],[-75.76981,35.66547],[-75.76645,35.65993],[-75.76491,35.65636],[-75.75422,35.64836],[-75.74826,35.64719],[-75.74348,35.64925],[-75.73992,35.64462],[-75.73888,35.63925],[-75.73734,35.63503],[-75.73491,35.63017],[-75.73607,35.6255],[-75.74416,35.62255],[-75.74873,35.61849],[-75.75197,35.61279],[-75.75217,35.60799],[-75.76175,35.60582],[-75.76701,35.60132],[-75.77101,35.59999],[-75.77679,35.60058],[-75.78183,35.59873],[-75.7851,35.59555],[-75.78439,35.58881],[-75.77712,35.58149],[-75.77797,35.57976],[-75.79756,35.57519],[-75.82693,35.57102],[-75.83339,35.57153],[-75.83351,35.57347],[-75.82489,35.57499],[-75.82285,35.5791],[-75.812,35.5833],[-75.81099,35.58582],[-75.81352,35.59172],[-75.81584,35.59467],[-75.8172,35.59522],[-75.8181,35.59461],[-75.81905,35.59088],[-75.82204,35.59055],[-75.82534,35.59328],[-75.83049,35.59294],[-75.83757,35.58749],[-75.85281,35.58468],[-75.85687,35.58772],[-75.85522,35.59362],[-75.85799,35.59761],[-75.86535,35.60447],[-75.86329,35.60769],[-75.86311,35.60942],[-75.86485,35.60966],[-75.86861,35.60762],[-75.87184,35.61063],[-75.87239,35.61353],[-75.87013,35.61642],[-75.86996,35.62597],[-75.8688,35.62992],[-75.87159,35.63333],[-75.87682,35.63528],[-75.88179,35.63435],[-75.8876,35.64016],[-75.88962,35.64064],[-75.89056,35.63912],[-75.88795,35.63677],[-75.88655,35.63052],[-75.88372,35.62893],[-75.88385,35.62362],[-75.89281,35.60083],[-75.89739,35.59805],[-75.89674,35.59526],[-75.89004,35.59175],[-75.88732,35.58539],[-75.88307,35.58258],[-75.8833,35.57948],[-75.88237,35.57612],[-75.8861,35.57457],[-75.89406,35.57542],[-75.8971,35.57253],[-75.9029,35.5708],[-75.90446,35.56469],[-75.9135,35.56363],[-75.91968,35.56151],[-75.92134,35.55648],[-75.92015,35.553],[-75.91397,35.55319],[-75.90854,35.55281],[-75.91278,35.54971],[-75.91278,35.54469],[-75.91801,35.54159],[-75.9299,35.53753],[-75.94368,35.53618],[-75.95176,35.53211],[-75.95628,35.52863],[-75.95747,35.52612],[-75.95533,35.52244],[-75.96165,35.51534],[-75.96745,35.51877],[-75.97173,35.51877],[-75.97458,35.51548],[-75.97838,35.51296],[-75.98028,35.50793],[-75.97648,35.50832],[-75.97054,35.50677],[-75.96798,35.50378],[-75.96345,35.50096],[-75.96193,35.49671],[-75.96305,35.4939],[-75.97292,35.49129],[-75.98456,35.48684],[-75.98884,35.4849],[-75.99565,35.47536],[-75.99764,35.46884],[-75.99645,35.46361],[-75.99906,35.45742],[-76.00239,35.45296],[-76.00524,35.44987],[-76.01166,35.44619],[-76.0157,35.44174],[-76.01515,35.43595],[-76.01347,35.42775],[-76.01559,35.42211],[-76.02122,35.41748],[-76.02266,35.41219],[-76.02794,35.41185],[-76.03172,35.41314],[-76.03376,35.41791],[-76.03257,35.42159],[-76.03543,35.42585],[-76.0387,35.42689],[-76.03971,35.43081],[-76.04768,35.43296],[-76.05258,35.43529],[-76.05871,35.43465],[-76.06052,35.43091],[-76.05753,35.42527],[-76.05329,35.42278],[-76.05395,35.42122],[-76.06228,35.42004],[-76.0649,35.41772],[-76.06141,35.41334],[-76.0645,35.41063],[-76.07122,35.40985],[-76.07219,35.40667],[-76.06876,35.40124],[-76.06938,35.39765],[-76.07963,35.3968],[-76.08106,35.39331],[-76.08344,35.39099],[-76.08106,35.38788],[-76.07803,35.3873],[-76.07607,35.3844],[-76.07108,35.38537],[-76.06395,35.38556],[-76.06181,35.38323],[-76.06293,35.38137],[-76.06656,35.38052],[-76.07084,35.37064],[-76.07868,35.37238],[-76.09128,35.36948],[-76.09604,35.36095],[-76.10269,35.36133],[-76.10935,35.35862],[-76.1125,35.35501],[-76.12194,35.35416],[-76.13074,35.35784],[-76.13692,35.35804],[-76.14262,35.35494],[-76.14167,35.34912],[-76.13736,35.34475],[-76.13977,35.34215],[-76.14515,35.34146],[-76.15086,35.33689],[-76.15192,35.33137],[-76.15567,35.33156],[-76.15617,35.33768],[-76.16164,35.34292],[-76.17423,35.34699],[-76.1835,35.3466],[-76.18754,35.34175],[-76.19729,35.34175],[-76.20014,35.33943],[-76.20347,35.33768],[-76.20584,35.33962],[-76.20489,35.34583],[-76.21202,35.34583],[-76.2163,35.34369],[-76.22105,35.3404],[-76.22296,35.34292],[-76.22319,35.34641],[-76.22961,35.353],[-76.23151,35.35881],[-76.23841,35.36327],[-76.24316,35.36657],[-76.24981,35.36773],[-76.26003,35.36541],[-76.26003,35.35881],[-76.25457,35.35436],[-76.25307,35.35002],[-76.25757,35.3444],[-76.2636,35.34272],[-76.26811,35.34001],[-76.27881,35.34292],[-76.2909,35.34939],[-76.30139,35.3528],[-76.30567,35.35494],[-76.30519,35.36017],[-76.30876,35.36967],[-76.31589,35.3687],[-76.32088,35.37006],[-76.32326,35.37238],[-76.32254,35.38033],[-76.32611,35.38634],[-76.33253,35.38808],[-76.34489,35.39254],[-76.35012,35.38982],[-76.35202,35.38595],[-76.35748,35.38362],[-76.35606,35.378],[-76.3532,35.37548],[-76.35154,35.37413],[-76.34774,35.36521],[-76.34394,35.35688],[-76.34394,35.34932],[-76.34156,35.34234],[-76.35059,35.33982],[-76.36105,35.34156],[-76.37055,35.33749],[-76.37602,35.33555],[-76.37959,35.34156],[-76.37721,35.35843],[-76.38244,35.35901],[-76.38933,35.36037],[-76.39222,35.35701],[-76.39361,35.35203],[-76.39921,35.34889],[-76.40835,35.34699],[-76.41191,35.34641],[-76.41215,35.35067],[-76.41144,35.36133],[-76.42213,35.36269],[-76.4243,35.36505],[-76.4207,35.37103],[-76.41999,35.3749],[-76.41286,35.37568],[-76.40692,35.37393],[-76.3822,35.36812],[-76.37531,35.36385],[-76.36818,35.36114],[-76.36366,35.36424],[-76.36533,35.36967],[-76.36152,35.37374],[-76.36842,35.37917],[-76.36794,35.38227],[-76.37578,35.38537],[-76.38054,35.38614],[-76.38505,35.3842],[-76.38719,35.39447],[-76.39599,35.40106],[-76.39622,35.40687],[-76.38838,35.40784],[-76.38529,35.41501],[-76.38886,35.42566],[-76.39551,35.43167],[-76.4093,35.42895],[-76.41762,35.42508],[-76.41952,35.41791],[-76.42356,35.41385],[-76.42807,35.40881],[-76.43235,35.40494],[-76.43734,35.40339],[-76.43806,35.39854],[-76.43497,35.39273],[-76.43829,35.38827],[-76.44352,35.39505],[-76.45018,35.39408],[-76.4497,35.38963],[-76.45493,35.39118],[-76.45707,35.39699],[-76.45659,35.40009],[-76.46087,35.40397],[-76.4642,35.40358],[-76.46563,35.3997],[-76.47133,35.40435],[-76.47561,35.40455],[-76.48084,35.40455],[-76.48274,35.40222],[-76.47751,35.3966],[-76.47537,35.38905],[-76.47109,35.37936],[-76.46963,35.37373],[-76.47227,35.37138],[-76.48345,35.37451],[-76.49035,35.37761],[-76.49629,35.38168],[-76.50152,35.38808],[-76.50461,35.39099],[-76.51031,35.39738],[-76.5153,35.39622],[-76.5171,35.39418],[-76.53218,35.40125],[-76.54029,35.41066],[-76.53376,35.422],[-76.53307,35.43231],[-76.53812,35.43554],[-76.54145,35.43496],[-76.55245,35.43687],[-76.56545,35.44948],[-76.55808,35.45529],[-76.55285,35.45606],[-76.55,35.45626],[-76.54573,35.4609],[-76.55167,35.46342],[-76.55629,35.46716],[-76.56284,35.47503],[-76.56141,35.48587],[-76.56212,35.49129],[-76.56688,35.49536],[-76.58056,35.5006],[-76.58708,35.5089],[-76.57591,35.50851],[-76.57021,35.51025],[-76.56379,35.51027],[-76.55666,35.50735],[-76.54549,35.50813],[-76.53622,35.50948],[-76.52506,35.50788],[-76.51578,35.50368],[-76.50746,35.50329],[-76.49905,35.50415],[-76.49599,35.50518],[-76.49082,35.50445],[-76.48535,35.50658],[-76.47671,35.51171],[-76.47204,35.51625],[-76.46943,35.51935],[-76.46988,35.52594],[-76.46816,35.52714],[-76.46631,35.53163],[-76.46816,35.53471],[-76.46688,35.53576],[-76.46752,35.53719],[-76.46697,35.53893],[-76.46394,35.54011],[-76.46399,35.54234],[-76.46079,35.54602],[-76.45525,35.5492],[-76.45227,35.55322],[-76.45441,35.55491],[-76.45793,35.55329],[-76.46387,35.55668],[-76.46539,35.55841],[-76.47121,35.55742],[-76.47295,35.55471],[-76.47704,35.55474],[-76.48084,35.55049],[-76.48417,35.53966],[-76.48721,35.53713],[-76.49595,35.53437],[-76.50368,35.53686],[-76.50916,35.53727],[-76.51557,35.53415],[-76.51989,35.53069],[-76.52722,35.53335],[-76.53373,35.53281],[-76.53703,35.52913],[-76.54287,35.53211],[-76.55072,35.53366],[-76.55679,35.52889],[-76.56189,35.53463],[-76.57044,35.5385],[-76.58185,35.54082],[-76.58922,35.54004],[-76.5992,35.53985],[-76.60396,35.53811],[-76.60776,35.53308],[-76.61346,35.53269],[-76.62321,35.52592],[-76.62963,35.51935],[-76.63795,35.51296],[-76.6339,35.50813],[-76.62796,35.50619],[-76.62107,35.49787],[-76.61964,35.49148],[-76.61465,35.48742],[-76.60301,35.48394],[-76.59738,35.48193],[-76.59968,35.47852],[-76.60253,35.47174],[-76.60158,35.46807],[-76.60277,35.46342],[-76.60419,35.45819],[-76.60705,35.45548],[-76.60372,35.44348],[-76.59279,35.4367],[-76.59516,35.43263],[-76.5916,35.42857],[-76.58836,35.42641],[-76.58898,35.42198],[-76.59041,35.41694],[-76.58875,35.41385],[-76.58566,35.41443],[-76.58185,35.40745],[-76.58114,35.40203],[-76.58043,35.39777],[-76.57615,35.39408],[-76.57472,35.38866],[-76.57756,35.38758],[-76.58542,35.38924],[-76.59588,35.38905],[-76.60586,35.39389],[-76.61323,35.39602],[-76.62036,35.3966],[-76.63058,35.3997],[-76.64793,35.40339],[-76.65482,35.40649],[-76.66076,35.41288],[-76.66052,35.41694],[-76.66219,35.41946],[-76.66029,35.42295],[-76.6629,35.42547],[-76.66718,35.4243],[-76.66694,35.42043],[-76.66956,35.41888],[-76.67455,35.41656],[-76.68075,35.41594],[-76.69499,35.41985],[-76.70259,35.42295],[-76.71067,35.42857],[-76.723,35.42612],[-76.72969,35.42644],[-76.73896,35.42702],[-76.74371,35.42682],[-76.74538,35.42411],[-76.75274,35.42237],[-76.75924,35.41891],[-76.76914,35.42682],[-76.77794,35.42818],[-76.78412,35.43302],[-76.80884,35.44057],[-76.81335,35.44425],[-76.81715,35.452],[-76.82286,35.45277],[-76.8309,35.44795],[-76.8461,35.45011],[-76.85922,35.45355],[-76.86968,35.45761],[-76.88038,35.45974],[-76.89915,35.46032],[-76.90605,35.45935],[-76.92245,35.46652],[-76.93148,35.47232],[-76.93623,35.47465],[-76.93932,35.47271],[-76.94625,35.47456],[-76.95097,35.47774],[-76.95762,35.48297],[-76.96238,35.48161],[-76.96784,35.48123],[-76.97355,35.48355],[-76.97921,35.48335],[-76.98258,35.48761],[-76.98781,35.49323],[-76.9998,35.50108],[-77.00777,35.50755],[-77.00968,35.51374],[-77.02441,35.52341],[-77.03891,35.53366],[-77.04295,35.53675],[-77.04961,35.53714],[-77.05317,35.53521],[-77.05412,35.53134],[-77.04889,35.52592],[-77.04271,35.52457],[-77.04057,35.52148],[-77.03416,35.51683],[-77.02251,35.50619],[-77.02132,35.49845],[-77.03083,35.50251],[-77.042,35.50755],[-77.0439,35.50697],[-77.04509,35.50329],[-77.04268,35.50138],[-77.03867,35.4971],[-77.03463,35.49284],[-77.0275,35.48936],[-77.02129,35.48689],[-77.01419,35.48258],[-77.00468,35.47581],[-76.98638,35.47252],[-76.97464,35.45886],[-76.9707,35.44541],[-76.96832,35.43786],[-76.96618,35.43399],[-76.95834,35.43747],[-76.94004,35.44484],[-76.92502,35.4488],[-76.91936,35.44154],[-76.90795,35.43573],[-76.89298,35.43167],[-76.88394,35.42624],[-76.87658,35.42469],[-76.86897,35.42527],[-76.86089,35.42508],[-76.85186,35.42566],[-76.84449,35.42372],[-76.82316,35.40825],[-76.82215,35.40571],[-76.82167,35.3999],[-76.81558,35.39849],[-76.80717,35.39486],[-76.80028,35.39079],[-76.7903,35.39002],[-76.77295,35.39099],[-76.77247,35.38672],[-76.77016,35.38515],[-76.76914,35.38304],[-76.75132,35.37878],[-76.73801,35.3749],[-76.71947,35.3751],[-76.71258,35.3687],[-76.70283,35.36366],[-76.69419,35.3626],[-76.68144,35.3497],[-76.67074,35.34563],[-76.66403,35.3457],[-76.65886,35.34156],[-76.65126,35.34001],[-76.64584,35.34325],[-76.62202,35.34272],[-76.61632,35.34272],[-76.60681,35.32935],[-76.59801,35.33148],[-76.57496,35.33051],[-76.55785,35.3276],[-76.54454,35.32624],[-76.5241,35.32004],[-76.4913,35.31558],[-76.48417,35.31364],[-76.48179,35.30976],[-76.48393,35.30627],[-76.49225,35.30782],[-76.49887,35.30589],[-76.4989,35.29637],[-76.49272,35.29133],[-76.497,35.28357],[-76.49816,35.27955],[-76.49058,35.27794],[-76.47989,35.27911],[-76.47852,35.28008],[-76.47831,35.28141],[-76.48141,35.28642],[-76.47708,35.28666],[-76.47591,35.28425],[-76.4732,35.28181],[-76.46973,35.28089],[-76.46961,35.27971],[-76.47308,35.27905],[-76.47585,35.27678],[-76.47347,35.26882],[-76.46905,35.26683],[-76.46744,35.26134],[-76.47129,35.26208],[-76.47426,35.26366],[-76.47412,35.26568],[-76.47683,35.26629],[-76.47717,35.26787],[-76.47938,35.26902],[-76.48033,35.26757],[-76.48617,35.26596],[-76.49072,35.26271],[-76.49139,35.26009],[-76.48799,35.26074],[-76.48688,35.25985],[-76.4849,35.25991],[-76.48674,35.25585],[-76.4851,35.25247],[-76.48392,35.25171],[-76.48347,35.2498],[-76.48233,35.24888],[-76.48055,35.24877],[-76.47917,35.24728],[-76.48631,35.24689],[-76.49344,35.24612],[-76.49795,35.24282],[-76.50342,35.24068],[-76.49843,35.23408],[-76.4932,35.22573],[-76.49138,35.22075],[-76.49605,35.21699],[-76.50532,35.22263],[-76.5191,35.22534],[-76.52909,35.23117],[-76.54454,35.23233],[-76.55594,35.23389],[-76.56545,35.22923],[-76.56022,35.2234],[-76.55024,35.22204],[-76.53931,35.21855],[-76.52933,35.20806],[-76.52101,35.20612],[-76.51863,35.20224],[-76.52338,35.19311],[-76.52671,35.18476],[-76.53455,35.18456],[-76.53717,35.18786],[-76.53764,35.19233],[-76.54425,35.19365],[-76.54834,35.1898],[-76.56374,35.19476],[-76.57472,35.20088],[-76.58637,35.20204],[-76.59374,35.20107],[-76.59801,35.19835],[-76.60134,35.19738],[-76.60158,35.19233],[-76.59873,35.18786],[-76.60324,35.18845],[-76.60586,35.18728],[-76.60514,35.18417],[-76.60823,35.18242],[-76.61061,35.18339],[-76.61275,35.1799],[-76.61869,35.17873],[-76.62202,35.1764],[-76.62891,35.17465],[-76.63414,35.17426],[-76.63367,35.16066],[-76.62654,35.15989],[-76.6137,35.163],[-76.60396,35.16066],[-76.60015,35.15445],[-76.5954,35.15483],[-76.58661,35.15445],[-76.58375,35.15969],[-76.58399,35.16338],[-76.58803,35.16882],[-76.57995,35.17407],[-76.57258,35.17193],[-76.56925,35.17349],[-76.56545,35.17252],[-76.56379,35.16902],[-76.5645,35.1663],[-76.56094,35.16416],[-76.55024,35.15464],[-76.54715,35.1492],[-76.54382,35.15153],[-76.53955,35.15464],[-76.53635,35.14993],[-76.54216,35.14531],[-76.54596,35.13909],[-76.55119,35.13326],[-76.55713,35.12471],[-76.55927,35.11421],[-76.56521,35.11032],[-76.56664,35.10254],[-76.56949,35.09846],[-76.57686,35.09788],[-76.58875,35.09593],[-76.59516,35.09204],[-76.59231,35.08854],[-76.59255,35.0836],[-76.59493,35.07765],[-76.5973,35.07395],[-76.60348,35.06987],[-76.60942,35.06714],[-76.61774,35.06578],[-76.62986,35.06131],[-76.63723,35.05781],[-76.6408,35.05528],[-76.64104,35.05236],[-76.65163,35.04621],[-76.65815,35.04341],[-76.66243,35.03874],[-76.6686,35.03329],[-76.67462,35.02997],[-76.68001,35.02979],[-76.68334,35.02979],[-76.68928,35.0257],[-76.69689,35.02239],[-76.70252,35.01893],[-76.70424,35.01458],[-76.7064,35.01091],[-76.7102,35.00896],[-76.71162,35.00448],[-76.71971,35.0039],[-76.72993,35.00195],[-76.73682,34.99767],[-76.74823,34.99299],[-76.7575,34.99241],[-76.76419,34.98475],[-76.76748,34.98228],[-76.77118,34.97674],[-76.79077,34.97371],[-76.80099,34.96865],[-76.80361,34.96378],[-76.8067,34.96787],[-76.81142,34.968],[-76.82048,34.97099],[-76.83657,34.98159],[-76.84354,34.98793],[-76.85708,34.99669],[-76.86683,35.00164],[-76.87087,35.00214],[-76.87467,35.00273],[-76.88299,35.00954],[-76.88941,35.01499],[-76.89749,35.02005],[-76.90106,35.02511],[-76.90868,35.02842],[-76.91389,35.02803],[-76.91437,35.02492],[-76.91983,35.02881],[-76.9248,35.02924],[-76.93404,35.03423],[-76.93314,35.03543],[-76.92934,35.03835],[-76.93029,35.04185],[-76.93985,35.04526],[-76.94075,35.0436],[-76.94574,35.04496],[-76.94669,35.04847],[-76.95287,35.05722],[-76.95715,35.05664],[-76.9638,35.058],[-76.9726,35.05644],[-76.97759,35.06014],[-76.98757,35.06559],[-76.98733,35.06929],[-76.99212,35.0718],[-76.99779,35.07668],[-77.00107,35.08499],[-77.00933,35.09606],[-77.01039,35.10118],[-77.01372,35.10332],[-77.01895,35.10274],[-77.01776,35.10838],[-77.01728,35.11149],[-77.01966,35.11596],[-77.02275,35.12121],[-77.02703,35.12471],[-77.02822,35.12859],[-77.03035,35.13307],[-77.03297,35.13579],[-77.03653,35.13618],[-77.03891,35.13967],[-77.04295,35.1424],[-77.04889,35.14415],[-77.05388,35.14745],[-77.05959,35.14687],[-77.06149,35.14415],[-77.0603,35.14084],[-77.05197,35.13445],[-77.05103,35.13112],[-77.0527,35.12723],[-77.05032,35.12646],[-77.04319,35.12179],[-77.03462,35.11119],[-77.03439,35.10371],[-77.0363,35.10235],[-77.03772,35.09924],[-77.03392,35.09224],[-77.03035,35.09029],[-77.02536,35.08349],[-77.01633,35.08037],[-77.01514,35.0759],[-77.01467,35.06812],[-76.99874,35.05489],[-76.99351,35.04711],[-76.98926,35.04379],[-76.98567,35.02726],[-76.981,35.01673],[-76.97997,35.00915],[-76.97741,35.00493],[-76.97046,34.99728],[-76.95168,34.98715],[-76.94099,34.97917],[-76.93576,34.97313],[-76.92625,34.96982],[-76.89583,34.95774],[-76.89393,34.95385],[-76.89464,34.95054],[-76.88917,34.9482],[-76.86826,34.94761],[-76.854,34.94157],[-76.85352,34.93768],[-76.84782,34.93631],[-76.8326,34.93923],[-76.82738,34.94118],[-76.81861,34.93962],[-76.81121,34.93923],[-76.80435,34.93469],[-76.78767,34.92893],[-76.76082,34.91585],[-76.75346,34.9178],[-76.75251,34.92189],[-76.74538,34.92228],[-76.74371,34.92638],[-76.74561,34.93027],[-76.74086,34.93164],[-76.73706,34.93086],[-76.73349,34.92735],[-76.7266,34.92793],[-76.71804,34.93612],[-76.70758,34.95424],[-76.69998,34.95677],[-76.68643,34.95638],[-76.67978,34.95385],[-76.67645,34.95891],[-76.67574,34.96437],[-76.6774,34.96651],[-76.6769,34.96881],[-76.66617,34.97402],[-76.66195,34.98014],[-76.65743,34.98248],[-76.64555,34.98403],[-76.63105,34.98871],[-76.61869,34.98793],[-76.6061,34.98481],[-76.5897,34.97761],[-76.57852,34.97625],[-76.57464,34.98345],[-76.58019,34.98774],[-76.57971,34.99007],[-76.57353,34.99299],[-76.5664,34.99533],[-76.5647,34.99834],[-76.55618,35.0],[-76.54359,35.00195],[-76.52786,35.00258],[-76.51411,35.00448],[-76.51157,35.00507],[-76.51007,34.99669],[-76.50484,34.99241],[-76.49795,34.98501],[-76.4913,34.9854],[-76.48417,34.98812],[-76.48322,34.99163],[-76.48961,34.99374],[-76.49201,35.00039],[-76.49748,35.00818],[-76.49588,35.01166],[-76.48868,35.01519],[-76.48654,35.02044],[-76.49272,35.02064],[-76.49391,35.02317],[-76.49046,35.03115],[-76.48581,35.0406],[-76.48226,35.04438],[-76.47941,35.04438],[-76.47704,35.03815],[-76.47133,35.0438],[-76.46468,35.04672],[-76.46777,35.05314],[-76.47062,35.05839],[-76.47751,35.05839],[-76.47276,35.06929],[-76.47038,35.0757],[-76.46347,35.07641],[-76.45422,35.06948],[-76.45089,35.06695],[-76.45065,35.06287],[-76.44614,35.05839],[-76.4402,35.05975],[-76.43576,35.05794],[-76.43257,35.04906],[-76.43497,35.04263],[-76.43306,35.03348],[-76.42403,35.02901],[-76.42261,35.02667],[-76.43045,35.02823],[-76.43354,35.02648],[-76.43758,35.02453],[-76.43592,35.02064],[-76.44043,35.0146],[-76.43687,35.00545],[-76.43592,35.00098],[-76.43164,34.99903],[-76.42546,35.00146],[-76.42332,34.98871],[-76.42213,34.98092],[-76.42237,34.97722],[-76.42997,34.96865],[-76.42284,34.95073],[-76.41524,34.95307],[-76.40882,34.96203],[-76.40312,34.96339],[-76.40027,34.95755],[-76.39836,34.94547],[-76.38743,34.95112],[-76.38482,34.95969],[-76.3803,34.97021],[-76.38268,34.97819],[-76.38149,34.97917],[-76.37815,34.97861],[-76.37601,34.97386],[-76.37008,34.97235],[-76.36343,34.96923],[-76.36176,34.97644],[-76.35511,34.97138],[-76.34675,34.9719],[-76.34394,34.9704],[-76.34037,34.96631],[-76.3349,34.96729],[-76.3349,34.9706],[-76.33204,34.97092],[-76.32967,34.96456],[-76.32444,34.96047],[-76.31945,34.96592],[-76.32064,34.97547],[-76.32789,34.98133],[-76.32956,34.9869],[-76.33395,34.99241],[-76.34037,34.99728],[-76.35083,35.01558],[-76.36082,35.02597],[-76.36746,35.03115],[-76.36865,35.03465],[-76.36414,35.0366],[-76.35229,35.03308],[-76.33539,35.02685],[-76.3292,35.02317],[-76.31855,35.02065],[-76.29368,35.00963],[-76.24931,35.00067],[-76.24387,34.99689],[-76.24696,34.98735],[-76.25076,34.98131],[-76.25671,34.97702],[-76.26241,34.97527],[-76.27429,34.98715],[-76.28808,34.9963],[-76.29759,34.99436],[-76.30567,34.99144],[-76.29967,34.98413],[-76.29545,34.97508],[-76.28927,34.96807],[-76.27786,34.96066],[-76.27667,34.95404],[-76.27857,34.94995],[-76.28119,34.94664],[-76.27952,34.94138],[-76.28594,34.93807],[-76.29236,34.93787],[-76.29783,34.93456],[-76.29592,34.92988],[-76.2976,34.92366],[-76.31351,34.92676],[-76.32658,34.93436],[-76.33205,34.93592],[-76.33609,34.93397],[-76.34085,34.93339],[-76.34132,34.92482],[-76.33419,34.9215],[-76.33989,34.91839],[-76.3368,34.90981],[-76.32967,34.90864],[-76.31755,34.90767],[-76.31409,34.90632],[-76.31997,34.89775],[-76.32611,34.89207],[-76.33137,34.88488],[-76.33847,34.88154],[-76.34156,34.87881],[-76.34489,34.87803],[-76.34679,34.87335],[-76.36827,34.87288],[-76.37716,34.86755],[-76.37964,34.86258],[-76.38301,34.86105],[-76.3822,34.85697],[-76.38648,34.85541],[-76.39314,34.85756],[-76.39575,34.86087],[-76.39884,34.86575],[-76.39622,34.87043],[-76.39195,34.87394],[-76.39171,34.87862],[-76.3967,34.88388],[-76.4024,34.88661],[-76.40573,34.8831],[-76.40526,34.87686],[-76.40763,34.87082],[-76.41001,34.86146],[-76.40882,34.85463],[-76.41161,34.84127],[-76.415,34.83825],[-76.41215,34.8322],[-76.41524,34.82771],[-76.41857,34.82673],[-76.42403,34.83259],[-76.4276,34.83142],[-76.4314,34.82888],[-76.43425,34.82303],[-76.43687,34.81874],[-76.444,34.81581],[-76.44947,34.81483],[-76.45137,34.808],[-76.46302,34.78508],[-76.46599,34.78043],[-76.47181,34.77677],[-76.47305,34.76938],[-76.47965,34.7633],[-76.48464,34.76096],[-76.48535,34.75491],[-76.48797,34.7551],[-76.48797,34.75822],[-76.49058,34.76252],[-76.49795,34.76389],[-76.49962,34.7594],[-76.50413,34.75861],[-76.50722,34.75705],[-76.51411,34.75432],[-76.51211,34.75144],[-76.51007,34.74768],[-76.50318,34.74475],[-76.5008,34.74084],[-76.50152,34.73733],[-76.49843,34.73205],[-76.49985,34.72935],[-76.50271,34.72951],[-76.5058,34.72932],[-76.50674,34.72619],[-76.51031,34.72346],[-76.51269,34.72033],[-76.51578,34.71955],[-76.51982,34.71877],[-76.52172,34.72111],[-76.52481,34.72131],[-76.53004,34.7219],[-76.53408,34.72346],[-76.53693,34.72053],[-76.54029,34.71905],[-76.54858,34.72326],[-76.55309,34.7258],[-76.55642,34.72424],[-76.56165,34.72287],[-76.5664,34.72287],[-76.57567,34.7217],[-76.58209,34.73127],[-76.58138,34.73459],[-76.57805,34.73479],[-76.5752,34.73967],[-76.57712,34.7441],[-76.58589,34.75666],[-76.58417,34.76033],[-76.57757,34.76037],[-76.57781,34.76662],[-76.57567,34.76838],[-76.57876,34.77287],[-76.58423,34.77191],[-76.58566,34.76994],[-76.59374,34.7717],[-76.59762,34.77724],[-76.59944,34.7838],[-76.60443,34.78985],[-76.61727,34.7879],[-76.61719,34.78263],[-76.61489,34.77677],[-76.6175,34.76799],[-76.61869,34.76037],[-76.61774,34.75315],[-76.62154,34.74885],[-76.62416,34.74651],[-76.62245,34.73756],[-76.62487,34.73381],[-76.62226,34.72834],[-76.62725,34.72463],[-76.62701,34.71936],[-76.6156,34.71017],[-76.61937,34.70419],[-76.64222,34.70783],[-76.64935,34.70939],[-76.65529,34.70998],[-76.66979,34.71115],[-76.67273,34.71468],[-76.67829,34.71478],[-76.68072,34.71259],[-76.68061,34.70868],[-76.67933,34.70678],[-76.68072,34.7062],[-76.68281,34.70725],[-76.68721,34.70992],[-76.68988,34.71392],[-76.69046,34.71602],[-76.69475,34.71583],[-76.70344,34.71525],[-76.70657,34.71735],[-76.71402,34.71576],[-76.71596,34.71649],[-76.71665,34.71868],[-76.71897,34.7184],[-76.72092,34.71797],[-76.73438,34.72116],[-76.75582,34.72249],[-76.76011,34.72154],[-76.76846,34.7244],[-76.77332,34.7243],[-76.78016,34.72478],[-76.78259,34.72526],[-76.78642,34.72497],[-76.79384,34.72583],[-76.80079,34.72507],[-76.80705,34.72507],[-76.81099,34.72583],[-76.81887,34.7263],[-76.82895,34.72764],[-76.8359,34.72792],[-76.84193,34.72935],[-76.84657,34.7285],[-76.8519,34.72735],[-76.857,34.72764],[-76.86152,34.72754],[-76.86916,34.72707],[-76.87519,34.72621],[-76.87728,34.7263],[-76.88156,34.72707],[-76.88562,34.72697],[-76.89199,34.72545],[-76.89559,34.72545],[-76.89976,34.72688],[-76.90266,34.72649],[-76.90729,34.72259],[-76.91111,34.72121],[-76.91529,34.7204],[-76.91975,34.7202],[-76.92862,34.71726],[-76.93244,34.71621],[-76.93638,34.71726],[-76.93917,34.7162],[-76.94055,34.71373],[-76.94531,34.71116],[-76.95075,34.71125],[-76.954,34.70944],[-76.96014,34.70887],[-76.96188,34.70725],[-76.96756,34.70678],[-76.97022,34.70906],[-76.97173,34.70925],[-76.97254,34.70801],[-76.97521,34.70516],[-76.97764,34.70325],[-76.981,34.70163],[-76.98633,34.70106],[-76.99027,34.69896],[-76.99566,34.69688],[-76.99896,34.69506],[-77.00186,34.69449],[-77.00395,34.69296],[-77.00522,34.69247],[-77.00847,34.69344],[-77.00905,34.69506],[-77.00881,34.69668],[-77.01194,34.69629],[-77.0144,34.69528],[-77.01716,34.69458],[-77.01716,34.69201],[-77.01611,34.68991],[-77.01693,34.68782],[-77.01815,34.68735],[-77.01994,34.68839],[-77.02226,34.68944],[-77.02411,34.68896],[-77.02562,34.68829],[-77.02712,34.68658],[-77.02828,34.68486],[-77.02875,34.68248],[-77.0305,34.68181],[-77.03385,34.68143],[-77.0366,34.68235],[-77.03837,34.68648],[-77.04034,34.68953],[-77.04219,34.68972],[-77.04335,34.68677],[-77.04543,34.68515],[-77.04824,34.68395],[-77.04949,34.68467],[-77.05135,34.68629],[-77.05355,34.68762],[-77.05621,34.68734],[-77.05668,34.68629],[-77.05401,34.68172],[-77.05482,34.68095],[-77.05923,34.68029],[-77.0612,34.67943],[-77.06479,34.67981],[-77.06977,34.67857],[-77.07383,34.67819],[-77.07803,34.67626],[-77.08125,34.67657],[-77.08356,34.676],[-77.08322,34.67438],[-77.08333,34.67323],[-77.09272,34.67295],[-77.10025,34.67438],[-77.105,34.67552],[-77.10918,34.67752],[-77.113,34.68143],[-77.11277,34.68248],[-77.11706,34.68696],[-77.12274,34.68524],[-77.12586,34.68524],[-77.12668,34.6841],[-77.13027,34.68257],[-77.13192,34.68022],[-77.13502,34.68],[-77.13618,34.67829],[-77.13676,34.67676],[-77.13514,34.67485],[-77.13363,34.67276],[-77.1378,34.67028],[-77.14139,34.6698],[-77.14719,34.66971],[-77.15461,34.6679],[-77.15553,34.66628],[-77.15333,34.66494],[-77.15182,34.66437],[-77.15171,34.66313],[-77.15333,34.66122],[-77.15515,34.65995],[-77.16341,34.65369],[-77.16979,34.65017],[-77.17408,34.64807],[-77.17933,34.64427],[-77.18845,34.64044],[-77.19343,34.63863],[-77.20157,34.63432],[-77.20281,34.63408],[-77.20352,34.63455],[-77.20471,34.63427],[-77.20475,34.63344],[-77.20768,34.62881],[-77.21162,34.62347],[-77.22553,34.61221],[-77.23176,34.60796],[-77.23996,34.60338],[-77.24237,34.60004],[-77.24273,34.59584],[-77.24065,34.59425],[-77.2372,34.59408],[-77.23488,34.59456],[-77.23395,34.59421],[-77.23366,34.59301],[-77.24948,34.58334],[-77.25872,34.57788],[-77.26755,34.57215],[-77.28,34.5629],[-77.30704,34.54514],[-77.32546,34.53491],[-77.33592,34.53107],[-77.3409,34.53037],[-77.34486,34.52536],[-77.41121,34.49642],[-77.46292,34.47135],[-77.49208,34.4563],[-77.53148,34.43319],[-77.55694,34.41722],[-77.5827,34.40068],[-77.61612,34.37557],[-77.64878,34.34844],[-77.66719,34.33819],[-77.68906,34.32033],[-77.71332,34.29488],[-77.74014,34.27255],[-77.76402,34.24564],[-77.77533,34.23332],[-77.82937,34.16325],[-77.83898,34.14789],[-77.84431,34.13775],[-77.84964,34.12608],[-77.86134,34.10286],[-77.86871,34.08793],[-77.87097,34.08378],[-77.87711,34.0831],[-77.87948,34.08058],[-77.87521,34.07473],[-77.88036,34.06069],[-77.89108,34.0349],[-77.91554,33.97172],[-77.91972,33.96756],[-77.92831,33.94549],[-77.94657,33.91226],[-77.95336,33.89565],[-77.95688,33.87779],[-77.96017,33.85332],[-77.96049,33.84315],[-77.96279,33.84232],[-77.97142,33.8473],[-77.99595,33.85509],[-78.00541,33.86013],[-78.00833,33.86417],[-78.00879,33.86822],[-78.00494,33.87041],[-78.00163,33.87718],[-77.99822,33.88006],[-77.99361,33.88198],[-77.98978,33.888],[-77.98764,33.8957],[-77.98903,33.90245],[-77.99591,33.90564],[-78.00342,33.90747],[-78.01204,33.90575],[-78.01697,33.90235],[-78.01757,33.89587],[-78.0145,33.89227],[-78.01639,33.88857],[-78.02067,33.88827],[-78.02827,33.89047],[-78.05798,33.89751],[-78.07151,33.90163],[-78.12035,33.91031],[-78.13695,33.91218],[-78.17772,33.91427],[-78.22982,33.91286],[-78.234,33.9149],[-78.23435,33.91679],[-78.23923,33.91745],[-78.24784,33.91478],[-78.31534,33.90965],[-78.35025,33.90573],[-78.36454,33.90275],[-78.37309,33.90239],[-78.38023,33.90334],[-78.38712,33.90196],[-78.39116,33.899],[-78.40239,33.89581],[-78.42681,33.88992],[-78.50832,33.86679],[-78.54052,33.85271],[-78.54186,33.85296],[-78.54732,33.85648],[-78.61593,33.91552],[-78.66253,33.95452],[-78.70277,33.98927],[-78.71014,33.99469],[-78.71221,33.99673],[-78.87475,34.13439],[-79.07117,34.29924],[-79.14324,34.35982],[-79.15148,34.36675],[-79.19074,34.39975],[-79.19204,34.40104],[-79.19898,34.4067],[-79.24976,34.44977],[-79.30665,34.50043],[-79.32325,34.51463],[-79.32485,34.51628],[-79.33133,34.52187],[-79.35832,34.54536],[-79.45003,34.62104],[-79.45977,34.62903],[-79.46872,34.63532],[-79.4716,34.6372],[-79.4793,34.64464],[-79.4902,34.65382],[-79.51904,34.67732],[-79.55445,34.70636],[-79.56169,34.712],[-79.63158,34.76884],[-79.63422,34.77101],[-79.6753,34.80474],[-79.68809,34.8049],[-79.6902,34.80494],[-79.74412,34.80565],[-79.74492,34.80569],[-79.77283,34.80595],[-79.77361,34.80593],[-79.87069,34.80538],[-79.92762,34.80656],[-80.02746,34.80873],[-80.04276,34.8091],[-80.07291,34.80974],[-80.07722,34.80972],[-80.09802,34.81015],[-80.09899,34.81015],[-80.23396,34.81293],[-80.39987,34.81513],[-80.41701,34.81551],[-80.41843,34.81562],[-80.41959,34.81558],[-80.4259,34.81581],[-80.43484,34.81597],[-80.45166,34.8164],[-80.49181,34.8168],[-80.49979,34.81726],[-80.56166,34.81748],[-80.62122,34.81817],[-80.62608,34.81822],[-80.64466,34.81857],[-80.6466,34.81859],[-80.77771,34.8197],[-80.79754,34.81979],[-80.78204,34.93578],[-80.80646,34.96289],[-80.82156,34.97969],[-80.88489,35.05351],[-80.90655,35.07676],[-80.93495,35.10741],[-80.95787,35.09264],[-81.04149,35.0447],[-81.05002,35.05525],[-81.0557,35.06012],[-81.05765,35.06243],[-81.05803,35.07319],[-81.05724,35.08613],[-81.05208,35.09628],[-81.05008,35.09882],[-81.04652,35.10062],[-81.03737,35.10254],[-81.03496,35.1041],[-81.03281,35.10805],[-81.03247,35.11003],[-81.03301,35.11375],[-81.03676,35.12255],[-81.03897,35.1263],[-81.05042,35.13105],[-81.05104,35.13165],[-81.0512,35.13324],[-81.04783,35.14374],[-81.04709,35.14516],[-81.04439,35.14792],[-81.04341,35.14839],[-81.04287,35.14925],[-81.04363,35.14988],[-81.1093,35.15411],[-81.23936,35.15997],[-81.24169,35.16008],[-81.36669,35.16489],[-81.4524,35.16829],[-81.4934,35.16995],[-81.49426,35.16988],[-81.58168,35.17308],[-81.71626,35.17885],[-81.80208,35.1814],[-81.87443,35.18411],[-81.92561,35.1855],[-82.00142,35.18849],[-82.08959,35.1907],[-82.13895,35.19312],[-82.16768,35.1937],[-82.17687,35.19379],[-82.18551,35.19436],[-82.19548,35.19495],[-82.21622,35.19604],[-82.23091,35.19678],[-82.25751,35.19864],[-82.27492,35.20007],[-82.28252,35.19986],[-82.28845,35.19861],[-82.29535,35.19497],[-82.30717,35.19301],[-82.31486,35.19109],[-82.31587,35.19068],[-82.31787,35.18786],[-82.32335,35.18479],[-82.32692,35.18506],[-82.33055,35.18677],[-82.33078,35.18903],[-82.33298,35.19065],[-82.33393,35.19066],[-82.33801,35.18901],[-82.33951,35.18893],[-82.34013,35.18919],[-82.34119,35.19151],[-82.34455,35.19311],[-82.35009,35.19286],[-82.36147,35.19083],[-82.36326,35.18964],[-82.36355,35.188],[-82.36348,35.18621],[-82.3643,35.18473],[-82.36899,35.18175],[-82.3713,35.18145],[-82.37322,35.1822],[-82.37681,35.18443],[-82.37971,35.18688],[-82.38222,35.18959],[-82.38259,35.19249],[-82.38139,35.19397],[-82.37919,35.19589],[-82.37874,35.19805],[-82.38052,35.20228],[-82.38378,35.20765],[-82.38403,35.21054],[-82.39044,35.2154],[-82.39293,35.2154],[-82.3957,35.21321],[-82.40335,35.20447],[-82.4113,35.20248],[-82.4176,35.20013],[-82.41974,35.19861],[-82.42446,35.19309],[-82.428,35.18322],[-82.42582,35.18208],[-82.42596,35.18104],[-82.42681,35.17892],[-82.42834,35.17874],[-82.43067,35.1783],[-82.43169,35.17641],[-82.43137,35.17386],[-82.43185,35.17272],[-82.43373,35.1718],[-82.43516,35.16993],[-82.43468,35.16828],[-82.43569,35.16772],[-82.43767,35.16779],[-82.43959,35.16586],[-82.44362,35.1661],[-82.44807,35.16522],[-82.45046,35.16612],[-82.45713,35.16395],[-82.45764,35.16684],[-82.45483,35.17008],[-82.45161,35.1727],[-82.45299,35.17469],[-82.45431,35.17741],[-82.45561,35.17742],[-82.46009,35.17814],[-82.46799,35.17463],[-82.47231,35.17462],[-82.47614,35.17549],[-82.48394,35.1738],[-82.48736,35.17249],[-82.49077,35.16971],[-82.49502,35.16451],[-82.49846,35.16295],[-82.50368,35.16593],[-82.50494,35.16573],[-82.50614,35.16389],[-82.50791,35.16241],[-82.51154,35.16327],[-82.51309,35.16309],[-82.51604,35.16344],[-82.51728,35.16264],[-82.51887,35.16222],[-82.51921,35.16104],[-82.51993,35.1591],[-82.5214,35.15885],[-82.52593,35.15675],[-82.52997,35.15562],[-82.53209,35.15601],[-82.5351,35.15477],[-82.53647,35.15478],[-82.53734,35.1562],[-82.53597,35.15866],[-82.53675,35.16009],[-82.54058,35.16128],[-82.54164,35.16207],[-82.54505,35.16231],[-82.54637,35.16373],[-82.54744,35.16244],[-82.54991,35.16158],[-82.55327,35.16165],[-82.55576,35.15935],[-82.55616,35.15784],[-82.55487,35.15464],[-82.55333,35.15349],[-82.55617,35.15174],[-82.55859,35.15093],[-82.56081,35.15164],[-82.56377,35.15158],[-82.56619,35.15012],[-82.56749,35.14769],[-82.56991,35.14527],[-82.57832,35.1421],[-82.58069,35.14174],[-82.58184,35.14235],[-82.58603,35.14314],[-82.58816,35.14293],[-82.59243,35.139],[-82.59814,35.13773],[-82.60236,35.13904],[-82.60971,35.13904],[-82.61244,35.13823],[-82.61387,35.13753],[-82.6144,35.1367],[-82.61799,35.13527],[-82.62118,35.13464],[-82.62485,35.13043],[-82.62644,35.1279],[-82.62903,35.12615],[-82.63624,35.1255],[-82.63583,35.12761],[-82.63675,35.12932],[-82.63648,35.13036],[-82.64016,35.13004],[-82.64104,35.13232],[-82.64331,35.13043],[-82.6453,35.12681],[-82.64869,35.12677],[-82.65219,35.12605],[-82.65175,35.12336],[-82.65351,35.12197],[-82.65786,35.11939],[-82.66238,35.11812],[-82.66797,35.11879],[-82.66905,35.12062],[-82.66997,35.11985],[-82.67327,35.11748],[-82.67446,35.11847],[-82.67332,35.121],[-82.67328,35.12339],[-82.67462,35.12644],[-82.67655,35.1268],[-82.68144,35.12792],[-82.68363,35.12583],[-82.68708,35.12512],[-82.6865,35.12182],[-82.68674,35.11979],[-82.68764,35.11929],[-82.69245,35.11867],[-82.69355,35.11688],[-82.69463,35.11474],[-82.69326,35.11305],[-82.69071,35.1115],[-82.68728,35.11067],[-82.68716,35.10931],[-82.68648,35.10816],[-82.68846,35.10635],[-82.68963,35.10412],[-82.6949,35.09846],[-82.69768,35.09573],[-82.69878,35.09572],[-82.7005,35.10076],[-82.70215,35.09911],[-82.70544,35.09802],[-82.70715,35.09654],[-82.7153,35.09294],[-82.72044,35.09327],[-82.72346,35.09434],[-82.72701,35.09414],[-82.72896,35.09198],[-82.72952,35.09059],[-82.73011,35.08828],[-82.734,35.08547],[-82.7359,35.0827],[-82.73838,35.07945],[-82.74326,35.07869],[-82.74888,35.08109],[-82.75181,35.07989],[-82.7523,35.07689],[-82.75127,35.07346],[-82.75416,35.06963],[-82.7577,35.06802],[-82.76446,35.06818],[-82.77005,35.06548],[-82.77738,35.06414],[-82.78197,35.06682],[-82.78055,35.06904],[-82.77993,35.07044],[-82.77993,35.07221],[-82.77741,35.07688],[-82.77636,35.08135],[-82.77865,35.08358],[-82.78106,35.08449],[-82.78328,35.0856],[-82.78787,35.08502],[-82.80977,35.07875],[-82.8975,35.05602],[-82.99987,35.02995],[-83.10857,35.00135],[-83.10956,35.0012],[-83.11315,35.00124],[-83.19041,34.99946],[-83.32277,34.99587],[-83.54938,34.99249],[-83.62019,34.99209],[-83.61998,34.98659],[-83.74989,34.98769],[-83.8311,34.98729],[-83.93665,34.98748],[-84.02136,34.98743],[-84.02995,34.98732],[-84.12955,34.9875],[-84.32187,34.98841],[-84.31002,35.07888],[-84.30858,35.09276],[-84.30844,35.09317],[-84.30481,35.1217],[-84.29801,35.16747],[-84.29524,35.18244],[-84.29232,35.20668],[-84.29024,35.22557],[-84.28962,35.22468],[-84.28798,35.22447],[-84.28322,35.22658],[-84.28252,35.22788],[-84.27542,35.23478],[-84.26032,35.24188],[-84.25772,35.24618],[-84.25282,35.24948],[-84.24302,35.25318],[-84.24022,35.25518],[-84.23182,35.26478],[-84.22782,35.26788],[-84.22372,35.26908],[-84.21632,35.26798],[-84.21182,35.26608],[-84.20552,35.25968],[-84.20532,35.25828],[-84.20288,35.25577],[-84.20172,35.24778],[-84.20012,35.24468],[-84.19912,35.24368],[-84.19222,35.24308],[-84.18842,35.23998],[-84.17852,35.24068],[-84.17702,35.24238],[-84.17042,35.24578],[-84.16862,35.24578],[-84.16132,35.24348],[-84.16042,35.24388],[-84.15892,35.24588],[-84.15532,35.24648],[-84.14312,35.24688],[-84.13971,35.24618],[-84.13641,35.24478],[-84.1325,35.24208],[-84.12981,35.24178],[-84.12792,35.24108],[-84.12641,35.24138],[-84.12571,35.24278],[-84.12681,35.24648],[-84.12561,35.24938],[-84.12492,35.24983],[-84.12361,35.24974],[-84.12115,35.25064],[-84.12011,35.25198],[-84.11891,35.25228],[-84.11661,35.25143],[-84.11528,35.25044],[-84.11505,35.24976],[-84.11441,35.24908],[-84.11331,35.24898],[-84.11118,35.24957],[-84.11018,35.25046],[-84.10903,35.24963],[-84.10845,35.25033],[-84.1067,35.25151],[-84.10523,35.25022],[-84.10419,35.25018],[-84.10313,35.24878],[-84.10227,35.24811],[-84.10073,35.24836],[-84.09807,35.24721],[-84.09221,35.24998],[-84.08291,35.25708],[-84.08281,35.25888],[-84.08112,35.26115],[-84.07471,35.26318],[-84.07061,35.26378],[-84.06371,35.26668],[-84.05571,35.26818],[-84.05261,35.26998],[-84.04271,35.27838],[-84.03601,35.28868],[-84.02791,35.29278],[-84.02351,35.29578],[-84.02141,35.30138],[-84.02651,35.30928],[-84.02871,35.31038],[-84.03501,35.31198],[-84.03571,35.31288],[-84.03551,35.31778],[-84.03248,35.32532],[-84.03245,35.32653],[-84.03221,35.32858],[-84.03041,35.33048],[-84.02938,35.3332],[-84.03127,35.33644],[-84.03243,35.33684],[-84.03619,35.33767],[-84.0363,35.33916],[-84.03557,35.34149],[-84.03397,35.34277],[-84.03833,35.34781],[-84.0369,35.35067],[-84.03434,35.35095],[-84.0328,35.35191],[-84.03247,35.35259],[-84.02911,35.35355],[-84.02476,35.3539],[-84.02346,35.35422],[-84.02019,35.3575],[-84.01919,35.35957],[-84.01512,35.36487],[-84.00759,35.37166],[-84.00831,35.37888],[-84.00981,35.38268],[-84.01121,35.38438],[-84.01061,35.38618],[-84.00821,35.38968],[-84.00821,35.39038],[-84.01411,35.39778],[-84.01521,35.39848],[-84.01811,35.39908],[-84.01881,35.39978],[-84.02151,35.40418],[-84.02178,35.40742],[-84.02311,35.40968],[-84.02301,35.41168],[-84.02121,35.41208],[-84.01761,35.41118],[-84.01471,35.41198],[-84.01171,35.41538],[-84.00531,35.42088],[-84.00225,35.42255],[-83.99991,35.4252],[-83.99924,35.42614],[-83.99815,35.43079],[-83.99662,35.43376],[-83.99257,35.43807],[-83.98323,35.44235],[-83.97829,35.44782],[-83.97306,35.44892],[-83.97317,35.45258],[-83.97144,35.45515],[-83.96985,35.45544],[-83.96666,35.45494],[-83.96523,35.4554],[-83.9614,35.4595],[-83.96105,35.46284],[-83.96105,35.46414],[-83.95782,35.46421],[-83.95542,35.46346],[-83.95288,35.46064],[-83.94939,35.46116],[-83.94299,35.46508],[-83.94217,35.46725],[-83.93702,35.47151],[-83.92974,35.47333],[-83.9249,35.47388],[-83.91956,35.47337],[-83.9168,35.47361],[-83.91177,35.47603],[-83.90927,35.47971],[-83.90804,35.4844],[-83.90561,35.48906],[-83.90153,35.49103],[-83.90034,35.49309],[-83.9002,35.49419],[-83.9014,35.49528],[-83.90138,35.49655],[-83.89567,35.50187],[-83.89303,35.50225],[-83.89207,35.50309],[-83.88426,35.51275],[-83.88256,35.51718],[-83.88007,35.51875],[-83.87263,35.52114],[-83.86641,35.52091],[-83.85926,35.52185],[-83.8539,35.52106],[-83.8485,35.51926],[-83.8402,35.52156],[-83.8319,35.52477],[-83.82743,35.52465],[-83.82559,35.52383],[-83.8098,35.53431],[-83.80871,35.53641],[-83.80243,35.54159],[-83.7868,35.5472],[-83.78013,35.55039],[-83.77309,35.55747],[-83.77174,35.56212],[-83.76461,35.56154],[-83.75968,35.56249],[-83.75692,35.5636],[-83.74989,35.56115],[-83.73567,35.56546],[-83.73295,35.56315],[-83.72346,35.56187],[-83.72079,35.56335],[-83.7072,35.56853],[-83.70385,35.56848],[-83.7021,35.56763],[-83.70066,35.56762],[-83.69783,35.56835],[-83.68415,35.56885],[-83.67627,35.57029],[-83.67309,35.56897],[-83.66627,35.56939],[-83.66296,35.56914],[-83.66093,35.56821],[-83.65793,35.56921],[-83.65316,35.56831],[-83.64548,35.56582],[-83.6405,35.56607],[-83.63718,35.5671],[-83.63583,35.56817],[-83.63236,35.56909],[-83.62973,35.56789],[-83.61531,35.57403],[-83.60889,35.57945],[-83.60481,35.57934],[-83.60185,35.57823],[-83.59427,35.57291],[-83.58783,35.56696],[-83.58714,35.56402],[-83.58559,35.56294],[-83.582,35.56268],[-83.57635,35.56402],[-83.57242,35.56552],[-83.56609,35.56599],[-83.55926,35.5648],[-83.55217,35.56435],[-83.54083,35.5657],[-83.53417,35.56467],[-83.52047,35.5656],[-83.51756,35.56287],[-83.49833,35.56298],[-83.49165,35.56687],[-83.48553,35.5682],[-83.48062,35.57663],[-83.47852,35.5792],[-83.47932,35.58276],[-83.47908,35.58332],[-83.47537,35.58478],[-83.47268,35.58655],[-83.47267,35.58913],[-83.47136,35.5903],[-83.46268,35.5926],[-83.45572,35.59804],[-83.45243,35.60292],[-83.44714,35.60866],[-83.4458,35.6118],[-83.4412,35.61174],[-83.4323,35.60994],[-83.42158,35.61119],[-83.42096,35.6116],[-83.42037,35.61347],[-83.41185,35.61692],[-83.40606,35.62018],[-83.40357,35.62131],[-83.39663,35.62272],[-83.39265,35.6251],[-83.3886,35.63235],[-83.38872,35.63358],[-83.38025,35.6347],[-83.37798,35.6345],[-83.37678,35.63664],[-83.37371,35.63893],[-83.37217,35.63931],[-83.37037,35.6382],[-83.36816,35.6382],[-83.36694,35.63873],[-83.35821,35.64728],[-83.3562,35.65002],[-83.35537,35.65234],[-83.35554,35.65463],[-83.35378,35.65748],[-83.35156,35.65986],[-83.34925,35.66085],[-83.34726,35.66047],[-83.33768,35.66307],[-83.33496,35.66547],[-83.3211,35.66282],[-83.3179,35.65901],[-83.31276,35.65481],[-83.31049,35.65445],[-83.30228,35.65606],[-83.29715,35.65775],[-83.29368,35.66192],[-83.29108,35.66713],[-83.29068,35.67264],[-83.28916,35.67451],[-83.28118,35.6778],[-83.27548,35.67946],[-83.27138,35.68148],[-83.26928,35.6854],[-83.26539,35.68753],[-83.26125,35.68917],[-83.25812,35.69192],[-83.25561,35.69606],[-83.25513,35.70149],[-83.25611,35.70396],[-83.25511,35.7071],[-83.25423,35.70948],[-83.25448,35.71236],[-83.25549,35.71497],[-83.25535,35.71623],[-83.25125,35.71992],[-83.2435,35.72253],[-83.24213,35.72364],[-83.24067,35.72676],[-83.23204,35.7261],[-83.22263,35.72614],[-83.21998,35.7266],[-83.21697,35.72575],[-83.2145,35.72443],[-83.20375,35.72655],[-83.20013,35.72533],[-83.19827,35.72549],[-83.18837,35.7298],[-83.18569,35.72989],[-83.1821,35.73549],[-83.18084,35.73888],[-83.1775,35.74391],[-83.17187,35.74598],[-83.17017,35.74611],[-83.16477,35.75462],[-83.16543,35.7587],[-83.16491,35.75997],[-83.16154,35.76336],[-83.15921,35.76489],[-83.15408,35.76428],[-83.14808,35.76429],[-83.14697,35.76512],[-83.12771,35.76809],[-83.12018,35.76623],[-83.11366,35.77021],[-83.11049,35.77091],[-83.1048,35.77348],[-83.10458,35.77423],[-83.10232,35.77507],[-83.10022,35.77477],[-83.09719,35.77607],[-83.08605,35.78363],[-83.08521,35.78579],[-83.07873,35.78947],[-83.07403,35.79002],[-83.07222,35.78831],[-83.06397,35.78664],[-83.06151,35.78677],[-83.05834,35.78824],[-83.05268,35.78955],[-83.04853,35.78771],[-83.04631,35.78585],[-83.04411,35.78535],[-83.04267,35.78541],[-83.03951,35.78678],[-83.03621,35.7874],[-83.01238,35.77982],[-83.00607,35.7784],[-83.00147,35.77375],[-82.9958,35.77313],[-82.99205,35.77395],[-82.98397,35.77801],[-82.97841,35.78261],[-82.97446,35.78679],[-82.96965,35.78966],[-82.96409,35.78998],[-82.96221,35.79275],[-82.96284,35.79513],[-82.96172,35.80049],[-82.95895,35.80332],[-82.95613,35.80787],[-82.95575,35.8098],[-82.95203,35.81618],[-82.94552,35.82466],[-82.94383,35.82564],[-82.93744,35.82732],[-82.93322,35.83291],[-82.93186,35.83635],[-82.92757,35.83859],[-82.92336,35.83927],[-82.91655,35.84137],[-82.91806,35.8452],[-82.92097,35.85107],[-82.91937,35.86052],[-82.92121,35.86383],[-82.92061,35.86847],[-82.91227,35.86854],[-82.9013,35.87259],[-82.89972,35.8746],[-82.89727,35.87788],[-82.89632,35.8803],[-82.90003,35.88123],[-82.90356,35.88038],[-82.90653,35.88409],[-82.9037,35.88762],[-82.90184,35.89027],[-82.90184,35.89293],[-82.90454,35.89701],[-82.90596,35.9032],[-82.90842,35.90507],[-82.90692,35.9074],[-82.91028,35.91257],[-82.9145,35.91515],[-82.91169,35.91675],[-82.91229,35.92031],[-82.91348,35.92207],[-82.91334,35.92411],[-82.91682,35.92415],[-82.9204,35.92722],[-82.92001,35.92842],[-82.91438,35.92968],[-82.91061,35.92693],[-82.90483,35.9261],[-82.90162,35.92738],[-82.90032,35.92905],[-82.89901,35.93038],[-82.89968,35.93262],[-82.90171,35.93771],[-82.89851,35.9451],[-82.89695,35.94462],[-82.89266,35.94518],[-82.88393,35.94919],[-82.87416,35.9527],[-82.87067,35.95199],[-82.86932,35.95056],[-82.86072,35.94743],[-82.85255,35.94909],[-82.84985,35.94777],[-82.84126,35.94172],[-82.83999,35.94017],[-82.83327,35.93499],[-82.83011,35.93297],[-82.82893,35.93293],[-82.82604,35.92972],[-82.82257,35.92253],[-82.82186,35.92184],[-82.81613,35.92399],[-82.81107,35.9268],[-82.80904,35.92724],[-82.805,35.92717],[-82.80289,35.92901],[-82.80277,35.93013],[-82.80577,35.93532],[-82.80617,35.93691],[-82.80585,35.93794],[-82.80043,35.94416],[-82.78746,35.95216],[-82.78519,35.95923],[-82.78536,35.96253],[-82.78454,35.9639],[-82.78308,35.96498],[-82.77775,35.96691],[-82.77491,35.97198],[-82.77643,35.97389],[-82.77863,35.97479],[-82.78032,35.97436],[-82.78181,35.97456],[-82.78556,35.9778],[-82.78527,35.98793],[-82.7794,35.99251],[-82.77859,35.997],[-82.77728,35.99881],[-82.776,36.0001],[-82.76537,36.003],[-82.75916,36.0042],[-82.75446,36.0043],[-82.75007,36.006],[-82.73186,36.0176],[-82.72786,36.0185],[-82.72507,36.0182],[-82.71596,36.0228],[-82.71537,36.02425],[-82.71556,36.0269],[-82.71516,36.0286],[-82.70746,36.0301],[-82.70316,36.0324],[-82.70106,36.0344],[-82.68887,36.0386],[-82.68556,36.042],[-82.68476,36.045],[-82.68357,36.0461],[-82.67297,36.0504],[-82.66836,36.05291],[-82.66267,36.05501],[-82.65725,36.05664],[-82.65481,36.05622],[-82.65017,36.05781],[-82.64356,36.0628],[-82.63716,36.0658],[-82.63227,36.06571],[-82.62837,36.06211],[-82.61866,36.05611],[-82.61726,36.05421],[-82.61806,36.05121],[-82.61816,36.047],[-82.61356,36.04641],[-82.60966,36.04491],[-82.60616,36.04101],[-82.60288,36.03983],[-82.60166,36.03801],[-82.60176,36.03601],[-82.60006,36.03629],[-82.59604,36.03661],[-82.59196,36.03571],[-82.59096,36.03361],[-82.59076,36.03191],[-82.59487,36.0296],[-82.60016,36.02571],[-82.60176,36.02431],[-82.60396,36.02131],[-82.60286,36.01791],[-82.6033,36.01734],[-82.60696,36.01631],[-82.60826,36.01531],[-82.60936,36.01141],[-82.60756,36.01021],[-82.60846,36.00831],[-82.61186,36.00621],[-82.61386,36.00471],[-82.61436,36.00351],[-82.61506,36.00031],[-82.61303,35.994],[-82.6126,35.99349],[-82.60694,35.99217],[-82.60424,35.98732],[-82.60674,35.98445],[-82.61088,35.97444],[-82.6116,35.97142],[-82.61089,35.96741],[-82.60776,35.96602],[-82.60037,35.96463],[-82.59486,35.96535],[-82.59198,35.96639],[-82.581,35.96556],[-82.57772,35.9642],[-82.57668,35.95925],[-82.57517,35.95838],[-82.5675,35.95555],[-82.55787,35.9539],[-82.55319,35.96063],[-82.54968,35.96428],[-82.54246,35.96799],[-82.53927,35.96912],[-82.53476,35.96989],[-82.53129,35.97219],[-82.5227,35.97344],[-82.52066,35.97463],[-82.51644,35.97596],[-82.5126,35.97566],[-82.50707,35.97747],[-82.50538,35.97768],[-82.50021,35.98256],[-82.48745,35.99156],[-82.48468,35.99285],[-82.48367,35.99387],[-82.4835,35.99628],[-82.48229,35.99782],[-82.47419,36.00011],[-82.46456,36.00651],[-82.46066,36.00781],[-82.40946,36.08341],[-82.40446,36.08761],[-82.38996,36.09691],[-82.38046,36.09931],[-82.37876,36.10281],[-82.37556,36.10561],[-82.37138,36.10639],[-82.36657,36.10765],[-82.36092,36.11061],[-82.36036,36.11161],[-82.35516,36.11561],[-82.34996,36.11711],[-82.34842,36.11593],[-82.34686,36.11521],[-82.33676,36.11491],[-82.33229,36.11693],[-82.32918,36.11743],[-82.32517,36.11936],[-82.32145,36.11955],[-82.31816,36.12091],[-82.30866,36.12651],[-82.30725,36.12851],[-82.30285,36.13131],[-82.29766,36.13351],[-82.28946,36.13571],[-82.28845,36.13541],[-82.28035,36.12881],[-82.27865,36.12851],[-82.27405,36.12941],[-82.27095,36.12761],[-82.26875,36.12704],[-82.26569,36.12761],[-82.26335,36.13011],[-82.26035,36.13371],[-82.25632,36.13392],[-82.25325,36.13371],[-82.25185,36.13221],[-82.24752,36.13087],[-82.24446,36.13278],[-82.24335,36.13431],[-82.24155,36.13711],[-82.23641,36.13993],[-82.23548,36.14075],[-82.23481,36.14172],[-82.22829,36.14662],[-82.22485,36.15001],[-82.22323,36.15477],[-82.22205,36.15691],[-82.21845,36.15783],[-82.21385,36.15911],[-82.21125,36.15901],[-82.20487,36.15707],[-82.20181,36.15496],[-82.19925,36.15271],[-82.19535,36.15001],[-82.19195,36.14881],[-82.19027,36.1501],[-82.18751,36.1511],[-82.18685,36.15001],[-82.18685,36.14911],[-82.18545,36.14721],[-82.18475,36.14541],[-82.18365,36.14441],[-82.18255,36.14371],[-82.18035,36.14391],[-82.17886,36.1433],[-82.17685,36.14221],[-82.17465,36.14361],[-82.17385,36.14531],[-82.17215,36.14641],[-82.16925,36.14661],[-82.16088,36.14655],[-82.15595,36.14811],[-82.14795,36.14952],[-82.14415,36.14422],[-82.14085,36.13622],[-82.13655,36.12882],[-82.13655,36.12372],[-82.13797,36.11958],[-82.13065,36.10642],[-82.12715,36.10442],[-82.11525,36.10462],[-82.10914,36.10722],[-82.10544,36.10812],[-82.10164,36.10622],[-82.09854,36.10572],[-82.08594,36.10602],[-82.08014,36.10572],[-82.07974,36.10652],[-82.06714,36.11202],[-82.06134,36.11312],[-82.05604,36.12072],[-82.05604,36.12392],[-82.05414,36.12682],[-82.04394,36.12542],[-82.03794,36.12112],[-82.03314,36.12042],[-82.02874,36.12432],[-82.02634,36.12922],[-82.02664,36.13022],[-81.9601,36.22813],[-81.9389,36.25607],[-81.90814,36.30201],[-81.8977,36.30745],[-81.89457,36.30718],[-81.88724,36.30919],[-81.87938,36.31377],[-81.87618,36.31607],[-81.87434,36.31919],[-81.86315,36.33021],[-81.85733,36.33479],[-81.85089,36.3375],[-81.84564,36.34036],[-81.84127,36.34332],[-81.8332,36.34734],[-81.82249,36.34882],[-81.8129,36.35107],[-81.80826,36.35412],[-81.80081,36.35807],[-81.79717,36.35867],[-81.79568,36.36124],[-81.7936,36.36221],[-81.79304,36.3578],[-81.7908,36.35591],[-81.79073,36.35365],[-81.79053,36.35084],[-81.78938,36.34815],[-81.78408,36.34767],[-81.78132,36.34766],[-81.77891,36.34864],[-81.77484,36.34448],[-81.77295,36.34338],[-81.77168,36.34357],[-81.76901,36.34228],[-81.76898,36.34104],[-81.76493,36.33867],[-81.76203,36.34019],[-81.75939,36.34005],[-81.75682,36.33895],[-81.75442,36.33704],[-81.75128,36.33719],[-81.75023,36.33786],[-81.74784,36.33736],[-81.74446,36.33778],[-81.7395,36.33976],[-81.73596,36.34299],[-81.73098,36.34119],[-81.72809,36.34144],[-81.72594,36.34036],[-81.72463,36.33991],[-81.72357,36.33894],[-81.72101,36.33864],[-81.71831,36.33606],[-81.71719,36.33617],[-81.71324,36.33605],[-81.70744,36.33517],[-81.70697,36.33725],[-81.70597,36.3385],[-81.7053,36.34185],[-81.70779,36.34601],[-81.70867,36.3464],[-81.71324,36.34666],[-81.7174,36.34778],[-81.72146,36.35117],[-81.72322,36.35477],[-81.72432,36.35776],[-81.72405,36.3609],[-81.72405,36.36429],[-81.72608,36.36889],[-81.73118,36.37406],[-81.73241,36.37793],[-81.73461,36.37957],[-81.73359,36.38203],[-81.73074,36.38294],[-81.72931,36.3856],[-81.7301,36.38643],[-81.73019,36.38881],[-81.72857,36.39124],[-81.73099,36.39391],[-81.73388,36.39457],[-81.73872,36.3948],[-81.73919,36.39828],[-81.73866,36.4012],[-81.73965,36.4016],[-81.74065,36.40174],[-81.74076,36.40252],[-81.74136,36.40317],[-81.74134,36.4043],[-81.74054,36.40487],[-81.74012,36.40811],[-81.742,36.41096],[-81.74065,36.41314],[-81.7373,36.41359],[-81.73543,36.4123],[-81.7343,36.4126],[-81.73431,36.41334],[-81.73339,36.41489],[-81.72992,36.41542],[-81.72916,36.41767],[-81.7275,36.41837],[-81.72716,36.41992],[-81.72399,36.4205],[-81.72343,36.42224],[-81.72073,36.42254],[-81.71794,36.42876],[-81.71756,36.43039],[-81.72123,36.43395],[-81.71456,36.43711],[-81.71543,36.43857],[-81.71419,36.44146],[-81.71718,36.44389],[-81.71744,36.44516],[-81.71374,36.44711],[-81.71428,36.45098],[-81.71508,36.45336],[-81.71489,36.45722],[-81.70825,36.46222],[-81.70108,36.46421],[-81.69922,36.46396],[-81.69797,36.46474],[-81.69531,36.46791],[-81.69453,36.47328],[-81.69483,36.47446],[-81.69628,36.4755],[-81.69729,36.48474],[-81.69591,36.49158],[-81.69683,36.49339],[-81.69726,36.49614],[-81.69827,36.49722],[-81.69993,36.49802],[-81.70024,36.50048],[-81.69992,36.50086],[-81.69797,36.50406],[-81.69729,36.50489],[-81.69783,36.50754],[-81.69774,36.50845],[-81.69945,36.5115],[-81.6996,36.51288],[-81.70055,36.51519],[-81.70254,36.52032],[-81.70757,36.5261],[-81.70826,36.53211],[-81.70796,36.53621],[-81.69996,36.53683],[-81.69996,36.53971],[-81.69754,36.54436],[-81.69384,36.54908],[-81.69003,36.55215],[-81.68912,36.55591],[-81.69013,36.55964],[-81.69217,36.56269],[-81.69251,36.56575],[-81.69024,36.56872],[-81.68644,36.56792],[-81.67994,36.56862],[-81.67704,36.57072],[-81.67724,36.57441],[-81.67904,36.57892],[-81.68014,36.58552],[-81.67754,36.58812]]]]}},{"type":"Feature","properties":{"name":"South Carolina","density":155.4,"STUSPS":"SC"},"geometry":{"type":"MultiPolygon","coordinates":[[[[-79.50795,33.02008],[-79.50713,33.01974],[-79.50549,33.02054],[-79.50463,33.02017],[-79.5033,33.02025],[-79.50237,33.02058],[-79.50151,33.01971],[-79.50097,33.01887],[-79.50097,33.01819],[-79.50136,33.01755],[-79.50198,33.01727],[-79.50311,33.01756],[-79.50414,33.01873],[-79.50513,33.0192],[-79.50642,33.01942],[-79.5074,33.01937],[-79.50807,33.01959],[-79.50795,33.02008]]],[[[-79.55361,32.99039],[-79.55135,32.99188],[-79.54873,32.99298],[-79.54648,32.99238],[-79.54522,32.99072],[-79.54707,32.98939],[-79.54957,32.98939],[-79.55087,32.98949],[-79.55218,32.98879],[-79.55361,32.99039]]],[[[-80.18632,32.55302],[-80.18449,32.55358],[-80.17796,32.54968],[-80.17715,32.54826],[-80.17873,32.54718],[-80.18205,32.54722],[-80.18591,32.55087],[-80.18632,32.55302]]],[[[-83.10956,35.0012],[-83.10857,35.00135],[-82.99987,35.02995],[-82.8975,35.05602],[-82.80977,35.07875],[-82.78787,35.08502],[-82.78328,35.0856],[-82.78106,35.08449],[-82.77865,35.08358],[-82.77636,35.08135],[-82.77741,35.07688],[-82.77993,35.07221],[-82.77993,35.07044],[-82.78055,35.06904],[-82.78197,35.06682],[-82.77738,35.06414],[-82.77005,35.06548],[-82.76446,35.06818],[-82.7577,35.06802],[-82.75416,35.06963],[-82.75127,35.07346],[-82.7523,35.07689],[-82.75181,35.07989],[-82.74888,35.08109],[-82.74326,35.07869],[-82.73838,35.07945],[-82.7359,35.0827],[-82.734,35.08547],[-82.73011,35.08828],[-82.72952,35.09059],[-82.72896,35.09198],[-82.72701,35.09414],[-82.72346,35.09434],[-82.72044,35.09327],[-82.7153,35.09294],[-82.70715,35.09654],[-82.70544,35.09802],[-82.70215,35.09911],[-82.7005,35.10076],[-82.69878,35.09572],[-82.69768,35.09573],[-82.6949,35.09846],[-82.68963,35.10412],[-82.68846,35.10635],[-82.68648,35.10816],[-82.68716,35.10931],[-82.68728,35.11067],[-82.69071,35.1115],[-82.69326,35.11305],[-82.69463,35.11474],[-82.69355,35.11688],[-82.69245,35.11867],[-82.68764,35.11929],[-82.68674,35.11979],[-82.6865,35.12182],[-82.68708,35.12512],[-82.68363,35.12583],[-82.68144,35.12792],[-82.67655,35.1268],[-82.67462,35.12644],[-82.67328,35.12339],[-82.67332,35.121],[-82.67446,35.11847],[-82.67327,35.11748],[-82.66997,35.11985],[-82.66905,35.12062],[-82.66797,35.11879],[-82.66238,35.11812],[-82.65786,35.11939],[-82.65351,35.12197],[-82.65175,35.12336],[-82.65219,35.12605],[-82.64869,35.12677],[-82.6453,35.12681],[-82.64331,35.13043],[-82.64104,35.13232],[-82.64016,35.13004],[-82.63648,35.13036],[-82.63675,35.12932],[-82.63583,35.12761],[-82.63624,35.1255],[-82.62903,35.12615],[-82.62644,35.1279],[-82.62485,35.13043],[-82.62118,35.13464],[-82.61799,35.13527],[-82.6144,35.1367],[-82.61387,35.13753],[-82.61244,35.13823],[-82.60971,35.13904],[-82.60236,35.13904],[-82.59814,35.13773],[-82.59243,35.139],[-82.58816,35.14293],[-82.58603,35.14314],[-82.58184,35.14235],[-82.58069,35.14174],[-82.57832,35.1421],[-82.56991,35.14527],[-82.56749,35.14769],[-82.56619,35.15012],[-82.56377,35.15158],[-82.56081,35.15164],[-82.55859,35.15093],[-82.55617,35.15174],[-82.55333,35.15349],[-82.55487,35.15464],[-82.55616,35.15784],[-82.55576,35.15935],[-82.55327,35.16165],[-82.54991,35.16158],[-82.54744,35.16244],[-82.54637,35.16373],[-82.54505,35.16231],[-82.54164,35.16207],[-82.54058,35.16128],[-82.53675,35.16009],[-82.53597,35.15866],[-82.53734,35.1562],[-82.53647,35.15478],[-82.5351,35.15477],[-82.53209,35.15601],[-82.52997,35.15562],[-82.52593,35.15675],[-82.5214,35.15885],[-82.51993,35.1591],[-82.51921,35.16104],[-82.51887,35.16222],[-82.51728,35.16264],[-82.51604,35.16344],[-82.51309,35.16309],[-82.51154,35.16327],[-82.50791,35.16241],[-82.50614,35.16389],[-82.50494,35.16573],[-82.50368,35.16593],[-82.49846,35.16295],[-82.49502,35.16451],[-82.49077,35.16971],[-82.48736,35.17249],[-82.48394,35.1738],[-82.47614,35.17549],[-82.47231,35.17462],[-82.46799,35.17463],[-82.46009,35.17814],[-82.45561,35.17742],[-82.45431,35.17741],[-82.45299,35.17469],[-82.45161,35.1727],[-82.45483,35.17008],[-82.45764,35.16684],[-82.45713,35.16395],[-82.45046,35.16612],[-82.44807,35.16522],[-82.44362,35.1661],[-82.43959,35.16586],[-82.43767,35.16779],[-82.43569,35.16772],[-82.43468,35.16828],[-82.43516,35.16993],[-82.43373,35.1718],[-82.43185,35.17272],[-82.43137,35.17386],[-82.43169,35.17641],[-82.43067,35.1783],[-82.42834,35.17874],[-82.42681,35.17892],[-82.42596,35.18104],[-82.42582,35.18208],[-82.428,35.18322],[-82.42446,35.19309],[-82.41974,35.19861],[-82.4176,35.20013],[-82.4113,35.20248],[-82.40335,35.20447],[-82.3957,35.21321],[-82.39293,35.2154],[-82.39044,35.2154],[-82.38403,35.21054],[-82.38378,35.20765],[-82.38052,35.20228],[-82.37874,35.19805],[-82.37919,35.19589],[-82.38139,35.19397],[-82.38259,35.19249],[-82.38222,35.18959],[-82.37971,35.18688],[-82.37681,35.18443],[-82.37322,35.1822],[-82.3713,35.18145],[-82.36899,35.18175],[-82.3643,35.18473],[-82.36348,35.18621],[-82.36355,35.188],[-82.36326,35.18964],[-82.36147,35.19083],[-82.35009,35.19286],[-82.34455,35.19311],[-82.34119,35.19151],[-82.34013,35.18919],[-82.33951,35.18893],[-82.33801,35.18901],[-82.33393,35.19066],[-82.33298,35.19065],[-82.33078,35.18903],[-82.33055,35.18677],[-82.32692,35.18506],[-82.32335,35.18479],[-82.31787,35.18786],[-82.31587,35.19068],[-82.31486,35.19109],[-82.30717,35.19301],[-82.29535,35.19497],[-82.28845,35.19861],[-82.28252,35.19986],[-82.27492,35.20007],[-82.25751,35.19864],[-82.23091,35.19678],[-82.21622,35.19604],[-82.19548,35.19495],[-82.18551,35.19436],[-82.17687,35.19379],[-82.16768,35.1937],[-82.13895,35.19312],[-82.08959,35.1907],[-82.00142,35.18849],[-81.92561,35.1855],[-81.87443,35.18411],[-81.80208,35.1814],[-81.71626,35.17885],[-81.58168,35.17308],[-81.49426,35.16988],[-81.4934,35.16995],[-81.4524,35.16829],[-81.36669,35.16489],[-81.24169,35.16008],[-81.23936,35.15997],[-81.1093,35.15411],[-81.04363,35.14988],[-81.04287,35.14925],[-81.04341,35.14839],[-81.04439,35.14792],[-81.04709,35.14516],[-81.04783,35.14374],[-81.0512,35.13324],[-81.05104,35.13165],[-81.05042,35.13105],[-81.03897,35.1263],[-81.03676,35.12255],[-81.03301,35.11375],[-81.03247,35.11003],[-81.03281,35.10805],[-81.03496,35.1041],[-81.03737,35.10254],[-81.04652,35.10062],[-81.05008,35.09882],[-81.05208,35.09628],[-81.05724,35.08613],[-81.05803,35.07319],[-81.05765,35.06243],[-81.0557,35.06012],[-81.05002,35.05525],[-81.04149,35.0447],[-80.95787,35.09264],[-80.93495,35.10741],[-80.90655,35.07676],[-80.88489,35.05351],[-80.82156,34.97969],[-80.80646,34.96289],[-80.78204,34.93578],[-80.79754,34.81979],[-80.77771,34.8197],[-80.6466,34.81859],[-80.64466,34.81857],[-80.62608,34.81822],[-80.62122,34.81817],[-80.56166,34.81748],[-80.49979,34.81726],[-80.49181,34.8168],[-80.45166,34.8164],[-80.43484,34.81597],[-80.4259,34.81581],[-80.41959,34.81558],[-80.41843,34.81562],[-80.41701,34.81551],[-80.39987,34.81513],[-80.23396,34.81293],[-80.09899,34.81015],[-80.09802,34.81015],[-80.07722,34.80972],[-80.07291,34.80974],[-80.04276,34.8091],[-80.02746,34.80873],[-79.92762,34.80656],[-79.87069,34.80538],[-79.77361,34.80593],[-79.77283,34.80595],[-79.74492,34.80569],[-79.74412,34.80565],[-79.6902,34.80494],[-79.68809,34.8049],[-79.6753,34.80474],[-79.63422,34.77101],[-79.63158,34.76884],[-79.56169,34.712],[-79.55445,34.70636],[-79.51904,34.67732],[-79.4902,34.65382],[-79.4793,34.64464],[-79.4716,34.6372],[-79.46872,34.63532],[-79.45977,34.62903],[-79.45003,34.62104],[-79.35832,34.54536],[-79.33133,34.52187],[-79.32485,34.51628],[-79.32325,34.51463],[-79.30665,34.50043],[-79.24976,34.44977],[-79.19898,34.4067],[-79.19204,34.40104],[-79.19074,34.39975],[-79.15148,34.36675],[-79.14324,34.35982],[-79.07117,34.29924],[-78.87475,34.13439],[-78.71221,33.99673],[-78.71014,33.99469],[-78.70277,33.98927],[-78.66253,33.95452],[-78.61593,33.91552],[-78.54732,33.85648],[-78.55377,33.85273],[-78.55343,33.85088],[-78.55464,33.84917],[-78.56198,33.84883],[-78.57819,33.84685],[-78.59171,33.84343],[-78.63447,33.82953],[-78.66793,33.81943],[-78.6977,33.808],[-78.73624,33.78964],[-78.76388,33.77426],[-78.79579,33.75506],[-78.82263,33.73719],[-78.8438,33.72133],[-78.85905,33.70906],[-78.86663,33.70303],[-78.87999,33.69121],[-78.8862,33.6842],[-78.89257,33.67942],[-78.91406,33.66162],[-78.93843,33.64001],[-78.95726,33.62083],[-78.98526,33.59078],[-79.00736,33.56656],[-79.01189,33.56073],[-79.01911,33.55015],[-79.02413,33.53956],[-79.02863,33.53341],[-79.0305,33.53198],[-79.03238,33.5319],[-79.03361,33.53314],[-79.03645,33.53329],[-79.0388,33.5315],[-79.03855,33.52887],[-79.04396,33.51922],[-79.06494,33.5014],[-79.08459,33.48367],[-79.10136,33.46102],[-79.10895,33.44732],[-79.11536,33.43914],[-79.11934,33.43204],[-79.13544,33.40387],[-79.14035,33.39344],[-79.1432,33.38898],[-79.1475,33.37824],[-79.15301,33.35204],[-79.15852,33.33674],[-79.16267,33.33118],[-79.16809,33.33131],[-79.17211,33.32912],[-79.17213,33.32517],[-79.16936,33.32119],[-79.16555,33.31855],[-79.16376,33.31205],[-79.16633,33.30852],[-79.17164,33.29522],[-79.17641,33.27726],[-79.18032,33.25414],[-79.1809,33.24675],[-79.18056,33.23795],[-79.17571,33.21106],[-79.1832,33.19694],[-79.1832,33.19077],[-79.18819,33.18172],[-79.19152,33.17327],[-79.19449,33.16979],[-79.21545,33.15557],[-79.22373,33.14979],[-79.23663,33.13758],[-79.24642,33.12601],[-79.26924,33.11954],[-79.29159,33.10977],[-79.30594,33.10316],[-79.31606,33.09923],[-79.32339,33.09258],[-79.32816,33.09041],[-79.33021,33.08659],[-79.33187,33.08101],[-79.33591,33.07026],[-79.34149,33.05382],[-79.35124,33.03519],[-79.3598,33.01965],[-79.36229,33.00909],[-79.37358,33.00869],[-79.38,33.00939],[-79.39675,33.00819],[-79.41652,33.00682],[-79.42314,33.01018],[-79.42148,33.01118],[-79.41163,33.01034],[-79.40108,33.01118],[-79.40065,33.01751],[-79.40442,33.01962],[-79.4052,33.01802],[-79.40729,33.01445],[-79.41636,33.01612],[-79.45285,33.01268],[-79.47056,33.01008],[-79.47468,33.01139],[-79.48327,33.00979],[-79.48933,33.01397],[-79.48873,33.01583],[-79.50407,33.02742],[-79.50692,33.03281],[-79.52245,33.03535],[-79.52522,33.03729],[-79.53211,33.03519],[-79.53215,33.03146],[-79.53497,33.02847],[-79.54132,33.02599],[-79.54532,33.02654],[-79.55142,33.02396],[-79.55482,33.0216],[-79.55756,33.02127],[-79.56318,33.01768],[-79.56619,33.01528],[-79.57111,33.01381],[-79.57597,33.00923],[-79.58073,33.00645],[-79.58131,33.00271],[-79.58334,33.00035],[-79.58372,32.99616],[-79.58659,32.99133],[-79.59276,32.98522],[-79.59842,32.98107],[-79.59866,32.97965],[-79.60102,32.97928],[-79.60662,32.97225],[-79.60551,32.96836],[-79.60622,32.96559],[-79.608,32.96335],[-79.61761,32.95273],[-79.61772,32.94487],[-79.61293,32.93482],[-79.60753,32.92623],[-79.58981,32.92453],[-79.5859,32.92646],[-79.58571,32.92956],[-79.58315,32.93088],[-79.58009,32.93088],[-79.57816,32.93287],[-79.57577,32.9338],[-79.57409,32.93251],[-79.57341,32.92788],[-79.57461,32.92112],[-79.57809,32.91041],[-79.58106,32.90642],[-79.63115,32.88861],[-79.6418,32.88121],[-79.64666,32.87606],[-79.64972,32.87644],[-79.65593,32.87588],[-79.66722,32.86979],[-79.68124,32.86171],[-79.69338,32.85282],[-79.69812,32.85133],[-79.69918,32.84763],[-79.6993,32.8439],[-79.70379,32.83602],[-79.71012,32.83335],[-79.71988,32.8258],[-79.71807,32.81698],[-79.72071,32.81115],[-79.72639,32.806],[-79.73659,32.80159],[-79.75647,32.7966],[-79.78757,32.78447],[-79.80504,32.77509],[-79.81132,32.77479],[-79.81398,32.77482],[-79.81451,32.77045],[-79.81824,32.76635],[-79.82397,32.76273],[-79.84035,32.75682],[-79.8488,32.75363],[-79.8547,32.75488],[-79.86271,32.76153],[-79.86639,32.76602],[-79.86342,32.77102],[-79.86544,32.77492],[-79.87063,32.77826],[-79.87804,32.78571],[-79.886,32.78791],[-79.89123,32.78681],[-79.90002,32.78531],[-79.90609,32.78481],[-79.9232,32.78181],[-79.92439,32.77502],[-79.92736,32.77252],[-79.92878,32.76912],[-79.92855,32.75423],[-79.9232,32.75303],[-79.91797,32.75443],[-79.91547,32.75363],[-79.90894,32.75163],[-79.90109,32.75103],[-79.89907,32.75333],[-79.89729,32.75203],[-79.89634,32.74954],[-79.89087,32.75103],[-79.87911,32.75083],[-79.87093,32.74243],[-79.86936,32.73364],[-79.87015,32.73],[-79.88006,32.71605],[-79.88359,32.70932],[-79.88709,32.70195],[-79.88803,32.69518],[-79.88802,32.68765],[-79.88558,32.68487],[-79.88708,32.68305],[-79.91568,32.66492],[-79.94376,32.65233],[-79.95803,32.64616],[-79.97002,32.64052],[-79.9743,32.64102],[-79.98,32.63242],[-79.98692,32.62639],[-79.9901,32.6161],[-79.99224,32.611],[-80.0008,32.60589],[-80.00603,32.60599],[-80.0105,32.60885],[-80.01696,32.6104],[-80.03728,32.61024],[-80.07704,32.60332],[-80.09807,32.59828],[-80.12137,32.59052],[-80.13994,32.58028],[-80.14541,32.57813],[-80.15568,32.57198],[-80.16375,32.56183],[-80.16655,32.56022],[-80.17596,32.55921],[-80.1793,32.56023],[-80.19499,32.56003],[-80.20217,32.5574],[-80.21802,32.55109],[-80.23678,32.54232],[-80.26147,32.52801],[-80.27736,32.51802],[-80.2955,32.5037],[-80.33244,32.4781],[-80.33835,32.47873],[-80.34187,32.48378],[-80.3447,32.49097],[-80.34674,32.4945],[-80.36041,32.49981],[-80.36252,32.49563],[-80.36905,32.49178],[-80.37063,32.48758],[-80.37359,32.48722],[-80.37598,32.48799],[-80.38072,32.48636],[-80.38774,32.48297],[-80.38941,32.47926],[-80.38963,32.47711],[-80.39256,32.47533],[-80.41349,32.47067],[-80.41594,32.47207],[-80.4179,32.47608],[-80.41912,32.47896],[-80.41837,32.48242],[-80.4186,32.4895],[-80.42156,32.49484],[-80.42589,32.4967],[-80.43092,32.50091],[-80.43941,32.50347],[-80.44407,32.50492],[-80.44788,32.50352],[-80.45465,32.50352],[-80.45762,32.49951],[-80.46309,32.49781],[-80.47207,32.49696],[-80.4813,32.47559],[-80.47784,32.472],[-80.47688,32.46791],[-80.47988,32.46399],[-80.48234,32.46182],[-80.48462,32.46098],[-80.47941,32.44575],[-80.47544,32.44223],[-80.46964,32.43376],[-80.46759,32.42526],[-80.46153,32.41289],[-80.4575,32.41026],[-80.443,32.41127],[-80.44075,32.41337],[-80.43556,32.41246],[-80.43296,32.41066],[-80.42922,32.40555],[-80.4283,32.39932],[-80.42929,32.38967],[-80.43599,32.37504],[-80.44014,32.36785],[-80.44421,32.35493],[-80.454,32.33927],[-80.45572,32.33924],[-80.45893,32.34116],[-80.46364,32.34011],[-80.46439,32.33616],[-80.46272,32.33342],[-80.45506,32.32679],[-80.45286,32.32301],[-80.4533,32.32191],[-80.45969,32.32074],[-80.47857,32.31463],[-80.49938,32.30614],[-80.50388,32.30749],[-80.52137,32.29961],[-80.53877,32.29028],[-80.54447,32.29032],[-80.54864,32.2856],[-80.56326,32.28072],[-80.56643,32.27837],[-80.57624,32.27528],[-80.58147,32.27649],[-80.58171,32.2782],[-80.58846,32.28266],[-80.595,32.27974],[-80.59868,32.27693],[-80.60641,32.27251],[-80.60902,32.26789],[-80.61366,32.26527],[-80.61984,32.26226],[-80.62369,32.25806],[-80.63297,32.25693],[-80.63992,32.25864],[-80.64539,32.26085],[-80.64646,32.26507],[-80.64404,32.26867],[-80.64301,32.27281],[-80.64526,32.28808],[-80.64479,32.2915],[-80.66825,32.29784],[-80.67379,32.29642],[-80.67938,32.29923],[-80.68853,32.30285],[-80.69847,32.31066],[-80.69965,32.31523],[-80.70815,32.32373],[-80.7146,32.32566],[-80.72222,32.3247],[-80.73364,32.31947],[-80.73881,32.31377],[-80.73799,32.3104],[-80.73712,32.30603],[-80.73969,32.30518],[-80.741,32.30378],[-80.74266,32.30342],[-80.74683,32.30551],[-80.75345,32.30682],[-80.76604,32.29261],[-80.76542,32.28597],[-80.76126,32.28004],[-80.75544,32.27595],[-80.75044,32.2706],[-80.74593,32.26688],[-80.74379,32.26608],[-80.74236,32.26377],[-80.73808,32.26417],[-80.73601,32.26688],[-80.73155,32.26889],[-80.73012,32.2705],[-80.72708,32.27055],[-80.72263,32.26748],[-80.72086,32.26801],[-80.7178,32.26697],[-80.7059,32.25616],[-80.69776,32.2502],[-80.69326,32.24698],[-80.68651,32.24419],[-80.6823,32.24052],[-80.67785,32.23641],[-80.67222,32.22951],[-80.66979,32.22343],[-80.66788,32.22068],[-80.66917,32.21678],[-80.67165,32.21341],[-80.68628,32.20321],[-80.70019,32.18834],[-80.71429,32.1686],[-80.72152,32.16069],[-80.7299,32.1528],[-80.73994,32.14613],[-80.75973,32.13687],[-80.7701,32.13215],[-80.79,32.12249],[-80.8125,32.10975],[-80.82153,32.10859],[-80.82839,32.11322],[-80.84242,32.11784],[-80.84421,32.11552],[-80.84801,32.10889],[-80.85873,32.09958],[-80.86465,32.09267],[-80.87213,32.08288],[-80.8738,32.0823],[-80.87614,32.08181],[-80.88319,32.08008],[-80.88568,32.07606],[-80.88663,32.07193],[-80.89188,32.06753],[-80.89572,32.0631],[-80.89663,32.05996],[-80.89982,32.05602],[-80.90752,32.05094],[-80.90804,32.0483],[-80.90169,32.0427],[-80.89446,32.04509],[-80.88867,32.0399],[-80.88951,32.03759],[-80.89495,32.03831],[-80.90402,32.03995],[-80.90766,32.03815],[-80.92103,32.03999],[-80.92508,32.04194],[-80.95388,32.07014],[-80.95957,32.07285],[-80.97191,32.07463],[-80.98054,32.07784],[-80.98351,32.07955],[-80.98685,32.08412],[-80.99214,32.09492],[-80.99956,32.10043],[-81.00431,32.10237],[-81.01102,32.10205],[-81.01735,32.09878],[-81.02162,32.09168],[-81.02626,32.08813],[-81.03812,32.08373],[-81.04354,32.0861],[-81.05955,32.08862],[-81.07431,32.09739],[-81.08827,32.09993],[-81.08697,32.10397],[-81.08948,32.10623],[-81.09125,32.11089],[-81.09498,32.11182],[-81.10332,32.11114],[-81.1067,32.1097],[-81.10894,32.11163],[-81.11113,32.11201],[-81.11537,32.11471],[-81.11723,32.1176],[-81.11723,32.1198],[-81.11524,32.1255],[-81.11613,32.12868],[-81.11994,32.134],[-81.11913,32.1421],[-81.11833,32.1444],[-81.11624,32.1472],[-81.11223,32.14931],[-81.11224,32.1508],[-81.1143,32.15202],[-81.11797,32.15233],[-81.12112,32.1545],[-81.12214,32.1573],[-81.12203,32.1618],[-81.12313,32.1629],[-81.12843,32.1644],[-81.12975,32.16593],[-81.12813,32.1691],[-81.12119,32.17492],[-81.11901,32.17467],[-81.11775,32.17116],[-81.11384,32.17126],[-81.11113,32.1727],[-81.11023,32.1768],[-81.11193,32.178],[-81.11393,32.1776],[-81.11638,32.17617],[-81.12045,32.17829],[-81.11983,32.1812],[-81.11793,32.1853],[-81.11823,32.1892],[-81.12155,32.19042],[-81.12158,32.1922],[-81.11623,32.193],[-81.11412,32.19392],[-81.11402,32.19545],[-81.11589,32.19644],[-81.1198,32.19516],[-81.12206,32.1955],[-81.12315,32.20133],[-81.12828,32.20863],[-81.13408,32.21146],[-81.13673,32.21367],[-81.13672,32.21627],[-81.13844,32.21926],[-81.14314,32.22173],[-81.15084,32.2212],[-81.15215,32.22232],[-81.14806,32.22378],[-81.14481,32.22599],[-81.14363,32.22927],[-81.14577,32.23234],[-81.15238,32.2363],[-81.15588,32.24097],[-81.15659,32.24391],[-81.1556,32.24602],[-81.15289,32.24781],[-81.14711,32.24956],[-81.14573,32.25152],[-81.14833,32.2551],[-81.14752,32.25651],[-81.14506,32.25775],[-81.14473,32.25877],[-81.14664,32.26102],[-81.1466,32.26277],[-81.14534,32.26399],[-81.14021,32.26358],[-81.13839,32.26423],[-81.13693,32.26611],[-81.13764,32.26849],[-81.13957,32.26976],[-81.14175,32.27021],[-81.14193,32.27174],[-81.13558,32.27247],[-81.13349,32.2698],[-81.13253,32.27025],[-81.13213,32.27275],[-81.13,32.2758],[-81.12795,32.27647],[-81.12525,32.27504],[-81.12342,32.27505],[-81.12328,32.27698],[-81.12592,32.27876],[-81.12716,32.28079],[-81.12696,32.2827],[-81.12572,32.28366],[-81.12224,32.28424],[-81.11987,32.2862],[-81.12002,32.28994],[-81.12336,32.29384],[-81.12392,32.29641],[-81.12266,32.29951],[-81.12233,32.30539],[-81.12293,32.3073],[-81.12498,32.30916],[-81.12778,32.30722],[-81.13152,32.30728],[-81.13305,32.30901],[-81.13085,32.31098],[-81.12975,32.31397],[-81.13165,32.3195],[-81.13065,32.32541],[-81.13176,32.32637],[-81.13375,32.32429],[-81.13629,32.325],[-81.13793,32.32866],[-81.13575,32.33028],[-81.13392,32.33331],[-81.13138,32.33588],[-81.12896,32.33645],[-81.12862,32.33862],[-81.12944,32.34155],[-81.13401,32.34121],[-81.1353,32.34299],[-81.13935,32.34508],[-81.14151,32.35032],[-81.14379,32.35153],[-81.14732,32.35013],[-81.14725,32.34749],[-81.14523,32.34584],[-81.14598,32.34502],[-81.14867,32.34532],[-81.15184,32.34302],[-81.15219,32.34144],[-81.15484,32.34155],[-81.15736,32.34],[-81.15983,32.33996],[-81.16062,32.34175],[-81.15983,32.34298],[-81.15674,32.34278],[-81.15505,32.34416],[-81.15484,32.34956],[-81.15537,32.35003],[-81.1601,32.34895],[-81.16161,32.35042],[-81.1605,32.35364],[-81.161,32.3559],[-81.16386,32.35665],[-81.16712,32.35872],[-81.16712,32.36104],[-81.17382,32.36271],[-81.17393,32.36355],[-81.169,32.36512],[-81.16791,32.3683],[-81.16922,32.37014],[-81.17379,32.3731],[-81.17576,32.37581],[-81.17886,32.37809],[-81.18184,32.37935],[-81.17849,32.38447],[-81.17732,32.38978],[-81.17871,32.39364],[-81.18536,32.40006],[-81.18991,32.40707],[-81.19493,32.41149],[-81.20551,32.42361],[-81.20505,32.42548],[-81.20844,32.437],[-81.19964,32.44159],[-81.19943,32.44419],[-81.20105,32.44622],[-81.20556,32.4465],[-81.20667,32.44809],[-81.2045,32.45278],[-81.20329,32.45299],[-81.19878,32.44852],[-81.19749,32.44914],[-81.19797,32.45388],[-81.19636,32.45513],[-81.1943,32.45352],[-81.19224,32.45364],[-81.19161,32.45519],[-81.19456,32.45777],[-81.19373,32.45968],[-81.1886,32.46123],[-81.18695,32.46357],[-81.18865,32.46531],[-81.19154,32.46482],[-81.19483,32.46509],[-81.20003,32.46798],[-81.21191,32.47899],[-81.21681,32.4828],[-81.225,32.49189],[-81.23359,32.49849],[-81.23425,32.50275],[-81.23766,32.50512],[-81.23868,32.50698],[-81.23841,32.51019],[-81.23671,32.5114],[-81.23295,32.51169],[-81.23215,32.51334],[-81.23342,32.51796],[-81.23546,32.51855],[-81.23737,32.51713],[-81.2402,32.51637],[-81.24191,32.51718],[-81.24312,32.52023],[-81.2448,32.52054],[-81.24686,32.51856],[-81.24956,32.51786],[-81.25288,32.51833],[-81.25868,32.52264],[-81.26603,32.52731],[-81.27243,32.53042],[-81.27417,32.53377],[-81.2799,32.53659],[-81.28005,32.53749],[-81.27624,32.53856],[-81.2748,32.54114],[-81.27496,32.54482],[-81.27574,32.54566],[-81.27906,32.54632],[-81.28073,32.54764],[-81.28103,32.54968],[-81.27876,32.55234],[-81.27924,32.55459],[-81.28132,32.55646],[-81.28327,32.55678],[-81.28424,32.55603],[-81.28472,32.55294],[-81.28647,32.55148],[-81.28888,32.55116],[-81.28996,32.55218],[-81.28834,32.55591],[-81.28847,32.55846],[-81.28957,32.56174],[-81.29129,32.56274],[-81.29311,32.56239],[-81.29116,32.55722],[-81.29176,32.55533],[-81.29483,32.55358],[-81.29669,32.55339],[-81.29787,32.55409],[-81.29796,32.55583],[-81.29548,32.55907],[-81.29559,32.56182],[-81.29796,32.56303],[-81.30059,32.56284],[-81.30524,32.56151],[-81.32181,32.55954],[-81.3286,32.56109],[-81.33319,32.5635],[-81.33624,32.56424],[-81.35076,32.57017],[-81.3548,32.57107],[-81.35832,32.57363],[-81.3578,32.57519],[-81.3537,32.57791],[-81.35412,32.57991],[-81.35775,32.58212],[-81.36017,32.58178],[-81.36294,32.57731],[-81.3652,32.57657],[-81.36695,32.57702],[-81.36711,32.57861],[-81.36359,32.58179],[-81.3645,32.58403],[-81.36839,32.58422],[-81.36982,32.58505],[-81.37028,32.5867],[-81.36888,32.58975],[-81.36976,32.59123],[-81.37157,32.59202],[-81.37396,32.59181],[-81.37569,32.58947],[-81.37817,32.58882],[-81.381,32.58965],[-81.38934,32.59544],[-81.39387,32.60234],[-81.40043,32.60826],[-81.40646,32.61304],[-81.40752,32.61658],[-81.40844,32.61719],[-81.41122,32.61773],[-81.41297,32.6204],[-81.41251,32.62157],[-81.41309,32.6248],[-81.41812,32.62835],[-81.41843,32.6347],[-81.41701,32.63615],[-81.41476,32.63744],[-81.41341,32.63737],[-81.41152,32.63291],[-81.41026,32.63139],[-81.4082,32.63131],[-81.40421,32.63524],[-81.40274,32.63703],[-81.40363,32.63793],[-81.41183,32.63938],[-81.41255,32.64152],[-81.41182,32.64216],[-81.40986,32.64202],[-81.40511,32.64269],[-81.40003,32.64576],[-81.39459,32.64957],[-81.39303,32.65154],[-81.39382,32.65349],[-81.39831,32.65631],[-81.40527,32.65652],[-81.40719,32.66052],[-81.4073,32.66156],[-81.40665,32.66251],[-81.40451,32.66264],[-81.40325,32.65946],[-81.40034,32.65849],[-81.39751,32.66021],[-81.39754,32.66259],[-81.40391,32.66688],[-81.40391,32.67064],[-81.40103,32.67749],[-81.40179,32.68118],[-81.40432,32.68376],[-81.40663,32.68486],[-81.40583,32.69046],[-81.40749,32.69233],[-81.40962,32.69705],[-81.41088,32.69686],[-81.41054,32.69251],[-81.4124,32.6921],[-81.41358,32.69547],[-81.41665,32.69551],[-81.41888,32.69621],[-81.4206,32.69983],[-81.42262,32.70086],[-81.42673,32.70087],[-81.4275,32.70224],[-81.42456,32.70533],[-81.4241,32.70756],[-81.42646,32.70902],[-81.42593,32.71004],[-81.42215,32.70974],[-81.42119,32.71198],[-81.42004,32.71242],[-81.41667,32.71228],[-81.41512,32.71367],[-81.41576,32.71588],[-81.42045,32.71985],[-81.42034,32.72105],[-81.41877,32.72185],[-81.41092,32.72121],[-81.40999,32.72186],[-81.41007,32.7231],[-81.41559,32.72353],[-81.41777,32.72507],[-81.41782,32.72658],[-81.41675,32.72876],[-81.41706,32.72968],[-81.41828,32.73092],[-81.41854,32.73259],[-81.41703,32.73309],[-81.41467,32.73208],[-81.41252,32.73243],[-81.4116,32.73385],[-81.41387,32.73748],[-81.41267,32.73908],[-81.40986,32.73952],[-81.4076,32.74033],[-81.40575,32.74254],[-81.40493,32.74556],[-81.40502,32.74828],[-81.40587,32.74914],[-81.41066,32.74932],[-81.4186,32.74799],[-81.41984,32.7498],[-81.41849,32.75219],[-81.41673,32.75328],[-81.41371,32.75283],[-81.41157,32.75312],[-81.40836,32.75469],[-81.408,32.75615],[-81.40956,32.75603],[-81.41226,32.75469],[-81.41404,32.75542],[-81.41182,32.76312],[-81.41401,32.76452],[-81.41663,32.76054],[-81.41777,32.76022],[-81.4189,32.76113],[-81.41736,32.76333],[-81.4171,32.76609],[-81.42202,32.76837],[-81.42911,32.7679],[-81.43194,32.76891],[-81.43208,32.77055],[-81.42985,32.77213],[-81.42258,32.773],[-81.4186,32.77273],[-81.41735,32.77334],[-81.41632,32.77551],[-81.41446,32.77815],[-81.41472,32.7792],[-81.41617,32.77979],[-81.42333,32.77851],[-81.42686,32.77946],[-81.43008,32.78177],[-81.43124,32.78414],[-81.42998,32.78524],[-81.42629,32.78266],[-81.42393,32.78273],[-81.42224,32.78399],[-81.42236,32.78575],[-81.42513,32.78619],[-81.42758,32.78694],[-81.42742,32.78832],[-81.425,32.79033],[-81.4197,32.79323],[-81.41988,32.79486],[-81.42298,32.794],[-81.42523,32.79419],[-81.42635,32.79888],[-81.42829,32.80083],[-81.4269,32.80224],[-81.42487,32.80188],[-81.42274,32.80199],[-81.42224,32.80313],[-81.42633,32.80993],[-81.42598,32.81108],[-81.42377,32.81051],[-81.41975,32.81373],[-81.4185,32.81566],[-81.41798,32.8182],[-81.41858,32.81868],[-81.42059,32.81865],[-81.42435,32.81618],[-81.42709,32.81687],[-81.42824,32.81858],[-81.42795,32.81938],[-81.42694,32.8197],[-81.42304,32.81975],[-81.42241,32.82024],[-81.42195,32.82147],[-81.42249,32.82289],[-81.42668,32.82573],[-81.42952,32.82715],[-81.42994,32.82825],[-81.4281,32.82868],[-81.42367,32.82831],[-81.42183,32.82926],[-81.42062,32.83122],[-81.42161,32.83518],[-81.42647,32.84077],[-81.43481,32.84354],[-81.43751,32.84016],[-81.43995,32.84036],[-81.44288,32.84585],[-81.44228,32.84859],[-81.44267,32.85011],[-81.44487,32.85097],[-81.4512,32.84792],[-81.45174,32.84477],[-81.45403,32.8442],[-81.46072,32.84604],[-81.46021,32.8474],[-81.45556,32.84651],[-81.45706,32.85039],[-81.45692,32.8526],[-81.45302,32.85964],[-81.45336,32.86385],[-81.45137,32.86716],[-81.45339,32.87388],[-81.45721,32.8738],[-81.46056,32.87516],[-81.46188,32.87755],[-81.46505,32.8809],[-81.46714,32.8806],[-81.46804,32.87667],[-81.47038,32.87627],[-81.47592,32.87764],[-81.47944,32.88108],[-81.4771,32.88747],[-81.4717,32.89044],[-81.4671,32.889],[-81.46593,32.88945],[-81.46828,32.89228],[-81.46465,32.896],[-81.46407,32.89781],[-81.46592,32.89989],[-81.46898,32.90108],[-81.47162,32.90001],[-81.47065,32.89504],[-81.47214,32.89381],[-81.47553,32.89672],[-81.48081,32.89861],[-81.48086,32.90022],[-81.47937,32.90233],[-81.47918,32.90564],[-81.48144,32.9089],[-81.48001,32.91344],[-81.4813,32.91459],[-81.48705,32.91477],[-81.48726,32.91785],[-81.48444,32.91882],[-81.4832,32.9218],[-81.4896,32.92704],[-81.49207,32.92782],[-81.49509,32.9316],[-81.49983,32.93261],[-81.50243,32.93535],[-81.50272,32.93869],[-81.49957,32.94372],[-81.49945,32.94499],[-81.50402,32.94809],[-81.50861,32.95255],[-81.51001,32.95733],[-81.51005,32.96097],[-81.51135,32.96672],[-81.5108,32.96852],[-81.50884,32.96937],[-81.50785,32.96885],[-81.50757,32.96559],[-81.50503,32.96356],[-81.50137,32.96291],[-81.49983,32.96382],[-81.49947,32.96478],[-81.49784,32.97301],[-81.49474,32.979],[-81.4955,32.98353],[-81.49434,32.98508],[-81.49433,32.98626],[-81.496,32.9883],[-81.49642,32.98962],[-81.49614,32.99091],[-81.49503,32.99172],[-81.49225,32.99351],[-81.49146,32.99544],[-81.4912,32.99782],[-81.49274,32.99911],[-81.49571,32.99947],[-81.49983,33.00066],[-81.50063,33.00196],[-81.50023,33.00346],[-81.49875,33.00507],[-81.49613,33.00548],[-81.4919,33.00669],[-81.49142,33.00808],[-81.49225,33.00934],[-81.49664,33.01022],[-81.49977,33.01225],[-81.50203,33.01511],[-81.50405,33.01625],[-81.50568,33.01597],[-81.50741,33.01154],[-81.50822,33.01053],[-81.51069,33.01031],[-81.51157,33.01228],[-81.50892,33.01566],[-81.50822,33.01751],[-81.51028,33.02123],[-81.51133,33.02146],[-81.51372,33.02057],[-81.51607,33.02083],[-81.51838,33.02159],[-81.51908,33.0232],[-81.51759,33.02399],[-81.51402,33.02366],[-81.51169,33.02451],[-81.51059,33.0258],[-81.51125,33.02779],[-81.51323,33.02855],[-81.51963,33.02918],[-81.52265,33.03079],[-81.52845,33.03565],[-81.52879,33.03687],[-81.52844,33.03988],[-81.52914,33.04081],[-81.53072,33.04086],[-81.5355,33.03849],[-81.53879,33.03919],[-81.54008,33.04061],[-81.54214,33.04692],[-81.54376,33.04856],[-81.54652,33.04884],[-81.55179,33.04339],[-81.55315,33.0432],[-81.56195,33.04584],[-81.56611,33.04879],[-81.56504,33.04969],[-81.56034,33.05004],[-81.55917,33.05177],[-81.55894,33.05292],[-81.5594,33.0549],[-81.56399,33.06084],[-81.56569,33.06105],[-81.56699,33.0604],[-81.56695,33.0596],[-81.56457,33.05804],[-81.56302,33.05581],[-81.56631,33.05343],[-81.56989,33.0545],[-81.57191,33.05399],[-81.57324,33.0549],[-81.57131,33.05687],[-81.57283,33.05864],[-81.57704,33.05725],[-81.57833,33.05894],[-81.57451,33.06005],[-81.57491,33.0618],[-81.58025,33.06176],[-81.58099,33.0627],[-81.57716,33.06433],[-81.57719,33.06594],[-81.57875,33.0662],[-81.5831,33.06496],[-81.5838,33.06702],[-81.58298,33.06858],[-81.58436,33.0699],[-81.58741,33.06994],[-81.59086,33.07274],[-81.59252,33.07306],[-81.59265,33.06991],[-81.59359,33.0695],[-81.59602,33.07269],[-81.60095,33.07281],[-81.60324,33.07442],[-81.6033,33.07509],[-81.59899,33.07668],[-81.59683,33.07856],[-81.5965,33.07989],[-81.60132,33.08705],[-81.60253,33.08681],[-81.60359,33.08458],[-81.60684,33.08172],[-81.6107,33.07995],[-81.6129,33.08102],[-81.61294,33.08398],[-81.60953,33.08688],[-81.60829,33.08902],[-81.60997,33.09301],[-81.61166,33.09426],[-81.61499,33.09555],[-81.63223,33.09395],[-81.63723,33.09295],[-81.64233,33.09315],[-81.64643,33.09455],[-81.65843,33.10315],[-81.67183,33.10775],[-81.67703,33.11065],[-81.69693,33.11655],[-81.70463,33.11645],[-81.71113,33.12165],[-81.71603,33.12365],[-81.72173,33.12645],[-81.72433,33.12945],[-81.72953,33.13375],[-81.73664,33.13765],[-81.74453,33.14215],[-81.74634,33.14605],[-81.75003,33.14735],[-81.75414,33.15055],[-81.76314,33.15945],[-81.76444,33.16555],[-81.76763,33.16725],[-81.76814,33.16825],[-81.76673,33.17145],[-81.77244,33.18095],[-81.77174,33.18155],[-81.76864,33.17845],[-81.76614,33.17785],[-81.76493,33.17955],[-81.76694,33.18205],[-81.76774,33.18465],[-81.76593,33.18785],[-81.76283,33.18825],[-81.76063,33.18925],[-81.75953,33.19475],[-81.75693,33.19785],[-81.75823,33.20025],[-81.76163,33.20175],[-81.76354,33.20365],[-81.7653,33.2095],[-81.76723,33.21275],[-81.76793,33.21635],[-81.77403,33.22115],[-81.77774,33.22185],[-81.78014,33.22115],[-81.78104,33.21985],[-81.77764,33.21535],[-81.77754,33.21135],[-81.77894,33.20985],[-81.78454,33.20815],[-81.79024,33.20845],[-81.79824,33.21165],[-81.80394,33.21135],[-81.80649,33.21213],[-81.80794,33.21375],[-81.80814,33.21945],[-81.80924,33.22215],[-81.81174,33.22385],[-81.81964,33.22665],[-81.82794,33.22875],[-81.83174,33.23355],[-81.83794,33.23835],[-81.84654,33.24175],[-81.84864,33.24505],[-81.85294,33.24874],[-81.85256,33.25141],[-81.84983,33.25292],[-81.84514,33.25254],[-81.84004,33.25464],[-81.83984,33.25614],[-81.84154,33.25724],[-81.84474,33.25744],[-81.84634,33.25845],[-81.84814,33.26454],[-81.84691,33.2666],[-81.84386,33.26662],[-81.84267,33.26452],[-81.8408,33.26328],[-81.83845,33.26285],[-81.83744,33.26185],[-81.83644,33.25944],[-81.83441,33.25838],[-81.83108,33.2608],[-81.82884,33.26205],[-81.82834,33.26304],[-81.82889,33.26408],[-81.83054,33.26438],[-81.83335,33.26229],[-81.83534,33.26235],[-81.83604,33.26355],[-81.83524,33.26655],[-81.83554,33.27144],[-81.83267,33.27429],[-81.83252,33.27556],[-81.8335,33.27607],[-81.83634,33.27445],[-81.83915,33.2739],[-81.84414,33.27884],[-81.84454,33.28294],[-81.84619,33.28433],[-81.84824,33.28384],[-81.85158,33.28354],[-81.86074,33.28584],[-81.86334,33.28924],[-81.86164,33.29374],[-81.86204,33.29694],[-81.86004,33.29914],[-81.85254,33.29934],[-81.85034,33.29644],[-81.84874,33.29674],[-81.84964,33.29954],[-81.84604,33.30434],[-81.84764,33.30714],[-81.85173,33.30875],[-81.85365,33.31033],[-81.85606,33.30985],[-81.8576,33.30711],[-81.86054,33.30494],[-81.86206,33.30248],[-81.86393,33.30204],[-81.86464,33.30334],[-81.86404,33.30784],[-81.86494,33.31184],[-81.86654,33.31374],[-81.86925,33.31377],[-81.87584,33.30744],[-81.87944,33.30234],[-81.88124,33.30254],[-81.88194,33.30544],[-81.88464,33.30924],[-81.88154,33.31404],[-81.88254,33.31704],[-81.88524,33.31744],[-81.89054,33.31484],[-81.89254,33.31534],[-81.89274,33.31674],[-81.89004,33.31894],[-81.88916,33.32109],[-81.89102,33.32249],[-81.89554,33.32164],[-81.89859,33.3229],[-81.89927,33.32542],[-81.89694,33.32764],[-81.89694,33.33054],[-81.89957,33.33282],[-81.90063,33.33503],[-81.90195,33.33588],[-81.90364,33.33484],[-81.90261,33.33026],[-81.90413,33.32729],[-81.90604,33.32604],[-81.90613,33.32162],[-81.90909,33.31998],[-81.91214,33.31914],[-81.91374,33.32004],[-81.91294,33.32174],[-81.90914,33.32394],[-81.90814,33.32714],[-81.91884,33.33344],[-81.91893,33.33496],[-81.91634,33.33864],[-81.91551,33.34078],[-81.91424,33.34184],[-81.91014,33.34234],[-81.90844,33.34384],[-81.90893,33.34627],[-81.91017,33.34701],[-81.91303,33.34689],[-81.91494,33.34374],[-81.91928,33.34034],[-81.92346,33.3449],[-81.92682,33.34528],[-81.93274,33.34354],[-81.93724,33.34364],[-81.93974,33.34494],[-81.93984,33.34774],[-81.93481,33.35376],[-81.93531,33.35679],[-81.94474,33.36404],[-81.94674,33.36734],[-81.94634,33.37064],[-81.94374,33.37234],[-81.93964,33.37254],[-81.93464,33.36894],[-81.93063,33.36816],[-81.92574,33.37114],[-81.92484,33.37414],[-81.93086,33.38008],[-81.93509,33.39724],[-81.93811,33.39993],[-81.94448,33.40367],[-81.94563,33.40584],[-81.94489,33.40796],[-81.94315,33.40903],[-81.94078,33.40874],[-81.93477,33.4068],[-81.93139,33.40696],[-81.92945,33.40776],[-81.92477,33.41242],[-81.92386,33.41046],[-81.92128,33.4086],[-81.91775,33.4072],[-81.91237,33.40809],[-81.9105,33.41031],[-81.90963,33.4126],[-81.91076,33.41504],[-81.92107,33.41742],[-81.92489,33.41931],[-81.93174,33.42451],[-81.93231,33.42659],[-81.9308,33.42903],[-81.92833,33.42991],[-81.92072,33.43099],[-81.91697,33.43259],[-81.91428,33.4353],[-81.91313,33.43833],[-81.91353,33.44127],[-81.91481,33.4435],[-81.91944,33.4491],[-81.92634,33.46294],[-81.92944,33.46584],[-81.93414,33.46834],[-81.94174,33.47004],[-81.94644,33.47174],[-81.96704,33.48064],[-81.97354,33.48264],[-81.98064,33.48404],[-81.98594,33.48654],[-81.98934,33.49004],[-81.99094,33.49424],[-81.99038,33.50076],[-81.99194,33.50444],[-82.00134,33.52014],[-82.00434,33.52193],[-82.00714,33.52284],[-82.00764,33.52334],[-82.01004,33.53043],[-82.01154,33.53173],[-82.01984,33.53504],[-82.02344,33.53793],[-82.02344,33.54073],[-82.02824,33.54493],[-82.03302,33.54645],[-82.0349,33.54916],[-82.03737,33.55466],[-82.04633,33.56383],[-82.04896,33.56487],[-82.05494,33.56538],[-82.05773,33.56677],[-82.06904,33.57538],[-82.0731,33.57751],[-82.08749,33.58061],[-82.09413,33.58274],[-82.09635,33.58407],[-82.09882,33.58636],[-82.10624,33.59564],[-82.10938,33.59658],[-82.11581,33.5966],[-82.12038,33.59488],[-82.12586,33.59074],[-82.12908,33.58993],[-82.13352,33.59054],[-82.14287,33.59428],[-82.14882,33.59809],[-82.15106,33.60096],[-82.15336,33.60632],[-82.15629,33.60863],[-82.15833,33.60971],[-82.17617,33.61377],[-82.17985,33.61595],[-82.18914,33.62372],[-82.19658,33.63058],[-82.20119,33.6469],[-82.19975,33.65761],[-82.19985,33.66176],[-82.2098,33.66928],[-82.21083,33.6706],[-82.21317,33.67721],[-82.21712,33.68434],[-82.21865,33.6863],[-82.22568,33.69143],[-82.23458,33.70022],[-82.2354,33.70438],[-82.23719,33.70788],[-82.23575,33.71439],[-82.23731,33.72189],[-82.23876,33.72521],[-82.2395,33.72933],[-82.2391,33.73087],[-82.24324,33.74012],[-82.24541,33.74293],[-82.24747,33.75259],[-82.25559,33.75988],[-82.26004,33.76043],[-82.26404,33.76284],[-82.26502,33.76574],[-82.26772,33.76765],[-82.27044,33.76791],[-82.27768,33.77203],[-82.28409,33.77878],[-82.28865,33.78164],[-82.29247,33.78241],[-82.29498,33.78187],[-82.29748,33.78297],[-82.29901,33.78448],[-82.2996,33.78648],[-82.29886,33.79317],[-82.29928,33.79894],[-82.30021,33.80063],[-82.30345,33.80326],[-82.31244,33.80716],[-82.31435,33.81111],[-82.32189,33.81678],[-82.32448,33.82003],[-82.33783,33.82716],[-82.3462,33.83383],[-82.35119,33.83614],[-82.36878,33.84231],[-82.3733,33.84475],[-82.37977,33.8511],[-82.38497,33.85443],[-82.39053,33.85716],[-82.39574,33.85909],[-82.4022,33.86466],[-82.40559,33.86602],[-82.40835,33.86632],[-82.42062,33.86375],[-82.42489,33.86413],[-82.42916,33.86584],[-82.4335,33.86901],[-82.43864,33.87392],[-82.4405,33.87512],[-82.44811,33.87754],[-82.45511,33.88165],[-82.45939,33.88639],[-82.46991,33.89284],[-82.48011,33.9019],[-82.49293,33.90975],[-82.49611,33.91346],[-82.50358,33.92605],[-82.50764,33.93146],[-82.51295,33.93697],[-82.52451,33.94336],[-82.52674,33.94376],[-82.53411,33.94365],[-82.53977,33.94155],[-82.54313,33.94095],[-82.5545,33.94382],[-82.55684,33.94535],[-82.56458,33.95581],[-82.5657,33.95868],[-82.5662,33.96477],[-82.56908,33.96989],[-82.57416,33.97355],[-82.57667,33.9759],[-82.57885,33.97863],[-82.58046,33.98213],[-82.58057,33.98514],[-82.57961,33.98726],[-82.57588,33.98995],[-82.57525,33.99143],[-82.57625,33.99301],[-82.58339,33.99529],[-82.58623,33.99715],[-82.58855,33.99977],[-82.59267,34.01037],[-82.5955,34.01586],[-82.59553,34.02048],[-82.59379,34.02674],[-82.59419,34.02887],[-82.59601,34.03093],[-82.60018,34.03298],[-82.60741,34.03807],[-82.61061,34.04146],[-82.61293,34.04678],[-82.61916,34.05132],[-82.62038,34.05392],[-82.62141,34.05802],[-82.62464,34.06026],[-82.62696,34.06346],[-82.63097,34.06553],[-82.63399,34.06496],[-82.63544,34.06509],[-82.64052,34.06788],[-82.64376,34.07231],[-82.64566,34.07605],[-82.64522,34.07905],[-82.64318,34.08095],[-82.64026,34.08654],[-82.64164,34.09209],[-82.64883,34.09913],[-82.65423,34.10063],[-82.65603,34.10253],[-82.65885,34.10396],[-82.66032,34.1069],[-82.66185,34.10775],[-82.66688,34.11359],[-82.66828,34.11978],[-82.67522,34.12978],[-82.67873,34.13239],[-82.68629,34.13445],[-82.69039,34.13829],[-82.69215,34.13899],[-82.69553,34.13882],[-82.69976,34.13932],[-82.70414,34.14101],[-82.71533,34.1482],[-82.71746,34.15055],[-82.72331,34.16589],[-82.72541,34.16977],[-82.73041,34.17533],[-82.73177,34.17804],[-82.73219,34.18135],[-82.7317,34.19073],[-82.73254,34.19452],[-82.74165,34.20971],[-82.74238,34.21377],[-82.74036,34.21863],[-82.7405,34.22001],[-82.744,34.22441],[-82.74435,34.22592],[-82.74208,34.22896],[-82.74349,34.23989],[-82.74443,34.242],[-82.74472,34.24631],[-82.74309,34.24798],[-82.743,34.25138],[-82.74557,34.25407],[-82.74582,34.25836],[-82.74771,34.2607],[-82.74854,34.2641],[-82.74666,34.26641],[-82.75064,34.27113],[-82.75391,34.27545],[-82.76111,34.2804],[-82.76233,34.28195],[-82.76608,34.28207],[-82.77169,34.28633],[-82.78181,34.29792],[-82.78177,34.30241],[-82.78724,34.31078],[-82.79017,34.32211],[-82.79206,34.32676],[-82.79124,34.33105],[-82.79354,34.3383],[-82.7947,34.34058],[-82.79875,34.3419],[-82.81285,34.35183],[-82.81377,34.35393],[-82.81564,34.35391],[-82.82491,34.36041],[-82.82673,34.36053],[-82.83332,34.36395],[-82.83481,34.3663],[-82.83521,34.37172],[-82.83598,34.38091],[-82.83667,34.38314],[-82.84136,34.39014],[-82.842,34.3925],[-82.84145,34.39897],[-82.84745,34.41205],[-82.84803,34.41833],[-82.84691,34.41938],[-82.84963,34.42568],[-82.85401,34.42882],[-82.85548,34.44166],[-82.85683,34.44342],[-82.86012,34.45284],[-82.85884,34.45522],[-82.86535,34.46032],[-82.87185,34.46119],[-82.87387,34.46447],[-82.88117,34.46948],[-82.88079,34.47189],[-82.8874,34.48096],[-82.89259,34.48119],[-82.90155,34.48676],[-82.91774,34.48417],[-82.92074,34.48234],[-82.92616,34.48165],[-82.93082,34.48565],[-82.93716,34.48638],[-82.94399,34.48551],[-82.94781,34.48207],[-82.94823,34.48049],[-82.95571,34.4789],[-82.95855,34.47955],[-82.96324,34.48436],[-82.96424,34.48457],[-82.96645,34.48235],[-82.97492,34.47935],[-82.9774,34.48175],[-82.97975,34.48294],[-82.99267,34.47907],[-82.99528,34.47565],[-82.99509,34.47248],[-82.9992,34.47245],[-83.01526,34.47778],[-83.02931,34.48415],[-83.03336,34.48309],[-83.04358,34.48909],[-83.04524,34.49118],[-83.04877,34.4936],[-83.05102,34.49353],[-83.05286,34.49533],[-83.05348,34.49726],[-83.0531,34.50132],[-83.05446,34.50289],[-83.05784,34.50371],[-83.0658,34.50104],[-83.06945,34.50213],[-83.074,34.50547],[-83.07737,34.50922],[-83.07842,34.51308],[-83.07984,34.51445],[-83.08719,34.51594],[-83.08686,34.5178],[-83.08178,34.52174],[-83.07778,34.52406],[-83.07793,34.52477],[-83.08486,34.53097],[-83.09256,34.53294],[-83.09686,34.53152],[-83.10285,34.53257],[-83.10345,34.53862],[-83.10497,34.54094],[-83.10862,34.54154],[-83.11051,34.54511],[-83.11025,34.54706],[-83.11721,34.55254],[-83.12189,34.55234],[-83.12426,34.555],[-83.12205,34.55803],[-83.1229,34.56013],[-83.12718,34.562],[-83.12968,34.5617],[-83.13338,34.5595],[-83.14051,34.56239],[-83.13988,34.568],[-83.14318,34.5734],[-83.15368,34.5787],[-83.15868,34.579],[-83.15918,34.581],[-83.15778,34.5838],[-83.15454,34.58694],[-83.15458,34.5882],[-83.15888,34.5896],[-83.16828,34.591],[-83.17028,34.5924],[-83.17008,34.5996],[-83.16428,34.6009],[-83.16069,34.59947],[-83.15908,34.6022],[-83.15995,34.60346],[-83.16428,34.6044],[-83.16968,34.6074],[-83.18078,34.6075],[-83.18648,34.6066],[-83.19518,34.6034],[-83.19738,34.6032],[-83.19698,34.606],[-83.19908,34.608],[-83.20883,34.61071],[-83.2164,34.61101],[-83.22334,34.60955],[-83.22724,34.61114],[-83.23134,34.61119],[-83.23821,34.61574],[-83.24348,34.6182],[-83.24067,34.62451],[-83.24648,34.6269],[-83.24768,34.6309],[-83.25178,34.6338],[-83.25448,34.6371],[-83.26228,34.6403],[-83.27088,34.6416],[-83.27852,34.64538],[-83.27943,34.64787],[-83.28208,34.6497],[-83.28468,34.6502],[-83.29318,34.6543],[-83.30121,34.66326],[-83.30148,34.66658],[-83.30464,34.66956],[-83.30892,34.67027],[-83.31439,34.66894],[-83.31686,34.66987],[-83.31852,34.67477],[-83.32146,34.67754],[-83.32534,34.67952],[-83.33028,34.68134],[-83.3389,34.68004],[-83.34137,34.68136],[-83.34262,34.68299],[-83.33823,34.68719],[-83.33863,34.68895],[-83.34013,34.69148],[-83.34315,34.69395],[-83.35294,34.69706],[-83.35391,34.69922],[-83.35185,34.7017],[-83.3479,34.70293],[-83.34665,34.70422],[-83.34979,34.70827],[-83.35101,34.71264],[-83.3528,34.71744],[-83.35342,34.72842],[-83.35043,34.73269],[-83.34907,34.73663],[-83.34544,34.73845],[-83.33897,34.73844],[-83.33869,34.74207],[-83.33272,34.7461],[-83.33242,34.74899],[-83.32631,34.75084],[-83.32719,34.7546],[-83.3259,34.75647],[-83.31974,34.75701],[-83.31894,34.75833],[-83.32321,34.76058],[-83.31932,34.76487],[-83.32298,34.76609],[-83.31898,34.77131],[-83.32266,34.77762],[-83.32121,34.77904],[-83.32415,34.78748],[-83.32387,34.78971],[-83.32034,34.79068],[-83.32052,34.79304],[-83.31383,34.79683],[-83.31378,34.79991],[-83.30322,34.80221],[-83.30118,34.80401],[-83.29976,34.80788],[-83.2998,34.81006],[-83.30424,34.81102],[-83.30666,34.81485],[-83.30313,34.81874],[-83.30057,34.81866],[-83.29899,34.81755],[-83.30001,34.81525],[-83.29605,34.81311],[-83.29465,34.8136],[-83.29472,34.81573],[-83.28996,34.81846],[-83.29108,34.82319],[-83.28865,34.82467],[-83.28481,34.82304],[-83.28227,34.82024],[-83.27669,34.81689],[-83.2718,34.81804],[-83.26832,34.82113],[-83.26964,34.82336],[-83.2678,34.82614],[-83.26734,34.83237],[-83.27243,34.83472],[-83.26877,34.84454],[-83.26631,34.84904],[-83.26089,34.84822],[-83.26055,34.84522],[-83.25569,34.84415],[-83.25016,34.8446],[-83.24859,34.84607],[-83.25376,34.84806],[-83.25258,34.85168],[-83.25332,34.85592],[-83.24693,34.85501],[-83.24636,34.85653],[-83.24828,34.85846],[-83.24634,34.86003],[-83.24805,34.86312],[-83.24672,34.867],[-83.24325,34.86603],[-83.23861,34.86545],[-83.23788,34.86888],[-83.2347,34.87074],[-83.24046,34.87272],[-83.24313,34.87739],[-83.23993,34.87888],[-83.23579,34.8779],[-83.23202,34.87794],[-83.22874,34.8797],[-83.21994,34.87811],[-83.2194,34.87877],[-83.21989,34.88111],[-83.21829,34.8817],[-83.21742,34.88238],[-83.21751,34.88567],[-83.21448,34.88847],[-83.21275,34.88786],[-83.21472,34.88384],[-83.21199,34.88237],[-83.20998,34.88004],[-83.20625,34.87968],[-83.20102,34.88479],[-83.20479,34.89075],[-83.20307,34.89386],[-83.19936,34.89257],[-83.1986,34.89039],[-83.19678,34.89073],[-83.19729,34.89265],[-83.19757,34.89502],[-83.19437,34.89957],[-83.19165,34.89688],[-83.18928,34.89726],[-83.18087,34.90471],[-83.18079,34.90961],[-83.17509,34.91008],[-83.17185,34.91365],[-83.16909,34.91878],[-83.16556,34.91943],[-83.16068,34.91514],[-83.15721,34.91493],[-83.15645,34.91706],[-83.15802,34.92012],[-83.15771,34.92351],[-83.15919,34.92883],[-83.15623,34.93098],[-83.14326,34.92476],[-83.14062,34.92491],[-83.13055,34.93093],[-83.12989,34.93235],[-83.13179,34.93534],[-83.13165,34.93588],[-83.12759,34.93849],[-83.12662,34.93826],[-83.12082,34.93305],[-83.11909,34.93318],[-83.11807,34.93595],[-83.1128,34.93472],[-83.11173,34.93586],[-83.11693,34.94273],[-83.12157,34.94252],[-83.12388,34.94605],[-83.12756,34.94948],[-83.12485,34.95143],[-83.12704,34.95378],[-83.12659,34.95486],[-83.12453,34.95504],[-83.12035,34.95319],[-83.11805,34.95296],[-83.11492,34.95043],[-83.11402,34.95091],[-83.11469,34.95266],[-83.12003,34.95748],[-83.12011,34.95917],[-83.11592,34.95914],[-83.11593,34.96031],[-83.12162,34.96277],[-83.12211,34.96433],[-83.12039,34.96841],[-83.1154,34.97364],[-83.11662,34.97532],[-83.11563,34.97581],[-83.1118,34.97553],[-83.11086,34.97631],[-83.1121,34.9794],[-83.11128,34.981],[-83.11002,34.98063],[-83.10843,34.97968],[-83.10577,34.9815],[-83.10712,34.98323],[-83.10338,34.98609],[-83.10168,34.98658],[-83.10286,34.98871],[-83.10134,34.98994],[-83.09897,34.9901],[-83.09838,34.99112],[-83.09883,34.99195],[-83.10359,34.99384],[-83.10252,34.9953],[-83.10287,34.99726],[-83.10956,35.0012]]]]}},{"type":"Feature","properties":{"name":"Tennessee","density":88.08,"STUSPS":"TN"},"geometry":{"type":"Polygon","coordinates":[[[-83.67539,36.60078],[-83.67013,36.60076],[-83.64559,36.6],[-83.62262,36.59806],[-83.55681,36.59738],[-83.47211,36.59728],[-83.3749,36.59739],[-83.2763,36.59819],[-83.2611,36.59389],[-83.2503,36.59394],[-83.24893,36.59383],[-83.02836,36.59389],[-83.02725,36.59385],[-82.88801,36.59346],[-82.83043,36.59376],[-82.69578,36.5937],[-82.67988,36.5937],[-82.60918,36.5941],[-82.56207,36.5948],[-82.554,36.59478],[-82.53615,36.59515],[-82.49165,36.59563],[-82.48152,36.59576],[-82.46661,36.59448],[-82.29699,36.5957],[-82.22665,36.59574],[-82.22344,36.59572],[-82.22171,36.59581],[-82.21101,36.59586],[-82.2105,36.59577],[-82.18849,36.59518],[-82.18074,36.59493],[-82.17398,36.59461],[-82.15073,36.59467],[-82.14857,36.59472],[-81.93414,36.59421],[-81.92264,36.61621],[-81.82674,36.61422],[-81.73694,36.61238],[-81.6469,36.61192],[-81.67754,36.58812],[-81.68014,36.58552],[-81.67904,36.57892],[-81.67724,36.57441],[-81.67704,36.57072],[-81.67994,36.56862],[-81.68644,36.56792],[-81.69024,36.56872],[-81.69251,36.56575],[-81.69217,36.56269],[-81.69013,36.55964],[-81.68912,36.55591],[-81.69003,36.55215],[-81.69384,36.54908],[-81.69754,36.54436],[-81.69996,36.53971],[-81.69996,36.53683],[-81.70796,36.53621],[-81.70826,36.53211],[-81.70757,36.5261],[-81.70254,36.52032],[-81.70055,36.51519],[-81.6996,36.51288],[-81.69945,36.5115],[-81.69774,36.50845],[-81.69783,36.50754],[-81.69729,36.50489],[-81.69797,36.50406],[-81.69992,36.50086],[-81.70024,36.50048],[-81.69993,36.49802],[-81.69827,36.49722],[-81.69726,36.49614],[-81.69683,36.49339],[-81.69591,36.49158],[-81.69729,36.48474],[-81.69628,36.4755],[-81.69483,36.47446],[-81.69453,36.47328],[-81.69531,36.46791],[-81.69797,36.46474],[-81.69922,36.46396],[-81.70108,36.46421],[-81.70825,36.46222],[-81.71489,36.45722],[-81.71508,36.45336],[-81.71428,36.45098],[-81.71374,36.44711],[-81.71744,36.44516],[-81.71718,36.44389],[-81.71419,36.44146],[-81.71543,36.43857],[-81.71456,36.43711],[-81.72123,36.43395],[-81.71756,36.43039],[-81.71794,36.42876],[-81.72073,36.42254],[-81.72343,36.42224],[-81.72399,36.4205],[-81.72716,36.41992],[-81.7275,36.41837],[-81.72916,36.41767],[-81.72992,36.41542],[-81.73339,36.41489],[-81.73431,36.41334],[-81.7343,36.4126],[-81.73543,36.4123],[-81.7373,36.41359],[-81.74065,36.41314],[-81.742,36.41096],[-81.74012,36.40811],[-81.74054,36.40487],[-81.74134,36.4043],[-81.74136,36.40317],[-81.74076,36.40252],[-81.74065,36.40174],[-81.73965,36.4016],[-81.73866,36.4012],[-81.73919,36.39828],[-81.73872,36.3948],[-81.73388,36.39457],[-81.73099,36.39391],[-81.72857,36.39124],[-81.73019,36.38881],[-81.7301,36.38643],[-81.72931,36.3856],[-81.73074,36.38294],[-81.73359,36.38203],[-81.73461,36.37957],[-81.73241,36.37793],[-81.73118,36.37406],[-81.72608,36.36889],[-81.72405,36.36429],[-81.72405,36.3609],[-81.72432,36.35776],[-81.72322,36.35477],[-81.72146,36.35117],[-81.7174,36.34778],[-81.71324,36.34666],[-81.70867,36.3464],[-81.70779,36.34601],[-81.7053,36.34185],[-81.70597,36.3385],[-81.70697,36.33725],[-81.70744,36.33517],[-81.71324,36.33605],[-81.71719,36.33617],[-81.71831,36.33606],[-81.72101,36.33864],[-81.72357,36.33894],[-81.72463,36.33991],[-81.72594,36.34036],[-81.72809,36.34144],[-81.73098,36.34119],[-81.73596,36.34299],[-81.7395,36.33976],[-81.74446,36.33778],[-81.74784,36.33736],[-81.75023,36.33786],[-81.75128,36.33719],[-81.75442,36.33704],[-81.75682,36.33895],[-81.75939,36.34005],[-81.76203,36.34019],[-81.76493,36.33867],[-81.76898,36.34104],[-81.76901,36.34228],[-81.77168,36.34357],[-81.77295,36.34338],[-81.77484,36.34448],[-81.77891,36.34864],[-81.78132,36.34766],[-81.78408,36.34767],[-81.78938,36.34815],[-81.79053,36.35084],[-81.79073,36.35365],[-81.7908,36.35591],[-81.79304,36.3578],[-81.7936,36.36221],[-81.79568,36.36124],[-81.79717,36.35867],[-81.80081,36.35807],[-81.80826,36.35412],[-81.8129,36.35107],[-81.82249,36.34882],[-81.8332,36.34734],[-81.84127,36.34332],[-81.84564,36.34036],[-81.85089,36.3375],[-81.85733,36.33479],[-81.86315,36.33021],[-81.87434,36.31919],[-81.87618,36.31607],[-81.87938,36.31377],[-81.88724,36.30919],[-81.89457,36.30718],[-81.8977,36.30745],[-81.90814,36.30201],[-81.9389,36.25607],[-81.9601,36.22813],[-82.02664,36.13022],[-82.02634,36.12922],[-82.02874,36.12432],[-82.03314,36.12042],[-82.03794,36.12112],[-82.04394,36.12542],[-82.05414,36.12682],[-82.05604,36.12392],[-82.05604,36.12072],[-82.06134,36.11312],[-82.06714,36.11202],[-82.07974,36.10652],[-82.08014,36.10572],[-82.08594,36.10602],[-82.09854,36.10572],[-82.10164,36.10622],[-82.10544,36.10812],[-82.10914,36.10722],[-82.11525,36.10462],[-82.12715,36.10442],[-82.13065,36.10642],[-82.13797,36.11958],[-82.13655,36.12372],[-82.13655,36.12882],[-82.14085,36.13622],[-82.14415,36.14422],[-82.14795,36.14952],[-82.15595,36.14811],[-82.16088,36.14655],[-82.16925,36.14661],[-82.17215,36.14641],[-82.17385,36.14531],[-82.17465,36.14361],[-82.17685,36.14221],[-82.17886,36.1433],[-82.18035,36.14391],[-82.18255,36.14371],[-82.18365,36.14441],[-82.18475,36.14541],[-82.18545,36.14721],[-82.18685,36.14911],[-82.18685,36.15001],[-82.18751,36.1511],[-82.19027,36.1501],[-82.19195,36.14881],[-82.19535,36.15001],[-82.19925,36.15271],[-82.20181,36.15496],[-82.20487,36.15707],[-82.21125,36.15901],[-82.21385,36.15911],[-82.21845,36.15783],[-82.22205,36.15691],[-82.22323,36.15477],[-82.22485,36.15001],[-82.22829,36.14662],[-82.23481,36.14172],[-82.23548,36.14075],[-82.23641,36.13993],[-82.24155,36.13711],[-82.24335,36.13431],[-82.24446,36.13278],[-82.24752,36.13087],[-82.25185,36.13221],[-82.25325,36.13371],[-82.25632,36.13392],[-82.26035,36.13371],[-82.26335,36.13011],[-82.26569,36.12761],[-82.26875,36.12704],[-82.27095,36.12761],[-82.27405,36.12941],[-82.27865,36.12851],[-82.28035,36.12881],[-82.28845,36.13541],[-82.28946,36.13571],[-82.29766,36.13351],[-82.30285,36.13131],[-82.30725,36.12851],[-82.30866,36.12651],[-82.31816,36.12091],[-82.32145,36.11955],[-82.32517,36.11936],[-82.32918,36.11743],[-82.33229,36.11693],[-82.33676,36.11491],[-82.34686,36.11521],[-82.34842,36.11593],[-82.34996,36.11711],[-82.35516,36.11561],[-82.36036,36.11161],[-82.36092,36.11061],[-82.36657,36.10765],[-82.37138,36.10639],[-82.37556,36.10561],[-82.37876,36.10281],[-82.38046,36.09931],[-82.38996,36.09691],[-82.40446,36.08761],[-82.40946,36.08341],[-82.46066,36.00781],[-82.46456,36.00651],[-82.47419,36.00011],[-82.48229,35.99782],[-82.4835,35.99628],[-82.48367,35.99387],[-82.48468,35.99285],[-82.48745,35.99156],[-82.50021,35.98256],[-82.50538,35.97768],[-82.50707,35.97747],[-82.5126,35.97566],[-82.51644,35.97596],[-82.52066,35.97463],[-82.5227,35.97344],[-82.53129,35.97219],[-82.53476,35.96989],[-82.53927,35.96912],[-82.54246,35.96799],[-82.54968,35.96428],[-82.55319,35.96063],[-82.55787,35.9539],[-82.5675,35.95555],[-82.57517,35.95838],[-82.57668,35.95925],[-82.57772,35.9642],[-82.581,35.96556],[-82.59198,35.96639],[-82.59486,35.96535],[-82.60037,35.96463],[-82.60776,35.96602],[-82.61089,35.96741],[-82.6116,35.97142],[-82.61088,35.97444],[-82.60674,35.98445],[-82.60424,35.98732],[-82.60694,35.99217],[-82.6126,35.99349],[-82.61303,35.994],[-82.61506,36.00031],[-82.61436,36.00351],[-82.61386,36.00471],[-82.61186,36.00621],[-82.60846,36.00831],[-82.60756,36.01021],[-82.60936,36.01141],[-82.60826,36.01531],[-82.60696,36.01631],[-82.6033,36.01734],[-82.60286,36.01791],[-82.60396,36.02131],[-82.60176,36.02431],[-82.60016,36.02571],[-82.59487,36.0296],[-82.59076,36.03191],[-82.59096,36.03361],[-82.59196,36.03571],[-82.59604,36.03661],[-82.60006,36.03629],[-82.60176,36.03601],[-82.60166,36.03801],[-82.60288,36.03983],[-82.60616,36.04101],[-82.60966,36.04491],[-82.61356,36.04641],[-82.61816,36.047],[-82.61806,36.05121],[-82.61726,36.05421],[-82.61866,36.05611],[-82.62837,36.06211],[-82.63227,36.06571],[-82.63716,36.0658],[-82.64356,36.0628],[-82.65017,36.05781],[-82.65481,36.05622],[-82.65725,36.05664],[-82.66267,36.05501],[-82.66836,36.05291],[-82.67297,36.0504],[-82.68357,36.0461],[-82.68476,36.045],[-82.68556,36.042],[-82.68887,36.0386],[-82.70106,36.0344],[-82.70316,36.0324],[-82.70746,36.0301],[-82.71516,36.0286],[-82.71556,36.0269],[-82.71537,36.02425],[-82.71596,36.0228],[-82.72507,36.0182],[-82.72786,36.0185],[-82.73186,36.0176],[-82.75007,36.006],[-82.75446,36.0043],[-82.75916,36.0042],[-82.76537,36.003],[-82.776,36.0001],[-82.77728,35.99881],[-82.77859,35.997],[-82.7794,35.99251],[-82.78527,35.98793],[-82.78556,35.9778],[-82.78181,35.97456],[-82.78032,35.97436],[-82.77863,35.97479],[-82.77643,35.97389],[-82.77491,35.97198],[-82.77775,35.96691],[-82.78308,35.96498],[-82.78454,35.9639],[-82.78536,35.96253],[-82.78519,35.95923],[-82.78746,35.95216],[-82.80043,35.94416],[-82.80585,35.93794],[-82.80617,35.93691],[-82.80577,35.93532],[-82.80277,35.93013],[-82.80289,35.92901],[-82.805,35.92717],[-82.80904,35.92724],[-82.81107,35.9268],[-82.81613,35.92399],[-82.82186,35.92184],[-82.82257,35.92253],[-82.82604,35.92972],[-82.82893,35.93293],[-82.83011,35.93297],[-82.83327,35.93499],[-82.83999,35.94017],[-82.84126,35.94172],[-82.84985,35.94777],[-82.85255,35.94909],[-82.86072,35.94743],[-82.86932,35.95056],[-82.87067,35.95199],[-82.87416,35.9527],[-82.88393,35.94919],[-82.89266,35.94518],[-82.89695,35.94462],[-82.89851,35.9451],[-82.90171,35.93771],[-82.89968,35.93262],[-82.89901,35.93038],[-82.90032,35.92905],[-82.90162,35.92738],[-82.90483,35.9261],[-82.91061,35.92693],[-82.91438,35.92968],[-82.92001,35.92842],[-82.9204,35.92722],[-82.91682,35.92415],[-82.91334,35.92411],[-82.91348,35.92207],[-82.91229,35.92031],[-82.91169,35.91675],[-82.9145,35.91515],[-82.91028,35.91257],[-82.90692,35.9074],[-82.90842,35.90507],[-82.90596,35.9032],[-82.90454,35.89701],[-82.90184,35.89293],[-82.90184,35.89027],[-82.9037,35.88762],[-82.90653,35.88409],[-82.90356,35.88038],[-82.90003,35.88123],[-82.89632,35.8803],[-82.89727,35.87788],[-82.89972,35.8746],[-82.9013,35.87259],[-82.91227,35.86854],[-82.92061,35.86847],[-82.92121,35.86383],[-82.91937,35.86052],[-82.92097,35.85107],[-82.91806,35.8452],[-82.91655,35.84137],[-82.92336,35.83927],[-82.92757,35.83859],[-82.93186,35.83635],[-82.93322,35.83291],[-82.93744,35.82732],[-82.94383,35.82564],[-82.94552,35.82466],[-82.95203,35.81618],[-82.95575,35.8098],[-82.95613,35.80787],[-82.95895,35.80332],[-82.96172,35.80049],[-82.96284,35.79513],[-82.96221,35.79275],[-82.96409,35.78998],[-82.96965,35.78966],[-82.97446,35.78679],[-82.97841,35.78261],[-82.98397,35.77801],[-82.99205,35.77395],[-82.9958,35.77313],[-83.00147,35.77375],[-83.00607,35.7784],[-83.01238,35.77982],[-83.03621,35.7874],[-83.03951,35.78678],[-83.04267,35.78541],[-83.04411,35.78535],[-83.04631,35.78585],[-83.04853,35.78771],[-83.05268,35.78955],[-83.05834,35.78824],[-83.06151,35.78677],[-83.06397,35.78664],[-83.07222,35.78831],[-83.07403,35.79002],[-83.07873,35.78947],[-83.08521,35.78579],[-83.08605,35.78363],[-83.09719,35.77607],[-83.10022,35.77477],[-83.10232,35.77507],[-83.10458,35.77423],[-83.1048,35.77348],[-83.11049,35.77091],[-83.11366,35.77021],[-83.12018,35.76623],[-83.12771,35.76809],[-83.14697,35.76512],[-83.14808,35.76429],[-83.15408,35.76428],[-83.15921,35.76489],[-83.16154,35.76336],[-83.16491,35.75997],[-83.16543,35.7587],[-83.16477,35.75462],[-83.17017,35.74611],[-83.17187,35.74598],[-83.1775,35.74391],[-83.18084,35.73888],[-83.1821,35.73549],[-83.18569,35.72989],[-83.18837,35.7298],[-83.19827,35.72549],[-83.20013,35.72533],[-83.20375,35.72655],[-83.2145,35.72443],[-83.21697,35.72575],[-83.21998,35.7266],[-83.22263,35.72614],[-83.23204,35.7261],[-83.24067,35.72676],[-83.24213,35.72364],[-83.2435,35.72253],[-83.25125,35.71992],[-83.25535,35.71623],[-83.25549,35.71497],[-83.25448,35.71236],[-83.25423,35.70948],[-83.25511,35.7071],[-83.25611,35.70396],[-83.25513,35.70149],[-83.25561,35.69606],[-83.25812,35.69192],[-83.26125,35.68917],[-83.26539,35.68753],[-83.26928,35.6854],[-83.27138,35.68148],[-83.27548,35.67946],[-83.28118,35.6778],[-83.28916,35.67451],[-83.29068,35.67264],[-83.29108,35.66713],[-83.29368,35.66192],[-83.29715,35.65775],[-83.30228,35.65606],[-83.31049,35.65445],[-83.31276,35.65481],[-83.3179,35.65901],[-83.3211,35.66282],[-83.33496,35.66547],[-83.33768,35.66307],[-83.34726,35.66047],[-83.34925,35.66085],[-83.35156,35.65986],[-83.35378,35.65748],[-83.35554,35.65463],[-83.35537,35.65234],[-83.3562,35.65002],[-83.35821,35.64728],[-83.36694,35.63873],[-83.36816,35.6382],[-83.37037,35.6382],[-83.37217,35.63931],[-83.37371,35.63893],[-83.37678,35.63664],[-83.37798,35.6345],[-83.38025,35.6347],[-83.38872,35.63358],[-83.3886,35.63235],[-83.39265,35.6251],[-83.39663,35.62272],[-83.40357,35.62131],[-83.40606,35.62018],[-83.41185,35.61692],[-83.42037,35.61347],[-83.42096,35.6116],[-83.42158,35.61119],[-83.4323,35.60994],[-83.4412,35.61174],[-83.4458,35.6118],[-83.44714,35.60866],[-83.45243,35.60292],[-83.45572,35.59804],[-83.46268,35.5926],[-83.47136,35.5903],[-83.47267,35.58913],[-83.47268,35.58655],[-83.47537,35.58478],[-83.47908,35.58332],[-83.47932,35.58276],[-83.47852,35.5792],[-83.48062,35.57663],[-83.48553,35.5682],[-83.49165,35.56687],[-83.49833,35.56298],[-83.51756,35.56287],[-83.52047,35.5656],[-83.53417,35.56467],[-83.54083,35.5657],[-83.55217,35.56435],[-83.55926,35.5648],[-83.56609,35.56599],[-83.57242,35.56552],[-83.57635,35.56402],[-83.582,35.56268],[-83.58559,35.56294],[-83.58714,35.56402],[-83.58783,35.56696],[-83.59427,35.57291],[-83.60185,35.57823],[-83.60481,35.57934],[-83.60889,35.57945],[-83.61531,35.57403],[-83.62973,35.56789],[-83.63236,35.56909],[-83.63583,35.56817],[-83.63718,35.5671],[-83.6405,35.56607],[-83.64548,35.56582],[-83.65316,35.56831],[-83.65793,35.56921],[-83.66093,35.56821],[-83.66296,35.56914],[-83.66627,35.56939],[-83.67309,35.56897],[-83.67627,35.57029],[-83.68415,35.56885],[-83.69783,35.56835],[-83.70066,35.56762],[-83.7021,35.56763],[-83.70385,35.56848],[-83.7072,35.56853],[-83.72079,35.56335],[-83.72346,35.56187],[-83.73295,35.56315],[-83.73567,35.56546],[-83.74989,35.56115],[-83.75692,35.5636],[-83.75968,35.56249],[-83.76461,35.56154],[-83.77174,35.56212],[-83.77309,35.55747],[-83.78013,35.55039],[-83.7868,35.5472],[-83.80243,35.54159],[-83.80871,35.53641],[-83.8098,35.53431],[-83.82559,35.52383],[-83.82743,35.52465],[-83.8319,35.52477],[-83.8402,35.52156],[-83.8485,35.51926],[-83.8539,35.52106],[-83.85926,35.52185],[-83.86641,35.52091],[-83.87263,35.52114],[-83.88007,35.51875],[-83.88256,35.51718],[-83.88426,35.51275],[-83.89207,35.50309],[-83.89303,35.50225],[-83.89567,35.50187],[-83.90138,35.49655],[-83.9014,35.49528],[-83.9002,35.49419],[-83.90034,35.49309],[-83.90153,35.49103],[-83.90561,35.48906],[-83.90804,35.4844],[-83.90927,35.47971],[-83.91177,35.47603],[-83.9168,35.47361],[-83.91956,35.47337],[-83.9249,35.47388],[-83.92974,35.47333],[-83.93702,35.47151],[-83.94217,35.46725],[-83.94299,35.46508],[-83.94939,35.46116],[-83.95288,35.46064],[-83.95542,35.46346],[-83.95782,35.46421],[-83.96105,35.46414],[-83.96105,35.46284],[-83.9614,35.4595],[-83.96523,35.4554],[-83.96666,35.45494],[-83.96985,35.45544],[-83.97144,35.45515],[-83.97317,35.45258],[-83.97306,35.44892],[-83.97829,35.44782],[-83.98323,35.44235],[-83.99257,35.43807],[-83.99662,35.43376],[-83.99815,35.43079],[-83.99924,35.42614],[-83.99991,35.4252],[-84.00225,35.42255],[-84.00531,35.42088],[-84.01171,35.41538],[-84.01471,35.41198],[-84.01761,35.41118],[-84.02121,35.41208],[-84.02301,35.41168],[-84.02311,35.40968],[-84.02178,35.40742],[-84.02151,35.40418],[-84.01881,35.39978],[-84.01811,35.39908],[-84.01521,35.39848],[-84.01411,35.39778],[-84.00821,35.39038],[-84.00821,35.38968],[-84.01061,35.38618],[-84.01121,35.38438],[-84.00981,35.38268],[-84.00831,35.37888],[-84.00759,35.37166],[-84.01512,35.36487],[-84.01919,35.35957],[-84.02019,35.3575],[-84.02346,35.35422],[-84.02476,35.3539],[-84.02911,35.35355],[-84.03247,35.35259],[-84.0328,35.35191],[-84.03434,35.35095],[-84.0369,35.35067],[-84.03833,35.34781],[-84.03397,35.34277],[-84.03557,35.34149],[-84.0363,35.33916],[-84.03619,35.33767],[-84.03243,35.33684],[-84.03127,35.33644],[-84.02938,35.3332],[-84.03041,35.33048],[-84.03221,35.32858],[-84.03245,35.32653],[-84.03248,35.32532],[-84.03551,35.31778],[-84.03571,35.31288],[-84.03501,35.31198],[-84.02871,35.31038],[-84.02651,35.30928],[-84.02141,35.30138],[-84.02351,35.29578],[-84.02791,35.29278],[-84.03601,35.28868],[-84.04271,35.27838],[-84.05261,35.26998],[-84.05571,35.26818],[-84.06371,35.26668],[-84.07061,35.26378],[-84.07471,35.26318],[-84.08112,35.26115],[-84.08281,35.25888],[-84.08291,35.25708],[-84.09221,35.24998],[-84.09807,35.24721],[-84.10073,35.24836],[-84.10227,35.24811],[-84.10313,35.24878],[-84.10419,35.25018],[-84.10523,35.25022],[-84.1067,35.25151],[-84.10845,35.25033],[-84.10903,35.24963],[-84.11018,35.25046],[-84.11118,35.24957],[-84.11331,35.24898],[-84.11441,35.24908],[-84.11505,35.24976],[-84.11528,35.25044],[-84.11661,35.25143],[-84.11891,35.25228],[-84.12011,35.25198],[-84.12115,35.25064],[-84.12361,35.24974],[-84.12492,35.24983],[-84.12561,35.24938],[-84.12681,35.24648],[-84.12571,35.24278],[-84.12641,35.24138],[-84.12792,35.24108],[-84.12981,35.24178],[-84.1325,35.24208],[-84.13641,35.24478],[-84.13971,35.24618],[-84.14312,35.24688],[-84.15532,35.24648],[-84.15892,35.24588],[-84.16042,35.24388],[-84.16132,35.24348],[-84.16862,35.24578],[-84.17042,35.24578],[-84.17702,35.24238],[-84.17852,35.24068],[-84.18842,35.23998],[-84.19222,35.24308],[-84.19912,35.24368],[-84.20012,35.24468],[-84.20172,35.24778],[-84.20288,35.25577],[-84.20532,35.25828],[-84.20552,35.25968],[-84.21182,35.26608],[-84.21632,35.26798],[-84.22372,35.26908],[-84.22782,35.26788],[-84.23182,35.26478],[-84.24022,35.25518],[-84.24302,35.25318],[-84.25282,35.24948],[-84.25772,35.24618],[-84.26032,35.24188],[-84.27542,35.23478],[-84.28252,35.22788],[-84.28322,35.22658],[-84.28798,35.22447],[-84.28962,35.22468],[-84.29024,35.22557],[-84.29232,35.20668],[-84.29524,35.18244],[-84.29801,35.16747],[-84.30481,35.1217],[-84.30844,35.09317],[-84.30858,35.09276],[-84.31002,35.07888],[-84.32187,34.98841],[-84.39393,34.98807],[-84.3949,34.98803],[-84.50905,34.98803],[-84.50989,34.98801],[-84.62148,34.98833],[-84.62493,34.98798],[-84.72743,34.98802],[-84.73102,34.98809],[-84.80813,34.98759],[-84.81074,34.98761],[-84.81728,34.98775],[-84.82048,34.98791],[-84.82401,34.98771],[-84.8318,34.988],[-84.85803,34.98775],[-84.86131,34.98779],[-84.93931,34.98792],[-84.94442,34.98786],[-84.95562,34.98783],[-84.97986,34.98765],[-85.04505,34.98686],[-85.04518,34.98688],[-85.18055,34.98607],[-85.18591,34.986],[-85.21655,34.98568],[-85.22055,34.98557],[-85.22185,34.98548],[-85.23556,34.98548],[-85.25495,34.98517],[-85.27586,34.98497],[-85.27756,34.98497],[-85.2945,34.98465],[-85.30149,34.98448],[-85.30546,34.98448],[-85.30826,34.98438],[-85.36392,34.98338],[-85.38497,34.98299],[-85.46671,34.98297],[-85.60516,34.98468],[-85.82441,34.98814],[-85.82872,34.98817],[-86.31127,34.9911],[-86.3972,34.99166],[-86.43393,34.99108],[-86.4678,34.99069],[-86.52849,34.99068],[-86.55586,34.99097],[-86.57122,34.99101],[-86.58896,34.9912],[-86.60004,34.99124],[-86.64121,34.99174],[-86.65961,34.99179],[-86.67085,34.992],[-86.67436,34.992],[-86.67762,34.99207],[-86.78365,34.99193],[-86.82066,34.99176],[-86.83637,34.99176],[-86.84647,34.99186],[-86.84979,34.99192],[-86.86215,34.99196],[-86.96712,34.9944],[-86.97261,34.99461],[-86.97441,34.99451],[-87.00001,34.99512],[-87.01117,34.99516],[-87.21076,34.99902],[-87.21668,34.99915],[-87.23054,34.99948],[-87.27001,35.00039],[-87.29918,35.00091],[-87.34925,35.00166],[-87.35928,35.00182],[-87.38107,35.00212],[-87.39131,35.00237],[-87.4174,35.00267],[-87.42154,35.00268],[-87.42861,35.00279],[-87.62502,35.00373],[-87.66412,35.00352],[-87.6714,35.00354],[-87.69683,35.00385],[-87.70054,35.00399],[-87.70232,35.00395],[-87.70949,35.00409],[-87.75889,35.00471],[-87.7676,35.00478],[-87.77359,35.00495],[-87.85189,35.00566],[-87.85353,35.00554],[-87.87263,35.00557],[-87.87774,35.00551],[-87.87797,35.00547],[-88.00003,35.00594],[-88.20296,35.00803],[-88.20199,35.00542],[-88.20082,34.99777],[-88.20006,34.99563],[-88.25383,34.99555],[-88.25811,34.99546],[-88.38051,34.99561],[-88.4698,34.99605],[-88.46988,34.99603],[-88.78661,34.99525],[-88.85104,34.99509],[-88.88698,34.99587],[-88.92524,34.99484],[-89.02654,34.99496],[-89.139,34.99433],[-89.13914,34.99431],[-89.15683,34.99393],[-89.19829,34.99448],[-89.21743,34.99473],[-89.43495,34.99375],[-89.4869,34.99397],[-89.49374,34.99436],[-89.51115,34.99475],[-89.64428,34.99529],[-89.74178,34.99519],[-89.79519,34.99429],[-89.84849,34.99419],[-89.88336,34.99426],[-89.8934,34.99436],[-90.30836,34.99569],[-90.31045,35.0027],[-90.30926,35.00959],[-90.30528,35.0136],[-90.30574,35.01908],[-90.30299,35.02441],[-90.29947,35.03029],[-90.29697,35.03818],[-90.29235,35.04136],[-90.26482,35.04045],[-90.2617,35.03623],[-90.25622,35.03473],[-90.2518,35.03161],[-90.24298,35.03268],[-90.23235,35.03124],[-90.21993,35.02744],[-90.21323,35.0255],[-90.20731,35.02577],[-90.19122,35.04021],[-90.18655,35.04542],[-90.18116,35.05394],[-90.17762,35.06384],[-90.17676,35.06974],[-90.175,35.07606],[-90.17851,35.07981],[-90.18099,35.08499],[-90.18137,35.09401],[-90.17684,35.11209],[-90.17233,35.11891],[-90.16736,35.12358],[-90.1547,35.13092],[-90.15068,35.13248],[-90.14181,35.13304],[-90.1291,35.12847],[-90.10684,35.11944],[-90.09501,35.11753],[-90.08967,35.11805],[-90.08262,35.12133],[-90.07302,35.12923],[-90.06655,35.13684],[-90.06518,35.1394],[-90.06401,35.14463],[-90.06538,35.15138],[-90.06867,35.156],[-90.07887,35.15941],[-90.10143,35.17109],[-90.10666,35.17603],[-90.10814,35.18157],[-90.11365,35.18329],[-90.11674,35.18691],[-90.11738,35.19006],[-90.11606,35.19859],[-90.10871,35.19926],[-90.09741,35.19479],[-90.09647,35.19485],[-90.09328,35.20328],[-90.08856,35.21232],[-90.08412,35.21042],[-90.08068,35.20854],[-90.07821,35.20967],[-90.07547,35.21405],[-90.07486,35.21811],[-90.07616,35.22148],[-90.08041,35.22646],[-90.08454,35.23103],[-90.08635,35.23818],[-90.0926,35.24677],[-90.09434,35.24879],[-90.09767,35.25012],[-90.10514,35.25442],[-90.11205,35.25568],[-90.11735,35.2558],[-90.12783,35.25393],[-90.13972,35.2523],[-90.14632,35.25356],[-90.15209,35.25599],[-90.15882,35.26289],[-90.16659,35.27459],[-90.16879,35.27909],[-90.16887,35.282],[-90.16519,35.29319],[-90.16381,35.29612],[-90.16123,35.29895],[-90.15733,35.30149],[-90.15135,35.30302],[-90.1485,35.30289],[-90.1395,35.29883],[-90.12985,35.30117],[-90.12371,35.30453],[-90.12249,35.30451],[-90.11717,35.30336],[-90.10997,35.30499],[-90.10855,35.31197],[-90.10378,35.32426],[-90.10058,35.33383],[-90.09618,35.34885],[-90.09338,35.35409],[-90.08788,35.36056],[-90.08386,35.3656],[-90.07826,35.37493],[-90.07861,35.38062],[-90.08067,35.38566],[-90.08419,35.3887],[-90.09359,35.39333],[-90.10234,35.39969],[-90.10735,35.40421],[-90.11162,35.40959],[-90.11509,35.41141],[-90.12934,35.41383],[-90.13429,35.41325],[-90.1393,35.41052],[-90.14324,35.407],[-90.14508,35.40376],[-90.14619,35.39947],[-90.14587,35.39508],[-90.14347,35.3876],[-90.13551,35.37667],[-90.14654,35.37399],[-90.15602,35.37463],[-90.16528,35.37398],[-90.17214,35.37749],[-90.17834,35.38209],[-90.17927,35.38519],[-90.1707,35.41007],[-90.1706,35.41835],[-90.16888,35.42188],[-90.12944,35.44212],[-90.12314,35.45985],[-90.12002,35.4666],[-90.11441,35.47247],[-90.10772,35.47693],[-90.10052,35.47809],[-90.08803,35.47858],[-90.07901,35.47687],[-90.07215,35.47075],[-90.0678,35.46622],[-90.06721,35.46096],[-90.07133,35.45034],[-90.07406,35.43961],[-90.07408,35.43398],[-90.07055,35.42329],[-90.06202,35.41518],[-90.06953,35.40813],[-90.05432,35.38928],[-90.04486,35.39296],[-90.04156,35.39662],[-90.04404,35.39672],[-90.05678,35.40386],[-90.04809,35.41174],[-90.02119,35.42023],[-90.01382,35.42343],[-90.00332,35.42963],[-90.00267,35.43053],[-90.00403,35.44325],[-90.0068,35.45325],[-90.01192,35.4626],[-90.01965,35.47312],[-90.02774,35.47729],[-90.03511,35.48271],[-90.04398,35.49438],[-90.04768,35.50261],[-90.05015,35.51564],[-90.04909,35.52226],[-90.04613,35.5296],[-90.04215,35.53656],[-90.03985,35.54706],[-90.03811,35.54973],[-90.0345,35.55263],[-90.02829,35.55526],[-90.0239,35.55634],[-90.0179,35.55603],[-90.00829,35.56007],[-89.99893,35.56114],[-89.99164,35.56065],[-89.98936,35.56004],[-89.97631,35.55387],[-89.9585,35.5417],[-89.95671,35.53937],[-89.95564,35.53452],[-89.95578,35.53321],[-89.95701,35.53164],[-89.95821,35.52679],[-89.95875,35.52384],[-89.95264,35.52154],[-89.9351,35.51547],[-89.92889,35.51237],[-89.92437,35.5113],[-89.9185,35.51138],[-89.91192,35.51284],[-89.90893,35.51424],[-89.90464,35.51935],[-89.90238,35.52504],[-89.90231,35.53023],[-89.9044,35.53589],[-89.90679,35.53747],[-89.9097,35.53795],[-89.91195,35.53593],[-89.91318,35.53673],[-89.9098,35.54371],[-89.91068,35.54745],[-89.91288,35.54909],[-89.91619,35.54987],[-89.91932,35.54983],[-89.92414,35.55056],[-89.9291,35.55154],[-89.942,35.5569],[-89.94691,35.56358],[-89.95419,35.57583],[-89.95669,35.58143],[-89.95787,35.58489],[-89.9579,35.58726],[-89.95659,35.59062],[-89.95391,35.5943],[-89.95115,35.59749],[-89.9454,35.60161],[-89.93249,35.60801],[-89.91962,35.61224],[-89.91128,35.61759],[-89.9105,35.61758],[-89.905,35.61602],[-89.89979,35.61506],[-89.89445,35.6152],[-89.89026,35.61642],[-89.87407,35.62662],[-89.87285,35.62776],[-89.86387,35.63079],[-89.85662,35.63444],[-89.85389,35.63826],[-89.85183,35.64426],[-89.85086,35.65021],[-89.85118,35.65743],[-89.85327,35.66226],[-89.85857,35.66893],[-89.8622,35.67042],[-89.86689,35.6702],[-89.87645,35.66673],[-89.87853,35.66482],[-89.88207,35.65854],[-89.88364,35.6563],[-89.88698,35.65364],[-89.89051,35.65241],[-89.89892,35.6509],[-89.90615,35.65114],[-89.91929,35.6553],[-89.92735,35.65946],[-89.93447,35.66494],[-89.93927,35.67094],[-89.94033,35.67341],[-89.95038,35.68275],[-89.95566,35.69009],[-89.95672,35.69428],[-89.95707,35.71181],[-89.95888,35.72305],[-89.95834,35.72656],[-89.95377,35.731],[-89.9447,35.73543],[-89.94029,35.73909],[-89.93827,35.74393],[-89.91549,35.75492],[-89.91198,35.75831],[-89.9062,35.75894],[-89.90246,35.75507],[-89.89411,35.75084],[-89.88907,35.75106],[-89.87101,35.75622],[-89.86306,35.75713],[-89.85236,35.75543],[-89.85047,35.74685],[-89.84675,35.74413],[-89.83896,35.74214],[-89.82545,35.74519],[-89.81686,35.74869],[-89.80073,35.75715],[-89.79895,35.75936],[-89.79954,35.77378],[-89.79727,35.77912],[-89.79692,35.78137],[-89.79957,35.78833],[-89.79632,35.79281],[-89.78166,35.80523],[-89.76536,35.80961],[-89.76539,35.81121],[-89.75843,35.81044],[-89.74262,35.80591],[-89.73738,35.80582],[-89.73427,35.80336],[-89.73025,35.80247],[-89.72817,35.8027],[-89.71615,35.80793],[-89.70132,35.81687],[-89.6965,35.82058],[-89.69398,35.82521],[-89.6935,35.83173],[-89.69471,35.83477],[-89.69741,35.83668],[-89.7122,35.84249],[-89.72369,35.84609],[-89.74942,35.85296],[-89.76211,35.85717],[-89.76852,35.86053],[-89.77247,35.8651],[-89.77386,35.86766],[-89.77427,35.87082],[-89.77362,35.87571],[-89.77167,35.88368],[-89.76724,35.89085],[-89.75168,35.90464],[-89.74828,35.90825],[-89.74313,35.91118],[-89.73333,35.91192],[-89.72779,35.91124],[-89.71493,35.90625],[-89.70089,35.89577],[-89.69323,35.89072],[-89.67638,35.8767],[-89.66908,35.87451],[-89.66328,35.8747],[-89.65792,35.87674],[-89.64996,35.88178],[-89.64562,35.88583],[-89.64359,35.88974],[-89.64205,35.89557],[-89.641,35.90699],[-89.64265,35.91591],[-89.64431,35.92094],[-89.65027,35.92766],[-89.65403,35.93018],[-89.66478,35.93474],[-89.66966,35.93769],[-89.67548,35.94159],[-89.69591,35.95073],[-89.71401,35.95981],[-89.7185,35.96312],[-89.72168,35.96767],[-89.72403,35.9808],[-89.72292,35.98906],[-89.72749,35.9928],[-89.7311,35.99662],[-89.73306,36.00081],[-89.70693,36.00098],[-89.70568,36.00502],[-89.70357,36.00804],[-89.69244,36.02051],[-89.68858,36.02924],[-89.68725,36.03405],[-89.68444,36.05172],[-89.68195,36.07234],[-89.68003,36.08249],[-89.67882,36.08464],[-89.67246,36.09184],[-89.6666,36.0958],[-89.65771,36.09913],[-89.64302,36.10362],[-89.6283,36.10685],[-89.62508,36.10813],[-89.61513,36.11382],[-89.60194,36.11947],[-89.59895,36.12178],[-89.594,36.12719],[-89.59307,36.1297],[-89.5921,36.13564],[-89.59161,36.1441],[-89.59221,36.15012],[-89.5944,36.15546],[-89.60087,36.16456],[-89.607,36.17118],[-89.61823,36.17997],[-89.6238,36.18313],[-89.62945,36.18538],[-89.63689,36.18895],[-89.64479,36.1941],[-89.65488,36.20153],[-89.66414,36.20652],[-89.67955,36.21591],[-89.69263,36.22496],[-89.69968,36.23082],[-89.70446,36.23547],[-89.70525,36.23657],[-89.70555,36.23814],[-89.70533,36.2399],[-89.70351,36.24341],[-89.69982,36.24838],[-89.69857,36.25059],[-89.69523,36.25277],[-89.69131,36.25208],[-89.68623,36.24951],[-89.67805,36.24828],[-89.65252,36.25069],[-89.64218,36.24949],[-89.63679,36.24808],[-89.62442,36.2433],[-89.61114,36.23927],[-89.60651,36.23833],[-89.60237,36.23811],[-89.58733,36.23948],[-89.57754,36.24226],[-89.57393,36.24384],[-89.565,36.25007],[-89.56221,36.25091],[-89.55799,36.25104],[-89.55356,36.25034],[-89.54895,36.2482],[-89.54474,36.24748],[-89.54162,36.24789],[-89.53923,36.24882],[-89.53475,36.25258],[-89.53451,36.2618],[-89.53553,36.27054],[-89.53767,36.27528],[-89.53949,36.27737],[-89.5448,36.28046],[-89.54658,36.28044],[-89.54922,36.27875],[-89.55429,36.27775],[-89.57849,36.28832],[-89.58434,36.29334],[-89.58982,36.29681],[-89.61182,36.30909],[-89.61924,36.32073],[-89.62026,36.32301],[-89.6198,36.32955],[-89.61584,36.33608],[-89.61069,36.34044],[-89.60567,36.34223],[-89.60054,36.34298],[-89.58164,36.34236],[-89.56044,36.33775],[-89.54501,36.33681],[-89.53808,36.3375],[-89.53182,36.33925],[-89.52703,36.34168],[-89.52269,36.34479],[-89.519,36.3486],[-89.51318,36.3599],[-89.50972,36.37363],[-89.50956,36.37506],[-89.51038,36.37836],[-89.51396,36.38489],[-89.52529,36.40045],[-89.54234,36.4201],[-89.54422,36.42368],[-89.54525,36.42708],[-89.5455,36.4307],[-89.54506,36.43491],[-89.54341,36.43877],[-89.54087,36.44156],[-89.52727,36.45155],[-89.52519,36.45399],[-89.52343,36.45657],[-89.52102,36.46193],[-89.51972,36.467],[-89.5195,36.47542],[-89.52064,36.47867],[-89.52267,36.4813],[-89.53452,36.49143],[-89.53923,36.49793],[-89.49804,36.49789],[-89.49254,36.49777],[-89.48543,36.49749],[-89.48671,36.49495],[-89.49349,36.4787],[-89.49425,36.47597],[-89.49407,36.47322],[-89.4932,36.47012],[-89.49067,36.46553],[-89.48622,36.46162],[-89.47653,36.45785],[-89.47172,36.457],[-89.46415,36.45719],[-89.46044,36.45814],[-89.45308,36.46128],[-89.44847,36.46442],[-89.43676,36.47443],[-89.42931,36.48188],[-89.42294,36.48938],[-89.41977,36.4939],[-89.41728,36.49901],[-89.40391,36.49914],[-89.39104,36.49908],[-89.38179,36.50006],[-89.38008,36.50042],[-89.35659,36.5022],[-89.34605,36.50321],[-89.30028,36.50715],[-89.2823,36.50678],[-89.27909,36.50651],[-89.21141,36.50563],[-89.16343,36.50453],[-89.11754,36.5036],[-89.07212,36.50325],[-89.05887,36.50316],[-89.03465,36.50296],[-89.01044,36.50271],[-89.00006,36.50263],[-88.96447,36.50219],[-88.89951,36.50222],[-88.88456,36.5017],[-88.87472,36.50245],[-88.83463,36.50291],[-88.82701,36.50285],[-88.79959,36.50276],[-88.74752,36.50283],[-88.71525,36.50266],[-88.66113,36.50224],[-88.57728,36.50194],[-88.54519,36.50181],[-88.51643,36.50143],[-88.51227,36.50151],[-88.51192,36.50146],[-88.48921,36.50107],[-88.47256,36.50103],[-88.45254,36.50087],[-88.45016,36.5011],[-88.41636,36.50076],[-88.3308,36.50053],[-88.32079,36.50043],[-88.12738,36.49854],[-88.05321,36.49713],[-88.05047,36.50005],[-88.0453,36.50408],[-88.03948,36.51041],[-88.03782,36.51385],[-88.03733,36.51783],[-88.03783,36.52101],[-88.03727,36.52378],[-88.03585,36.52591],[-88.03413,36.53112],[-88.03249,36.54066],[-88.0338,36.55173],[-88.03562,36.56174],[-88.03963,36.57278],[-88.0412,36.58412],[-88.04513,36.60294],[-88.05574,36.63047],[-88.0556,36.63571],[-88.05704,36.64054],[-88.05858,36.64332],[-88.0644,36.65085],[-88.06821,36.65975],[-88.07053,36.67812],[-88.04477,36.67798],[-88.01179,36.67703],[-87.87206,36.66509],[-87.84957,36.6637],[-87.8532,36.63325],[-87.74477,36.63615],[-87.64115,36.63804],[-87.56493,36.63911],[-87.56305,36.63911],[-87.43651,36.64075],[-87.42501,36.64105],[-87.41431,36.64105],[-87.3478,36.64144],[-87.34413,36.64151],[-87.28151,36.64176],[-87.2784,36.64172],[-87.24765,36.64184],[-87.23053,36.64189],[-87.11498,36.64241],[-87.01152,36.64395],[-86.90658,36.64625],[-86.90602,36.6463],[-86.85427,36.64688],[-86.83316,36.64721],[-86.8184,36.64764],[-86.81619,36.64772],[-86.81304,36.64765],[-86.75892,36.64902],[-86.71379,36.64934],[-86.60639,36.65211],[-86.60504,36.65212],[-86.58991,36.65249],[-86.56414,36.63347],[-86.55129,36.63799],[-86.55005,36.64482],[-86.54339,36.64389],[-86.54378,36.64054],[-86.50777,36.65245],[-86.4735,36.65167],[-86.47219,36.65176],[-86.4685,36.65184],[-86.37499,36.6498],[-86.37378,36.65013],[-86.35907,36.64984],[-86.33305,36.64878],[-86.29336,36.64536],[-86.22215,36.64089],[-86.21908,36.64082],[-86.21618,36.64053],[-86.20486,36.63974],[-86.19757,36.63936],[-86.08194,36.63385],[-86.08067,36.63394],[-86.03837,36.6308],[-86.03277,36.63037],[-85.95998,36.62812],[-85.87386,36.62364],[-85.83217,36.62205],[-85.80149,36.62242],[-85.78865,36.62185],[-85.73186,36.62043],[-85.67779,36.61816],[-85.55202,36.61578],[-85.55148,36.61573],[-85.48835,36.61499],[-85.43012,36.61895],[-85.33412,36.62295],[-85.32465,36.62455],[-85.3004,36.62444],[-85.29607,36.62582],[-85.29063,36.62645],[-85.27629,36.62651],[-85.19537,36.6255],[-85.09613,36.62248],[-85.08642,36.62191],[-85.02463,36.61935],[-84.98645,36.61667],[-84.94395,36.61257],[-84.85974,36.6065],[-84.85976,36.60643],[-84.84309,36.60513],[-84.80374,36.60426],[-84.78534,36.60337],[-84.62494,36.59958],[-84.54314,36.59628],[-84.49994,36.59668],[-84.44284,36.59608],[-84.27118,36.59188],[-84.26133,36.59198],[-84.22733,36.59218],[-84.1275,36.59141],[-83.98784,36.5896],[-83.89442,36.58648],[-83.78902,36.58388],[-83.69071,36.58258],[-83.68881,36.58438],[-83.68751,36.58718],[-83.68301,36.59218],[-83.67951,36.59408],[-83.67711,36.59658],[-83.67561,36.59858],[-83.67539,36.60078]]]}},{"type":"Feature","properties":{"name":"Texas","density":98.07,"STUSPS":"TX"},"geometry":{"type":"MultiPolygon","coordinates":[[[[-94.7183,29.72885],[-94.71721,29.73211],[-94.71651,29.73352],[-94.71444,29.73299],[-94.71385,29.73145],[-94.71516,29.72979],[-94.71618,29.72778],[-94.71675,29.72769],[-94.71789,29.72812],[-94.7183,29.72885]]],[[[-94.82326,29.32392],[-94.82279,29.32547],[-94.8216,29.32703],[-94.82231,29.32962],[-94.82208,29.33335],[-94.81994,29.33946],[-94.81982,29.34112],[-94.82112,29.34277],[-94.8216,29.34526],[-94.8172,29.34837],[-94.81447,29.34961],[-94.81293,29.35137],[-94.81052,29.35213],[-94.8052,29.3494],[-94.79843,29.34492],[-94.79736,29.3434],[-94.79211,29.34109],[-94.78844,29.33749],[-94.78586,29.33505],[-94.7824,29.33391],[-94.7812,29.33247],[-94.78211,29.32987],[-94.78179,29.32402],[-94.78417,29.32102],[-94.78999,29.31615],[-94.79344,29.31407],[-94.79843,29.31242],[-94.80484,29.3121],[-94.81091,29.31262],[-94.81566,29.3121],[-94.82196,29.31324],[-94.82315,29.31656],[-94.82326,29.32392]]],[[[-94.82591,29.35265],[-94.82523,29.3538],[-94.82433,29.3539],[-94.82097,29.35267],[-94.82021,29.35156],[-94.81995,29.35017],[-94.82058,29.34908],[-94.82187,29.34845],[-94.82425,29.34892],[-94.82601,29.35173],[-94.82591,29.35265]]],[[[-94.91513,29.27345],[-94.91311,29.275],[-94.90919,29.27396],[-94.90871,29.27189],[-94.90919,29.26982],[-94.91144,29.26878],[-94.91382,29.26992],[-94.91513,29.27345]]],[[[-94.92859,29.58356],[-94.92788,29.58459],[-94.92158,29.58811],[-94.91956,29.58831],[-94.91861,29.58759],[-94.90768,29.57374],[-94.90732,29.5726],[-94.90744,29.57136],[-94.9091,29.57023],[-94.91397,29.56733],[-94.91552,29.56723],[-94.91683,29.56764],[-94.928,29.58222],[-94.92859,29.58356]]],[[[-94.92868,29.28703],[-94.92271,29.28844],[-94.91966,29.28682],[-94.92193,29.28199],[-94.92439,29.28161],[-94.92899,29.2851],[-94.92868,29.28703]]],[[[-94.97839,29.68365],[-94.97743,29.6852],[-94.97613,29.6852],[-94.97375,29.68613],[-94.97185,29.6853],[-94.96858,29.68255],[-94.96877,29.68061],[-94.96579,29.67932],[-94.95319,29.67746],[-94.94773,29.67023],[-94.94143,29.6534],[-94.94238,29.65195],[-94.95424,29.6503],[-94.95262,29.64804],[-94.95034,29.6472],[-94.94832,29.6441],[-94.94784,29.64193],[-94.94784,29.63853],[-94.94891,29.63357],[-94.9482,29.63171],[-94.94725,29.62974],[-94.94393,29.62725],[-94.94083,29.62251],[-94.93964,29.62086],[-94.93988,29.61921],[-94.94167,29.61559],[-94.94332,29.61379],[-94.94475,29.61301],[-94.94737,29.61342],[-94.95034,29.61549],[-94.95334,29.61871],[-94.95425,29.62264],[-94.95355,29.62665],[-94.95212,29.62871],[-94.95367,29.63253],[-94.95604,29.63419],[-94.95919,29.63616],[-94.96076,29.64311],[-94.96529,29.65149],[-94.96664,29.65615],[-94.96674,29.6599],[-94.96721,29.66114],[-94.96827,29.66253],[-94.96815,29.66413],[-94.96828,29.66713],[-94.96971,29.67013],[-94.97108,29.67204],[-94.97292,29.67292],[-94.97429,29.67507],[-94.97555,29.67618],[-94.9761,29.67826],[-94.97791,29.68118],[-94.97839,29.68365]]],[[[-94.99205,29.69842],[-94.98968,29.698],[-94.98671,29.6979],[-94.98564,29.69852],[-94.98278,29.69749],[-94.98017,29.69604],[-94.97993,29.69511],[-94.97934,29.69387],[-94.97601,29.69439],[-94.97518,29.69398],[-94.97506,29.69295],[-94.97328,29.6914],[-94.97328,29.69036],[-94.97375,29.68913],[-94.97518,29.68789],[-94.97957,29.6883],[-94.98207,29.69016],[-94.98457,29.69129],[-94.98552,29.69284],[-94.98718,29.69439],[-94.98884,29.69553],[-94.99075,29.69604],[-94.99241,29.6978],[-94.99205,29.69842]]],[[[-95.12215,29.09042],[-95.11989,29.09291],[-95.11466,29.09416],[-95.11014,29.09769],[-95.10705,29.10215],[-95.10064,29.11316],[-95.09695,29.11887],[-95.09303,29.12251],[-95.0884,29.12489],[-95.08317,29.12718],[-95.07948,29.12749],[-95.07592,29.12936],[-95.07128,29.13226],[-95.07116,29.13392],[-95.06831,29.13631],[-95.0638,29.13704],[-95.06071,29.13901],[-95.05809,29.14202],[-95.04621,29.14939],[-95.04359,29.15198],[-95.03979,29.15427],[-95.03551,29.15468],[-95.02814,29.15655],[-95.02422,29.16018],[-95.02541,29.16267],[-95.02363,29.169],[-95.01982,29.16849],[-95.01697,29.16849],[-95.01674,29.17212],[-95.01899,29.17564],[-95.01709,29.17751],[-95.01329,29.17876],[-95.00877,29.17782],[-95.00651,29.17979],[-95.00866,29.18291],[-95.01305,29.18509],[-95.00913,29.18571],[-95.00533,29.18509],[-95.00129,29.18695],[-94.99332,29.18882],[-94.98952,29.19058],[-94.99404,29.19577],[-94.99178,29.20034],[-94.98358,29.20117],[-94.97954,29.20283],[-94.97574,29.20148],[-94.97407,29.20241],[-94.97372,29.2049],[-94.97193,29.20698],[-94.97502,29.20884],[-94.97431,29.21123],[-94.9692,29.21351],[-94.96409,29.21154],[-94.95946,29.21019],[-94.95898,29.21289],[-94.96219,29.21642],[-94.96231,29.21922],[-94.95779,29.21942],[-94.95339,29.21828],[-94.94531,29.2215],[-94.94448,29.22378],[-94.94876,29.22865],[-94.95565,29.22938],[-94.94757,29.23301],[-94.94341,29.23571],[-94.93426,29.23259],[-94.93046,29.23488],[-94.93022,29.23871],[-94.93022,29.24348],[-94.92737,29.24659],[-94.92404,29.24722],[-94.92071,29.25053],[-94.92095,29.25344],[-94.91857,29.25572],[-94.91418,29.25841],[-94.9093,29.25987],[-94.90039,29.26495],[-94.89124,29.27054],[-94.88684,29.27065],[-94.88459,29.2721],[-94.88007,29.27272],[-94.88185,29.27925],[-94.88054,29.28267],[-94.87627,29.2863],[-94.87437,29.28993],[-94.87211,29.29065],[-94.86831,29.29045],[-94.86533,29.29169],[-94.86557,29.29335],[-94.86165,29.29552],[-94.85892,29.29521],[-94.85464,29.29708],[-94.85286,29.29905],[-94.85107,29.29925],[-94.84965,29.29749],[-94.84561,29.29843],[-94.8418,29.29915],[-94.83764,29.29977],[-94.83776,29.3012],[-94.83194,29.30205],[-94.83028,29.30133],[-94.82968,29.30029],[-94.82766,29.30091],[-94.8279,29.30464],[-94.82374,29.30589],[-94.82077,29.30962],[-94.81304,29.309],[-94.79807,29.30848],[-94.78904,29.3119],[-94.78119,29.31853],[-94.77466,29.32102],[-94.77323,29.32982],[-94.77228,29.33366],[-94.76997,29.33595],[-94.76657,29.33734],[-94.7633,29.33715],[-94.75632,29.33643],[-94.74967,29.33483],[-94.74622,29.33476],[-94.74018,29.33587],[-94.73404,29.33705],[-94.7314,29.33705],[-94.72819,29.33459],[-94.72617,29.33252],[-94.72717,29.33139],[-94.74049,29.32322],[-94.76735,29.30564],[-94.77493,29.29983],[-94.79476,29.28439],[-94.81513,29.27247],[-94.83649,29.26071],[-94.86692,29.24277],[-94.86922,29.24219],[-94.89175,29.22902],[-94.91861,29.21288],[-94.94852,29.19515],[-95.00364,29.16218],[-95.02884,29.1469],[-95.04659,29.13572],[-95.05827,29.12822],[-95.06962,29.1208],[-95.08001,29.11358],[-95.08795,29.10791],[-95.09471,29.10248],[-95.10028,29.09716],[-95.1037,29.09324],[-95.10698,29.08896],[-95.11062,29.08668],[-95.11407,29.08492],[-95.11656,29.0846],[-95.11787,29.08595],[-95.12013,29.08772],[-95.12226,29.08855],[-95.12215,29.09042]]],[[[-97.11172,27.89307],[-97.10839,27.89559],[-97.1072,27.89706],[-97.10649,27.89926],[-97.10613,27.90063],[-97.10292,27.90336],[-97.09805,27.90388],[-97.09722,27.90347],[-97.09983,27.90157],[-97.10328,27.89853],[-97.10518,27.89737],[-97.10601,27.89527],[-97.10768,27.89391],[-97.10898,27.89202],[-97.11172,27.89307]]],[[[-97.12657,27.90956],[-97.12502,27.91292],[-97.12301,27.9126],[-97.12205,27.91134],[-97.12265,27.91008],[-97.12443,27.90903],[-97.12574,27.90746],[-97.12716,27.90809],[-97.12657,27.90956]]],[[[-97.12705,27.84106],[-97.12289,27.84979],[-97.11932,27.85283],[-97.11409,27.8626],[-97.11397,27.86407],[-97.10554,27.87532],[-97.1028,27.8791],[-97.10138,27.88319],[-97.08997,27.87552],[-97.08866,27.87805],[-97.08319,27.88361],[-97.08177,27.88824],[-97.08474,27.89107],[-97.08082,27.89401],[-97.07464,27.89485],[-97.07369,27.89895],[-97.07095,27.90242],[-97.06605,27.90622],[-97.06549,27.90958],[-97.06938,27.91223],[-97.07866,27.91562],[-97.07907,27.91632],[-97.07892,27.91701],[-97.07737,27.91691],[-97.07464,27.91575],[-97.06953,27.91502],[-97.06513,27.91313],[-97.06121,27.91008],[-97.05634,27.90556],[-97.0536,27.90231],[-97.05289,27.89674],[-97.05194,27.89181],[-97.04992,27.8834],[-97.04956,27.87857],[-97.05039,27.87437],[-97.05218,27.86796],[-97.05539,27.86155],[-97.05895,27.85472],[-97.06097,27.85241],[-97.06418,27.85147],[-97.06466,27.85052],[-97.06097,27.84705],[-97.06097,27.84632],[-97.06501,27.84474],[-97.07119,27.84348],[-97.0763,27.84285],[-97.08034,27.84411],[-97.08177,27.84464],[-97.08284,27.84348],[-97.08391,27.84285],[-97.08783,27.84159],[-97.09282,27.84148],[-97.09876,27.84064],[-97.10625,27.83938],[-97.12396,27.83802],[-97.12693,27.83791],[-97.1299,27.83949],[-97.12705,27.84106]]],[[[-97.13172,27.89602],[-97.11342,27.89213],[-97.11021,27.89066],[-97.11021,27.88919],[-97.11211,27.88835],[-97.11425,27.88698],[-97.11591,27.88583],[-97.11698,27.88552],[-97.11829,27.88562],[-97.11793,27.88825],[-97.11829,27.89066],[-97.12958,27.89339],[-97.13195,27.89444],[-97.13172,27.89602]]],[[[-97.13255,27.89885],[-97.12946,27.90442],[-97.12886,27.90505],[-97.12708,27.904],[-97.1272,27.90243],[-97.12708,27.90085],[-97.12732,27.90011],[-97.1297,27.89749],[-97.13219,27.89812],[-97.13255,27.89885]]],[[[-97.14122,27.85316],[-97.13873,27.85578],[-97.13694,27.85379],[-97.13647,27.85106],[-97.13742,27.84937],[-97.14051,27.84937],[-97.14336,27.84948],[-97.14122,27.85316]]],[[[-97.15085,27.87585],[-97.14907,27.87753],[-97.14693,27.87827],[-97.14467,27.88089],[-97.14336,27.88152],[-97.14205,27.8811],[-97.14158,27.87953],[-97.14241,27.87858],[-97.14372,27.87837],[-97.14538,27.87659],[-97.1474,27.87564],[-97.14942,27.8749],[-97.15049,27.8749],[-97.15085,27.87585]]],[[[-97.16408,27.82061],[-97.15633,27.82167],[-97.15336,27.82189],[-97.14968,27.82153],[-97.14598,27.82091],[-97.14424,27.82122],[-97.14288,27.82042],[-97.14389,27.81866],[-97.14424,27.81743],[-97.14509,27.81657],[-97.14766,27.8161],[-97.15142,27.8171],[-97.15119,27.81959],[-97.1541,27.81992],[-97.1575,27.8169],[-97.16059,27.81638],[-97.16345,27.81722],[-97.16404,27.81806],[-97.16408,27.82061]]],[[[-97.17436,27.75527],[-97.17365,27.75695],[-97.17353,27.75874],[-97.1727,27.76084],[-97.17044,27.762],[-97.16866,27.7641],[-97.16711,27.76452],[-97.16486,27.76399],[-97.16486,27.76294],[-97.16604,27.76137],[-97.16676,27.75926],[-97.16854,27.75842],[-97.16854,27.75705],[-97.16759,27.75569],[-97.16842,27.75443],[-97.1702,27.75337],[-97.1727,27.75295],[-97.1746,27.7539],[-97.17436,27.75527]]],[[[-97.1903,27.81648],[-97.18543,27.8169],[-97.18198,27.81701],[-97.17985,27.81827],[-97.17854,27.81837],[-97.17747,27.81753],[-97.17747,27.81459],[-97.17889,27.81448],[-97.18555,27.8128],[-97.18781,27.8128],[-97.18876,27.81396],[-97.19292,27.81533],[-97.1903,27.81648]]],[[[-97.22025,27.81018],[-97.21625,27.81132],[-97.20898,27.81288],[-97.20409,27.81385],[-97.19928,27.81431],[-97.19683,27.81469],[-97.19637,27.81396],[-97.19732,27.81259],[-97.20052,27.81175],[-97.20266,27.81018],[-97.20441,27.80803],[-97.2073,27.80734],[-97.21467,27.80734],[-97.21713,27.8086],[-97.22049,27.80921],[-97.22025,27.81018]]],[[[-97.24005,27.83357],[-97.23856,27.83601],[-97.2343,27.83582],[-97.23,27.83151],[-97.23,27.83004],[-97.23099,27.82892],[-97.23388,27.82891],[-97.23589,27.83131],[-97.24005,27.83357]]],[[[-97.24647,27.68248],[-97.23737,27.68695],[-97.22276,27.68592],[-97.21554,27.68283],[-97.22086,27.67561],[-97.23152,27.64089],[-97.23461,27.64107],[-97.22808,27.67389],[-97.23238,27.68266],[-97.23753,27.68283],[-97.24217,27.67114],[-97.24355,27.67114],[-97.2463,27.67595],[-97.24647,27.68248]]],[[[-97.2581,26.42544],[-97.25596,26.42704],[-97.2524,26.4265],[-97.25109,26.42416],[-97.25038,26.42097],[-97.25168,26.41522],[-97.25323,26.4149],[-97.25489,26.41522],[-97.25644,26.41831],[-97.25727,26.42161],[-97.2581,26.42544]]],[[[-97.26755,27.87369],[-97.26589,27.87333],[-97.26081,27.87416],[-97.25221,27.87122],[-97.24876,27.86346],[-97.24732,27.86111],[-97.24526,27.86041],[-97.24577,27.85869],[-97.24544,27.85607],[-97.244,27.85469],[-97.23914,27.84322],[-97.23819,27.84075],[-97.239,27.8398],[-97.24509,27.84097],[-97.25808,27.86604],[-97.26132,27.86694],[-97.26732,27.869],[-97.2671,27.87144],[-97.26828,27.87274],[-97.26755,27.87369]]],[[[-97.3178,27.49456],[-97.3159,27.4991],[-97.31436,27.50299],[-97.31388,27.50542],[-97.31245,27.50711],[-97.31127,27.507],[-97.31008,27.50595],[-97.31079,27.50373],[-97.31305,27.50004],[-97.314,27.49751],[-97.31543,27.49519],[-97.31745,27.49382],[-97.3178,27.49456]]],[[[-97.31887,27.48023],[-97.31685,27.48328],[-97.31578,27.48666],[-97.31352,27.49045],[-97.31198,27.49045],[-97.30794,27.49161],[-97.30556,27.49488],[-97.30449,27.49551],[-97.30378,27.49446],[-97.30509,27.49151],[-97.30972,27.48855],[-97.31293,27.48655],[-97.31388,27.48339],[-97.31554,27.48149],[-97.31638,27.48001],[-97.31673,27.4779],[-97.3197,27.4778],[-97.31887,27.48023]]],[[[-97.32591,26.5608],[-97.30867,26.56106],[-97.27657,26.56168],[-97.27188,26.55994],[-97.27012,26.55455],[-97.26619,26.54036],[-97.2587,26.518],[-97.25098,26.49462],[-97.24562,26.4781],[-97.23806,26.45378],[-97.23041,26.42965],[-97.22372,26.40707],[-97.21789,26.38726],[-97.21114,26.35994],[-97.20165,26.32495],[-97.19536,26.29948],[-97.19287,26.29],[-97.19052,26.27753],[-97.18533,26.25292],[-97.18214,26.23716],[-97.17897,26.2193],[-97.17711,26.20655],[-97.17583,26.19563],[-97.17208,26.1684],[-97.17034,26.15652],[-97.1698,26.14855],[-97.16878,26.14112],[-97.16579,26.12083],[-97.16346,26.10579],[-97.16184,26.09579],[-97.16102,26.09114],[-97.1588,26.08266],[-97.1562,26.07373],[-97.15482,26.06988],[-97.15371,26.06758],[-97.15563,26.06798],[-97.15905,26.0696],[-97.16019,26.06994],[-97.16105,26.06866],[-97.16219,26.06721],[-97.16276,26.06712],[-97.16314,26.069],[-97.16475,26.07191],[-97.16666,26.07259],[-97.16932,26.07771],[-97.16932,26.07951],[-97.17027,26.0848],[-97.16989,26.08617],[-97.1678,26.08933],[-97.16694,26.09283],[-97.16865,26.09539],[-97.16875,26.09786],[-97.16941,26.09897],[-97.16903,26.10179],[-97.17103,26.10563],[-97.17198,26.10837],[-97.17245,26.11127],[-97.17378,26.11468],[-97.17331,26.11665],[-97.17207,26.11793],[-97.17274,26.12365],[-97.17493,26.12587],[-97.17445,26.12919],[-97.17654,26.1321],[-97.17816,26.135],[-97.17816,26.14055],[-97.17873,26.14234],[-97.1792,26.14533],[-97.18206,26.14703],[-97.18244,26.14831],[-97.18187,26.15019],[-97.1813,26.15565],[-97.18101,26.15958],[-97.18225,26.1629],[-97.18073,26.17093],[-97.17901,26.17439],[-97.17901,26.18079],[-97.18103,26.18996],[-97.18293,26.19774],[-97.18376,26.20563],[-97.18626,26.21427],[-97.18685,26.21928],[-97.18804,26.22514],[-97.18887,26.23261],[-97.19386,26.2438],[-97.19434,26.25435],[-97.19612,26.26405],[-97.19731,26.27801],[-97.20123,26.28675],[-97.20242,26.29847],[-97.20908,26.3235],[-97.21228,26.33649],[-97.22132,26.353],[-97.22548,26.36291],[-97.21953,26.36961],[-97.22203,26.37707],[-97.2288,26.38941],[-97.23451,26.39932],[-97.23629,26.40368],[-97.24151,26.40833],[-97.23777,26.41857],[-97.24372,26.42533],[-97.24306,26.43199],[-97.24699,26.44072],[-97.24404,26.44803],[-97.24765,26.46432],[-97.25313,26.48016],[-97.25807,26.48782],[-97.25611,26.49726],[-97.25714,26.50029],[-97.26065,26.50093],[-97.26251,26.507],[-97.26976,26.5079],[-97.27194,26.51199],[-97.27563,26.52485],[-97.28252,26.53612],[-97.28603,26.54716],[-97.29665,26.55084],[-97.30366,26.55361],[-97.30824,26.55761],[-97.32289,26.55717],[-97.32656,26.55879],[-97.32591,26.5608]]],[[[-97.39839,26.86789],[-97.39138,26.8839],[-97.39351,26.90637],[-97.39411,26.91538],[-97.39161,26.93699],[-97.39007,26.95002],[-97.38686,26.95723],[-97.39066,26.96369],[-97.39351,26.97131],[-97.39209,26.97714],[-97.39066,26.98847],[-97.39007,27.00372],[-97.38948,27.01716],[-97.38948,27.0305],[-97.38971,27.03993],[-97.39054,27.04564],[-97.39007,27.05062],[-97.38924,27.06808],[-97.38864,27.07887],[-97.38591,27.08469],[-97.38936,27.09337],[-97.38912,27.10172],[-97.39177,27.10874],[-97.3945,27.12397],[-97.38999,27.12947],[-97.3901,27.15157],[-97.38713,27.16553],[-97.38725,27.17462],[-97.38381,27.18773],[-97.38202,27.19333],[-97.38654,27.19714],[-97.38987,27.20496],[-97.38808,27.20644],[-97.37929,27.20961],[-97.37965,27.21944],[-97.37965,27.22673],[-97.38095,27.2355],[-97.38226,27.23941],[-97.3825,27.24617],[-97.37679,27.24755],[-97.37038,27.24977],[-97.36764,27.25505],[-97.36455,27.26382],[-97.36372,27.26804],[-97.36123,27.27258],[-97.37085,27.27871],[-97.36883,27.28124],[-97.36955,27.28811],[-97.3718,27.29402],[-97.37097,27.29878],[-97.36253,27.3049],[-97.35742,27.30553],[-97.356,27.3087],[-97.35885,27.31335],[-97.35921,27.31609],[-97.36194,27.31947],[-97.36265,27.32127],[-97.36206,27.32686],[-97.36444,27.32834],[-97.36634,27.33056],[-97.3655,27.33573],[-97.36539,27.33943],[-97.36396,27.3465],[-97.3617,27.34988],[-97.36146,27.35199],[-97.36241,27.35399],[-97.36182,27.35906],[-97.35897,27.36655],[-97.35314,27.37383],[-97.35279,27.37647],[-97.34946,27.38238],[-97.3472,27.38819],[-97.34257,27.39315],[-97.34067,27.39832],[-97.33841,27.40021],[-97.33627,27.40275],[-97.33437,27.40866],[-97.33199,27.4133],[-97.33076,27.41802],[-97.33021,27.42184],[-97.33092,27.42701],[-97.33045,27.4345],[-97.32819,27.4383],[-97.32439,27.44568],[-97.31963,27.45876],[-97.31417,27.46656],[-97.31274,27.47236],[-97.30989,27.47531],[-97.30751,27.48111],[-97.30145,27.4848],[-97.29784,27.49235],[-97.30425,27.50732],[-97.30081,27.51459],[-97.29332,27.52998],[-97.28762,27.5402],[-97.28132,27.55274],[-97.27264,27.56822],[-97.26563,27.58034],[-97.25648,27.59982],[-97.24638,27.61962],[-97.24555,27.62236],[-97.24008,27.63331],[-97.23628,27.63763],[-97.23521,27.63742],[-97.23461,27.63605],[-97.23521,27.63447],[-97.23105,27.63289],[-97.22879,27.63415],[-97.22071,27.63341],[-97.21738,27.6292],[-97.21429,27.62447],[-97.21073,27.62415],[-97.20954,27.62773],[-97.21215,27.63141],[-97.21299,27.63426],[-97.21548,27.63921],[-97.21548,27.64436],[-97.21382,27.64521],[-97.2093,27.64331],[-97.20348,27.64236],[-97.20122,27.64605],[-97.20098,27.64879],[-97.20383,27.651],[-97.203,27.65468],[-97.20158,27.65573],[-97.19706,27.65573],[-97.19706,27.66068],[-97.19813,27.67278],[-97.19682,27.68436],[-97.19397,27.68762],[-97.18993,27.69257],[-97.18696,27.69425],[-97.18411,27.69572],[-97.18233,27.69972],[-97.17828,27.70604],[-97.17698,27.70867],[-97.1727,27.71624],[-97.1689,27.72224],[-97.16854,27.72508],[-97.16521,27.73097],[-97.16212,27.7377],[-97.15951,27.74527],[-97.15868,27.75253],[-97.15238,27.76147],[-97.15154,27.76515],[-97.15119,27.76862],[-97.15,27.7703],[-97.1456,27.77241],[-97.13764,27.77419],[-97.13289,27.77556],[-97.12528,27.77924],[-97.12386,27.78166],[-97.12148,27.78513],[-97.12077,27.78934],[-97.12041,27.79207],[-97.12089,27.79869],[-97.12029,27.80594],[-97.1197,27.81015],[-97.12124,27.81572],[-97.12671,27.81971],[-97.13134,27.82266],[-97.13526,27.82329],[-97.13538,27.82455],[-97.13146,27.82686],[-97.12766,27.82812],[-97.12065,27.82886],[-97.11625,27.8298],[-97.11019,27.83128],[-97.10472,27.83233],[-97.0951,27.8338],[-97.08583,27.83537],[-97.07989,27.83737],[-97.07525,27.83947],[-97.06824,27.84021],[-97.06681,27.84105],[-97.06289,27.84178],[-97.05683,27.84199],[-97.05184,27.83884],[-97.04485,27.83447],[-97.0485,27.83181],[-97.05572,27.82515],[-97.07235,27.80707],[-97.0819,27.79616],[-97.09073,27.78589],[-97.09757,27.77733],[-97.10833,27.76311],[-97.13084,27.73111],[-97.14085,27.71669],[-97.15413,27.69687],[-97.16297,27.68248],[-97.16533,27.67737],[-97.16903,27.673],[-97.17988,27.65535],[-97.188,27.64124],[-97.19916,27.62226],[-97.20351,27.6131],[-97.21268,27.59642],[-97.22011,27.58104],[-97.22697,27.56876],[-97.23561,27.5522],[-97.24394,27.536],[-97.25732,27.51064],[-97.26832,27.48773],[-97.27507,27.47542],[-97.29142,27.43822],[-97.29606,27.42717],[-97.30364,27.40914],[-97.31201,27.38806],[-97.31889,27.3698],[-97.32491,27.35252],[-97.32951,27.33891],[-97.33825,27.31103],[-97.34742,27.27855],[-97.35025,27.2681],[-97.35719,27.24068],[-97.36099,27.22324],[-97.36539,27.19989],[-97.36729,27.18805],[-97.37055,27.16562],[-97.37348,27.13464],[-97.37555,27.11818],[-97.3769,27.10259],[-97.37827,27.07541],[-97.37906,27.04721],[-97.37919,27.03198],[-97.37886,27.01008],[-97.3781,26.99079],[-97.37694,26.97153],[-97.37613,26.9604],[-97.37457,26.94398],[-97.37086,26.91086],[-97.36839,26.8946],[-97.36359,26.86601],[-97.35672,26.83242],[-97.35045,26.80505],[-97.3443,26.77971],[-97.33757,26.7533],[-97.32848,26.72095],[-97.31216,26.66625],[-97.29617,26.61781],[-97.29125,26.60348],[-97.28482,26.58515],[-97.28039,26.57451],[-97.27765,26.56843],[-97.27756,26.56579],[-97.27877,26.56464],[-97.29445,26.56505],[-97.3083,26.56457],[-97.31005,26.56651],[-97.3099,26.57025],[-97.29343,26.57054],[-97.28686,26.57618],[-97.28749,26.58343],[-97.30312,26.5933],[-97.30902,26.60404],[-97.31211,26.61616],[-97.3215,26.63443],[-97.32899,26.64675],[-97.33101,26.6595],[-97.33588,26.66874],[-97.33968,26.67946],[-97.34812,26.70293],[-97.35703,26.72543],[-97.35929,26.73817],[-97.36713,26.75621],[-97.36511,26.7613],[-97.37498,26.7735],[-97.37997,26.7874],[-97.38139,26.79971],[-97.3909,26.81636],[-97.38876,26.83927],[-97.39423,26.85517],[-97.39839,26.86789]]],[[[-97.40564,27.29475],[-97.4041,27.30193],[-97.40291,27.30647],[-97.40208,27.31048],[-97.40053,27.3109],[-97.39911,27.30911],[-97.40029,27.30636],[-97.40136,27.30309],[-97.40243,27.29897],[-97.40315,27.29591],[-97.4035,27.29126],[-97.40434,27.29021],[-97.40564,27.29021],[-97.40564,27.29475]]],[[[-97.40659,27.31565],[-97.40434,27.31988],[-97.40291,27.32315],[-97.40065,27.32547],[-97.39958,27.32452],[-97.40053,27.3221],[-97.40231,27.3184],[-97.40386,27.31492],[-97.40481,27.31375],[-97.406,27.31354],[-97.40659,27.31565]]],[[[-97.42346,26.75218],[-97.42204,26.75175],[-97.41455,26.75292],[-97.41265,26.75186],[-97.41384,26.7491],[-97.41514,26.74687],[-97.41574,26.74294],[-97.41538,26.74072],[-97.41764,26.73997],[-97.4199,26.73997],[-97.42311,26.74072],[-97.42299,26.74485],[-97.42406,26.75048],[-97.42346,26.75218]]],[[[-106.64548,31.89867],[-106.64084,31.9046],[-106.63367,31.90979],[-106.62595,31.91223],[-106.62345,31.91403],[-106.61435,31.918],[-106.61185,31.92],[-106.62393,31.92534],[-106.62866,31.92361],[-106.62975,31.92657],[-106.62532,31.93005],[-106.62253,31.93486],[-106.62212,31.93662],[-106.62238,31.94086],[-106.62366,31.94551],[-106.61614,31.94844],[-106.6147,31.956],[-106.61771,31.95601],[-106.62282,31.95289],[-106.62512,31.95453],[-106.62553,31.95748],[-106.6243,31.96105],[-106.62045,31.9634],[-106.61937,31.96478],[-106.61875,31.96695],[-106.61957,31.97158],[-106.62187,31.97293],[-106.62322,31.97291],[-106.62647,31.97069],[-106.63011,31.97126],[-106.63819,31.97682],[-106.63953,31.98035],[-106.63649,31.98572],[-106.63118,31.98981],[-106.62357,31.991],[-106.61945,31.99473],[-106.61849,32.0005],[-106.59533,32.00078],[-106.58797,32.00075],[-106.56606,32.00076],[-106.56514,32.00074],[-106.41107,32.00133],[-106.3943,32.00148],[-106.37686,32.00117],[-106.31331,32.00151],[-106.20592,32.00176],[-106.2007,32.00178],[-106.18184,32.00205],[-106.12553,32.00253],[-105.998,32.00233],[-105.9006,32.0021],[-105.88616,32.00197],[-105.85406,32.00235],[-105.75053,32.00221],[-105.73136,32.00156],[-105.42928,32.00058],[-105.42705,32.00064],[-105.3904,32.00061],[-105.15399,32.0005],[-105.14824,32.00048],[-105.13138,32.00052],[-105.11804,32.00048],[-105.0786,32.00053],[-105.07705,32.00058],[-104.91889,32.00042],[-104.83289,32.00001],[-104.77211,31.99749],[-104.75479,31.99777],[-104.75456,32.00053],[-104.66646,32.00041],[-104.53176,32.00012],[-104.02452,32.00001],[-103.98018,32.00012],[-103.87548,32.00055],[-103.74832,32.0002],[-103.3265,32.00037],[-103.27852,32.00042],[-103.27038,32.00033],[-103.26771,32.00032],[-103.26763,32.00048],[-103.21564,32.00051],[-103.0887,32.00045],[-103.06442,32.00052],[-103.06434,32.08705],[-103.06435,32.12304],[-103.06442,32.14501],[-103.0647,32.52219],[-103.06476,32.58798],[-103.06479,32.6004],[-103.06476,32.60186],[-103.06481,32.62454],[-103.06463,32.64642],[-103.06486,32.68265],[-103.0648,32.69076],[-103.0648,32.70869],[-103.06483,32.72663],[-103.06481,32.7773],[-103.0647,32.7836],[-103.06471,32.78459],[-103.0647,32.82753],[-103.06467,32.82847],[-103.06489,32.84936],[-103.06492,32.85726],[-103.06481,32.8577],[-103.06486,32.86835],[-103.0647,32.87935],[-103.06457,32.90001],[-103.06466,32.9591],[-103.06468,32.96437],[-103.06463,32.9999],[-103.06398,33.03869],[-103.06391,33.04205],[-103.0601,33.21923],[-103.05972,33.25626],[-103.05924,33.26037],[-103.05786,33.31523],[-103.05749,33.32948],[-103.05666,33.38844],[-103.05261,33.5706],[-103.05166,33.62949],[-103.05136,33.64195],[-103.05154,33.65049],[-103.05109,33.65819],[-103.05053,33.67241],[-103.05015,33.70197],[-103.04961,33.73777],[-103.0491,33.74627],[-103.04735,33.82467],[-103.04691,33.8503],[-103.04564,33.90154],[-103.0457,33.9063],[-103.04489,33.94562],[-103.04395,33.97463],[-103.04362,34.00363],[-103.04353,34.01801],[-103.04355,34.03271],[-103.04375,34.03729],[-103.04377,34.04355],[-103.04369,34.06308],[-103.04352,34.07938],[-103.04357,34.08795],[-103.04364,34.2569],[-103.04372,34.28944],[-103.04394,34.30259],[-103.04398,34.31276],[-103.04395,34.37956],[-103.04392,34.38092],[-103.04361,34.38497],[-103.04358,34.39372],[-103.04361,34.39711],[-103.04354,34.40546],[-103.04358,34.45566],[-103.04359,34.46266],[-103.04307,34.61978],[-103.04329,34.6531],[-103.04283,34.67119],[-103.04277,34.74736],[-103.04277,34.79222],[-103.04278,34.85024],[-103.04252,34.89955],[-103.04264,35.10991],[-103.04326,35.12506],[-103.04252,35.1356],[-103.0426,35.14277],[-103.04271,35.14473],[-103.04257,35.15932],[-103.04239,35.17857],[-103.04234,35.18192],[-103.04238,35.18315],[-103.0425,35.21186],[-103.04278,35.24124],[-103.04237,35.25006],[-103.04155,35.62249],[-103.04115,35.79158],[-103.04192,35.79644],[-103.04172,35.81407],[-103.04219,35.82522],[-103.0413,35.83769],[-103.04082,36.05523],[-103.04167,36.31753],[-103.04175,36.31827],[-103.04192,36.50044],[-103.00243,36.5004],[-102.25045,36.50037],[-102.24499,36.5007],[-102.16246,36.50033],[-102.12545,36.50032],[-102.12207,36.50068],[-101.93024,36.50053],[-101.82657,36.49965],[-101.8265,36.49954],[-101.78811,36.49968],[-101.77944,36.49973],[-101.70931,36.49972],[-101.69868,36.49951],[-101.65371,36.49957],[-101.62391,36.49953],[-101.08516,36.49924],[-101.05242,36.49956],[-101.04533,36.49954],[-100.97709,36.49959],[-100.93606,36.4996],[-100.91851,36.49962],[-100.88417,36.49968],[-100.85966,36.49969],[-100.85084,36.4997],[-100.82424,36.49962],[-100.80619,36.49967],[-100.80291,36.49962],[-100.76181,36.49962],[-100.76181,36.49958],[-100.72436,36.49958],[-100.72436,36.49956],[-100.70863,36.49955],[-100.70863,36.49952],[-100.65776,36.49948],[-100.64834,36.4995],[-100.64834,36.49946],[-100.59256,36.49947],[-100.59255,36.49943],[-100.58354,36.49948],[-100.58338,36.49944],[-100.57811,36.49944],[-100.54614,36.49934],[-100.53122,36.49934],[-100.53031,36.49936],[-100.52223,36.49929],[-100.44106,36.49949],[-100.44106,36.49946],[-100.42133,36.49945],[-100.4213,36.49949],[-100.41363,36.49944],[-100.41355,36.49947],[-100.37863,36.49952],[-100.37859,36.49945],[-100.35185,36.49949],[-100.35184,36.49947],[-100.33446,36.49942],[-100.33444,36.49944],[-100.32415,36.49968],[-100.31064,36.49964],[-100.18122,36.49963],[-100.09002,36.49963],[-100.00041,36.4997],[-100.00038,35.1827],[-100.00038,34.74646],[-100.00038,34.56051],[-99.98583,34.56008],[-99.97476,34.56132],[-99.97155,34.56218],[-99.96561,34.56584],[-99.9589,34.57127],[-99.95754,34.57271],[-99.95755,34.57417],[-99.95672,34.57652],[-99.95457,34.5782],[-99.94572,34.57927],[-99.92933,34.57671],[-99.92321,34.57455],[-99.9218,34.57025],[-99.91577,34.56598],[-99.89894,34.5558],[-99.89601,34.55553],[-99.89376,34.55422],[-99.88715,34.54905],[-99.8744,34.5371],[-99.87325,34.53535],[-99.87236,34.5321],[-99.86895,34.52761],[-99.85307,34.51159],[-99.8329,34.50007],[-99.82533,34.4976],[-99.82228,34.4981],[-99.81938,34.49494],[-99.81672,34.48972],[-99.81819,34.48784],[-99.81874,34.48498],[-99.81431,34.4762],[-99.79368,34.45389],[-99.79158,34.45252],[-99.78879,34.45149],[-99.78777,34.45181],[-99.78661,34.45151],[-99.78544,34.45005],[-99.78376,34.44501],[-99.78299,34.44436],[-99.77574,34.44423],[-99.77399,34.44306],[-99.77305,34.44159],[-99.7656,34.43749],[-99.76483,34.43643],[-99.76488,34.43527],[-99.76765,34.43185],[-99.76723,34.4305],[-99.75425,34.42129],[-99.74091,34.41476],[-99.73035,34.41124],[-99.72026,34.4063],[-99.71642,34.40281],[-99.71509,34.40075],[-99.71423,34.39782],[-99.71484,34.39452],[-99.71268,34.39093],[-99.7079,34.38754],[-99.70666,34.38598],[-99.70525,34.38578],[-99.704,34.38598],[-99.70273,34.3855],[-99.70119,34.3852],[-99.69842,34.38307],[-99.69646,34.38104],[-99.69557,34.3789],[-99.69497,34.37833],[-99.6906,34.37822],[-99.68723,34.37859],[-99.68436,34.3795],[-99.68248,34.37982],[-99.67828,34.3798],[-99.67485,34.37896],[-99.67138,34.37771],[-99.66599,34.37418],[-99.66271,34.37368],[-99.65936,34.37439],[-99.65419,34.37652],[-99.64966,34.37989],[-99.64858,34.3819],[-99.64814,34.38231],[-99.64651,34.38254],[-99.64458,34.38167],[-99.64369,34.38146],[-99.64275,34.38155],[-99.64176,34.38109],[-99.63966,34.37991],[-99.63532,34.37917],[-99.63386,34.37876],[-99.63184,34.3777],[-99.63118,34.37706],[-99.6309,34.37601],[-99.6242,34.37358],[-99.62151,34.3737],[-99.61956,34.37463],[-99.61679,34.37539],[-99.61157,34.37564],[-99.61014,34.37656],[-99.60726,34.37693],[-99.60478,34.37633],[-99.60003,34.37469],[-99.59632,34.37714],[-99.59619,34.37902],[-99.59298,34.38241],[-99.58967,34.38479],[-99.5876,34.38587],[-99.58544,34.38891],[-99.58453,34.3912],[-99.58531,34.39812],[-99.58448,34.40767],[-99.58006,34.41665],[-99.57437,34.41828],[-99.5697,34.41842],[-99.5622,34.41732],[-99.55599,34.41464],[-99.54924,34.41271],[-99.52979,34.41145],[-99.52365,34.41221],[-99.51762,34.41449],[-99.51428,34.41403],[-99.5111,34.41271],[-99.50911,34.41127],[-99.50762,34.40989],[-99.5069,34.40952],[-99.50284,34.40933],[-99.49988,34.40961],[-99.49709,34.40773],[-99.4964,34.40649],[-99.4941,34.40476],[-99.49043,34.39969],[-99.48722,34.39796],[-99.47755,34.39635],[-99.47585,34.39639],[-99.47379,34.39535],[-99.47227,34.3956],[-99.47097,34.39647],[-99.47031,34.39675],[-99.46843,34.39663],[-99.46638,34.3959],[-99.46404,34.39363],[-99.46246,34.39114],[-99.46185,34.38724],[-99.46205,34.3844],[-99.46183,34.38241],[-99.46105,34.38067],[-99.4594,34.38012],[-99.45633,34.38039],[-99.45508,34.38126],[-99.455,34.38178],[-99.45547,34.3861],[-99.45473,34.38841],[-99.45423,34.38876],[-99.45265,34.38825],[-99.44534,34.37977],[-99.44367,34.37646],[-99.44239,34.37545],[-99.44194,34.37441],[-99.44106,34.37404],[-99.44067,34.37277],[-99.43827,34.37116],[-99.43757,34.37126],[-99.43647,34.37054],[-99.43497,34.3707],[-99.43346,34.37022],[-99.43104,34.37112],[-99.4309,34.372],[-99.43112,34.37399],[-99.42932,34.37583],[-99.43028,34.3788],[-99.43001,34.38102],[-99.42915,34.38285],[-99.4275,34.38514],[-99.4249,34.38582],[-99.42368,34.38566],[-99.42191,34.3842],[-99.42071,34.38039],[-99.41304,34.37701],[-99.40717,34.37261],[-99.40296,34.37348],[-99.39684,34.37942],[-99.39592,34.39573],[-99.39149,34.40563],[-99.38765,34.41198],[-99.39392,34.41527],[-99.39649,34.41729],[-99.39714,34.41941],[-99.39666,34.4212],[-99.39738,34.42326],[-99.39682,34.4247],[-99.39331,34.42761],[-99.3938,34.42901],[-99.39305,34.43192],[-99.39463,34.4327],[-99.39611,34.43497],[-99.39561,34.44038],[-99.39496,34.4421],[-99.38101,34.45694],[-99.37537,34.45884],[-99.36961,34.4587],[-99.3588,34.45586],[-99.35467,34.45186],[-99.35677,34.44654],[-99.35671,34.44214],[-99.35041,34.43708],[-99.34134,34.43106],[-99.33404,34.42754],[-99.32867,34.42238],[-99.32422,34.41446],[-99.31961,34.40887],[-99.31637,34.40821],[-99.30827,34.41001],[-99.2991,34.41423],[-99.29465,34.41537],[-99.28992,34.41473],[-99.28791,34.41403],[-99.28644,34.41302],[-99.28377,34.40956],[-99.28284,34.40748],[-99.28281,34.40546],[-99.28317,34.40295],[-99.28151,34.40146],[-99.27883,34.40026],[-99.27526,34.4001],[-99.26957,34.40191],[-99.26775,34.40496],[-99.26631,34.40548],[-99.26417,34.40515],[-99.26132,34.4035],[-99.26099,34.40175],[-99.26183,34.39868],[-99.26182,34.39504],[-99.25881,34.39208],[-99.25898,34.39124],[-99.26113,34.38956],[-99.26451,34.38808],[-99.27389,34.38758],[-99.27534,34.3866],[-99.27486,34.38492],[-99.27292,34.38355],[-99.27128,34.3816],[-99.26496,34.37876],[-99.26044,34.37808],[-99.25914,34.37681],[-99.25933,34.37362],[-99.25861,34.37265],[-99.2565,34.37223],[-99.25463,34.37242],[-99.25071,34.37545],[-99.24897,34.37598],[-99.24758,34.37555],[-99.2467,34.37469],[-99.24286,34.37268],[-99.24302,34.37114],[-99.24354,34.37071],[-99.24623,34.3699],[-99.24794,34.36849],[-99.24812,34.36743],[-99.24737,34.36599],[-99.24701,34.36478],[-99.24445,34.3637],[-99.24148,34.36454],[-99.23756,34.3667],[-99.23618,34.36517],[-99.23644,34.3636],[-99.23723,34.36272],[-99.23652,34.35857],[-99.23484,34.35644],[-99.23474,34.35498],[-99.23425,34.35346],[-99.22864,34.34856],[-99.23426,34.34087],[-99.22925,34.33652],[-99.22198,34.34002],[-99.21734,34.34152],[-99.21313,34.34037],[-99.20691,34.33828],[-99.21008,34.3377],[-99.21072,34.3363],[-99.21078,34.33098],[-99.20972,34.32494],[-99.20582,34.32008],[-99.20658,34.31696],[-99.21348,34.31067],[-99.21025,34.30094],[-99.21145,34.29275],[-99.20777,34.28382],[-99.20022,34.28115],[-99.19626,34.28146],[-99.19446,34.27188],[-99.19802,34.26272],[-99.19181,34.25644],[-99.19715,34.2443],[-99.19555,34.24006],[-99.19114,34.23234],[-99.19015,34.22966],[-99.19004,34.22719],[-99.19208,34.22219],[-99.19268,34.21883],[-99.1921,34.21669],[-99.18951,34.21431],[-99.15902,34.20888],[-99.15682,34.20721],[-99.15134,34.2076],[-99.14785,34.20944],[-99.14448,34.21333],[-99.14399,34.21476],[-99.14247,34.21541],[-99.1415,34.21666],[-99.13918,34.2176],[-99.13822,34.21916],[-99.1334,34.21966],[-99.13061,34.21941],[-99.12851,34.21877],[-99.12755,34.21799],[-99.1268,34.21711],[-99.12661,34.21533],[-99.12753,34.21377],[-99.13009,34.21219],[-99.13155,34.20935],[-99.13188,34.20738],[-99.13117,34.20574],[-99.12979,34.2044],[-99.12657,34.203],[-99.1192,34.20175],[-99.11696,34.20373],[-99.11284,34.20582],[-99.1093,34.20545],[-99.1063,34.2047],[-99.10219,34.20548],[-99.10025,34.20887],[-99.09788,34.21102],[-99.09527,34.21184],[-99.09285,34.21074],[-99.09219,34.20932],[-99.08892,34.20847],[-99.08461,34.20943],[-99.07954,34.21152],[-99.07598,34.21122],[-99.06646,34.2084],[-99.06034,34.20476],[-99.05916,34.20293],[-99.0588,34.20126],[-99.05808,34.20057],[-99.04879,34.19821],[-99.04347,34.19821],[-99.04096,34.20084],[-99.039,34.20467],[-99.03746,34.20645],[-99.03627,34.20691],[-99.01308,34.20322],[-99.00579,34.20665],[-99.00292,34.20878],[-99.00343,34.21447],[-99.00076,34.21764],[-98.99085,34.22163],[-98.98729,34.22122],[-98.98136,34.21758],[-98.97868,34.21023],[-98.97659,34.20629],[-98.97413,34.20357],[-98.969,34.2013],[-98.9663,34.20132],[-98.96247,34.20467],[-98.96209,34.20639],[-98.96231,34.21131],[-98.96079,34.21303],[-98.95848,34.21386],[-98.95251,34.21265],[-98.9504,34.21168],[-98.94022,34.20369],[-98.92815,34.19269],[-98.92746,34.19116],[-98.92313,34.18598],[-98.9207,34.18344],[-98.91833,34.18183],[-98.90935,34.1775],[-98.89215,34.17234],[-98.88896,34.16941],[-98.88604,34.16792],[-98.88133,34.16735],[-98.87629,34.16759],[-98.87485,34.16752],[-98.87292,34.16658],[-98.87154,34.16503],[-98.87121,34.16301],[-98.87223,34.16045],[-98.87495,34.15703],[-98.87487,34.15566],[-98.87327,34.1536],[-98.86812,34.14964],[-98.86255,34.14911],[-98.86012,34.14991],[-98.85842,34.15273],[-98.8579,34.15963],[-98.85732,34.16109],[-98.85559,34.16162],[-98.85418,34.16165],[-98.85167,34.16029],[-98.84966,34.1597],[-98.84777,34.15995],[-98.84473,34.15908],[-98.84354,34.15814],[-98.84219,34.15805],[-98.84068,34.1573],[-98.83668,34.15649],[-98.83335,34.15911],[-98.83213,34.16179],[-98.83111,34.16215],[-98.81527,34.1581],[-98.81295,34.15844],[-98.80681,34.1559],[-98.80441,34.15393],[-98.79976,34.14788],[-98.7962,34.14278],[-98.79202,34.14374],[-98.7884,34.14667],[-98.77943,34.14023],[-98.76557,34.13638],[-98.7618,34.13379],[-98.76056,34.13239],[-98.75949,34.12888],[-98.75965,34.12691],[-98.75704,34.12463],[-98.74929,34.12424],[-98.74197,34.12553],[-98.73946,34.12739],[-98.73723,34.13099],[-98.73682,34.13337],[-98.73547,34.13521],[-98.73429,34.13576],[-98.73043,34.13592],[-98.7285,34.13528],[-98.725,34.13546],[-98.72363,34.13519],[-98.72272,34.13528],[-98.71922,34.13638],[-98.71754,34.13645],[-98.7161,34.13595],[-98.71495,34.13485],[-98.71423,34.1334],[-98.71412,34.13214],[-98.71247,34.13116],[-98.70996,34.13155],[-98.70613,34.13499],[-98.70305,34.1359],[-98.70018,34.136],[-98.69652,34.13352],[-98.6934,34.13375],[-98.6906,34.13297],[-98.68563,34.13657],[-98.68412,34.13879],[-98.67869,34.14214],[-98.67738,34.14254],[-98.65565,34.15826],[-98.65058,34.16311],[-98.64807,34.16444],[-98.64322,34.16453],[-98.63573,34.16162],[-98.62167,34.1572],[-98.61673,34.15642],[-98.61183,34.15656],[-98.60885,34.15752],[-98.60398,34.16025],[-98.59979,34.16057],[-98.58554,34.15233],[-98.57714,34.14896],[-98.57245,34.14509],[-98.56722,34.13811],[-98.56019,34.1332],[-98.55284,34.13357],[-98.55198,34.13295],[-98.55052,34.13219],[-98.55022,34.13013],[-98.55105,34.12782],[-98.55185,34.12713],[-98.55432,34.1266],[-98.55625,34.12773],[-98.55859,34.12825],[-98.56014,34.12693],[-98.56098,34.12463],[-98.56057,34.12357],[-98.55956,34.12342],[-98.55803,34.12286],[-98.55682,34.12108],[-98.55387,34.11954],[-98.55092,34.11933],[-98.53626,34.10734],[-98.5282,34.09496],[-98.51687,34.08598],[-98.50415,34.07229],[-98.49415,34.06983],[-98.4888,34.06608],[-98.48633,34.0626],[-98.48204,34.06227],[-98.47146,34.06567],[-98.466,34.07308],[-98.46295,34.07384],[-98.45467,34.07258],[-98.44903,34.07346],[-98.44578,34.07683],[-98.44372,34.08215],[-98.44009,34.08431],[-98.42914,34.08556],[-98.42523,34.0848],[-98.42353,34.08284],[-98.41881,34.08266],[-98.41159,34.08806],[-98.4096,34.09407],[-98.41151,34.09862],[-98.41137,34.10032],[-98.40932,34.10129],[-98.40673,34.10114],[-98.40216,34.09865],[-98.39978,34.09997],[-98.39839,34.10457],[-98.39816,34.1214],[-98.40049,34.12178],[-98.40097,34.12224],[-98.39502,34.13132],[-98.38869,34.13322],[-98.38527,34.13175],[-98.38296,34.12955],[-98.38087,34.13053],[-98.37976,34.13117],[-98.37993,34.13227],[-98.38106,34.13477],[-98.38496,34.13665],[-98.38623,34.13773],[-98.38708,34.14091],[-98.38485,34.14384],[-98.38455,34.146],[-98.38165,34.1492],[-98.37691,34.15055],[-98.37446,34.15076],[-98.3705,34.15214],[-98.36749,34.15619],[-98.36562,34.15699],[-98.36402,34.15711],[-98.32545,34.15102],[-98.32258,34.14972],[-98.31875,34.14642],[-98.30021,34.13458],[-98.2939,34.13302],[-98.28032,34.13075],[-98.27688,34.13105],[-98.27299,34.13221],[-98.27156,34.13228],[-98.26897,34.13162],[-98.26729,34.13196],[-98.26622,34.13205],[-98.2617,34.13157],[-98.25795,34.12982],[-98.25647,34.12948],[-98.24795,34.13072],[-98.24101,34.1331],[-98.23104,34.13402],[-98.2236,34.12509],[-98.21646,34.12182],[-98.20371,34.11768],[-98.20007,34.11678],[-98.19146,34.11575],[-98.16912,34.11417],[-98.15741,34.12047],[-98.15435,34.12273],[-98.14275,34.13636],[-98.13677,34.14499],[-98.13082,34.15053],[-98.12338,34.15454],[-98.11451,34.15473],[-98.10946,34.15411],[-98.10194,34.14683],[-98.10056,34.14214],[-98.10317,34.13519],[-98.1005,34.13137],[-98.09202,34.13194],[-98.08975,34.12821],[-98.09066,34.12198],[-98.09242,34.11692],[-98.09512,34.11119],[-98.09933,34.1043],[-98.10431,34.0982],[-98.11942,34.08447],[-98.12104,34.08127],[-98.12021,34.07213],[-98.11803,34.06706],[-98.11459,34.06228],[-98.0991,34.04864],[-98.08384,34.04172],[-98.08381,34.03666],[-98.09237,34.03393],[-98.098,34.03824],[-98.10354,34.03853],[-98.10626,34.03415],[-98.09844,34.02392],[-98.08956,34.01927],[-98.08268,34.0108],[-98.0882,34.00548],[-98.08526,34.00326],[-98.08284,34.00241],[-98.0552,33.99584],[-98.04112,33.99346],[-98.02767,33.99336],[-98.01949,33.9938],[-98.00567,33.99596],[-97.98739,33.99982],[-97.98281,34.00195],[-97.97824,34.00539],[-97.97417,34.00672],[-97.97167,34.00543],[-97.96834,34.00053],[-97.96303,33.99424],[-97.95833,33.99085],[-97.95585,33.99014],[-97.95269,33.99011],[-97.94757,33.99105],[-97.94647,33.99073],[-97.94573,33.98984],[-97.94595,33.9884],[-97.95692,33.9585],[-97.96035,33.95193],[-97.96574,33.94739],[-97.97266,33.94453],[-97.97417,33.94283],[-97.97406,33.94029],[-97.97249,33.93791],[-97.97118,33.93713],[-97.96595,33.93619],[-97.96343,33.93624],[-97.95551,33.93819],[-97.95447,33.93777],[-97.9534,33.93644],[-97.95268,33.92948],[-97.95369,33.92437],[-97.95716,33.91445],[-97.96062,33.91035],[-97.96446,33.9074],[-97.96987,33.906],[-97.97314,33.90801],[-97.97696,33.91255],[-97.9788,33.91255],[-97.97998,33.9114],[-97.98355,33.904],[-97.98454,33.9007],[-97.98457,33.89908],[-97.98377,33.8972],[-97.97786,33.88993],[-97.97418,33.88664],[-97.96778,33.88243],[-97.95844,33.87918],[-97.95122,33.87842],[-97.94646,33.87888],[-97.94273,33.87985],[-97.9388,33.87989],[-97.93674,33.8792],[-97.90547,33.86353],[-97.89674,33.85798],[-97.88938,33.85643],[-97.8832,33.85436],[-97.87739,33.85024],[-97.87145,33.849],[-97.86576,33.84939],[-97.86093,33.85059],[-97.8495,33.85432],[-97.84326,33.85684],[-97.84158,33.85627],[-97.8388,33.85693],[-97.83433,33.85767],[-97.83087,33.86179],[-97.82618,33.86454],[-97.82211,33.86796],[-97.81902,33.86991],[-97.8192,33.87219],[-97.81924,33.87909],[-97.81643,33.88208],[-97.81399,33.88176],[-97.81251,33.88115],[-97.80977,33.8777],[-97.8075,33.8764],[-97.80542,33.87717],[-97.80263,33.87997],[-97.80144,33.88631],[-97.80166,33.89003],[-97.80198,33.89425],[-97.80114,33.89659],[-97.79776,33.89929],[-97.79369,33.89966],[-97.79078,33.89831],[-97.78981,33.89474],[-97.78802,33.89182],[-97.7847,33.89064],[-97.78234,33.89231],[-97.78007,33.89539],[-97.77968,33.89924],[-97.78034,33.90483],[-97.78607,33.91324],[-97.78607,33.91487],[-97.7851,33.91681],[-97.78218,33.91909],[-97.7797,33.91972],[-97.77553,33.91811],[-97.77267,33.91438],[-97.76377,33.91424],[-97.76022,33.91719],[-97.7594,33.91882],[-97.75983,33.92521],[-97.76266,33.93085],[-97.76277,33.9344],[-97.75296,33.93705],[-97.73848,33.93742],[-97.73655,33.93657],[-97.73372,33.93639],[-97.73227,33.93669],[-97.72529,33.94105],[-97.71677,33.94767],[-97.70968,33.955],[-97.70416,33.96334],[-97.69792,33.97733],[-97.69311,33.9837],[-97.68802,33.98661],[-97.67177,33.99137],[-97.66149,33.99082],[-97.65621,33.98949],[-97.63378,33.98126],[-97.62457,33.97585],[-97.62301,33.97395],[-97.61555,33.96956],[-97.60909,33.96809],[-97.60604,33.965],[-97.60439,33.96381],[-97.60433,33.96276],[-97.60097,33.96066],[-97.6009,33.95889],[-97.59947,33.95632],[-97.5962,33.95452],[-97.59042,33.9541],[-97.58883,33.95188],[-97.59141,33.94806],[-97.59174,33.94661],[-97.59405,33.9446],[-97.59542,33.94144],[-97.59542,33.93892],[-97.5933,33.93392],[-97.59121,33.93124],[-97.59151,33.9282],[-97.59508,33.92295],[-97.59615,33.92211],[-97.59698,33.92023],[-97.59712,33.91787],[-97.59629,33.91377],[-97.59368,33.91011],[-97.59203,33.91014],[-97.59093,33.9096],[-97.58967,33.9066],[-97.58917,33.90488],[-97.58925,33.90392],[-97.58744,33.90248],[-97.58108,33.89968],[-97.57808,33.89922],[-97.5725,33.89926],[-97.56871,33.90138],[-97.56696,33.90158],[-97.56279,33.90093],[-97.56055,33.89934],[-97.55992,33.8976],[-97.55827,33.8971],[-97.555,33.89728],[-97.55154,33.89795],[-97.54325,33.90129],[-97.53272,33.90658],[-97.52528,33.91175],[-97.51917,33.91364],[-97.50096,33.91964],[-97.49486,33.91926],[-97.4865,33.91699],[-97.46038,33.90395],[-97.45807,33.90163],[-97.45095,33.8914],[-97.45147,33.87093],[-97.45762,33.85513],[-97.46149,33.84956],[-97.46286,33.84177],[-97.45907,33.83458],[-97.45306,33.82854],[-97.44419,33.82377],[-97.42649,33.8194],[-97.41039,33.81885],[-97.37294,33.81945],[-97.36551,33.82376],[-97.35851,33.83002],[-97.34834,33.84388],[-97.3392,33.86206],[-97.33591,33.87917],[-97.33246,33.88425],[-97.32581,33.88389],[-97.32345,33.87846],[-97.33338,33.86415],[-97.33462,33.85723],[-97.32873,33.85543],[-97.32395,33.85899],[-97.31824,33.86512],[-97.31441,33.86699],[-97.30995,33.87445],[-97.30985,33.883],[-97.31014,33.88853],[-97.30557,33.88643],[-97.29423,33.87641],[-97.28598,33.86853],[-97.27911,33.86456],[-97.27535,33.86322],[-97.27561,33.85817],[-97.27031,33.85822],[-97.26509,33.86241],[-97.25662,33.86329],[-97.25423,33.86532],[-97.24921,33.8751],[-97.24618,33.90034],[-97.24495,33.90309],[-97.24209,33.90628],[-97.22652,33.91464],[-97.21092,33.91606],[-97.20614,33.91428],[-97.18546,33.9007],[-97.18085,33.8952],[-97.17961,33.89225],[-97.16663,33.84731],[-97.16682,33.8404],[-97.17163,33.83534],[-97.18137,33.83138],[-97.18625,33.83089],[-97.19369,33.83131],[-97.1997,33.82732],[-97.20351,33.82182],[-97.20494,33.81523],[-97.2057,33.80291],[-97.20049,33.7932],[-97.19081,33.78177],[-97.18772,33.76983],[-97.19282,33.76117],[-97.18533,33.7555],[-97.18184,33.75587],[-97.17219,33.73754],[-97.16315,33.72932],[-97.15507,33.72444],[-97.14939,33.72197],[-97.13753,33.71866],[-97.1261,33.71694],[-97.1211,33.71717],[-97.11326,33.7188],[-97.10894,33.72029],[-97.10452,33.72261],[-97.09715,33.72781],[-97.09409,33.73099],[-97.09107,33.73512],[-97.0862,33.74393],[-97.08469,33.75315],[-97.08461,33.75999],[-97.08522,33.76551],[-97.08785,33.7741],[-97.09392,33.78905],[-97.09524,33.79414],[-97.09477,33.79853],[-97.09211,33.8041],[-97.088,33.80875],[-97.07859,33.81276],[-97.06798,33.81448],[-97.06263,33.81608],[-97.05493,33.81641],[-97.04815,33.81746],[-97.04932,33.82979],[-97.05302,33.83388],[-97.05834,33.83676],[-97.06949,33.83941],[-97.08345,33.84046],[-97.08773,33.84196],[-97.09048,33.84484],[-97.08946,33.84985],[-97.08725,33.85345],[-97.07562,33.85866],[-97.06807,33.86046],[-97.05983,33.8584],[-97.05584,33.85574],[-97.05095,33.84657],[-97.04613,33.83956],[-97.04125,33.83776],[-97.03886,33.83826],[-97.02144,33.84638],[-97.00986,33.85976],[-96.99709,33.87102],[-96.98804,33.88601],[-96.98383,33.89095],[-96.98494,33.90487],[-96.98874,33.91847],[-96.994,33.92898],[-96.99502,33.93203],[-96.99618,33.94173],[-96.99537,33.9473],[-96.99429,33.94921],[-96.99084,33.9527],[-96.98789,33.95467],[-96.98134,33.95638],[-96.97942,33.95618],[-96.97935,33.95513],[-96.98068,33.95181],[-96.98103,33.94916],[-96.97982,33.94159],[-96.97696,33.93745],[-96.97381,33.9357],[-96.97254,33.93579],[-96.95231,33.94458],[-96.94461,33.94922],[-96.93225,33.95569],[-96.92427,33.95916],[-96.92211,33.95958],[-96.91862,33.95893],[-96.9163,33.9578],[-96.91134,33.95396],[-96.90739,33.95002],[-96.90525,33.94722],[-96.90243,33.94202],[-96.89944,33.93373],[-96.89647,33.91332],[-96.89719,33.90295],[-96.89573,33.89641],[-96.88301,33.86802],[-96.87528,33.86051],[-96.86644,33.85315],[-96.85609,33.84749],[-96.85059,33.84721],[-96.8459,33.84898],[-96.84159,33.85289],[-96.84082,33.86364],[-96.83978,33.8684],[-96.83741,33.87135],[-96.83216,33.87483],[-96.81278,33.87265],[-96.79428,33.86889],[-96.78348,33.86353],[-96.78057,33.8601],[-96.77959,33.85794],[-96.7772,33.84816],[-96.77677,33.84198],[-96.77068,33.82962],[-96.76938,33.82748],[-96.76623,33.82546],[-96.76159,33.82441],[-96.75404,33.82466],[-96.74604,33.8257],[-96.71242,33.83163],[-96.70813,33.83306],[-96.70446,33.83502],[-96.69957,33.83905],[-96.69071,33.84996],[-96.68819,33.85461],[-96.68473,33.8629],[-96.68221,33.87388],[-96.6821,33.87665],[-96.68346,33.88422],[-96.68095,33.8962],[-96.67531,33.90911],[-96.67345,33.91228],[-96.67062,33.91491],[-96.66719,33.91694],[-96.66441,33.91727],[-96.6599,33.91667],[-96.64405,33.90596],[-96.63012,33.89542],[-96.62829,33.89448],[-96.60756,33.89473],[-96.59295,33.89562],[-96.58793,33.89478],[-96.58545,33.89128],[-96.58536,33.88895],[-96.58749,33.88425],[-96.59011,33.88067],[-96.59735,33.8751],[-96.60169,33.87282],[-96.61197,33.86902],[-96.6254,33.85654],[-96.62897,33.85241],[-96.62975,33.85087],[-96.63002,33.84754],[-96.62929,33.84549],[-96.62315,33.84148],[-96.60126,33.83433],[-96.59293,33.83092],[-96.58707,33.82801],[-96.57294,33.8191],[-96.5663,33.81851],[-96.55122,33.81913],[-96.53287,33.82301],[-96.52923,33.82213],[-96.52666,33.82089],[-96.52386,33.81811],[-96.51991,33.81135],[-96.51658,33.80317],[-96.51596,33.79893],[-96.51591,33.7878],[-96.51191,33.78148],[-96.50229,33.77346],[-96.50027,33.77258],[-96.48606,33.77301],[-96.47309,33.77544],[-96.46787,33.7758],[-96.45915,33.77523],[-96.45625,33.77604],[-96.45051,33.78059],[-96.44804,33.78103],[-96.44121,33.78033],[-96.43671,33.77933],[-96.43021,33.77865],[-96.42264,33.77604],[-96.41996,33.77303],[-96.41756,33.76904],[-96.41615,33.7661],[-96.41341,33.75771],[-96.40847,33.75119],[-96.40351,33.74629],[-96.38412,33.73014],[-96.36959,33.71681],[-96.36695,33.71122],[-96.36325,33.70105],[-96.36313,33.69421],[-96.3622,33.69182],[-96.35595,33.68715],[-96.34831,33.68638],[-96.34266,33.68697],[-96.33801,33.68873],[-96.33493,33.69208],[-96.33187,33.69345],[-96.3211,33.6951],[-96.31876,33.69675],[-96.31692,33.699],[-96.30996,33.71049],[-96.30703,33.71999],[-96.3066,33.72679],[-96.30739,33.73501],[-96.3061,33.741],[-96.30301,33.75088],[-96.30171,33.75376],[-96.29653,33.76579],[-96.29371,33.76941],[-96.28825,33.77122],[-96.27785,33.77048],[-96.2699,33.76841],[-96.26788,33.76777],[-96.26359,33.76747],[-96.25751,33.76395],[-96.25557,33.76208],[-96.24823,33.75899],[-96.22902,33.74802],[-96.22052,33.74739],[-96.1999,33.75212],[-96.18655,33.75637],[-96.17806,33.76052],[-96.17463,33.7637],[-96.16945,33.77013],[-96.16276,33.78877],[-96.16125,33.79572],[-96.16111,33.80577],[-96.15918,33.81018],[-96.15636,33.81335],[-96.16194,33.81317],[-96.16699,33.8111],[-96.16883,33.80766],[-96.16975,33.8049],[-96.16883,33.8026],[-96.17037,33.79938],[-96.17515,33.80195],[-96.17734,33.80512],[-96.17896,33.81055],[-96.17589,33.81463],[-96.16481,33.8178],[-96.15666,33.81822],[-96.15077,33.81699],[-96.14879,33.8192],[-96.15163,33.83195],[-96.15015,33.83586],[-96.14807,33.8378],[-96.1389,33.83916],[-96.12295,33.83996],[-96.11817,33.83788],[-96.10999,33.8324],[-96.10407,33.83073],[-96.09936,33.83047],[-96.09745,33.83273],[-96.09764,33.83794],[-96.09915,33.84241],[-96.10079,33.84423],[-96.10135,33.84572],[-96.10147,33.84671],[-96.10009,33.84797],[-96.08463,33.84666],[-96.06392,33.84152],[-96.05536,33.83826],[-96.04883,33.83647],[-96.03719,33.84125],[-96.03137,33.84725],[-96.03116,33.85258],[-96.02944,33.85635],[-96.02694,33.8568],[-96.02391,33.85707],[-96.02117,33.85547],[-96.01954,33.8535],[-96.02178,33.84693],[-96.02324,33.84248],[-96.02139,33.84104],[-96.0196,33.84057],[-96.0053,33.84551],[-96.00163,33.8477],[-95.99835,33.85105],[-95.99586,33.85569],[-95.99519,33.85813],[-95.99452,33.86147],[-95.99808,33.86169],[-96.00134,33.8635],[-96.00444,33.86974],[-96.00341,33.87234],[-96.00119,33.87234],[-95.99862,33.87223],[-95.98919,33.86859],[-95.98425,33.8644],[-95.98373,33.86169],[-95.98396,33.85858],[-95.98551,33.85569],[-95.98425,33.85266],[-95.97216,33.85637],[-95.95265,33.85836],[-95.94428,33.85981],[-95.94127,33.86162],[-95.93663,33.87062],[-95.93533,33.8751],[-95.93356,33.87945],[-95.93245,33.88322],[-95.92956,33.885],[-95.92579,33.885],[-95.92271,33.88376],[-95.91858,33.88084],[-95.90583,33.87405],[-95.89456,33.86741],[-95.88669,33.86481],[-95.88354,33.86272],[-95.88129,33.86063],[-95.8749,33.85592],[-95.86691,33.85147],[-95.86091,33.84992],[-95.85881,33.85067],[-95.85552,33.84926],[-95.84937,33.84259],[-95.84524,33.83907],[-95.84001,33.83649],[-95.83752,33.83564],[-95.83195,33.83516],[-95.82824,33.83605],[-95.82279,33.83876],[-95.82078,33.84056],[-95.81936,33.84278],[-95.81898,33.84446],[-95.81952,33.84844],[-95.82068,33.85075],[-95.82167,33.85544],[-95.82167,33.85663],[-95.81762,33.85902],[-95.80515,33.8613],[-95.80084,33.86121],[-95.78987,33.85769],[-95.78789,33.85634],[-95.78239,33.85105],[-95.77988,33.85133],[-95.7759,33.84731],[-95.77056,33.84527],[-95.76359,33.84682],[-95.75746,33.85004],[-95.75373,33.85318],[-95.75175,33.85556],[-95.75129,33.85888],[-95.75164,33.8611],[-95.75321,33.86366],[-95.7568,33.86823],[-95.76256,33.87437],[-95.76192,33.8834],[-95.75637,33.89263],[-95.7459,33.89632],[-95.73769,33.89655],[-95.73296,33.89588],[-95.72845,33.8937],[-95.71831,33.88966],[-95.71409,33.88589],[-95.71054,33.885],[-95.69788,33.88611],[-95.68483,33.89023],[-95.67692,33.89724],[-95.66998,33.90584],[-95.66547,33.90898],[-95.66014,33.91009],[-95.65636,33.91009],[-95.6517,33.9092],[-95.6497,33.90742],[-95.64526,33.90654],[-95.64016,33.90498],[-95.63594,33.9052],[-95.63216,33.90498],[-95.62905,33.90587],[-95.62683,33.90787],[-95.62595,33.91031],[-95.62506,33.9132],[-95.62239,33.9183],[-95.61929,33.92274],[-95.61642,33.92741],[-95.61198,33.92874],[-95.60821,33.92874],[-95.60377,33.92918],[-95.6007,33.93127],[-95.59866,33.93407],[-95.59852,33.9381],[-95.59666,33.94206],[-95.59383,33.94303],[-95.58956,33.94161],[-95.58645,33.93939],[-95.58437,33.93631],[-95.5809,33.93384],[-95.57801,33.93318],[-95.57377,33.93353],[-95.56935,33.93318],[-95.5638,33.93296],[-95.56101,33.93155],[-95.55736,33.93051],[-95.55448,33.92807],[-95.55315,33.92541],[-95.55248,33.92296],[-95.55248,33.91986],[-95.55048,33.91519],[-95.54848,33.90853],[-95.54804,33.90121],[-95.54848,33.89677],[-95.55093,33.89299],[-95.55026,33.88833],[-95.54833,33.88274],[-95.5452,33.88029],[-95.53979,33.8799],[-95.53328,33.88116],[-95.52532,33.88549],[-95.52014,33.88933],[-95.51496,33.89473],[-95.51074,33.89788],[-95.50756,33.89722],[-95.50519,33.89499],[-95.50494,33.88914],[-95.50452,33.88367],[-95.50563,33.87723],[-95.5023,33.87474],[-95.49742,33.87434],[-95.49203,33.87482],[-95.48454,33.8759],[-95.4781,33.87856],[-95.47255,33.88034],[-95.46926,33.88251],[-95.46611,33.88655],[-95.46379,33.88723],[-95.46167,33.887],[-95.45945,33.88633],[-95.45945,33.88411],[-95.46123,33.88256],[-95.46412,33.87612],[-95.46421,33.87337],[-95.46234,33.87168],[-95.45856,33.87168],[-95.45346,33.87035],[-95.44093,33.86643],[-95.42731,33.87045],[-95.40206,33.86419],[-95.3928,33.86711],[-95.38464,33.86843],[-95.37523,33.86824],[-95.36963,33.86684],[-95.36252,33.86658],[-95.35654,33.86938],[-95.34342,33.87254],[-95.33485,33.87683],[-95.33197,33.87975],[-95.32986,33.88554],[-95.32644,33.88607],[-95.32222,33.88475],[-95.31443,33.88163],[-95.3109,33.87764],[-95.30579,33.87481],[-95.2893,33.8731],[-95.28092,33.8754],[-95.27877,33.87791],[-95.27832,33.88168],[-95.27794,33.88751],[-95.28035,33.89675],[-95.2843,33.89924],[-95.28559,33.90336],[-95.28298,33.9074],[-95.27858,33.91019],[-95.27067,33.91151],[-95.26613,33.90977],[-95.26523,33.90557],[-95.26589,33.89538],[-95.26402,33.88976],[-95.26059,33.88765],[-95.25269,33.89423],[-95.24974,33.90275],[-95.24827,33.92019],[-95.25017,33.9385],[-95.24585,33.94375],[-95.23975,33.94754],[-95.23571,33.94826],[-95.23288,33.94974],[-95.23164,33.95329],[-95.23038,33.95577],[-95.23064,33.9598],[-95.22952,33.96045],[-95.22757,33.9608],[-95.22639,33.96195],[-95.22401,33.96216],[-95.22049,33.962],[-95.21763,33.96265],[-95.21414,33.96214],[-95.21191,33.96124],[-95.20688,33.95909],[-95.20261,33.95691],[-95.19935,33.95397],[-95.19703,33.95311],[-95.18976,33.95136],[-95.18497,33.94953],[-95.18223,33.94894],[-95.17969,33.94869],[-95.17115,33.94651],[-95.16753,33.94474],[-95.16339,33.94086],[-95.1583,33.93753],[-95.15498,33.93665],[-95.14791,33.93557],[-95.14007,33.93478],[-95.13595,33.93537],[-95.13106,33.93693],[-95.1247,33.93467],[-95.12118,33.93131],[-95.12086,33.92812],[-95.12279,33.9247],[-95.12733,33.92028],[-95.13164,33.91603],[-95.13125,33.91224],[-95.12644,33.90708],[-95.12204,33.9048],[-95.11714,33.90362],[-95.11258,33.9046],[-95.10479,33.9096],[-95.09267,33.91283],[-95.08911,33.9142],[-95.08598,33.91695],[-95.08382,33.92106],[-95.08239,33.92176],[-95.07795,33.9187],[-95.07637,33.91538],[-95.07853,33.91028],[-95.08049,33.90774],[-95.08676,33.90382],[-95.09164,33.9021],[-95.09676,33.8997],[-95.10017,33.8961],[-95.09891,33.89088],[-95.09583,33.88843],[-95.09382,33.8852],[-95.08961,33.88086],[-95.08241,33.87988],[-95.08059,33.88226],[-95.07983,33.88748],[-95.07882,33.90303],[-95.07706,33.90656],[-95.0751,33.90891],[-95.0749,33.91048],[-95.07405,33.91535],[-95.06873,33.9176],[-95.06569,33.91597],[-95.06325,33.91326],[-95.06334,33.91087],[-95.06592,33.9087],[-95.0705,33.9084],[-95.07216,33.90558],[-95.07241,33.9027],[-95.0702,33.90244],[-95.06558,33.90356],[-95.06255,33.90303],[-95.0601,33.90187],[-95.05824,33.88755],[-95.05057,33.8775],[-95.05082,33.86944],[-95.04942,33.86481],[-95.04657,33.86256],[-95.03721,33.86025],[-95.02394,33.85932],[-95.01728,33.85795],[-95.01235,33.85801],[-95.00787,33.85952],[-95.00474,33.86168],[-95.00199,33.86305],[-95.00022,33.8625],[-94.99748,33.8605],[-94.99552,33.85744],[-94.99267,33.85245],[-94.98849,33.851],[-94.9833,33.85135],[-94.98165,33.85228],[-94.97621,33.85985],[-94.97341,33.86173],[-94.97143,33.86212],[-94.9689,33.86092],[-94.96589,33.84842],[-94.9644,33.83702],[-94.95768,33.835],[-94.94948,33.83353],[-94.94383,33.8293],[-94.95352,33.81647],[-94.94787,33.80836],[-94.93999,33.80568],[-94.92921,33.80775],[-94.92521,33.80868],[-94.92307,33.81136],[-94.9231,33.81546],[-94.92441,33.81886],[-94.92629,33.82261],[-94.92682,33.82663],[-94.92607,33.82853],[-94.922,33.82878],[-94.9186,33.82682],[-94.91476,33.82449],[-94.91209,33.82047],[-94.91088,33.81591],[-94.91021,33.81243],[-94.91262,33.80868],[-94.91703,33.80832],[-94.91863,33.80294],[-94.92167,33.79592],[-94.92195,33.7916],[-94.91752,33.78651],[-94.9145,33.78215],[-94.91143,33.77838],[-94.90624,33.77819],[-94.90417,33.7772],[-94.9042,33.77325],[-94.89772,33.76884],[-94.88775,33.76902],[-94.88385,33.76324],[-94.8765,33.7574],[-94.8748,33.75789],[-94.87394,33.76057],[-94.87457,33.76286],[-94.87493,33.76743],[-94.87384,33.77031],[-94.87127,33.77032],[-94.86814,33.76887],[-94.86606,33.76616],[-94.86674,33.76183],[-94.86914,33.75905],[-94.87538,33.75492],[-94.87708,33.75222],[-94.87467,33.74916],[-94.8693,33.74587],[-94.86069,33.74195],[-94.8493,33.73958],[-94.84257,33.73945],[-94.83072,33.7405],[-94.82804,33.73916],[-94.82832,33.73495],[-94.82247,33.73272],[-94.82009,33.73483],[-94.82304,33.74753],[-94.83084,33.75808],[-94.83009,33.76366],[-94.82529,33.76852],[-94.82178,33.76875],[-94.81857,33.7677],[-94.81616,33.7634],[-94.81666,33.75527],[-94.81428,33.7519],[-94.81216,33.75094],[-94.81291,33.74545],[-94.81621,33.74193],[-94.81606,33.73922],[-94.8111,33.73483],[-94.80225,33.73279],[-94.79584,33.73759],[-94.78676,33.74153],[-94.78097,33.7448],[-94.7782,33.74974],[-94.77784,33.75301],[-94.77492,33.75811],[-94.7705,33.76094],[-94.76444,33.76018],[-94.76006,33.75829],[-94.7572,33.75482],[-94.75781,33.75011],[-94.76175,33.74679],[-94.76944,33.74627],[-94.77382,33.74651],[-94.77739,33.7452],[-94.78825,33.73532],[-94.78264,33.73025],[-94.77313,33.72719],[-94.7606,33.72705],[-94.7544,33.73339],[-94.75251,33.73447],[-94.75137,33.73373],[-94.748,33.72554],[-94.74824,33.72471],[-94.75731,33.71817],[-94.75761,33.71716],[-94.7559,33.71507],[-94.75213,33.71384],[-94.74715,33.71529],[-94.74511,33.71791],[-94.7448,33.72219],[-94.74398,33.725],[-94.74178,33.72687],[-94.73825,33.72717],[-94.73518,33.72662],[-94.73263,33.72392],[-94.73279,33.72004],[-94.73857,33.7145],[-94.74756,33.71168],[-94.75327,33.71028],[-94.7538,33.70773],[-94.75202,33.70494],[-94.74188,33.70122],[-94.73586,33.69163],[-94.72559,33.69046],[-94.72074,33.68906],[-94.71981,33.68974],[-94.71659,33.69516],[-94.71779,33.70185],[-94.72145,33.70456],[-94.72695,33.70525],[-94.73131,33.70708],[-94.73309,33.71015],[-94.73483,33.71392],[-94.73231,33.71599],[-94.72787,33.71556],[-94.71136,33.70892],[-94.70602,33.70629],[-94.70173,33.70341],[-94.70105,33.70005],[-94.70219,33.69745],[-94.70634,33.69673],[-94.71285,33.69755],[-94.71394,33.69684],[-94.71434,33.69407],[-94.71734,33.68899],[-94.71619,33.6879],[-94.71207,33.68794],[-94.70545,33.68804],[-94.68479,33.68435],[-94.67788,33.68782],[-94.67177,33.69331],[-94.66785,33.69461],[-94.6617,33.69314],[-94.653,33.68722],[-94.65096,33.68656],[-94.64901,33.68735],[-94.64724,33.69265],[-94.64864,33.69799],[-94.64739,33.70112],[-94.64432,33.70167],[-94.639,33.69768],[-94.63865,33.6958],[-94.64313,33.69032],[-94.64547,33.68534],[-94.6489,33.68402],[-94.64848,33.68212],[-94.64558,33.6755],[-94.64553,33.67353],[-94.6513,33.67042],[-94.654,33.67115],[-94.65792,33.67419],[-94.66181,33.67513],[-94.66885,33.67188],[-94.67105,33.66839],[-94.66931,33.66436],[-94.6632,33.66108],[-94.65589,33.66017],[-94.638,33.66458],[-94.63557,33.66753],[-94.63092,33.67344],[-94.63045,33.67712],[-94.62819,33.68107],[-94.62238,33.68243],[-94.61763,33.68124],[-94.61332,33.67567],[-94.61171,33.67017],[-94.60768,33.66557],[-94.603,33.66306],[-94.59797,33.66338],[-94.59312,33.66543],[-94.59144,33.66891],[-94.59195,33.67286],[-94.59003,33.67585],[-94.59314,33.68324],[-94.59054,33.68622],[-94.58707,33.68582],[-94.583,33.68117],[-94.58029,33.67882],[-94.57986,33.66617],[-94.57788,33.66568],[-94.56906,33.66856],[-94.56217,33.66897],[-94.56034,33.66659],[-94.56325,33.66268],[-94.57557,33.65941],[-94.58699,33.65018],[-94.59083,33.64556],[-94.58863,33.64418],[-94.58327,33.64379],[-94.57784,33.64556],[-94.57057,33.65223],[-94.5602,33.65697],[-94.54964,33.66068],[-94.54637,33.65916],[-94.54333,33.65569],[-94.54259,33.65141],[-94.54544,33.64623],[-94.55904,33.64197],[-94.56839,33.6372],[-94.57045,33.62995],[-94.56952,33.62783],[-94.56408,33.62626],[-94.55575,33.62709],[-94.55141,33.62849],[-94.54109,33.63653],[-94.53482,33.63928],[-94.52749,33.64134],[-94.52184,33.64073],[-94.51913,33.6383],[-94.51893,33.63716],[-94.52457,33.63261],[-94.53199,33.62783],[-94.53507,33.62512],[-94.53517,33.62192],[-94.53187,33.61865],[-94.52738,33.61583],[-94.523,33.61608],[-94.51984,33.61808],[-94.51806,33.62298],[-94.52025,33.6298],[-94.51726,33.63273],[-94.51151,33.62311],[-94.50462,33.62068],[-94.4978,33.62401],[-94.4915,33.62512],[-94.48751,33.62894],[-94.48843,33.63237],[-94.49111,33.63623],[-94.48587,33.63787],[-94.48131,33.63882],[-94.47642,33.63895],[-94.46608,33.63626],[-94.46419,33.63766],[-94.46145,33.64362],[-94.4592,33.64515],[-94.45482,33.6449],[-94.44864,33.64277],[-94.44687,33.64018],[-94.44751,33.63625],[-94.44845,33.6345],[-94.45882,33.63244],[-94.46274,33.63091],[-94.46113,33.62541],[-94.46029,33.62442],[-94.45525,33.62292],[-94.45271,33.62262],[-94.45233,33.61882],[-94.45296,33.61699],[-94.45477,33.61516],[-94.46234,33.61057],[-94.46945,33.60732],[-94.47217,33.6042],[-94.47197,33.60267],[-94.47115,33.60159],[-94.46809,33.59944],[-94.45823,33.59827],[-94.454,33.59222],[-94.45162,33.59136],[-94.44911,33.59089],[-94.44236,33.59124],[-94.44154,33.5915],[-94.43952,33.59415],[-94.43004,33.59112],[-94.42758,33.58932],[-94.42598,33.58642],[-94.41316,33.56937],[-94.41218,33.56869],[-94.4089,33.5682],[-94.40334,33.56842],[-94.39734,33.57161],[-94.38593,33.58189],[-94.38289,33.58327],[-94.37965,33.58061],[-94.37808,33.57702],[-94.37776,33.57461],[-94.37856,33.57133],[-94.38009,33.56894],[-94.38253,33.56706],[-94.38805,33.56551],[-94.39236,33.56529],[-94.39437,33.56564],[-94.39769,33.5649],[-94.40074,33.56253],[-94.40162,33.55938],[-94.39994,33.5571],[-94.39723,33.55379],[-94.39257,33.55114],[-94.38952,33.54678],[-94.38609,33.54492],[-94.38167,33.54404],[-94.37339,33.54447],[-94.3716,33.545],[-94.3633,33.54496],[-94.36135,33.54461],[-94.35897,33.54323],[-94.35595,33.54318],[-94.34895,33.54836],[-94.34738,33.55108],[-94.34729,33.5522],[-94.35265,33.56061],[-94.35243,33.56217],[-94.34551,33.56731],[-94.34402,33.56782],[-94.34058,33.56788],[-94.33842,33.56708],[-94.33494,33.56359],[-94.33438,33.56254],[-94.33389,33.55746],[-94.3332,33.55537],[-94.33183,33.55335],[-94.33059,33.55269],[-94.32366,33.54984],[-94.31949,33.54886],[-94.30958,33.55167],[-94.30641,33.55562],[-94.30621,33.55768],[-94.30718,33.5598],[-94.30358,33.56828],[-94.30102,33.57302],[-94.29839,33.57622],[-94.29326,33.58042],[-94.28913,33.58214],[-94.28702,33.58241],[-94.28358,33.58189],[-94.28265,33.58098],[-94.28085,33.57719],[-94.2806,33.57491],[-94.28217,33.57299],[-94.29037,33.56791],[-94.29169,33.56348],[-94.2909,33.55887],[-94.28944,33.55763],[-94.28757,33.55718],[-94.27909,33.55703],[-94.2756,33.55796],[-94.27447,33.55865],[-94.272,33.56152],[-94.27098,33.56322],[-94.27085,33.56478],[-94.26567,33.57359],[-94.26275,33.57735],[-94.2578,33.58251],[-94.25266,33.58614],[-94.24593,33.58911],[-94.24278,33.58971],[-94.24018,33.58954],[-94.23697,33.58741],[-94.23636,33.58599],[-94.23684,33.58091],[-94.23798,33.57776],[-94.23887,33.57672],[-94.24437,33.57355],[-94.25111,33.56528],[-94.25233,33.56186],[-94.25228,33.56045],[-94.25157,33.55819],[-94.2502,33.55676],[-94.2379,33.55268],[-94.23184,33.55209],[-94.22639,33.55291],[-94.22292,33.55409],[-94.21922,33.5561],[-94.2136,33.56313],[-94.20808,33.56691],[-94.20563,33.56723],[-94.20359,33.56655],[-94.20124,33.55783],[-94.19949,33.55609],[-94.19782,33.55524],[-94.19639,33.55512],[-94.19325,33.55615],[-94.19133,33.55767],[-94.18988,33.56245],[-94.19248,33.57043],[-94.1944,33.57368],[-94.19637,33.57478],[-94.20111,33.57585],[-94.20427,33.575],[-94.2074,33.57435],[-94.20967,33.57351],[-94.21133,33.57377],[-94.21614,33.57639],[-94.21741,33.57926],[-94.2172,33.58074],[-94.21443,33.58319],[-94.213,33.58349],[-94.21097,33.58314],[-94.20579,33.58138],[-94.20359,33.58082],[-94.19975,33.5811],[-94.19654,33.58172],[-94.19446,33.58289],[-94.19089,33.58747],[-94.18391,33.59468],[-94.18088,33.59261],[-94.17633,33.59108],[-94.16227,33.58891],[-94.16108,33.58797],[-94.16201,33.58088],[-94.16128,33.57927],[-94.15678,33.57575],[-94.15263,33.57592],[-94.14873,33.5802],[-94.14605,33.58197],[-94.14438,33.5821],[-94.14216,33.58139],[-94.14185,33.57959],[-94.14302,33.57773],[-94.14567,33.5756],[-94.14951,33.5736],[-94.15126,33.57179],[-94.15175,33.56948],[-94.15146,33.56839],[-94.14852,33.56568],[-94.14524,33.56499],[-94.1434,33.56551],[-94.13686,33.571],[-94.13605,33.57139],[-94.13514,33.57103],[-94.13431,33.56921],[-94.13305,33.55795],[-94.13138,33.55293],[-94.12866,33.55095],[-94.1269,33.55065],[-94.1239,33.5521],[-94.12288,33.55311],[-94.12072,33.56056],[-94.12036,33.5655],[-94.1199,33.567],[-94.11284,33.56699],[-94.10318,33.57035],[-94.10011,33.57257],[-94.09744,33.57372],[-94.08894,33.57532],[-94.08264,33.57549],[-94.07267,33.57223],[-94.07223,33.57261],[-94.07203,33.57416],[-94.07135,33.57484],[-94.06952,33.57416],[-94.06856,33.57356],[-94.06828,33.57197],[-94.0678,33.57013],[-94.06685,33.56891],[-94.06128,33.5688],[-94.0566,33.56782],[-94.0561,33.56725],[-94.05566,33.56189],[-94.05644,33.561],[-94.05985,33.55925],[-94.06118,33.55916],[-94.06669,33.56095],[-94.06798,33.56096],[-94.07172,33.55968],[-94.07374,33.55828],[-94.07383,33.55583],[-94.07216,33.55386],[-94.06909,33.55341],[-94.06548,33.55091],[-94.0619,33.54976],[-94.0561,33.55073],[-94.05188,33.55259],[-94.05021,33.55108],[-94.04604,33.55132],[-94.04345,33.55225],[-94.04301,33.49304],[-94.04328,33.49103],[-94.04319,33.47032],[-94.04299,33.43582],[-94.04299,33.43102],[-94.04289,33.42023],[-94.04305,33.37772],[-94.04287,33.37117],[-94.04313,33.35876],[-94.04307,33.3521],[-94.04307,33.3305],[-94.04299,33.27123],[-94.04305,33.2609],[-94.043,33.25013],[-94.04273,33.24182],[-94.04288,33.21522],[-94.04289,33.20267],[-94.04287,33.19978],[-94.04272,33.16029],[-94.04318,33.14348],[-94.04301,33.13389],[-94.04287,33.09273],[-94.04304,33.07948],[-94.04296,33.01922],[-94.04309,32.95559],[-94.04307,32.9379],[-94.04309,32.91002],[-94.04288,32.89891],[-94.04286,32.89277],[-94.04289,32.88097],[-94.04303,32.88045],[-94.04278,32.87149],[-94.04303,32.79748],[-94.04275,32.78697],[-94.04283,32.78528],[-94.04303,32.77686],[-94.04295,32.76799],[-94.04315,32.69303],[-94.04291,32.65513],[-94.04278,32.64347],[-94.04282,32.6403],[-94.04293,32.62201],[-94.04292,32.61014],[-94.04308,32.56426],[-94.04314,32.5595],[-94.04308,32.51361],[-94.04288,32.50514],[-94.04291,32.49285],[-94.04309,32.48656],[-94.04307,32.4843],[-94.04296,32.48026],[-94.043,32.478],[-94.04287,32.47135],[-94.0429,32.47039],[-94.04291,32.43989],[-94.04299,32.43551],[-94.0429,32.40066],[-94.04292,32.39992],[-94.0429,32.39228],[-94.04276,32.37333],[-94.04274,32.36356],[-94.04273,32.2697],[-94.04266,32.21815],[-94.04257,32.16689],[-94.04254,32.16683],[-94.04259,32.1581],[-94.04268,32.13796],[-94.04275,32.12516],[-94.04234,32.11991],[-94.0427,32.05601],[-94.04272,31.99927],[-94.04183,31.9924],[-94.03841,31.99244],[-94.03426,31.99529],[-94.02928,31.99586],[-94.02519,31.99444],[-94.02321,31.99189],[-94.01981,31.99104],[-94.01726,31.98934],[-94.01726,31.98481],[-94.01642,31.98085],[-94.01274,31.9783],[-94.00736,31.97377],[-94.00198,31.96414],[-93.99376,31.9515],[-93.99036,31.94857],[-93.98738,31.94344],[-93.98159,31.94007],[-93.97961,31.93668],[-93.97932,31.93073],[-93.97746,31.92642],[-93.97394,31.92167],[-93.97171,31.92038],[-93.968,31.91997],[-93.96431,31.92308],[-93.96178,31.92399],[-93.95893,31.92223],[-93.95525,31.91289],[-93.95355,31.91056],[-93.94959,31.91062],[-93.93996,31.91034],[-93.93317,31.91091],[-93.9292,31.91176],[-93.92326,31.90779],[-93.92184,31.90553],[-93.92297,31.9027],[-93.9309,31.89647],[-93.93223,31.89351],[-93.92977,31.89109],[-93.92665,31.88826],[-93.92212,31.88571],[-93.91986,31.88769],[-93.91959,31.89075],[-93.91595,31.89286],[-93.90742,31.89247],[-93.90315,31.89618],[-93.90027,31.89626],[-93.89741,31.89444],[-93.896,31.8909],[-93.89664,31.88729],[-93.90189,31.88006],[-93.90259,31.87665],[-93.90246,31.87527],[-93.90132,31.87366],[-93.89947,31.87353],[-93.89743,31.87442],[-93.8961,31.87622],[-93.89296,31.87632],[-93.89154,31.87495],[-93.89126,31.87127],[-93.88925,31.86903],[-93.88503,31.86589],[-93.88256,31.86685],[-93.88078,31.86475],[-93.88249,31.86193],[-93.88616,31.85994],[-93.88879,31.85771],[-93.88898,31.85572],[-93.88798,31.85459],[-93.8835,31.85506],[-93.88181,31.85225],[-93.88444,31.84987],[-93.8835,31.84704],[-93.87949,31.8435],[-93.87482,31.84061],[-93.87312,31.83666],[-93.87477,31.83454],[-93.87713,31.83218],[-93.87595,31.82935],[-93.87407,31.82534],[-93.87476,31.82166],[-93.87092,31.81684],[-93.87302,31.81626],[-93.87343,31.81581],[-93.87325,31.81489],[-93.87195,31.81392],[-93.87084,31.81378],[-93.86856,31.81523],[-93.86732,31.81532],[-93.86138,31.8123],[-93.86059,31.81162],[-93.85932,31.80911],[-93.85852,31.80849],[-93.85696,31.80809],[-93.85457,31.80665],[-93.85339,31.80547],[-93.85353,31.80261],[-93.85265,31.80111],[-93.85148,31.80015],[-93.84985,31.79978],[-93.84763,31.79963],[-93.84706,31.79986],[-93.84619,31.80202],[-93.84537,31.80187],[-93.84289,31.80068],[-93.84003,31.8006],[-93.83934,31.80033],[-93.83844,31.79808],[-93.83798,31.79741],[-93.83657,31.7964],[-93.83561,31.79449],[-93.83687,31.78873],[-93.83465,31.78331],[-93.8312,31.78023],[-93.82344,31.7751],[-93.8226,31.77356],[-93.82457,31.77045],[-93.82527,31.76737],[-93.82881,31.76563],[-93.82959,31.7642],[-93.82681,31.76378],[-93.82617,31.76233],[-93.82761,31.76031],[-93.83044,31.75583],[-93.83257,31.75418],[-93.8361,31.75159],[-93.8361,31.74852],[-93.83304,31.7464],[-93.82997,31.74451],[-93.8262,31.73673],[-93.82458,31.7344],[-93.82219,31.73249],[-93.81677,31.73084],[-93.81493,31.72869],[-93.81347,31.72588],[-93.81279,31.71678],[-93.81249,31.71521],[-93.81692,31.70876],[-93.81629,31.7075],[-93.81221,31.70758],[-93.81148,31.70722],[-93.81112,31.70368],[-93.8084,31.70285],[-93.80705,31.70281],[-93.79762,31.70555],[-93.79499,31.70481],[-93.79455,31.70208],[-93.8034,31.68781],[-93.80448,31.68566],[-93.81394,31.67589],[-93.81229,31.67212],[-93.81276,31.66976],[-93.81517,31.66795],[-93.81686,31.66863],[-93.81804,31.66998],[-93.81889,31.67377],[-93.82205,31.67397],[-93.82646,31.66692],[-93.82566,31.66102],[-93.82007,31.6542],[-93.81804,31.64789],[-93.81596,31.63228],[-93.81853,31.63147],[-93.82059,31.62971],[-93.82072,31.62799],[-93.81966,31.62658],[-93.81724,31.62555],[-93.81684,31.62251],[-93.8231,31.62075],[-93.82583,31.62138],[-93.82685,31.62105],[-93.82717,31.62028],[-93.82596,31.61953],[-93.82215,31.61852],[-93.81879,31.6166],[-93.81872,31.61456],[-93.81958,31.61412],[-93.82264,31.61453],[-93.82629,31.6149],[-93.83044,31.6136],[-93.83806,31.6068],[-93.83938,31.59907],[-93.83492,31.58621],[-93.83036,31.57935],[-93.82715,31.57848],[-93.81843,31.57094],[-93.8184,31.5696],[-93.81915,31.56893],[-93.82221,31.56883],[-93.82296,31.56813],[-93.82289,31.56591],[-93.82156,31.5637],[-93.81735,31.56394],[-93.81686,31.56308],[-93.81701,31.56165],[-93.81836,31.56016],[-93.82109,31.56034],[-93.82076,31.55822],[-93.81858,31.55483],[-93.81397,31.55056],[-93.81025,31.54988],[-93.80948,31.54786],[-93.80831,31.54638],[-93.80334,31.54362],[-93.80052,31.54345],[-93.79954,31.54298],[-93.79989,31.54187],[-93.80258,31.54065],[-93.80336,31.53879],[-93.79921,31.53807],[-93.79809,31.53404],[-93.7903,31.53077],[-93.78769,31.52734],[-93.78083,31.52538],[-93.76006,31.52393],[-93.75488,31.5248],[-93.75413,31.52641],[-93.75761,31.52755],[-93.75811,31.52987],[-93.7565,31.53054],[-93.7547,31.52987],[-93.75189,31.52747],[-93.75009,31.52955],[-93.74774,31.53069],[-93.74734,31.52839],[-93.74277,31.52686],[-93.7424,31.5233],[-93.74056,31.51853],[-93.74098,31.51757],[-93.74217,31.51725],[-93.74388,31.51806],[-93.74458,31.51759],[-93.74388,31.51647],[-93.7422,31.51547],[-93.73738,31.51386],[-93.73343,31.51322],[-93.72476,31.51437],[-93.71603,31.51484],[-93.71344,31.51484],[-93.71158,31.51279],[-93.71155,31.51012],[-93.71556,31.508],[-93.7191,31.50399],[-93.72146,31.49975],[-93.72348,31.49593],[-93.72429,31.4922],[-93.72759,31.4889],[-93.7349,31.48702],[-93.74188,31.48353],[-93.74515,31.48564],[-93.7491,31.48474],[-93.75185,31.48312],[-93.75299,31.48171],[-93.7522,31.47955],[-93.75063,31.47903],[-93.748,31.48165],[-93.74648,31.48183],[-93.74554,31.4804],[-93.7454,31.47812],[-93.74847,31.47481],[-93.74972,31.47092],[-93.74948,31.46869],[-93.74184,31.46585],[-93.73151,31.45747],[-93.72209,31.4535],[-93.71773,31.45711],[-93.7155,31.4569],[-93.71285,31.45391],[-93.71166,31.45305],[-93.70997,31.45276],[-93.70903,31.4534],[-93.70913,31.45675],[-93.70663,31.45679],[-93.70393,31.45549],[-93.70421,31.45298],[-93.70919,31.44504],[-93.70894,31.44171],[-93.70589,31.44033],[-93.70175,31.44092],[-93.69269,31.44056],[-93.69253,31.4382],[-93.6976,31.42841],[-93.70468,31.4189],[-93.70488,31.41088],[-93.70161,31.40933],[-93.69587,31.40939],[-93.68813,31.40476],[-93.68135,31.39804],[-93.67655,31.39873],[-93.67412,31.39768],[-93.6706,31.38882],[-93.66899,31.37265],[-93.66999,31.37048],[-93.67316,31.37113],[-93.67338,31.36882],[-93.67011,31.3657],[-93.66536,31.36567],[-93.6566,31.36736],[-93.64882,31.3706],[-93.6433,31.37096],[-93.64029,31.37256],[-93.63926,31.37154],[-93.64498,31.36297],[-93.64487,31.36087],[-93.64663,31.3586],[-93.66405,31.35434],[-93.66844,31.35301],[-93.66955,31.35057],[-93.6688,31.3396],[-93.66967,31.33798],[-93.67728,31.33048],[-93.67395,31.32619],[-93.67355,31.32454],[-93.67519,31.32205],[-93.68111,31.32013],[-93.68785,31.30983],[-93.68688,31.30517],[-93.68404,31.30177],[-93.67544,31.30104],[-93.66741,31.29705],[-93.66293,31.28739],[-93.65986,31.28196],[-93.657,31.28174],[-93.65303,31.28338],[-93.6509,31.28432],[-93.64737,31.28173],[-93.64468,31.27497],[-93.64407,31.27159],[-93.64147,31.26994],[-93.63864,31.2697],[-93.62284,31.27206],[-93.62034,31.27103],[-93.61954,31.26781],[-93.61884,31.26381],[-93.61459,31.26145],[-93.61394,31.25937],[-93.61543,31.25612],[-93.6154,31.25417],[-93.61394,31.25286],[-93.61429,31.25163],[-93.6212,31.24964],[-93.62168,31.24859],[-93.62005,31.24691],[-93.61631,31.2446],[-93.61711,31.24101],[-93.6162,31.23755],[-93.61826,31.2331],[-93.61798,31.2325],[-93.61668,31.23201],[-93.61316,31.23243],[-93.61249,31.23269],[-93.6107,31.23215],[-93.60983,31.22966],[-93.60875,31.22801],[-93.60703,31.22792],[-93.60166,31.22952],[-93.59839,31.2311],[-93.59689,31.23063],[-93.59656,31.22966],[-93.59678,31.22799],[-93.59922,31.2253],[-93.59909,31.22418],[-93.5953,31.22181],[-93.59504,31.22104],[-93.59561,31.21985],[-93.60314,31.21706],[-93.6038,31.21575],[-93.60354,31.21067],[-93.60729,31.2054],[-93.60186,31.19939],[-93.60166,31.18703],[-93.60244,31.18254],[-93.60031,31.17616],[-93.59883,31.17468],[-93.5885,31.16558],[-93.57922,31.16742],[-93.56956,31.17757],[-93.56094,31.18248],[-93.55265,31.18558],[-93.54893,31.1866],[-93.54527,31.1839],[-93.54182,31.1832],[-93.53928,31.18355],[-93.5351,31.18561],[-93.53331,31.18446],[-93.53174,31.18082],[-93.53144,31.17895],[-93.53281,31.17426],[-93.53595,31.17241],[-93.54239,31.17159],[-93.54306,31.17066],[-93.54241,31.16849],[-93.53898,31.16515],[-93.53641,31.16039],[-93.53648,31.15847],[-93.54016,31.15605],[-93.54637,31.1566],[-93.5487,31.15584],[-93.54851,31.1485],[-93.5461,31.14335],[-93.5447,31.13589],[-93.53799,31.12675],[-93.5397,31.11445],[-93.54518,31.11179],[-93.5487,31.10603],[-93.54863,31.1012],[-93.54925,31.10014],[-93.5591,31.09737],[-93.56268,31.0976],[-93.56347,31.09399],[-93.55907,31.09178],[-93.55664,31.08743],[-93.5532,31.08812],[-93.55111,31.09081],[-93.54928,31.09031],[-93.54844,31.08851],[-93.5518,31.08454],[-93.55221,31.07893],[-93.54013,31.078],[-93.53263,31.07455],[-93.52775,31.07457],[-93.52717,31.07319],[-93.52896,31.06983],[-93.52513,31.06655],[-93.52074,31.06613],[-93.51942,31.06434],[-93.51891,31.06186],[-93.52115,31.05728],[-93.52926,31.05757],[-93.53207,31.05526],[-93.53122,31.05168],[-93.52651,31.04736],[-93.52351,31.04617],[-93.51996,31.04517],[-93.5189,31.04374],[-93.51994,31.04188],[-93.52193,31.04141],[-93.52405,31.04152],[-93.5249,31.03995],[-93.52474,31.03901],[-93.5216,31.0363],[-93.51498,31.03486],[-93.50829,31.03235],[-93.50846,31.02944],[-93.51492,31.0257],[-93.52231,31.0201],[-93.52452,31.01964],[-93.53158,31.02019],[-93.53343,31.01897],[-93.53914,31.00829],[-93.54043,31.00781],[-93.54268,31.00822],[-93.54576,31.01003],[-93.5485,31.01026],[-93.55147,31.00924],[-93.55446,31.00436],[-93.55593,31.00374],[-93.56117,31.00776],[-93.56563,31.01316],[-93.56755,31.01267],[-93.57147,31.0096],[-93.57282,31.00747],[-93.57304,31.00471],[-93.57459,31.00236],[-93.57821,30.99999],[-93.57512,30.99465],[-93.57336,30.99183],[-93.56895,30.99067],[-93.56621,30.99071],[-93.56429,30.9896],[-93.56411,30.98801],[-93.56588,30.98518],[-93.56648,30.98132],[-93.56797,30.97798],[-93.56929,30.97619],[-93.5728,30.97472],[-93.57433,30.97371],[-93.57402,30.97225],[-93.57282,30.97072],[-93.56844,30.9691],[-93.56484,30.96953],[-93.56053,30.97129],[-93.55611,30.96864],[-93.55354,30.96737],[-93.54984,30.96712],[-93.54731,30.96476],[-93.54633,30.9578],[-93.54267,30.95669],[-93.53927,30.95652],[-93.53463,30.958],[-93.53176,30.95822],[-93.53093,30.95711],[-93.53051,30.95574],[-93.53053,30.95458],[-93.53222,30.95184],[-93.53256,30.9507],[-93.53237,30.94898],[-93.52981,30.94217],[-93.52644,30.93937],[-93.52601,30.93754],[-93.52726,30.93563],[-93.52778,30.93285],[-93.52615,30.93004],[-93.53094,30.92453],[-93.54321,30.92013],[-93.54207,30.92585],[-93.54517,30.92706],[-93.54955,30.92375],[-93.55194,30.91865],[-93.55492,30.91574],[-93.55837,30.91354],[-93.55854,30.91139],[-93.55535,30.90935],[-93.55303,30.9081],[-93.554,30.90277],[-93.55312,30.90105],[-93.55048,30.90053],[-93.54862,30.89989],[-93.54864,30.89862],[-93.5492,30.89744],[-93.55248,30.8967],[-93.55781,30.89675],[-93.56632,30.89484],[-93.56816,30.89337],[-93.56874,30.89186],[-93.5699,30.8906],[-93.57296,30.88757],[-93.57408,30.88453],[-93.57349,30.88267],[-93.57082,30.87558],[-93.5648,30.87568],[-93.56294,30.8728],[-93.56414,30.86856],[-93.55914,30.86994],[-93.55845,30.86778],[-93.56154,30.86138],[-93.56191,30.85833],[-93.55965,30.85561],[-93.55792,30.8543],[-93.55731,30.85208],[-93.5641,30.84674],[-93.56848,30.84512],[-93.56797,30.84303],[-93.56349,30.84205],[-93.55817,30.83997],[-93.55363,30.83514],[-93.5531,30.83311],[-93.55716,30.82876],[-93.55618,30.82639],[-93.55406,30.82494],[-93.55464,30.82325],[-93.55784,30.82101],[-93.56191,30.81946],[-93.56416,30.81754],[-93.56376,30.81361],[-93.56071,30.80964],[-93.56135,30.80758],[-93.56324,30.80622],[-93.5693,30.80297],[-93.57468,30.80137],[-93.5784,30.80205],[-93.58223,30.80312],[-93.58378,30.80178],[-93.58427,30.79666],[-93.58319,30.79428],[-93.58139,30.79163],[-93.58192,30.78898],[-93.58369,30.78776],[-93.58716,30.78786],[-93.58894,30.78755],[-93.58938,30.78668],[-93.58696,30.78289],[-93.58445,30.78116],[-93.58335,30.77941],[-93.58316,30.7786],[-93.58387,30.77705],[-93.58714,30.77681],[-93.5899,30.77776],[-93.59173,30.77666],[-93.59271,30.7751],[-93.5935,30.77228],[-93.59156,30.76723],[-93.5921,30.76367],[-93.60081,30.76219],[-93.60497,30.76198],[-93.60632,30.76104],[-93.60624,30.7594],[-93.60679,30.75816],[-93.60918,30.75726],[-93.61007,30.75753],[-93.61162,30.76003],[-93.61347,30.76085],[-93.61445,30.75987],[-93.61478,30.75606],[-93.61237,30.7539],[-93.61035,30.75059],[-93.60834,30.74783],[-93.609,30.74551],[-93.60995,30.74465],[-93.61489,30.74432],[-93.61775,30.74325],[-93.61913,30.742],[-93.61898,30.74027],[-93.61769,30.73848],[-93.61282,30.73671],[-93.61065,30.73428],[-93.60972,30.72918],[-93.60954,30.72314],[-93.61119,30.71805],[-93.61281,30.71657],[-93.61477,30.71986],[-93.61618,30.71878],[-93.61723,30.71858],[-93.61618,30.71398],[-93.61644,30.71239],[-93.61965,30.70894],[-93.62077,30.70412],[-93.62181,30.70276],[-93.62447,30.70108],[-93.62459,30.69954],[-93.6238,30.69797],[-93.62282,30.69711],[-93.62122,30.69624],[-93.62038,30.69505],[-93.62043,30.69424],[-93.62538,30.68971],[-93.62665,30.68836],[-93.62723,30.68741],[-93.62771,30.68373],[-93.6299,30.67994],[-93.63616,30.67611],[-93.63821,30.67306],[-93.64536,30.67339],[-93.64662,30.67143],[-93.64685,30.66873],[-93.64825,30.66778],[-93.65319,30.67039],[-93.65497,30.67018],[-93.65975,30.66205],[-93.66125,30.6612],[-93.66456,30.66173],[-93.66766,30.66051],[-93.67035,30.65803],[-93.67057,30.65615],[-93.67011,30.65384],[-93.67054,30.65263],[-93.67384,30.6513],[-93.67413,30.64869],[-93.6786,30.64419],[-93.68109,30.64311],[-93.6831,30.64076],[-93.68287,30.63935],[-93.68066,30.6365],[-93.68041,30.63488],[-93.68176,30.63303],[-93.68382,30.63258],[-93.68471,30.63081],[-93.68389,30.6286],[-93.68512,30.6252],[-93.68196,30.62053],[-93.68198,30.61858],[-93.6857,30.61642],[-93.6869,30.61376],[-93.68913,30.61141],[-93.68866,30.61053],[-93.68742,30.60974],[-93.6844,30.60918],[-93.6834,30.60804],[-93.68252,30.60426],[-93.67924,30.59977],[-93.67866,30.5941],[-93.67961,30.5934],[-93.68283,30.59368],[-93.68507,30.59209],[-93.68512,30.58661],[-93.68811,30.58566],[-93.69222,30.58571],[-93.69175,30.58796],[-93.68937,30.58912],[-93.6878,30.59014],[-93.68953,30.59276],[-93.69287,30.59438],[-93.70083,30.59198],[-93.7033,30.58877],[-93.70603,30.58804],[-93.70999,30.58888],[-93.71245,30.58848],[-93.7136,30.58741],[-93.71403,30.58028],[-93.71682,30.57786],[-93.71791,30.57777],[-93.72048,30.58036],[-93.72194,30.58032],[-93.72784,30.57407],[-93.72818,30.57287],[-93.72619,30.56987],[-93.72642,30.5681],[-93.72775,30.56649],[-93.7248,30.56277],[-93.72395,30.55922],[-93.72596,30.55665],[-93.73107,30.55334],[-93.73138,30.55138],[-93.72876,30.54644],[-93.72918,30.54485],[-93.7348,30.54173],[-93.7391,30.54083],[-93.74025,30.53957],[-93.73949,30.53804],[-93.73659,30.5372],[-93.73285,30.53663],[-93.73221,30.5358],[-93.73378,30.5314],[-93.73183,30.52914],[-93.72772,30.52567],[-93.72588,30.52505],[-93.72048,30.52433],[-93.71903,30.52106],[-93.71647,30.51923],[-93.71432,30.51856],[-93.71082,30.51772],[-93.71035,30.51317],[-93.71155,30.51196],[-93.7117,30.51075],[-93.70952,30.5107],[-93.70725,30.51139],[-93.70651,30.50991],[-93.70681,30.50707],[-93.70973,30.50651],[-93.71515,30.50127],[-93.71412,30.5],[-93.70854,30.5004],[-93.70867,30.49912],[-93.7104,30.49741],[-93.71449,30.4977],[-93.71668,30.49401],[-93.712,30.48764],[-93.71025,30.48625],[-93.70948,30.48401],[-93.70976,30.48265],[-93.71173,30.4823],[-93.71318,30.4834],[-93.71483,30.48523],[-93.7161,30.48509],[-93.71742,30.48382],[-93.71676,30.48194],[-93.71333,30.47901],[-93.71052,30.4755],[-93.71124,30.47273],[-93.71223,30.47063],[-93.71185,30.46944],[-93.70638,30.4669],[-93.7024,30.46174],[-93.69904,30.45881],[-93.69945,30.45791],[-93.70634,30.45814],[-93.70694,30.45534],[-93.7021,30.44976],[-93.7038,30.44776],[-93.70744,30.44593],[-93.70695,30.44399],[-93.70463,30.44312],[-93.70084,30.44492],[-93.69831,30.44493],[-93.69783,30.44384],[-93.6978,30.44058],[-93.69928,30.43738],[-93.70202,30.43631],[-93.70415,30.43435],[-93.70237,30.43092],[-93.70266,30.42995],[-93.70468,30.42948],[-93.70825,30.43025],[-93.71125,30.43315],[-93.71275,30.43317],[-93.71404,30.42973],[-93.71647,30.42844],[-93.71637,30.42476],[-93.71706,30.42311],[-93.71918,30.42272],[-93.7198,30.4268],[-93.72295,30.4321],[-93.72682,30.42967],[-93.72683,30.42364],[-93.72231,30.42073],[-93.72275,30.41956],[-93.72671,30.41939],[-93.72755,30.41872],[-93.72787,30.4177],[-93.72755,30.41653],[-93.72802,30.41467],[-93.72872,30.41355],[-93.73061,30.41333],[-93.73199,30.41388],[-93.73299,30.41513],[-93.73392,30.41493],[-93.73488,30.41283],[-93.73481,30.4092],[-93.73489,30.40834],[-93.73563,30.40686],[-93.73827,30.40396],[-93.74168,30.40298],[-93.74204,30.40051],[-93.74359,30.39944],[-93.7455,30.39875],[-93.74533,30.39702],[-93.74597,30.39648],[-93.74862,30.39682],[-93.75144,30.39629],[-93.752,30.39575],[-93.75224,30.39342],[-93.7533,30.39222],[-93.75677,30.39116],[-93.75765,30.39042],[-93.75875,30.38789],[-93.75847,30.38403],[-93.75515,30.3752],[-93.75589,30.37071],[-93.75726,30.36428],[-93.75174,30.36105],[-93.75635,30.35617],[-93.76154,30.35223],[-93.75812,30.34952],[-93.76302,30.34415],[-93.75892,30.33855],[-93.76582,30.33332],[-93.76426,30.33022],[-93.75556,30.32958],[-93.75604,30.32571],[-93.75104,30.32094],[-93.74986,30.31438],[-93.74421,30.31068],[-93.74394,30.30403],[-93.7387,30.30379],[-93.73423,30.29881],[-93.72422,30.29513],[-93.71868,30.29501],[-93.71432,30.29428],[-93.71291,30.28794],[-93.70458,30.28995],[-93.70661,30.28119],[-93.70719,30.27551],[-93.70913,30.27183],[-93.70859,30.2655],[-93.70316,30.26001],[-93.70764,30.25426],[-93.70727,30.24994],[-93.70537,30.24702],[-93.70508,30.24275],[-93.70311,30.23918],[-93.70655,30.23966],[-93.70503,30.2334],[-93.70928,30.23387],[-93.71336,30.22526],[-93.71215,30.21982],[-93.71922,30.21854],[-93.71905,30.20873],[-93.71711,30.20183],[-93.71496,30.19735],[-93.71784,30.194],[-93.71305,30.19337],[-93.70849,30.19676],[-93.70549,30.19292],[-93.71259,30.19019],[-93.70966,30.18328],[-93.70376,30.17394],[-93.70196,30.16777],[-93.70196,30.1647],[-93.70393,30.16114],[-93.70601,30.15917],[-93.70749,30.1561],[-93.70761,30.14983],[-93.70653,30.14742],[-93.70306,30.14988],[-93.70018,30.15272],[-93.69774,30.15295],[-93.69629,30.1516],[-93.6937,30.14251],[-93.69177,30.14112],[-93.68953,30.14175],[-93.68855,30.14037],[-93.69285,30.13521],[-93.6955,30.1356],[-93.69827,30.13862],[-93.70074,30.13814],[-93.70146,30.13471],[-93.70195,30.13066],[-93.70063,30.12437],[-93.70143,30.1223],[-93.70646,30.12168],[-93.70779,30.12074],[-93.70729,30.11936],[-93.70341,30.11718],[-93.7024,30.11489],[-93.70244,30.11272],[-93.70373,30.11106],[-93.70549,30.11029],[-93.7115,30.10939],[-93.713,30.10786],[-93.7146,30.10183],[-93.72377,30.09413],[-93.72304,30.08768],[-93.72363,30.08318],[-93.7258,30.082],[-93.72764,30.08328],[-93.72967,30.08801],[-93.73057,30.08904],[-93.73248,30.08891],[-93.73408,30.08613],[-93.73358,30.08428],[-93.73145,30.08193],[-93.72671,30.07891],[-93.7164,30.06912],[-93.70617,30.06731],[-93.70218,30.06547],[-93.70058,30.06367],[-93.6994,30.05925],[-93.70082,30.05627],[-93.70394,30.05429],[-93.70804,30.0538],[-93.71089,30.05438],[-93.71193,30.05696],[-93.71377,30.06569],[-93.71546,30.06658],[-93.71733,30.06571],[-93.71945,30.06381],[-93.71968,30.05605],[-93.7208,30.05304],[-93.73745,30.03728],[-93.73916,30.03263],[-93.73973,30.02399],[-93.74207,30.02077],[-93.74532,30.01893],[-93.75524,30.01519],[-93.76018,30.01084],[-93.76844,30.00169],[-93.76913,29.99834],[-93.77057,29.99653],[-93.77157,29.99592],[-93.77511,29.99552],[-93.77889,29.99487],[-93.78217,29.99367],[-93.78693,29.99058],[-93.78943,29.98781],[-93.79009,29.98656],[-93.79232,29.97941],[-93.79341,29.97674],[-93.79444,29.97477],[-93.79615,29.97204],[-93.80161,29.96509],[-93.80341,29.96257],[-93.80782,29.95455],[-93.81373,29.93513],[-93.81655,29.92073],[-93.819,29.91482],[-93.83037,29.89436],[-93.83837,29.88285],[-93.85514,29.8641],[-93.86357,29.85718],[-93.87245,29.85165],[-93.89068,29.84316],[-93.90073,29.83697],[-93.91636,29.82497],[-93.92274,29.81881],[-93.92799,29.80964],[-93.92921,29.80295],[-93.92881,29.79708],[-93.9265,29.78956],[-93.92241,29.78505],[-93.89847,29.77158],[-93.89386,29.76729],[-93.89082,29.76167],[-93.89383,29.75303],[-93.89164,29.74462],[-93.88882,29.74223],[-93.87394,29.73777],[-93.87002,29.73548],[-93.8632,29.72406],[-93.83797,29.69062],[-93.84143,29.68782],[-93.84064,29.68576],[-93.83909,29.68342],[-93.83773,29.67902],[-93.83954,29.67852],[-93.84137,29.67856],[-93.84516,29.67882],[-93.85207,29.67917],[-93.86129,29.67901],[-93.86985,29.67942],[-93.89694,29.68107],[-93.92297,29.68252],[-93.95256,29.68334],[-93.95903,29.68213],[-93.96507,29.68277],[-93.98477,29.68241],[-94.00141,29.68149],[-94.01535,29.67967],[-94.03897,29.67502],[-94.05651,29.67116],[-94.09576,29.66052],[-94.11953,29.65236],[-94.14722,29.64245],[-94.18501,29.6283],[-94.21805,29.61539],[-94.26012,29.59896],[-94.29373,29.58537],[-94.49007,29.51119],[-94.49857,29.50709],[-94.50092,29.50687],[-94.53556,29.49293],[-94.56433,29.48137],[-94.59619,29.46791],[-94.63161,29.4518],[-94.65483,29.4401],[-94.66827,29.43259],[-94.68127,29.42464],[-94.69416,29.41563],[-94.70847,29.40305],[-94.71778,29.39075],[-94.72371,29.38214],[-94.72858,29.3723],[-94.73105,29.36914],[-94.73341,29.36799],[-94.73726,29.36959],[-94.73827,29.37044],[-94.73775,29.37247],[-94.73923,29.37493],[-94.74105,29.37573],[-94.74202,29.37588],[-94.75473,29.36764],[-94.75415,29.36617],[-94.75815,29.36334],[-94.76149,29.36188],[-94.76247,29.36299],[-94.76219,29.36455],[-94.76336,29.36585],[-94.7664,29.36572],[-94.77004,29.36486],[-94.77486,29.36267],[-94.77869,29.36148],[-94.7807,29.36507],[-94.77887,29.36738],[-94.77731,29.37106],[-94.7779,29.37344],[-94.77778,29.37582],[-94.78296,29.37492],[-94.78444,29.37572],[-94.78337,29.37748],[-94.77456,29.38503],[-94.77106,29.38685],[-94.76721,29.39043],[-94.76638,29.39239],[-94.76685,29.39349],[-94.77018,29.39301],[-94.77374,29.39529],[-94.77434,29.39923],[-94.7665,29.40761],[-94.75497,29.41589],[-94.74772,29.40937],[-94.74545,29.40854],[-94.74371,29.40965],[-94.73787,29.41443],[-94.73541,29.41514],[-94.72929,29.42102],[-94.72358,29.42588],[-94.71741,29.43003],[-94.71088,29.43132],[-94.70636,29.43453],[-94.70351,29.43649],[-94.70346,29.44036],[-94.69827,29.44672],[-94.6978,29.44901],[-94.69626,29.45026],[-94.69555,29.45273],[-94.69407,29.45379],[-94.69187,29.45502],[-94.69263,29.45844],[-94.69123,29.46009],[-94.68717,29.45976],[-94.68516,29.46599],[-94.67991,29.47094],[-94.67665,29.47348],[-94.67286,29.47446],[-94.67171,29.47616],[-94.66539,29.4774],[-94.65716,29.47664],[-94.64999,29.47503],[-94.64557,29.47251],[-94.64041,29.4724],[-94.62822,29.47599],[-94.61575,29.48117],[-94.60656,29.48279],[-94.59907,29.49029],[-94.59705,29.49039],[-94.59421,29.49213],[-94.59757,29.49525],[-94.59608,29.4995],[-94.59491,29.50239],[-94.59467,29.50724],[-94.59358,29.50919],[-94.59067,29.51295],[-94.58539,29.51843],[-94.57957,29.52372],[-94.57706,29.5258],[-94.57457,29.52764],[-94.57159,29.52747],[-94.57069,29.52923],[-94.56897,29.53018],[-94.56616,29.53056],[-94.56196,29.53086],[-94.5585,29.53004],[-94.55398,29.52828],[-94.55222,29.52623],[-94.54889,29.52523],[-94.54232,29.52138],[-94.53395,29.51776],[-94.53009,29.51681],[-94.52491,29.51723],[-94.51872,29.51709],[-94.51542,29.51716],[-94.51275,29.51537],[-94.5104,29.51491],[-94.50814,29.5116],[-94.5054,29.51047],[-94.50231,29.51036],[-94.50101,29.5115],[-94.49827,29.51171],[-94.49328,29.51357],[-94.48983,29.51647],[-94.48888,29.51957],[-94.48801,29.53021],[-94.48805,29.53311],[-94.48663,29.53684],[-94.48282,29.54087],[-94.48033,29.5417],[-94.47617,29.54511],[-94.47391,29.55038],[-94.47225,29.5511],[-94.47058,29.55327],[-94.4707,29.55658],[-94.47296,29.5572],[-94.4745,29.55865],[-94.47902,29.55565],[-94.48318,29.554],[-94.48995,29.55245],[-94.49601,29.54976],[-94.49855,29.54518],[-94.50347,29.54385],[-94.51113,29.54295],[-94.52153,29.54082],[-94.52281,29.54157],[-94.52209,29.54847],[-94.52364,29.5524],[-94.52688,29.55376],[-94.52843,29.55613],[-94.5344,29.55956],[-94.53978,29.56408],[-94.54253,29.569],[-94.54511,29.57189],[-94.54821,29.5731],[-94.55238,29.57405],[-94.55617,29.57439],[-94.56096,29.57443],[-94.5667,29.57331],[-94.57001,29.57223],[-94.57827,29.56798],[-94.58259,29.56624],[-94.59233,29.56251],[-94.59496,29.56187],[-94.59762,29.56206],[-94.60135,29.55955],[-94.60843,29.5574],[-94.62326,29.55364],[-94.62588,29.55352],[-94.6304,29.55237],[-94.63272,29.5521],[-94.63826,29.55026],[-94.64467,29.54951],[-94.65689,29.5477],[-94.66407,29.54573],[-94.66604,29.54417],[-94.68123,29.54026],[-94.68734,29.5382],[-94.69246,29.53833],[-94.69968,29.5379],[-94.70218,29.53878],[-94.70618,29.53767],[-94.71134,29.53687],[-94.71435,29.53577],[-94.71722,29.53408],[-94.72007,29.53425],[-94.72925,29.53081],[-94.73475,29.52943],[-94.74065,29.52693],[-94.74709,29.5277],[-94.7522,29.52543],[-94.75769,29.52462],[-94.76257,29.52416],[-94.76868,29.52566],[-94.77899,29.53016],[-94.78148,29.53273],[-94.7839,29.5369],[-94.78447,29.53947],[-94.78593,29.54159],[-94.78858,29.54609],[-94.78815,29.5469],[-94.78481,29.54828],[-94.78012,29.54901],[-94.77943,29.5482],[-94.77933,29.54593],[-94.77581,29.54543],[-94.77446,29.54366],[-94.77327,29.54097],[-94.77184,29.53963],[-94.76542,29.54107],[-94.76317,29.54118],[-94.76162,29.5418],[-94.76103,29.54335],[-94.7583,29.54542],[-94.75663,29.54614],[-94.75116,29.55048],[-94.74974,29.55348],[-94.752,29.55534],[-94.7533,29.55751],[-94.7533,29.56123],[-94.74772,29.56671],[-94.74261,29.57023],[-94.73963,29.57295],[-94.73667,29.57488],[-94.73465,29.57746],[-94.73358,29.58036],[-94.73251,29.58222],[-94.72953,29.58614],[-94.7287,29.58883],[-94.72561,29.59327],[-94.72502,29.59575],[-94.72261,29.59935],[-94.72064,29.60255],[-94.71495,29.61007],[-94.71343,29.61014],[-94.71313,29.61378],[-94.71403,29.61557],[-94.71189,29.61674],[-94.71014,29.61985],[-94.70701,29.62514],[-94.70553,29.62933],[-94.70315,29.63419],[-94.70125,29.63935],[-94.70142,29.64088],[-94.70054,29.64276],[-94.69983,29.647],[-94.7003,29.65102],[-94.69852,29.65236],[-94.69828,29.65433],[-94.69769,29.65815],[-94.69898,29.65957],[-94.69733,29.66166],[-94.69769,29.66414],[-94.69685,29.66961],[-94.69665,29.67368],[-94.69554,29.67814],[-94.69638,29.68128],[-94.6942,29.68352],[-94.69329,29.68716],[-94.68937,29.69326],[-94.68901,29.69656],[-94.69008,29.70028],[-94.68984,29.70564],[-94.68961,29.70957],[-94.69115,29.71586],[-94.69246,29.72391],[-94.6946,29.72856],[-94.69685,29.72928],[-94.6979,29.7342],[-94.69734,29.73803],[-94.69454,29.74542],[-94.69644,29.74775],[-94.6977,29.75352],[-94.69558,29.75695],[-94.69595,29.75915],[-94.70842,29.76625],[-94.713,29.77607],[-94.71864,29.78113],[-94.72057,29.78172],[-94.72278,29.78001],[-94.72565,29.78039],[-94.72515,29.79336],[-94.72625,29.79511],[-94.72824,29.79465],[-94.73122,29.78964],[-94.73851,29.79066],[-94.74602,29.78999],[-94.74744,29.78961],[-94.75074,29.78315],[-94.75481,29.78112],[-94.75651,29.78143],[-94.77076,29.7764],[-94.77858,29.77276],[-94.78073,29.77231],[-94.78214,29.7711],[-94.78724,29.76917],[-94.79249,29.76833],[-94.79449,29.76689],[-94.79778,29.76679],[-94.79983,29.76555],[-94.81522,29.75848],[-94.82395,29.75007],[-94.82428,29.7486],[-94.83221,29.74076],[-94.83259,29.7392],[-94.83581,29.73726],[-94.83638,29.73517],[-94.83835,29.73439],[-94.84449,29.72824],[-94.85111,29.72137],[-94.85451,29.71667],[-94.85506,29.71537],[-94.85381,29.71363],[-94.85653,29.71014],[-94.85804,29.7073],[-94.8614,29.7021],[-94.86501,29.69534],[-94.86486,29.69164],[-94.86595,29.6889],[-94.86744,29.67877],[-94.87255,29.67125],[-94.89178,29.66129],[-94.90104,29.65759],[-94.90824,29.65559],[-94.92045,29.65711],[-94.92182,29.65877],[-94.92129,29.66448],[-94.92741,29.66835],[-94.93366,29.67858],[-94.93658,29.68042],[-94.9362,29.68262],[-94.93609,29.6927],[-94.94268,29.69778],[-94.94666,29.69914],[-94.95082,29.69867],[-94.96596,29.70033],[-94.97209,29.70172],[-94.97399,29.70265],[-94.97625,29.70688],[-94.97839,29.70905],[-94.98326,29.70957],[-94.98816,29.70914],[-94.98985,29.71338],[-94.9927,29.71349],[-94.99498,29.70968],[-94.99763,29.70887],[-95.00348,29.71222],[-95.01349,29.70622],[-95.0165,29.70687],[-95.01968,29.70437],[-95.01898,29.70114],[-95.0136,29.69899],[-95.00073,29.69676],[-94.99395,29.69006],[-94.99015,29.68582],[-94.98932,29.68272],[-94.98766,29.68138],[-94.98433,29.68209],[-94.98278,29.6819],[-94.98215,29.67686],[-94.98384,29.67591],[-95.00105,29.66474],[-95.00228,29.66288],[-95.0054,29.65937],[-95.01168,29.6498],[-95.01564,29.63946],[-95.01519,29.63245],[-95.0135,29.62919],[-95.01057,29.62643],[-95.00856,29.62362],[-95.00188,29.61884],[-94.99903,29.62095],[-94.99817,29.62046],[-94.99905,29.61694],[-94.99709,29.61528],[-94.99233,29.61226],[-94.989,29.60959],[-94.98589,29.60527],[-94.98398,29.6045],[-94.98271,29.60134],[-94.98458,29.59882],[-94.98714,29.59702],[-94.98795,29.59404],[-94.99014,29.59343],[-94.99346,29.59048],[-94.99394,29.58844],[-95.00039,29.58304],[-95.00409,29.57959],[-95.00732,29.57513],[-95.0115,29.56861],[-95.01381,29.56414],[-95.01663,29.55849],[-95.01682,29.55716],[-95.01825,29.55488],[-95.02118,29.55376],[-95.02099,29.55153],[-95.01777,29.55013],[-95.01686,29.54814],[-95.01516,29.53999],[-95.00947,29.53449],[-95.0092,29.53314],[-95.00305,29.52608],[-94.99466,29.51983],[-94.98965,29.51686],[-94.98201,29.51317],[-94.97651,29.51125],[-94.9599,29.50702],[-94.9578,29.50662],[-94.94606,29.50364],[-94.9339,29.50146],[-94.93013,29.49968],[-94.91197,29.49626],[-94.90946,29.49684],[-94.91052,29.49214],[-94.91384,29.4873],[-94.92091,29.47794],[-94.92543,29.47087],[-94.9282,29.47291],[-94.92705,29.47523],[-94.92844,29.47984],[-94.93153,29.48118],[-94.93557,29.48118],[-94.93997,29.48005],[-94.94698,29.47653],[-94.95137,29.47342],[-94.95339,29.4726],[-94.95185,29.46753],[-94.94591,29.46225],[-94.94176,29.45985],[-94.93806,29.45635],[-94.93097,29.45204],[-94.91619,29.44481],[-94.89203,29.43368],[-94.88885,29.42242],[-94.88785,29.41681],[-94.88882,29.41331],[-94.8877,29.40235],[-94.88686,29.387],[-94.8891,29.38099],[-94.88981,29.3782],[-94.88494,29.37664],[-94.88212,29.3783],[-94.86663,29.3742],[-94.86504,29.37282],[-94.86437,29.37051],[-94.86641,29.36735],[-94.8916,29.35593],[-94.9066,29.35598],[-94.9086,29.34656],[-94.90817,29.33992],[-94.89849,29.33096],[-94.8973,29.3291],[-94.89597,29.32839],[-94.8929,29.32527],[-94.89267,29.31345],[-94.89493,29.31148],[-94.89552,29.30827],[-94.89782,29.30591],[-94.90004,29.30236],[-94.90396,29.30008],[-94.90882,29.29751],[-94.90974,29.29546],[-94.91251,29.29324],[-94.91834,29.29322],[-94.92194,29.29475],[-94.92744,29.29681],[-94.92885,29.29836],[-94.92587,29.30069],[-94.9169,29.30129],[-94.91413,29.29977],[-94.91003,29.29947],[-94.905,29.30252],[-94.90728,29.30885],[-94.93659,29.3149],[-94.94198,29.31348],[-94.94406,29.30563],[-94.95257,29.29561],[-94.95389,29.29532],[-94.95427,29.29324],[-94.96202,29.28719],[-94.97091,29.28322],[-94.97241,29.27998],[-94.97526,29.27811],[-94.98881,29.26526],[-95.00294,29.24962],[-95.0103,29.24124],[-95.01478,29.23886],[-95.02218,29.23385],[-95.02738,29.22835],[-95.03451,29.2115],[-95.04216,29.20687],[-95.05509,29.20081],[-95.05973,29.20015],[-95.0806,29.18932],[-95.09305,29.1804],[-95.09726,29.17737],[-95.10376,29.17541],[-95.10943,29.17485],[-95.11229,29.17507],[-95.11271,29.17692],[-95.10868,29.18016],[-95.10801,29.1827],[-95.10872,29.18581],[-95.1105,29.19162],[-95.11193,29.19484],[-95.113,29.19697],[-95.11576,29.19953],[-95.1212,29.19733],[-95.1252,29.19667],[-95.12684,29.19691],[-95.1342,29.19176],[-95.13523,29.19208],[-95.13588,29.19384],[-95.13795,29.19484],[-95.14379,29.19622],[-95.14639,29.19567],[-95.15055,29.1966],[-95.15697,29.19505],[-95.15875,29.19152],[-95.15851,29.18913],[-95.15732,29.18727],[-95.15483,29.18685],[-95.15221,29.18654],[-95.15031,29.18249],[-95.1499,29.17931],[-95.154,29.1718],[-95.15352,29.1634],[-95.15578,29.15728],[-95.15458,29.15412],[-95.15518,29.15147],[-95.16006,29.14638],[-95.15958,29.14212],[-95.16469,29.12821],[-95.16731,29.12116],[-95.16707,29.11306],[-95.16445,29.10984],[-95.1622,29.10735],[-95.16101,29.10454],[-95.16065,29.10226],[-95.15934,29.10101],[-95.15614,29.10174],[-95.15031,29.09769],[-95.14687,29.09354],[-95.14485,29.09084],[-95.14092,29.08793],[-95.13795,29.08159],[-95.13106,29.08087],[-95.12438,29.07648],[-95.12316,29.07238],[-95.12384,29.07064],[-95.14499,29.0552],[-95.19008,29.02486],[-95.23892,28.98864],[-95.25185,28.97899],[-95.27227,28.96155],[-95.28636,28.94793],[-95.29123,28.94223],[-95.29487,28.93718],[-95.29795,28.93473],[-95.30378,28.93235],[-95.30976,28.92834],[-95.32046,28.92244],[-95.327,28.91776],[-95.34055,28.9085],[-95.35345,28.89814],[-95.37739,28.87843],[-95.38071,28.87718],[-95.38368,28.87],[-95.39177,28.86771],[-95.41617,28.85948],[-95.43673,28.85959],[-95.46322,28.84886],[-95.48677,28.83629],[-95.56337,28.79619],[-95.5888,28.78317],[-95.63288,28.76128],[-95.6481,28.75452],[-95.65381,28.75275],[-95.65951,28.75108],[-95.65999,28.74806],[-95.66134,28.74606],[-95.69837,28.72649],[-95.73592,28.70586],[-95.77196,28.68672],[-95.81258,28.66614],[-95.83398,28.65562],[-95.89027,28.63119],[-95.91121,28.62274],[-95.9302,28.61536],[-95.95742,28.60456],[-95.97552,28.59731],[-95.98095,28.5944],[-95.98356,28.59283],[-95.98857,28.59345],[-95.99963,28.58926],[-96.04389,28.57126],[-96.08331,28.55484],[-96.11203,28.54186],[-96.145,28.52671],[-96.18123,28.50965],[-96.20544,28.49787],[-96.22369,28.48805],[-96.24792,28.47461],[-96.27039,28.46193],[-96.2962,28.4448],[-96.30432,28.43876],[-96.31621,28.42884],[-96.32002,28.42399],[-96.32977,28.4252],[-96.34248,28.41872],[-96.35461,28.41014],[-96.36946,28.39837],[-96.37124,28.3959],[-96.38224,28.38795],[-96.39038,28.38181],[-96.38966,28.3793],[-96.38942,28.37507],[-96.39073,28.37272],[-96.40048,28.35714],[-96.4072,28.34873],[-96.41284,28.34281],[-96.4265,28.33078],[-96.44285,28.31767],[-96.45228,28.31251],[-96.46795,28.3057],[-96.49236,28.2961],[-96.51939,28.28402],[-96.54288,28.27272],[-96.56057,28.26403],[-96.58299,28.25183],[-96.60478,28.23895],[-96.63201,28.22282],[-96.65636,28.20743],[-96.67221,28.19701],[-96.69331,28.18298],[-96.7246,28.16112],[-96.75218,28.1411],[-96.78702,28.11449],[-96.81289,28.09438],[-96.85137,28.06237],[-96.88646,28.03073],[-96.89797,28.0198],[-96.92755,27.99162],[-96.94757,27.97094],[-96.96187,27.95588],[-96.97271,27.94393],[-96.99141,27.92258],[-97.00716,27.90372],[-97.01848,27.8891],[-97.02524,27.87977],[-97.03172,27.86933],[-97.03777,27.85899],[-97.04195,27.85084],[-97.04391,27.84584],[-97.04522,27.83977],[-97.04608,27.83954],[-97.05523,27.84731],[-97.05606,27.84973],[-97.05357,27.85215],[-97.05309,27.85404],[-97.04976,27.86045],[-97.04513,27.86885],[-97.04299,27.87526],[-97.04311,27.87957],[-97.04406,27.88356],[-97.04537,27.88703],[-97.04572,27.88997],[-97.04477,27.89123],[-97.04275,27.89238],[-97.03966,27.89428],[-97.03919,27.89774],[-97.038,27.90226],[-97.03586,27.90887],[-97.03301,27.91276],[-97.02621,27.91457],[-97.02314,27.91475],[-97.0216,27.9158],[-97.01955,27.91734],[-97.01756,27.92043],[-97.01217,27.92355],[-97.0091,27.924],[-97.00474,27.92857],[-96.99703,27.94038],[-96.99978,27.9423],[-97.00431,27.9419],[-97.00736,27.94275],[-97.01128,27.94349],[-97.019,27.94242],[-97.02535,27.9385],[-97.02925,27.93646],[-97.03074,27.93955],[-97.03482,27.93905],[-97.03575,27.94043],[-97.02927,27.9437],[-97.0172,27.94573],[-97.00639,27.9472],[-97.00175,27.94846],[-96.99676,27.94888],[-96.99408,27.94821],[-96.98998,27.94913],[-96.98543,27.95504],[-96.98535,27.95822],[-96.98416,27.96315],[-96.98607,27.9705],[-96.9863,27.97543],[-96.9844,27.98436],[-96.98036,27.99233],[-96.97442,28.00587],[-96.96776,28.01751],[-96.96361,28.02307],[-96.95612,28.03042],[-96.956,28.0322],[-96.95457,28.03598],[-96.95172,28.03996],[-96.94792,28.0429],[-96.94618,28.04493],[-96.9459,28.04909],[-96.94709,28.05349],[-96.94352,28.05265],[-96.94067,28.0516],[-96.93877,28.05181],[-96.9371,28.05307],[-96.93366,28.05601],[-96.9333,28.05873],[-96.93271,28.06576],[-96.93188,28.07226],[-96.92997,28.07656],[-96.92831,28.08233],[-96.92546,28.08841],[-96.91987,28.09355],[-96.91167,28.09795],[-96.90573,28.10068],[-96.89266,28.10403],[-96.88826,28.10393],[-96.88054,28.10602],[-96.87947,28.10749],[-96.88018,28.10896],[-96.88446,28.11126],[-96.88814,28.11063],[-96.88957,28.11105],[-96.89242,28.11357],[-96.89401,28.11326],[-96.89694,28.11472],[-96.89278,28.11609],[-96.88731,28.11629],[-96.88268,28.12248],[-96.88256,28.12468],[-96.88006,28.12604],[-96.87923,28.12772],[-96.87994,28.12877],[-96.88006,28.13107],[-96.87826,28.13177],[-96.87673,28.13139],[-96.87531,28.13212],[-96.8751,28.13301],[-96.87388,28.13348],[-96.87146,28.13183],[-96.87079,28.13002],[-96.86319,28.12468],[-96.85544,28.1206],[-96.85493,28.11923],[-96.85698,28.11659],[-96.85654,28.11516],[-96.85158,28.11594],[-96.84845,28.11084],[-96.84411,28.1084],[-96.8392,28.11061],[-96.83383,28.11338],[-96.83218,28.11357],[-96.8315,28.11135],[-96.82938,28.11059],[-96.82559,28.11216],[-96.82311,28.11531],[-96.82089,28.11614],[-96.81094,28.12335],[-96.80937,28.12654],[-96.81075,28.1318],[-96.81046,28.133],[-96.80531,28.13443],[-96.80317,28.13558],[-96.80198,28.14082],[-96.80294,28.14434],[-96.80852,28.1447],[-96.81149,28.14323],[-96.81589,28.14155],[-96.81826,28.14375],[-96.81933,28.14333],[-96.81969,28.1447],[-96.8185,28.14553],[-96.81826,28.14805],[-96.81755,28.15046],[-96.81803,28.15266],[-96.8166,28.15454],[-96.81672,28.15853],[-96.81886,28.1602],[-96.82135,28.16565],[-96.8229,28.16743],[-96.82127,28.16836],[-96.81874,28.16796],[-96.81719,28.17068],[-96.81696,28.17508],[-96.81517,28.1756],[-96.81232,28.17497],[-96.80567,28.17833],[-96.80174,28.1822],[-96.79842,28.18556],[-96.79414,28.18807],[-96.79057,28.18891],[-96.78642,28.18974],[-96.77141,28.18815],[-96.7463,28.18865],[-96.73539,28.19009],[-96.73225,28.18693],[-96.72038,28.186],[-96.71732,28.18859],[-96.71705,28.19103],[-96.71622,28.19317],[-96.70822,28.19661],[-96.70219,28.1975],[-96.69764,28.20221],[-96.69705,28.20378],[-96.69966,28.20535],[-96.70144,28.20985],[-96.70275,28.21457],[-96.70263,28.21551],[-96.6961,28.21698],[-96.68992,28.21802],[-96.68196,28.22085],[-96.67399,28.22462],[-96.66686,28.22598],[-96.6627,28.22598],[-96.65937,28.22745],[-96.65819,28.22933],[-96.66044,28.23101],[-96.6627,28.23237],[-96.65941,28.23783],[-96.65749,28.23815],[-96.65632,28.23693],[-96.65584,28.23506],[-96.65443,28.23497],[-96.65316,28.23576],[-96.65249,28.238],[-96.6535,28.24023],[-96.65312,28.24247],[-96.65032,28.24319],[-96.64944,28.24463],[-96.65025,28.24613],[-96.64954,28.24816],[-96.65,28.25024],[-96.64848,28.25204],[-96.63593,28.25927],[-96.62907,28.26199],[-96.61625,28.26292],[-96.61573,28.26489],[-96.61848,28.267],[-96.62346,28.26639],[-96.62466,28.26663],[-96.62503,28.26801],[-96.62458,28.26902],[-96.61434,28.27134],[-96.61251,28.27309],[-96.60689,28.27522],[-96.60653,28.27723],[-96.60412,28.27761],[-96.60221,28.27653],[-96.59595,28.2773],[-96.59311,28.28063],[-96.59298,28.2829],[-96.59503,28.28371],[-96.60354,28.28214],[-96.60947,28.27974],[-96.61123,28.28013],[-96.61127,28.28142],[-96.60637,28.28422],[-96.60483,28.28701],[-96.60364,28.29255],[-96.60199,28.29322],[-96.599,28.29329],[-96.59116,28.29758],[-96.58213,28.30155],[-96.57559,28.30082],[-96.57143,28.30197],[-96.56799,28.30134],[-96.5586,28.30166],[-96.55384,28.3027],[-96.54969,28.30385],[-96.54743,28.30542],[-96.54517,28.31212],[-96.54149,28.31641],[-96.534,28.3207],[-96.5252,28.323],[-96.48254,28.33011],[-96.46792,28.33294],[-96.45034,28.33775],[-96.44059,28.34298],[-96.44107,28.34936],[-96.44178,28.35229],[-96.4337,28.36369],[-96.43869,28.36881],[-96.44487,28.37028],[-96.46515,28.36674],[-96.47137,28.36515],[-96.47125,28.36756],[-96.46852,28.37174],[-96.46139,28.37519],[-96.45283,28.38021],[-96.45022,28.38847],[-96.44748,28.39234],[-96.42799,28.4008],[-96.42063,28.40436],[-96.41979,28.40645],[-96.41635,28.41387],[-96.42003,28.4169],[-96.42942,28.41732],[-96.4419,28.41816],[-96.45295,28.41868],[-96.46091,28.41429],[-96.46602,28.4099],[-96.47921,28.40279],[-96.51154,28.38335],[-96.52342,28.37812],[-96.53471,28.37414],[-96.55004,28.36933],[-96.55777,28.3662],[-96.5731,28.35877],[-96.58142,28.35334],[-96.5851,28.35082],[-96.60162,28.33702],[-96.62063,28.31913],[-96.62515,28.3162],[-96.6236,28.31358],[-96.62135,28.31066],[-96.61861,28.30982],[-96.61695,28.30783],[-96.61683,28.30605],[-96.6189,28.30473],[-96.6204,28.30396],[-96.62467,28.30354],[-96.62681,28.30511],[-96.62551,28.30982],[-96.62646,28.31285],[-96.6324,28.31871],[-96.65177,28.31767],[-96.65676,28.31777],[-96.66448,28.31557],[-96.66392,28.31038],[-96.6652,28.30961],[-96.68435,28.31446],[-96.6854,28.31578],[-96.68504,28.31788],[-96.6879,28.32813],[-96.6999,28.34214],[-96.70525,28.34881],[-96.70691,28.35469],[-96.70691,28.35679],[-96.70441,28.35626],[-96.70279,28.35763],[-96.70073,28.36055],[-96.70061,28.36306],[-96.6993,28.37017],[-96.69942,28.38084],[-96.70168,28.3845],[-96.70584,28.38795],[-96.70961,28.38877],[-96.7099,28.38993],[-96.7063,28.39281],[-96.70547,28.39576],[-96.70525,28.40056],[-96.70619,28.40301],[-96.70617,28.4046],[-96.70846,28.40666],[-96.71239,28.40809],[-96.72703,28.40937],[-96.72956,28.40824],[-96.73472,28.40916],[-96.74039,28.41039],[-96.74259,28.41204],[-96.74464,28.41192],[-96.74561,28.41089],[-96.74625,28.40944],[-96.74791,28.40948],[-96.7485,28.41272],[-96.75255,28.42119],[-96.75278,28.43342],[-96.75397,28.43676],[-96.75884,28.44125],[-96.7762,28.45076],[-96.78368,28.45546],[-96.79295,28.46581],[-96.79354,28.46831],[-96.79319,28.47615],[-96.79307,28.48043],[-96.7958,28.48022],[-96.79996,28.48189],[-96.80519,28.4798],[-96.81506,28.47521],[-96.82314,28.4703],[-96.82742,28.46612],[-96.8267,28.46173],[-96.82872,28.45996],[-96.82682,28.4586],[-96.82575,28.45703],[-96.82302,28.45703],[-96.82005,28.45902],[-96.81835,28.45926],[-96.81553,28.45682],[-96.81256,28.45724],[-96.81066,28.45567],[-96.8084,28.45557],[-96.80769,28.45682],[-96.8059,28.45734],[-96.80472,28.4586],[-96.80163,28.45922],[-96.80032,28.46184],[-96.79652,28.46027],[-96.79354,28.45839],[-96.79236,28.45682],[-96.79057,28.45254],[-96.78511,28.44825],[-96.78154,28.44261],[-96.77928,28.43854],[-96.77417,28.43321],[-96.77073,28.42861],[-96.76633,28.42746],[-96.76464,28.4255],[-96.76705,28.4203],[-96.76586,28.41719],[-96.76479,28.41283],[-96.76835,28.41039],[-96.77287,28.40833],[-96.77599,28.40581],[-96.77869,28.40446],[-96.78095,28.40112],[-96.78344,28.40133],[-96.78677,28.40216],[-96.8027,28.41335],[-96.80685,28.41816],[-96.81248,28.42033],[-96.81874,28.42652],[-96.8248,28.42923],[-96.82694,28.42934],[-96.82932,28.4284],[-96.83811,28.43279],[-96.8475,28.42934],[-96.85118,28.42589],[-96.85035,28.42432],[-96.85106,28.42359],[-96.85392,28.42317],[-96.85712,28.41941],[-96.85914,28.41586],[-96.85962,28.41335],[-96.85796,28.41241],[-96.85772,28.41115],[-96.85784,28.40864],[-96.8557,28.40697],[-96.85106,28.40415],[-96.84631,28.40007],[-96.84013,28.39234],[-96.83755,28.39159],[-96.83787,28.38962],[-96.82884,28.38115],[-96.82599,28.37885],[-96.82409,28.37906],[-96.82147,28.37592],[-96.81577,28.37247],[-96.81197,28.37132],[-96.80626,28.36756],[-96.79913,28.36484],[-96.7945,28.36463],[-96.79437,28.3621],[-96.79188,28.36034],[-96.79152,28.35752],[-96.79383,28.35183],[-96.79497,28.34811],[-96.79331,28.34696],[-96.79271,28.3458],[-96.79426,28.34518],[-96.79473,28.34298],[-96.79305,28.34035],[-96.7901,28.32269],[-96.79057,28.31892],[-96.7913,28.31746],[-96.79176,28.31217],[-96.79261,28.31056],[-96.79586,28.30778],[-96.80601,28.2969],[-96.80781,28.29611],[-96.80923,28.29339],[-96.80957,28.29029],[-96.80601,28.28214],[-96.80032,28.2778],[-96.79842,28.2756],[-96.79759,28.26901],[-96.79473,28.2643],[-96.78926,28.2586],[-96.78808,28.2555],[-96.78718,28.25153],[-96.7863,28.2486],[-96.78582,28.24556],[-96.78428,28.24367],[-96.78,28.24451],[-96.77679,28.24483],[-96.78071,28.24053],[-96.78444,28.2377],[-96.78333,28.23268],[-96.78523,28.22954],[-96.78927,28.22734],[-96.7958,28.2241],[-96.80091,28.22221],[-96.80448,28.22315],[-96.81006,28.22022],[-96.81268,28.21771],[-96.81171,28.21351],[-96.81672,28.20881],[-96.81803,28.20881],[-96.82052,28.20996],[-96.82397,28.20724],[-96.82551,28.2042],[-96.82397,28.20148],[-96.82482,28.19888],[-96.83599,28.18966],[-96.84015,28.18474],[-96.84217,28.18222],[-96.8455,28.17982],[-96.84384,28.17688],[-96.84467,28.17521],[-96.85608,28.17248],[-96.8581,28.1729],[-96.86285,28.17248],[-96.86951,28.16881],[-96.87034,28.16662],[-96.87288,28.16401],[-96.8783,28.16075],[-96.88698,28.15488],[-96.88817,28.15226],[-96.88686,28.14996],[-96.88436,28.14943],[-96.88187,28.14996],[-96.88365,28.14776],[-96.88888,28.14796],[-96.89292,28.14723],[-96.89732,28.14566],[-96.89993,28.14356],[-96.90207,28.13885],[-96.90564,28.13392],[-96.90504,28.13141],[-96.90504,28.13004],[-96.90849,28.12879],[-96.90968,28.1269],[-96.91182,28.12606],[-96.91229,28.12449],[-96.91305,28.12045],[-96.92382,28.11474],[-96.92607,28.11432],[-96.92619,28.11537],[-96.92132,28.12177],[-96.91609,28.12732],[-96.91431,28.13036],[-96.91051,28.13466],[-96.91205,28.1356],[-96.91693,28.13266],[-96.91918,28.1334],[-96.91883,28.13497],[-96.91431,28.13759],[-96.90789,28.14419],[-96.90718,28.14692],[-96.91034,28.14728],[-96.92846,28.12892],[-96.93155,28.12389],[-96.95045,28.12243],[-96.96071,28.12313],[-96.9631,28.12406],[-96.96637,28.12331],[-96.96738,28.12325],[-96.96762,28.12534],[-96.96521,28.12612],[-96.95903,28.12618],[-96.95928,28.12691],[-96.9591,28.12796],[-96.95833,28.12871],[-96.95818,28.13023],[-96.95853,28.13123],[-96.95967,28.1316],[-96.96043,28.13092],[-96.96233,28.13059],[-96.96475,28.13067],[-96.96464,28.13183],[-96.96349,28.1334],[-96.96168,28.13343],[-96.9608,28.13472],[-96.95699,28.13479],[-96.95366,28.13626],[-96.95164,28.14014],[-96.9495,28.14496],[-96.94486,28.14904],[-96.94629,28.15166],[-96.947,28.15674],[-96.94296,28.16371],[-96.94213,28.16916],[-96.94142,28.17105],[-96.93643,28.17283],[-96.93464,28.17398],[-96.93381,28.17629],[-96.93167,28.18184],[-96.92668,28.18959],[-96.92537,28.19315],[-96.92514,28.19661],[-96.92359,28.19933],[-96.92891,28.20153],[-96.92882,28.20697],[-96.93096,28.21054],[-96.93643,28.21315],[-96.94035,28.21451],[-96.94249,28.21766],[-96.94035,28.22341],[-96.93678,28.22645],[-96.93464,28.22949],[-96.93417,28.2343],[-96.93191,28.23504],[-96.92823,28.23483],[-96.92716,28.23629],[-96.92656,28.24268],[-96.91991,28.25001],[-96.91979,28.25294],[-96.92122,28.25336],[-96.92157,28.25514],[-96.91682,28.25692],[-96.91242,28.26393],[-96.9123,28.26613],[-96.9142,28.26958],[-96.91801,28.26937],[-96.91979,28.26686],[-96.92276,28.2654],[-96.92858,28.26163],[-96.93013,28.25346],[-96.93524,28.25137],[-96.93928,28.25095],[-96.94379,28.25064],[-96.94558,28.24865],[-96.95069,28.24477],[-96.95152,28.23902],[-96.95069,28.23525],[-96.95259,28.23221],[-96.95603,28.23012],[-96.96126,28.22561],[-96.96851,28.21996],[-96.96614,28.21692],[-96.96257,28.21305],[-96.9615,28.21074],[-96.9558,28.20656],[-96.94914,28.19996],[-96.94593,28.1965],[-96.94879,28.18959],[-96.94973,28.18602],[-96.95211,28.18404],[-96.95709,28.18138],[-96.96043,28.17901],[-96.96659,28.17244],[-96.96851,28.1718],[-96.97093,28.1733],[-96.9724,28.17306],[-96.97283,28.17204],[-96.96626,28.16487],[-96.96637,28.16162],[-96.96994,28.15921],[-96.97291,28.1547],[-96.9735,28.15177],[-96.97258,28.14863],[-96.97302,28.14674],[-96.97766,28.1393],[-96.97755,28.13584],[-96.976,28.13416],[-96.97553,28.13259],[-96.97987,28.12984],[-96.9842,28.12966],[-96.98539,28.12808],[-96.98099,28.12704],[-96.97968,28.12536],[-96.98337,28.12494],[-96.98955,28.12756],[-96.99181,28.13133],[-96.99485,28.13551],[-97.00041,28.13761],[-97.00714,28.1349],[-97.00963,28.13469],[-97.0107,28.13563],[-97.00916,28.13909],[-97.01118,28.14098],[-97.01688,28.14412],[-97.01896,28.145],[-97.02538,28.14963],[-97.02576,28.15102],[-97.02325,28.15178],[-97.02215,28.15155],[-97.02138,28.15028],[-97.02006,28.14995],[-97.01711,28.15058],[-97.01024,28.15594],[-97.00883,28.15826],[-97.00906,28.15948],[-97.01166,28.1609],[-97.01548,28.16216],[-97.01849,28.16224],[-97.0192,28.16318],[-97.01736,28.17168],[-97.01748,28.17356],[-97.0189,28.17649],[-97.01771,28.17859],[-97.01712,28.18089],[-97.01831,28.18351],[-97.01094,28.18508],[-97.00892,28.1877],[-97.00726,28.19053],[-97.00726,28.19399],[-97.00928,28.19734],[-97.00844,28.20048],[-97.0088,28.20268],[-97.01122,28.20337],[-97.01673,28.20333],[-97.01946,28.20176],[-97.02603,28.19357],[-97.03194,28.18871],[-97.04647,28.18498],[-97.07535,28.17461],[-97.08593,28.16969],[-97.09508,28.1657],[-97.11326,28.15648],[-97.128,28.14601],[-97.13845,28.14339],[-97.14594,28.14108],[-97.1539,28.13668],[-97.16412,28.12725],[-97.16803,28.13039],[-97.16918,28.13051],[-97.17566,28.12287],[-97.17594,28.11978],[-97.18575,28.11404],[-97.19847,28.10429],[-97.20691,28.09758],[-97.21225,28.09224],[-97.21772,28.08595],[-97.22081,28.07903],[-97.22283,28.07735],[-97.21998,28.07274],[-97.21523,28.07315],[-97.19991,28.0683],[-97.17898,28.05847],[-97.18017,28.0504],[-97.17803,28.04431],[-97.17197,28.04285],[-97.17066,28.04547],[-97.16757,28.04694],[-97.16389,28.04704],[-97.16187,28.0484],[-97.15878,28.04725],[-97.16068,28.04368],[-97.16068,28.04022],[-97.15735,28.03666],[-97.15414,28.03309],[-97.13893,28.0269],[-97.13132,28.02921],[-97.12895,28.02921],[-97.12479,28.02281],[-97.12193,28.02092],[-97.11992,28.02155],[-97.12265,28.02879],[-97.11124,28.0332],[-97.10851,28.03309],[-97.10791,28.03561],[-97.10589,28.03802],[-97.10874,28.03938],[-97.11088,28.0375],[-97.11124,28.03938],[-97.11243,28.04201],[-97.11766,28.04243],[-97.12324,28.04106],[-97.1261,28.03938],[-97.12871,28.0398],[-97.1274,28.04169],[-97.12907,28.04295],[-97.13525,28.04788],[-97.13263,28.04998],[-97.12871,28.05092],[-97.12645,28.05019],[-97.12514,28.0504],[-97.12372,28.05187],[-97.12205,28.05166],[-97.1198,28.05585],[-97.11742,28.05889],[-97.11516,28.05942],[-97.11183,28.05942],[-97.11231,28.06183],[-97.11279,28.06382],[-97.11207,28.06539],[-97.11207,28.06875],[-97.10756,28.07085],[-97.10304,28.0763],[-97.09959,28.07808],[-97.09544,28.07872],[-97.08616,28.07903],[-97.07915,28.08154],[-97.07701,28.08353],[-97.07416,28.08491],[-97.06858,28.08532],[-97.06228,28.08825],[-97.05824,28.09024],[-97.0542,28.09276],[-97.05099,28.0979],[-97.04695,28.10199],[-97.04707,28.10838],[-97.0473,28.11289],[-97.04707,28.11467],[-97.04873,28.11656],[-97.05289,28.11698],[-97.05336,28.11834],[-97.04089,28.11834],[-97.03815,28.11771],[-97.0296,28.11278],[-97.02781,28.11236],[-97.02496,28.11331],[-97.02281,28.10759],[-97.02057,28.10482],[-97.02507,28.10251],[-97.02912,28.09926],[-97.03245,28.09454],[-97.03463,28.08701],[-97.03411,28.08479],[-97.03598,28.08167],[-97.03685,28.07588],[-97.03601,28.07284],[-97.03542,28.06728],[-97.03352,28.06592],[-97.03292,28.06466],[-97.03292,28.06078],[-97.03377,28.05911],[-97.03316,28.05396],[-97.03114,28.05092],[-97.02586,28.04194],[-97.0252,28.03215],[-97.03292,28.0312],[-97.04062,28.02871],[-97.04374,28.02806],[-97.04588,28.02585],[-97.04876,28.02209],[-97.06199,27.99614],[-97.06443,27.99283],[-97.06433,27.99032],[-97.06804,27.97697],[-97.06842,27.96521],[-97.07089,27.9532],[-97.07213,27.94732],[-97.07508,27.9396],[-97.07593,27.93305],[-97.0786,27.93069],[-97.07726,27.92859],[-97.07555,27.9228],[-97.07508,27.91935],[-97.07679,27.91793],[-97.07869,27.9186],[-97.07755,27.92196],[-97.07954,27.92801],[-97.08059,27.93195],[-97.07888,27.9359],[-97.07917,27.94279],[-97.07679,27.94371],[-97.07745,27.94758],[-97.07584,27.95035],[-97.07384,27.96076],[-97.07489,27.96378],[-97.07736,27.96429],[-97.08202,27.96311],[-97.07897,27.96748],[-97.07973,27.96916],[-97.07489,27.97336],[-97.07489,27.97487],[-97.07726,27.97562],[-97.07964,27.97554],[-97.08718,27.97079],[-97.1209,27.92311],[-97.12928,27.91873],[-97.13136,27.9166],[-97.13124,27.91492],[-97.12993,27.91219],[-97.13136,27.90705],[-97.13234,27.90558],[-97.13302,27.90253],[-97.13481,27.89948],[-97.13564,27.89696],[-97.13813,27.89266],[-97.14134,27.88667],[-97.14443,27.8831],[-97.14764,27.88646],[-97.1514,27.88239],[-97.15465,27.8768],[-97.15839,27.87201],[-97.16231,27.86863],[-97.184,27.83247],[-97.18567,27.83066],[-97.18674,27.82846],[-97.18864,27.82562],[-97.1903,27.82521],[-97.1906,27.82327],[-97.19388,27.82259],[-97.20104,27.82128],[-97.20958,27.82209],[-97.21106,27.82208],[-97.21591,27.82265],[-97.22166,27.82445],[-97.22489,27.82668],[-97.22738,27.83056],[-97.22453,27.83151],[-97.22298,27.83246],[-97.22263,27.83477],[-97.22042,27.83732],[-97.22048,27.83843],[-97.22473,27.84271],[-97.22507,27.84448],[-97.22089,27.84908],[-97.22085,27.85026],[-97.22184,27.85065],[-97.22619,27.84829],[-97.22951,27.84779],[-97.23465,27.85039],[-97.23855,27.85763],[-97.24105,27.85932],[-97.24592,27.87249],[-97.24944,27.87619],[-97.25339,27.87749],[-97.25844,27.87872],[-97.26357,27.88081],[-97.2737,27.88163],[-97.28877,27.87962],[-97.30875,27.87427],[-97.3251,27.86789],[-97.35004,27.85576],[-97.35419,27.85127],[-97.35495,27.85108],[-97.35677,27.85222],[-97.35883,27.85189],[-97.35913,27.85249],[-97.35508,27.85651],[-97.34741,27.86135],[-97.34325,27.86461],[-97.33873,27.8686],[-97.33599,27.87033],[-97.33482,27.87034],[-97.33071,27.87382],[-97.33097,27.87558],[-97.33408,27.87748],[-97.33588,27.88173],[-97.33778,27.88362],[-97.34101,27.88379],[-97.34373,27.88288],[-97.345,27.88376],[-97.34796,27.88341],[-97.35322,27.8825],[-97.35773,27.88131],[-97.36657,27.87889],[-97.36897,27.87731],[-97.3723,27.87644],[-97.37458,27.87538],[-97.37795,27.8749],[-97.38199,27.87575],[-97.38722,27.87543],[-97.39138,27.87596],[-97.39756,27.87627],[-97.4022,27.87642],[-97.40939,27.87413],[-97.41598,27.8707],[-97.41836,27.87039],[-97.42406,27.87018],[-97.42727,27.8713],[-97.43275,27.87171],[-97.43761,27.87091],[-97.44236,27.87144],[-97.44823,27.86938],[-97.45212,27.8709],[-97.45379,27.87264],[-97.45484,27.8749],[-97.45674,27.87785],[-97.45866,27.87888],[-97.46099,27.87794],[-97.46161,27.87554],[-97.45883,27.87189],[-97.45817,27.87028],[-97.45686,27.86755],[-97.46043,27.86451],[-97.46292,27.86303],[-97.46684,27.86755],[-97.46825,27.87027],[-97.46954,27.86986],[-97.47038,27.86917],[-97.46989,27.86835],[-97.47063,27.86744],[-97.46981,27.86576],[-97.47088,27.86282],[-97.4735,27.86188],[-97.47742,27.86072],[-97.48122,27.86009],[-97.48313,27.86072],[-97.4855,27.86135],[-97.48194,27.86913],[-97.48096,27.86983],[-97.48309,27.87276],[-97.48574,27.87354],[-97.48788,27.87659],[-97.49097,27.87984],[-97.49168,27.88142],[-97.49324,27.88408],[-97.49655,27.88152],[-97.50512,27.87787],[-97.50681,27.87839],[-97.50765,27.87768],[-97.50724,27.87658],[-97.50873,27.8742],[-97.51297,27.87145],[-97.51662,27.87142],[-97.51691,27.87082],[-97.51854,27.86545],[-97.52074,27.86075],[-97.5151,27.85117],[-97.50797,27.85191],[-97.49741,27.84945],[-97.49026,27.84538],[-97.48788,27.84286],[-97.48895,27.84034],[-97.49049,27.84097],[-97.49097,27.83918],[-97.48859,27.83361],[-97.48515,27.83077],[-97.48087,27.82731],[-97.47207,27.82415],[-97.46292,27.82342],[-97.4615,27.82394],[-97.45686,27.8251],[-97.45258,27.82562],[-97.44938,27.82815],[-97.44795,27.83036],[-97.44462,27.83214],[-97.43559,27.83235],[-97.43024,27.82993],[-97.42917,27.82836],[-97.42371,27.82647],[-97.42087,27.82572],[-97.41919,27.823],[-97.41669,27.82216],[-97.4136,27.82762],[-97.4123,27.82836],[-97.4098,27.8334],[-97.39542,27.83719],[-97.39209,27.83666],[-97.38782,27.84013],[-97.38568,27.84002],[-97.37886,27.83592],[-97.37855,27.83246],[-97.39228,27.81352],[-97.39452,27.81301],[-97.39491,27.81201],[-97.39269,27.8107],[-97.39222,27.8046],[-97.39114,27.8005],[-97.39091,27.79556],[-97.39198,27.79199],[-97.39308,27.78715],[-97.39329,27.7829],[-97.39174,27.77748],[-97.38984,27.77443],[-97.38881,27.77395],[-97.38816,27.77265],[-97.38865,27.77149],[-97.38615,27.76865],[-97.37985,27.7637],[-97.3776,27.76076],[-97.37617,27.75708],[-97.37522,27.7494],[-97.36835,27.74168],[-97.36559,27.73878],[-97.36108,27.73489],[-97.35182,27.72909],[-97.34884,27.72837],[-97.34765,27.72679],[-97.34368,27.72402],[-97.31645,27.71268],[-97.29144,27.70564],[-97.28833,27.70549],[-97.28157,27.70438],[-97.28038,27.70459],[-97.25396,27.6967],[-97.25305,27.69754],[-97.24675,27.69449],[-97.24485,27.69291],[-97.24354,27.68923],[-97.24438,27.68891],[-97.24611,27.68963],[-97.24723,27.69102],[-97.25377,27.6928],[-97.25597,27.69174],[-97.26066,27.68018],[-97.26606,27.67858],[-97.26921,27.67744],[-97.26762,27.67527],[-97.2966,27.61395],[-97.29655,27.60985],[-97.29789,27.60815],[-97.29928,27.60596],[-97.29928,27.60143],[-97.29821,27.59743],[-97.29525,27.59563],[-97.29405,27.5941],[-97.29465,27.59269],[-97.3022,27.58596],[-97.31853,27.57236],[-97.32219,27.56906],[-97.32709,27.55308],[-97.32888,27.55013],[-97.33498,27.53266],[-97.33695,27.52905],[-97.33882,27.52448],[-97.34099,27.51946],[-97.34254,27.5163],[-97.34473,27.51302],[-97.34492,27.50861],[-97.34749,27.50301],[-97.34991,27.49122],[-97.35026,27.48647],[-97.34907,27.48383],[-97.35109,27.48183],[-97.35054,27.47858],[-97.35692,27.47192],[-97.35858,27.4677],[-97.35823,27.46486],[-97.36143,27.45821],[-97.36429,27.45083],[-97.36755,27.44333],[-97.36726,27.44092],[-97.36737,27.43575],[-97.36928,27.42984],[-97.36963,27.42446],[-97.36833,27.41782],[-97.3694,27.41043],[-97.37474,27.39957],[-97.37634,27.39547],[-97.38342,27.38353],[-97.38332,27.38142],[-97.38411,27.37963],[-97.38865,27.37118],[-97.38881,27.3689],[-97.39695,27.35033],[-97.40065,27.343],[-97.40194,27.33557],[-97.405,27.32998],[-97.41444,27.32157],[-97.42097,27.3184],[-97.42739,27.31608],[-97.43476,27.31369],[-97.4508,27.31369],[-97.48286,27.29791],[-97.49049,27.2919],[-97.49515,27.28685],[-97.5083,27.27501],[-97.5107,27.27711],[-97.51332,27.27823],[-97.51474,27.27848],[-97.51735,27.27869],[-97.52151,27.27986],[-97.52745,27.27901],[-97.53222,27.27858],[-97.54076,27.28176],[-97.54444,27.28418],[-97.54718,27.28947],[-97.54698,27.29079],[-97.54516,27.29158],[-97.54373,27.29105],[-97.54115,27.28737],[-97.54041,27.28693],[-97.53399,27.28704],[-97.53149,27.28883],[-97.52922,27.29021],[-97.52591,27.29063],[-97.52583,27.29418],[-97.52459,27.29791],[-97.52269,27.29982],[-97.52044,27.30034],[-97.51806,27.30214],[-97.51828,27.30422],[-97.51747,27.30504],[-97.50474,27.30504],[-97.5006,27.30657],[-97.49824,27.30881],[-97.49727,27.3109],[-97.49779,27.31428],[-97.49667,27.3166],[-97.49881,27.31819],[-97.5006,27.32072],[-97.50271,27.32234],[-97.50321,27.32452],[-97.50119,27.32822],[-97.49914,27.32794],[-97.48388,27.33863],[-97.48146,27.34046],[-97.48253,27.34311],[-97.48277,27.34469],[-97.48158,27.3469],[-97.48289,27.34912],[-97.48491,27.34965],[-97.4861,27.35028],[-97.48776,27.35229],[-97.48443,27.35767],[-97.48229,27.36084],[-97.48503,27.36548],[-97.48348,27.36643],[-97.48265,27.36875],[-97.47885,27.37213],[-97.47956,27.37403],[-97.48503,27.37646],[-97.48669,27.38163],[-97.4861,27.38532],[-97.48693,27.38712],[-97.49358,27.3906],[-97.49667,27.38722],[-97.49869,27.38237],[-97.49774,27.37688],[-97.49739,27.37413],[-97.49786,27.37224],[-97.50357,27.36991],[-97.50963,27.36812],[-97.51126,27.36279],[-97.51441,27.36153],[-97.5145,27.3602],[-97.52056,27.35472],[-97.52401,27.35271],[-97.52769,27.34954],[-97.52864,27.34701],[-97.53114,27.34342],[-97.53373,27.34004],[-97.53672,27.3393],[-97.53898,27.33709],[-97.54956,27.3297],[-97.56683,27.31821],[-97.57701,27.31386],[-97.58378,27.30911],[-97.60725,27.28698],[-97.61062,27.28544],[-97.61302,27.28524],[-97.61848,27.28735],[-97.62145,27.28862],[-97.62417,27.29064],[-97.62585,27.29306],[-97.62633,27.2957],[-97.63061,27.29739],[-97.635,27.29865],[-97.6369,27.30098],[-97.63203,27.30436],[-97.63037,27.30668],[-97.62965,27.309],[-97.63144,27.31059],[-97.63346,27.31154],[-97.63477,27.3127],[-97.63263,27.31386],[-97.63215,27.31513],[-97.63263,27.31671],[-97.63239,27.32326],[-97.63322,27.32463],[-97.63631,27.32452],[-97.64166,27.32495],[-97.64606,27.3241],[-97.6514,27.32463],[-97.65485,27.32621],[-97.65842,27.3297],[-97.65972,27.33339],[-97.65936,27.3355],[-97.66234,27.33941],[-97.66685,27.34395],[-97.66816,27.34574],[-97.66495,27.34975],[-97.66436,27.35229],[-97.66222,27.35503],[-97.66032,27.35545],[-97.66008,27.35767],[-97.66127,27.3601],[-97.66352,27.36179],[-97.6684,27.364],[-97.67256,27.36517],[-97.67588,27.36548],[-97.67802,27.36833],[-97.67683,27.37034],[-97.67767,27.37319],[-97.67981,27.37625],[-97.68385,27.37899],[-97.68908,27.38078],[-97.69312,27.38099],[-97.69656,27.38163],[-97.70286,27.38522],[-97.7088,27.38564],[-97.71284,27.38184],[-97.71154,27.37825],[-97.71165,27.37677],[-97.70536,27.37108],[-97.70488,27.36791],[-97.70369,27.36337],[-97.70179,27.3621],[-97.69775,27.35862],[-97.69668,27.35672],[-97.69656,27.35545],[-97.69716,27.35366],[-97.69632,27.35113],[-97.69466,27.34891],[-97.69347,27.34701],[-97.69123,27.34265],[-97.69062,27.34068],[-97.69169,27.33835],[-97.69264,27.3355],[-97.69205,27.33371],[-97.68955,27.33181],[-97.68812,27.33033],[-97.68599,27.32854],[-97.68373,27.32579],[-97.68634,27.32273],[-97.68444,27.31988],[-97.68183,27.31946],[-97.67612,27.31682],[-97.67576,27.31217],[-97.67505,27.3109],[-97.6722,27.30974],[-97.66994,27.30985],[-97.66745,27.30911],[-97.66032,27.30752],[-97.65488,27.3051],[-97.65889,27.29865],[-97.65773,27.29606],[-97.66135,27.28891],[-97.66368,27.28642],[-97.66846,27.28445],[-97.67593,27.283],[-97.68118,27.28352],[-97.68713,27.28248],[-97.69285,27.28009],[-97.69542,27.27729],[-97.70044,27.27522],[-97.70487,27.27553],[-97.70756,27.27729],[-97.71152,27.2776],[-97.71537,27.27574],[-97.71876,27.27242],[-97.72529,27.26931],[-97.72669,27.27138],[-97.72938,27.27252],[-97.73335,27.27242],[-97.7351,27.27356],[-97.74011,27.27325],[-97.74,27.27117],[-97.74011,27.26754],[-97.73615,27.26443],[-97.7337,27.26412],[-97.72774,27.26163],[-97.72366,27.26288],[-97.72144,27.2635],[-97.71467,27.26339],[-97.70977,27.26277],[-97.70534,27.26391],[-97.70184,27.26474],[-97.69985,27.26837],[-97.69717,27.26806],[-97.69449,27.26702],[-97.69157,27.26733],[-97.68842,27.26827],[-97.68293,27.26837],[-97.67757,27.27013],[-97.66788,27.27283],[-97.65808,27.27345],[-97.65481,27.27522],[-97.6504,27.27614],[-97.64734,27.27636],[-97.64011,27.27094],[-97.64081,27.2607],[-97.63988,27.25406],[-97.63521,27.24534],[-97.63112,27.24223],[-97.62599,27.24171],[-97.61712,27.24171],[-97.60965,27.24264],[-97.59693,27.24306],[-97.58261,27.24041],[-97.57395,27.23888],[-97.56566,27.23611],[-97.55663,27.23188],[-97.54291,27.22921],[-97.5296,27.22916],[-97.52001,27.23125],[-97.50983,27.23532],[-97.50321,27.2399],[-97.50016,27.24448],[-97.48872,27.24933],[-97.48537,27.25001],[-97.47919,27.25063],[-97.47464,27.25157],[-97.46708,27.25364],[-97.46542,27.25592],[-97.45843,27.25949],[-97.4527,27.26236],[-97.44788,27.26269],[-97.43823,27.26381],[-97.42539,27.26209],[-97.42259,27.26205],[-97.4223,27.25771],[-97.43477,27.20224],[-97.44156,27.16383],[-97.43286,27.16252],[-97.43099,27.16086],[-97.43438,27.14508],[-97.4366,27.1213],[-97.4366,27.1132],[-97.4394,27.07652],[-97.43205,27.07476],[-97.41816,27.07226],[-97.41792,27.07091],[-97.43916,27.07071],[-97.44068,27.03038],[-97.44406,26.98723],[-97.4415,26.98484],[-97.44196,26.98058],[-97.445,26.97975],[-97.44791,26.95271],[-97.44943,26.94199],[-97.45328,26.91734],[-97.45142,26.91411],[-97.43893,26.91411],[-97.4373,26.91307],[-97.43846,26.91099],[-97.45165,26.91151],[-97.45317,26.91047],[-97.45515,26.89226],[-97.4569,26.88258],[-97.44951,26.88197],[-97.42761,26.87956],[-97.41769,26.87904],[-97.41244,26.8781],[-97.41022,26.87435],[-97.41209,26.87113],[-97.45422,26.87435],[-97.4576,26.8729],[-97.45865,26.86467],[-97.46028,26.84729],[-97.45317,26.83979],[-97.44675,26.83375],[-97.43286,26.82948],[-97.42248,26.82469],[-97.41396,26.81969],[-97.41267,26.8174],[-97.41384,26.81511],[-97.41781,26.8149],[-97.4338,26.82146],[-97.43625,26.8223],[-97.44068,26.82448],[-97.4471,26.8223],[-97.45562,26.82292],[-97.46005,26.82438],[-97.46481,26.82396],[-97.46483,26.82136],[-97.46647,26.8097],[-97.47861,26.80667],[-97.47697,26.79355],[-97.4737,26.76834],[-97.47166,26.75873],[-97.46861,26.74092],[-97.46803,26.72686],[-97.46695,26.72219],[-97.46873,26.71975],[-97.46761,26.71669],[-97.4654,26.7136],[-97.46825,26.7119],[-97.46814,26.7102],[-97.46698,26.70889],[-97.46505,26.70595],[-97.46576,26.70171],[-97.46457,26.6981],[-97.46469,26.69417],[-97.46314,26.69215],[-97.46231,26.68907],[-97.46072,26.68781],[-97.46033,26.68617],[-97.46005,26.68238],[-97.45785,26.6777],[-97.45637,26.67264],[-97.45661,26.6672],[-97.45287,26.65731],[-97.45185,26.6536],[-97.4483,26.64502],[-97.44495,26.63353],[-97.44551,26.62959],[-97.44698,26.62492],[-97.44662,26.62173],[-97.44556,26.61409],[-97.44571,26.60936],[-97.44223,26.60431],[-97.44196,26.60148],[-97.43949,26.59857],[-97.43355,26.58965],[-97.43236,26.58391],[-97.43276,26.58215],[-97.43022,26.57849],[-97.42815,26.57247],[-97.42892,26.56956],[-97.42523,26.55818],[-97.42393,26.55553],[-97.42084,26.55436],[-97.41882,26.55521],[-97.41696,26.55364],[-97.41537,26.55276],[-97.41585,26.55159],[-97.41771,26.54895],[-97.4184,26.54462],[-97.4196,26.54166],[-97.42096,26.53554],[-97.41917,26.52725],[-97.41715,26.51906],[-97.41454,26.51534],[-97.41383,26.51257],[-97.40919,26.50545],[-97.40681,26.49949],[-97.40765,26.49151],[-97.41109,26.48598],[-97.41311,26.4812],[-97.40574,26.47875],[-97.38055,26.48056],[-97.35488,26.42279],[-97.34704,26.40778],[-97.33503,26.37999],[-97.33491,26.37606],[-97.3298,26.36807],[-97.33028,26.36594],[-97.32909,26.35912],[-97.32339,26.35242],[-97.30116,26.30395],[-97.297,26.29607],[-97.29023,26.29341],[-97.28619,26.28435],[-97.2812,26.28051],[-97.27989,26.27092],[-97.28619,26.26751],[-97.29653,26.277],[-97.30378,26.28083],[-97.30651,26.2836],[-97.30687,26.28563],[-97.3077,26.28755],[-97.30984,26.28829],[-97.31329,26.28414],[-97.31911,26.27934],[-97.32434,26.27732],[-97.32281,26.27196],[-97.31935,26.27028],[-97.31602,26.27092],[-97.31389,26.27341],[-97.31187,26.27374],[-97.30616,26.27401],[-97.30223,26.27199],[-97.29986,26.26741],[-97.29879,26.26069],[-97.30033,26.25313],[-97.30568,26.24268],[-97.30723,26.2397],[-97.30675,26.23532],[-97.30889,26.22903],[-97.31067,26.22765],[-97.3121,26.22562],[-97.31554,26.22541],[-97.31673,26.22403],[-97.31293,26.21837],[-97.31133,26.21318],[-97.30449,26.20249],[-97.30164,26.20099],[-97.29882,26.20121],[-97.29882,26.20315],[-97.29724,26.20334],[-97.29482,26.19231],[-97.29609,26.18239],[-97.29909,26.17596],[-97.30307,26.17082],[-97.30363,26.16622],[-97.30152,26.16569],[-97.29998,26.16324],[-97.29926,26.15972],[-97.297,26.15834],[-97.29498,26.15535],[-97.29594,26.15151],[-97.29831,26.14906],[-97.29891,26.14756],[-97.2966,26.14244],[-97.29361,26.13758],[-97.28534,26.12744],[-97.28275,26.11909],[-97.28522,26.11694],[-97.2887,26.11797],[-97.2898,26.12663],[-97.29301,26.13019],[-97.29499,26.13004],[-97.29514,26.1275],[-97.29767,26.12513],[-97.30244,26.12438],[-97.30562,26.12614],[-97.30597,26.12843],[-97.30697,26.12877],[-97.30792,26.12834],[-97.30856,26.12694],[-97.3113,26.12367],[-97.31254,26.12034],[-97.31023,26.11756],[-97.30379,26.11817],[-97.29539,26.11241],[-97.29643,26.108],[-97.29427,26.10584],[-97.29059,26.10478],[-97.2798,26.09206],[-97.26942,26.08608],[-97.24698,26.08035],[-97.22594,26.07905],[-97.21501,26.07916],[-97.20805,26.07959],[-97.20467,26.07777],[-97.19965,26.07704],[-97.19861,26.07489],[-97.19587,26.07308],[-97.19397,26.07147],[-97.18969,26.07158],[-97.19005,26.06987],[-97.1983,26.06668],[-97.19567,26.04656],[-97.18273,26.05313],[-97.16498,26.06388],[-97.16267,26.06356],[-97.15856,26.06091],[-97.15713,26.06133],[-97.15261,26.06409],[-97.14966,26.06414],[-97.15142,26.06009],[-97.1525,26.05269],[-97.15321,26.03891],[-97.15192,26.01765],[-97.14724,25.9564],[-97.14937,25.95336],[-97.15661,25.94902],[-97.15895,25.94912],[-97.16029,25.95024],[-97.15858,25.95757],[-97.15819,25.96036],[-97.15851,25.96188],[-97.16,25.96237],[-97.16323,25.96103],[-97.16589,25.96028],[-97.17024,25.96125],[-97.17188,25.96228],[-97.17348,25.96457],[-97.17526,25.9655],[-97.17735,25.96496],[-97.1786,25.96146],[-97.18312,25.95978],[-97.18658,25.95877],[-97.18751,25.95758],[-97.18708,25.95558],[-97.18789,25.95451],[-97.19032,25.95386],[-97.19446,25.95525],[-97.1959,25.95688],[-97.19789,25.95793],[-97.20061,25.95835],[-97.20488,25.95811],[-97.20606,25.95865],[-97.20658,25.96188],[-97.20716,25.96365],[-97.20957,25.96357],[-97.21101,25.96267],[-97.21409,25.96031],[-97.21842,25.95831],[-97.22092,25.95727],[-97.22256,25.95733],[-97.22422,25.95863],[-97.22535,25.95909],[-97.22923,25.95875],[-97.2326,25.95664],[-97.237,25.95599],[-97.23987,25.95497],[-97.2433,25.95332],[-97.24466,25.95143],[-97.24524,25.94922],[-97.24701,25.94823],[-97.25293,25.94836],[-97.25501,25.94878],[-97.25727,25.95009],[-97.26086,25.95093],[-97.2673,25.95161],[-97.27671,25.95215],[-97.28002,25.95429],[-97.28171,25.95808],[-97.28285,25.95923],[-97.28445,25.95916],[-97.28924,25.95544],[-97.28944,25.95377],[-97.28821,25.95224],[-97.28474,25.94949],[-97.28182,25.94822],[-97.27861,25.94753],[-97.27828,25.94658],[-97.28039,25.94545],[-97.28104,25.94346],[-97.27894,25.94172],[-97.27687,25.93821],[-97.27652,25.93673],[-97.27716,25.93544],[-97.28005,25.93507],[-97.28407,25.93585],[-97.29179,25.9363],[-97.29367,25.93535],[-97.29479,25.93391],[-97.29581,25.93344],[-97.29782,25.93384],[-97.29889,25.93625],[-97.30072,25.93722],[-97.30303,25.937],[-97.30437,25.93572],[-97.30423,25.93004],[-97.30481,25.92842],[-97.3074,25.92681],[-97.30974,25.9264],[-97.31149,25.92754],[-97.31238,25.92967],[-97.31518,25.93147],[-97.31836,25.93112],[-97.32056,25.9298],[-97.32491,25.92404],[-97.32465,25.91859],[-97.326,25.91769],[-97.32792,25.91765],[-97.32959,25.91775],[-97.33124,25.91856],[-97.33194,25.92174],[-97.33507,25.91983],[-97.33734,25.92015],[-97.33835,25.92148],[-97.33653,25.92915],[-97.33779,25.92972],[-97.33967,25.92906],[-97.34251,25.92899],[-97.34607,25.93042],[-97.34827,25.93114],[-97.34925,25.92966],[-97.35161,25.9234],[-97.35544,25.91943],[-97.36036,25.91663],[-97.3632,25.91564],[-97.36764,25.91568],[-97.36911,25.91462],[-97.36939,25.91313],[-97.36837,25.9099],[-97.37058,25.90865],[-97.37257,25.90948],[-97.37485,25.90854],[-97.37512,25.9072],[-97.3745,25.90566],[-97.37237,25.90502],[-97.36598,25.90245],[-97.36675,25.89673],[-97.36725,25.89428],[-97.36696,25.89175],[-97.36552,25.89048],[-97.36343,25.88969],[-97.35883,25.88972],[-97.35711,25.88882],[-97.35663,25.88768],[-97.3574,25.88683],[-97.36091,25.88595],[-97.36688,25.885],[-97.37283,25.88153],[-97.37404,25.87976],[-97.37334,25.87848],[-97.3625,25.87775],[-97.36113,25.87956],[-97.35993,25.87987],[-97.35857,25.87813],[-97.35918,25.87439],[-97.35909,25.87204],[-97.35766,25.86918],[-97.35893,25.86898],[-97.36007,25.86958],[-97.36236,25.86846],[-97.36733,25.86154],[-97.36974,25.85804],[-97.37478,25.85677],[-97.37618,25.85573],[-97.3761,25.85421],[-97.37464,25.85399],[-97.37059,25.85436],[-97.36658,25.85356],[-97.36459,25.85213],[-97.3641,25.85003],[-97.36542,25.84983],[-97.3682,25.85071],[-97.37062,25.84982],[-97.37204,25.84742],[-97.37177,25.84154],[-97.37286,25.84012],[-97.37655,25.84041],[-97.38104,25.83961],[-97.38258,25.83979],[-97.38533,25.84277],[-97.38714,25.84385],[-97.38839,25.8421],[-97.38952,25.83935],[-97.39451,25.83738],[-97.3964,25.83773],[-97.39901,25.83911],[-97.40182,25.83889],[-97.40362,25.83768],[-97.40525,25.83773],[-97.40699,25.83885],[-97.40654,25.84027],[-97.40424,25.84044],[-97.40213,25.84038],[-97.40041,25.84197],[-97.40033,25.84414],[-97.40062,25.84667],[-97.39905,25.84959],[-97.39964,25.85155],[-97.40085,25.85232],[-97.40225,25.85193],[-97.40431,25.85003],[-97.40525,25.84756],[-97.4055,25.84576],[-97.4064,25.84481],[-97.40825,25.84563],[-97.41019,25.84869],[-97.4104,25.85058],[-97.40853,25.85434],[-97.40824,25.85584],[-97.40926,25.85759],[-97.40864,25.85947],[-97.40787,25.86115],[-97.40842,25.86196],[-97.41002,25.86208],[-97.41151,25.86113],[-97.41296,25.85901],[-97.41379,25.85705],[-97.41389,25.85524],[-97.41336,25.85241],[-97.41431,25.84929],[-97.41467,25.84674],[-97.41362,25.84403],[-97.41226,25.8427],[-97.41266,25.84117],[-97.41672,25.84135],[-97.42217,25.84032],[-97.42489,25.84063],[-97.42782,25.84225],[-97.43163,25.84582],[-97.43535,25.84938],[-97.43725,25.84969],[-97.43877,25.8488],[-97.44297,25.84809],[-97.44512,25.85002],[-97.44585,25.85137],[-97.44527,25.85276],[-97.44434,25.854],[-97.44445,25.85575],[-97.44635,25.85643],[-97.44818,25.85599],[-97.45266,25.85373],[-97.45406,25.85481],[-97.45366,25.85649],[-97.45226,25.85831],[-97.45073,25.85928],[-97.44841,25.85927],[-97.44764,25.86329],[-97.44625,25.86432],[-97.44474,25.86706],[-97.44548,25.8692],[-97.44696,25.87116],[-97.44864,25.87213],[-97.44996,25.87195],[-97.4521,25.86873],[-97.45426,25.86716],[-97.45621,25.86778],[-97.45702,25.86894],[-97.45673,25.87104],[-97.45473,25.87934],[-97.45572,25.884],[-97.45816,25.88427],[-97.46491,25.88125],[-97.46743,25.87798],[-97.46951,25.87554],[-97.47232,25.8756],[-97.4741,25.87653],[-97.47474,25.87804],[-97.47422,25.88012],[-97.47209,25.88129],[-97.46846,25.88371],[-97.46776,25.88636],[-97.46874,25.88863],[-97.47039,25.88859],[-97.47775,25.88266],[-97.48177,25.87995],[-97.48486,25.8787],[-97.48607,25.87848],[-97.48764,25.87902],[-97.48647,25.88399],[-97.48716,25.88516],[-97.48847,25.88538],[-97.49107,25.88259],[-97.49281,25.88081],[-97.49509,25.87966],[-97.49669,25.87968],[-97.49746,25.88056],[-97.49758,25.88443],[-97.49748,25.88823],[-97.49643,25.8958],[-97.49739,25.89864],[-97.49889,25.89872],[-97.50043,25.89703],[-97.50385,25.89302],[-97.50605,25.89069],[-97.5087,25.88892],[-97.51116,25.88743],[-97.51265,25.88739],[-97.51714,25.88672],[-97.51984,25.88599],[-97.52176,25.88646],[-97.52339,25.88985],[-97.52305,25.89352],[-97.52328,25.89721],[-97.52487,25.90005],[-97.52734,25.90261],[-97.52839,25.90631],[-97.52967,25.90731],[-97.5313,25.90733],[-97.53286,25.90763],[-97.53342,25.90908],[-97.5334,25.91275],[-97.53041,25.91632],[-97.53018,25.91985],[-97.53237,25.92055],[-97.54038,25.91913],[-97.54296,25.92003],[-97.54253,25.92237],[-97.54332,25.92328],[-97.54548,25.92517],[-97.54576,25.93288],[-97.54763,25.93515],[-97.55248,25.93704],[-97.55538,25.93714],[-97.55759,25.93527],[-97.55936,25.93226],[-97.55921,25.92721],[-97.56013,25.92594],[-97.56383,25.92572],[-97.56816,25.92793],[-97.56585,25.93168],[-97.56657,25.93351],[-97.57457,25.93513],[-97.58003,25.93277],[-97.58234,25.93268],[-97.58411,25.93468],[-97.58319,25.93741],[-97.58066,25.93887],[-97.57082,25.94296],[-97.56748,25.94427],[-97.56632,25.94507],[-97.56597,25.94693],[-97.56765,25.95183],[-97.56876,25.95288],[-97.57373,25.95391],[-97.57467,25.95278],[-97.573,25.94865],[-97.57305,25.9464],[-97.57525,25.94391],[-97.57794,25.94287],[-97.57972,25.9438],[-97.58055,25.94656],[-97.58094,25.94976],[-97.58304,25.95544],[-97.58224,25.95898],[-97.58172,25.96085],[-97.58237,25.96247],[-97.58382,25.96231],[-97.58686,25.96141],[-97.59116,25.96176],[-97.5947,25.96117],[-97.59804,25.95756],[-97.59963,25.95673],[-97.60215,25.95738],[-97.60448,25.96105],[-97.61037,25.96584],[-97.60808,25.97128],[-97.60828,25.97659],[-97.61039,25.97762],[-97.61478,25.97809],[-97.61767,25.97996],[-97.61885,25.98192],[-97.62023,25.98535],[-97.61989,25.98695],[-97.62172,25.98912],[-97.62426,25.98941],[-97.62797,25.98837],[-97.63157,25.98818],[-97.63345,25.98893],[-97.63444,25.99027],[-97.63382,25.99326],[-97.63286,25.99552],[-97.63041,25.99641],[-97.62683,25.99484],[-97.6242,25.99342],[-97.62364,25.99196],[-97.62186,25.99173],[-97.62077,25.99206],[-97.61962,25.99319],[-97.61839,25.99613],[-97.6178,25.99892],[-97.61767,26.00108],[-97.6193,26.00292],[-97.62014,26.00212],[-97.62128,25.99981],[-97.62235,25.99826],[-97.62382,25.9967],[-97.62703,25.99691],[-97.62831,25.99762],[-97.62778,25.99984],[-97.6264,26.00284],[-97.62649,26.00557],[-97.62781,26.00619],[-97.62965,26.00568],[-97.63151,26.00386],[-97.63222,26.00134],[-97.6348,25.99951],[-97.63963,26.00416],[-97.64258,26.00586],[-97.64561,26.00684],[-97.64772,26.00849],[-97.64956,26.01132],[-97.64818,26.01267],[-97.64601,26.01255],[-97.64343,26.01199],[-97.64122,26.01183],[-97.63845,26.01313],[-97.63712,26.01499],[-97.6368,26.01758],[-97.63749,26.02057],[-97.63904,26.02297],[-97.6419,26.02548],[-97.64522,26.02776],[-97.64814,26.02588],[-97.65024,26.0238],[-97.65092,26.02177],[-97.65077,26.01967],[-97.65018,26.01797],[-97.65094,26.01639],[-97.65277,26.0163],[-97.65406,26.01779],[-97.65747,26.01979],[-97.66047,26.02007],[-97.6638,26.01935],[-97.667,26.01888],[-97.66827,26.01976],[-97.6677,26.02373],[-97.66583,26.02611],[-97.66327,26.02779],[-97.66092,26.03074],[-97.66052,26.03371],[-97.66273,26.03808],[-97.66409,26.03694],[-97.66418,26.03394],[-97.66472,26.03137],[-97.66617,26.02986],[-97.66798,26.02887],[-97.66967,26.03061],[-97.67015,26.0325],[-97.67123,26.03401],[-97.67342,26.03369],[-97.67455,26.03303],[-97.67604,26.03097],[-97.67563,26.02923],[-97.67449,26.02878],[-97.67342,26.0279],[-97.67494,26.02616],[-97.67817,26.02594],[-97.68241,26.02609],[-97.68605,26.02699],[-97.68871,26.02823],[-97.69077,26.03049],[-97.69226,26.03234],[-97.69389,26.0313],[-97.69412,26.02966],[-97.69355,26.02679],[-97.69246,26.02456],[-97.69024,26.02255],[-97.69045,26.02063],[-97.69137,26.01899],[-97.69344,26.01961],[-97.69489,26.0218],[-97.69707,26.02345],[-97.69774,26.02512],[-97.69713,26.03039],[-97.69941,26.03116],[-97.70252,26.03121],[-97.70379,26.03379],[-97.70471,26.0361],[-97.70655,26.0375],[-97.70884,26.03603],[-97.70945,26.03306],[-97.70924,26.02906],[-97.70966,26.02619],[-97.71476,26.02535],[-97.71862,26.02372],[-97.72134,26.02346],[-97.72061,26.02573],[-97.71889,26.02742],[-97.71839,26.0296],[-97.71992,26.03084],[-97.72502,26.03086],[-97.72913,26.03108],[-97.73287,26.03162],[-97.7349,26.03202],[-97.73533,26.03079],[-97.73313,26.0274],[-97.73014,26.02818],[-97.72627,26.02731],[-97.72538,26.02443],[-97.72647,26.02266],[-97.72898,26.02305],[-97.7317,26.02331],[-97.73574,26.02161],[-97.73822,26.02198],[-97.73796,26.02392],[-97.73614,26.02712],[-97.73744,26.02853],[-97.7424,26.02981],[-97.74468,26.02902],[-97.74624,26.02691],[-97.74798,26.02625],[-97.74938,26.02732],[-97.74851,26.0292],[-97.74972,26.03112],[-97.75164,26.03148],[-97.75405,26.03083],[-97.75563,26.02936],[-97.75852,26.02656],[-97.76104,26.0257],[-97.76381,26.02733],[-97.76404,26.02949],[-97.76308,26.03541],[-97.76312,26.04245],[-97.76575,26.04556],[-97.76897,26.0475],[-97.77166,26.04629],[-97.77399,26.04558],[-97.77683,26.04397],[-97.77646,26.04074],[-97.77337,26.0384],[-97.77056,26.03729],[-97.76941,26.03562],[-97.77297,26.03426],[-97.77572,26.03217],[-97.77619,26.03006],[-97.77775,26.02939],[-97.78307,26.03404],[-97.78785,26.03342],[-97.79233,26.03417],[-97.79764,26.04021],[-97.79722,26.0437],[-97.79441,26.04745],[-97.78976,26.04743],[-97.78903,26.04974],[-97.79037,26.05156],[-97.79215,26.05289],[-97.7967,26.05238],[-97.79915,26.05332],[-97.80012,26.05786],[-97.80033,26.05937],[-97.80132,26.06016],[-97.80426,26.05965],[-97.80819,26.0579],[-97.81097,26.05551],[-97.81205,26.05319],[-97.81238,26.04841],[-97.81122,26.04678],[-97.81126,26.0454],[-97.81288,26.04432],[-97.81479,26.04431],[-97.81611,26.04517],[-97.81645,26.04706],[-97.81536,26.04942],[-97.81483,26.05245],[-97.81559,26.05472],[-97.81722,26.05611],[-97.81967,26.05653],[-97.8242,26.05612],[-97.82594,26.05588],[-97.82772,26.05245],[-97.83034,26.04896],[-97.83278,26.04616],[-97.83467,26.04601],[-97.83584,26.04735],[-97.83612,26.05019],[-97.8374,26.05241],[-97.84232,26.05358],[-97.84731,26.05255],[-97.84959,26.05211],[-97.85277,26.05235],[-97.85777,26.05337],[-97.8605,26.05292],[-97.86139,26.05418],[-97.86217,26.06111],[-97.85991,26.06457],[-97.85901,26.06654],[-97.85985,26.06831],[-97.86127,26.06993],[-97.86333,26.06918],[-97.8657,26.06395],[-97.86861,26.05716],[-97.87074,26.0576],[-97.87224,26.05972],[-97.87381,26.06214],[-97.87694,26.06458],[-97.88128,26.06563],[-97.88539,26.06619],[-97.88741,26.06675],[-97.88844,26.06487],[-97.88839,26.06243],[-97.89132,26.0605],[-97.89365,26.06017],[-97.8999,26.06122],[-97.9054,26.0595],[-97.90986,26.05686],[-97.91388,26.05654],[-97.91799,26.0579],[-97.92139,26.05777],[-97.92523,26.05569],[-97.92798,26.05591],[-97.93014,26.06111],[-97.9314,26.06342],[-97.93215,26.06448],[-97.93392,26.06483],[-97.93624,26.06376],[-97.93697,26.06193],[-97.9355,26.0593],[-97.93287,26.05731],[-97.9318,26.05594],[-97.93238,26.05432],[-97.93542,26.05269],[-97.93878,26.05432],[-97.94434,26.05962],[-97.9501,26.06183],[-97.95455,26.06118],[-97.957,26.05996],[-97.95899,26.05727],[-97.96434,26.05312],[-97.96736,26.05172],[-97.97182,26.05483],[-97.97504,26.05816],[-97.97877,26.05971],[-97.97997,26.06389],[-97.97987,26.066],[-97.98134,26.06718],[-97.98425,26.06652],[-97.98689,26.06583],[-97.98812,26.06464],[-97.98946,26.06039],[-97.99149,26.05859],[-97.99355,26.0592],[-97.99469,26.06072],[-97.99649,26.0633],[-97.99869,26.06472],[-98.00126,26.06499],[-98.00352,26.06445],[-98.00592,26.06329],[-98.00995,26.0581],[-98.01183,26.05602],[-98.01303,26.05639],[-98.01243,26.05832],[-98.01101,26.06092],[-98.01092,26.06297],[-98.01193,26.06586],[-98.01423,26.06602],[-98.01547,26.06237],[-98.01668,26.06066],[-98.02038,26.05876],[-98.02227,26.05979],[-98.02353,26.06242],[-98.02487,26.06494],[-98.02635,26.06654],[-98.02876,26.06647],[-98.03013,26.06567],[-98.0321,26.06324],[-98.0331,26.06104],[-98.03411,26.05756],[-98.03437,26.05429],[-98.0344,26.05138],[-98.03518,26.04922],[-98.0376,26.04526],[-98.03824,26.04265],[-98.03924,26.04127],[-98.04412,26.04355],[-98.04703,26.04438],[-98.05355,26.04456],[-98.06187,26.04646],[-98.06489,26.04479],[-98.07014,26.03797],[-98.07324,26.03648],[-98.07662,26.03642],[-98.07875,26.03916],[-98.08,26.04196],[-98.07366,26.04314],[-98.07086,26.04595],[-98.07002,26.04799],[-98.07003,26.05147],[-98.07126,26.05543],[-98.07507,26.05987],[-98.07654,26.06804],[-98.08049,26.07093],[-98.08476,26.07081],[-98.08585,26.06921],[-98.08157,26.06611],[-98.08188,26.06372],[-98.09104,26.05917],[-98.09443,26.05862],[-98.09764,26.06027],[-98.1022,26.06543],[-98.1055,26.06754],[-98.11976,26.06445],[-98.124,26.06237],[-98.12833,26.06193],[-98.13078,26.06369],[-98.13101,26.06684],[-98.12896,26.07024],[-98.12837,26.0724],[-98.12933,26.07396],[-98.13149,26.0742],[-98.13348,26.0735],[-98.13522,26.07215],[-98.1368,26.06786],[-98.13698,26.0617],[-98.14112,26.05439],[-98.14479,26.04961],[-98.1474,26.04948],[-98.14946,26.05158],[-98.14946,26.05581],[-98.15173,26.05819],[-98.15353,26.05811],[-98.15561,26.05665],[-98.15668,26.05498],[-98.15926,26.05374],[-98.16188,26.05454],[-98.16249,26.0561],[-98.15833,26.06058],[-98.15842,26.0627],[-98.16073,26.06423],[-98.16655,26.06236],[-98.16883,26.06299],[-98.1716,26.07018],[-98.17398,26.07306],[-98.1763,26.07507],[-98.17753,26.07502],[-98.17938,26.07378],[-98.1802,26.07169],[-98.18006,26.06818],[-98.17983,26.06496],[-98.17779,26.06373],[-98.17654,26.06162],[-98.17788,26.06002],[-98.17941,26.06001],[-98.18103,26.06148],[-98.18432,26.06392],[-98.18649,26.06429],[-98.18906,26.06326],[-98.19001,26.05809],[-98.19231,26.05345],[-98.19398,26.05332],[-98.19657,26.05414],[-98.19945,26.05686],[-98.20496,26.06642],[-98.20737,26.06788],[-98.21139,26.06851],[-98.21358,26.06975],[-98.21521,26.07242],[-98.21683,26.07444],[-98.22067,26.07647],[-98.2301,26.07716],[-98.24368,26.07374],[-98.24631,26.07229],[-98.24874,26.07204],[-98.25096,26.07409],[-98.25193,26.07922],[-98.25641,26.08129],[-98.26317,26.08449],[-98.26539,26.08701],[-98.26608,26.08991],[-98.26842,26.09317],[-98.27722,26.0988],[-98.28429,26.10109],[-98.28648,26.10229],[-98.28853,26.10531],[-98.28692,26.10673],[-98.28477,26.10725],[-98.28119,26.10773],[-98.27581,26.10669],[-98.2726,26.10624],[-98.27003,26.10709],[-98.2718,26.11137],[-98.27119,26.11421],[-98.26914,26.11596],[-98.26639,26.1167],[-98.26537,26.11869],[-98.26626,26.12072],[-98.26854,26.12061],[-98.27023,26.11935],[-98.27232,26.11674],[-98.27465,26.11594],[-98.27914,26.11703],[-98.28778,26.11968],[-98.2921,26.12065],[-98.29619,26.12032],[-98.299,26.11841],[-98.29994,26.11669],[-98.30213,26.11171],[-98.3028,26.10994],[-98.30234,26.10768],[-98.30036,26.1056],[-98.29818,26.10501],[-98.29786,26.10378],[-98.29882,26.10259],[-98.3028,26.10235],[-98.30652,26.10429],[-98.30964,26.11337],[-98.3106,26.11499],[-98.31317,26.116],[-98.31628,26.1162],[-98.32027,26.11786],[-98.32383,26.12125],[-98.3352,26.13762],[-98.3354,26.13982],[-98.3342,26.14131],[-98.32741,26.14213],[-98.32706,26.14381],[-98.32808,26.14466],[-98.33207,26.14538],[-98.33476,26.14596],[-98.3369,26.1475],[-98.33842,26.15134],[-98.33765,26.15383],[-98.33517,26.15609],[-98.33332,26.1588],[-98.33316,26.16234],[-98.33473,26.16556],[-98.33684,26.16643],[-98.34257,26.16716],[-98.34578,26.16602],[-98.34726,26.16446],[-98.34852,26.16085],[-98.34874,26.15489],[-98.34925,26.15259],[-98.35044,26.15157],[-98.35234,26.15112],[-98.35391,26.1521],[-98.3567,26.1563],[-98.35845,26.16102],[-98.35748,26.16765],[-98.35807,26.17011],[-98.35984,26.17228],[-98.36216,26.17224],[-98.3649,26.16989],[-98.3666,26.16878],[-98.36709,26.16685],[-98.36608,26.165],[-98.36503,26.16332],[-98.3647,26.16089],[-98.36503,26.15916],[-98.36724,26.15768],[-98.36907,26.15709],[-98.37288,26.15744],[-98.37906,26.15706],[-98.38392,26.1566],[-98.38721,26.15832],[-98.39204,26.16658],[-98.39428,26.16859],[-98.39865,26.1709],[-98.40154,26.17165],[-98.40274,26.17326],[-98.40225,26.17952],[-98.40443,26.18256],[-98.40747,26.1834],[-98.411,26.18356],[-98.41812,26.18465],[-98.42428,26.19088],[-98.4295,26.1941],[-98.43406,26.1959],[-98.44254,26.19915],[-98.44438,26.20141],[-98.4445,26.20374],[-98.44356,26.20573],[-98.4392,26.21092],[-98.43882,26.21422],[-98.44025,26.21944],[-98.44341,26.22365],[-98.44666,26.22439],[-98.4493,26.22331],[-98.45296,26.21998],[-98.45434,26.21709],[-98.45637,26.21842],[-98.45672,26.22288],[-98.4584,26.22532],[-98.46069,26.22606],[-98.46271,26.2258],[-98.46617,26.22324],[-98.47037,26.2207],[-98.47779,26.22019],[-98.48158,26.21938],[-98.48327,26.21644],[-98.48292,26.21387],[-98.48124,26.21217],[-98.47905,26.20937],[-98.47816,26.20651],[-98.47796,26.20365],[-98.47843,26.20226],[-98.48036,26.20131],[-98.48274,26.20164],[-98.48282,26.20404],[-98.48175,26.20597],[-98.48202,26.20859],[-98.48375,26.21163],[-98.48699,26.21292],[-98.49014,26.21318],[-98.49513,26.21213],[-98.50033,26.20975],[-98.50407,26.2088],[-98.50608,26.20902],[-98.50733,26.21017],[-98.5071,26.21167],[-98.50386,26.21745],[-98.50092,26.22221],[-98.50155,26.22308],[-98.50291,26.22349],[-98.50634,26.22414],[-98.50828,26.22528],[-98.51162,26.22699],[-98.51485,26.22722],[-98.51906,26.22494],[-98.52192,26.22157],[-98.52341,26.22089],[-98.52479,26.22188],[-98.52637,26.22468],[-98.52662,26.22622],[-98.52596,26.22866],[-98.52179,26.23253],[-98.52181,26.23564],[-98.52446,26.23557],[-98.5269,26.23284],[-98.5295,26.22773],[-98.53159,26.22654],[-98.53408,26.2256],[-98.53558,26.226],[-98.53711,26.22772],[-98.53802,26.23133],[-98.54355,26.24244],[-98.54533,26.24454],[-98.55172,26.2463],[-98.55541,26.24749],[-98.55735,26.24748],[-98.55882,26.24593],[-98.5582,26.24398],[-98.55233,26.24119],[-98.54982,26.24116],[-98.54757,26.24137],[-98.54602,26.2392],[-98.546,26.23689],[-98.54734,26.23465],[-98.55015,26.2335],[-98.55408,26.23285],[-98.55759,26.23104],[-98.55918,26.22627],[-98.5617,26.22481],[-98.56341,26.22534],[-98.56495,26.22691],[-98.56426,26.23285],[-98.56498,26.23862],[-98.56596,26.24048],[-98.56764,26.24157],[-98.57101,26.24047],[-98.57411,26.23859],[-98.57664,26.23383],[-98.57839,26.23384],[-98.57997,26.235],[-98.5811,26.23788],[-98.58392,26.24202],[-98.58512,26.24372],[-98.58467,26.24545],[-98.57996,26.24943],[-98.57955,26.25172],[-98.58011,26.25365],[-98.58292,26.25647],[-98.58755,26.25782],[-98.59138,26.25756],[-98.59633,26.25797],[-98.60005,26.25727],[-98.60298,26.25606],[-98.60755,26.25378],[-98.60962,26.25327],[-98.61291,26.25273],[-98.6148,26.24773],[-98.61613,26.24679],[-98.61727,26.24681],[-98.61827,26.24777],[-98.61882,26.25035],[-98.61952,26.25466],[-98.62165,26.25877],[-98.62295,26.25965],[-98.62476,26.25922],[-98.62771,26.25576],[-98.63062,26.2536],[-98.63244,26.25168],[-98.63306,26.24867],[-98.6334,26.24436],[-98.63418,26.24261],[-98.63625,26.24187],[-98.64034,26.24195],[-98.6444,26.24123],[-98.64853,26.23948],[-98.65157,26.23724],[-98.65422,26.23596],[-98.66198,26.23525],[-98.6694,26.23632],[-98.67521,26.23999],[-98.67904,26.24555],[-98.67952,26.25068],[-98.67777,26.25557],[-98.67896,26.26006],[-98.68117,26.26271],[-98.68376,26.26439],[-98.68716,26.26512],[-98.69361,26.26489],[-98.69886,26.26562],[-98.71094,26.26869],[-98.71841,26.27142],[-98.71989,26.2727],[-98.72018,26.27451],[-98.71951,26.27624],[-98.71779,26.27762],[-98.71216,26.27898],[-98.70323,26.27717],[-98.70116,26.27802],[-98.69994,26.28],[-98.70045,26.283],[-98.7018,26.28616],[-98.70505,26.28821],[-98.70935,26.28919],[-98.7148,26.28608],[-98.71822,26.28725],[-98.71991,26.29105],[-98.72185,26.29479],[-98.72414,26.29705],[-98.72777,26.29877],[-98.73106,26.2991],[-98.73367,26.29869],[-98.73608,26.29787],[-98.73915,26.29556],[-98.74151,26.29412],[-98.74401,26.29425],[-98.7502,26.29569],[-98.75308,26.29985],[-98.75481,26.30172],[-98.75612,26.30425],[-98.75557,26.30634],[-98.75422,26.30793],[-98.75035,26.30766],[-98.74432,26.30342],[-98.74042,26.30278],[-98.73769,26.30442],[-98.73622,26.30765],[-98.73631,26.31024],[-98.73746,26.31245],[-98.7383,26.31383],[-98.74056,26.31479],[-98.74348,26.3149],[-98.74617,26.31738],[-98.74822,26.32058],[-98.74918,26.32427],[-98.74947,26.32999],[-98.75102,26.33183],[-98.75378,26.33167],[-98.75661,26.33098],[-98.75986,26.32865],[-98.76401,26.32647],[-98.76824,26.32531],[-98.77194,26.32511],[-98.77491,26.32534],[-98.77991,26.32654],[-98.78817,26.33009],[-98.78982,26.33158],[-98.78813,26.33565],[-98.78809,26.33733],[-98.79006,26.34052],[-98.79307,26.34352],[-98.79625,26.3491],[-98.79763,26.35421],[-98.79821,26.36017],[-98.80224,26.36546],[-98.80501,26.36801],[-98.80735,26.36942],[-98.81293,26.36631],[-98.81507,26.36648],[-98.81662,26.36773],[-98.81944,26.37046],[-98.82045,26.371],[-98.82457,26.37072],[-98.82738,26.36908],[-98.83291,26.36334],[-98.84156,26.35894],[-98.8457,26.35893],[-98.84682,26.3595],[-98.84897,26.3608],[-98.85061,26.36367],[-98.85341,26.36502],[-98.85728,26.3659],[-98.86135,26.36599],[-98.86471,26.36526],[-98.86731,26.36378],[-98.87286,26.36172],[-98.87849,26.36069],[-98.8871,26.35769],[-98.89673,26.35333],[-98.89836,26.35475],[-98.90049,26.35853],[-98.90099,26.36138],[-98.8997,26.36582],[-98.90013,26.36812],[-98.90112,26.37092],[-98.90318,26.37196],[-98.91106,26.37177],[-98.91569,26.37343],[-98.91934,26.3767],[-98.9223,26.37951],[-98.92386,26.38294],[-98.92369,26.38628],[-98.92396,26.3888],[-98.9238,26.39209],[-98.92467,26.39333],[-98.92686,26.39447],[-98.9287,26.39369],[-98.93174,26.39052],[-98.93451,26.38774],[-98.93584,26.3843],[-98.93581,26.38274],[-98.93431,26.37746],[-98.9347,26.37409],[-98.93616,26.37153],[-98.93867,26.36974],[-98.94215,26.36969],[-98.94669,26.37],[-98.95029,26.37237],[-98.95613,26.37756],[-98.95598,26.37947],[-98.95465,26.38133],[-98.95332,26.38475],[-98.95304,26.39172],[-98.95409,26.3939],[-98.95639,26.39571],[-98.96138,26.39805],[-98.96477,26.39885],[-98.96862,26.39898],[-98.97319,26.40084],[-98.97523,26.40114],[-98.97915,26.39992],[-98.98202,26.39683],[-98.9863,26.39278],[-98.98859,26.39181],[-98.99118,26.39162],[-98.99821,26.39244],[-99.00085,26.39242],[-99.00367,26.3937],[-99.00575,26.3932],[-99.00951,26.39215],[-99.01165,26.3925],[-99.01317,26.39412],[-99.01456,26.39637],[-99.01533,26.39859],[-99.01675,26.40136],[-99.02193,26.4079],[-99.02416,26.40937],[-99.02628,26.41015],[-99.03172,26.41296],[-99.03719,26.41382],[-99.04124,26.41227],[-99.04547,26.40982],[-99.04757,26.40692],[-99.04997,26.40526],[-99.05318,26.40201],[-99.06209,26.39737],[-99.06417,26.39717],[-99.06904,26.39764],[-99.07284,26.39691],[-99.07617,26.39676],[-99.07974,26.39716],[-99.082,26.39651],[-99.08513,26.39878],[-99.08941,26.4081],[-99.09103,26.40933],[-99.09478,26.41095],[-99.09635,26.41234],[-99.09902,26.41662],[-99.10127,26.41883],[-99.10452,26.42152],[-99.10606,26.42345],[-99.10841,26.42508],[-99.11086,26.42628],[-99.11355,26.43253],[-99.11381,26.434],[-99.11316,26.43518],[-99.1089,26.43695],[-99.1067,26.43797],[-99.10452,26.43973],[-99.10254,26.44244],[-99.10245,26.44383],[-99.10236,26.44798],[-99.10082,26.45021],[-99.10065,26.45192],[-99.09997,26.45437],[-99.10036,26.45875],[-99.09909,26.46186],[-99.09691,26.46459],[-99.09362,26.4683],[-99.09198,26.47238],[-99.09163,26.47698],[-99.09548,26.48168],[-99.09664,26.48441],[-99.10503,26.50033],[-99.11199,26.50738],[-99.11307,26.50947],[-99.11721,26.51465],[-99.11913,26.51712],[-99.12151,26.51835],[-99.12778,26.5252],[-99.13531,26.5262],[-99.13855,26.52764],[-99.14366,26.5279],[-99.1623,26.53495],[-99.16674,26.53608],[-99.1707,26.54032],[-99.17175,26.54371],[-99.1714,26.54985],[-99.16966,26.55393],[-99.16855,26.55528],[-99.168,26.55779],[-99.16741,26.56],[-99.17806,26.62055],[-99.18342,26.62886],[-99.20052,26.65644],[-99.20995,26.69394],[-99.20891,26.72476],[-99.24002,26.74585],[-99.24244,26.78826],[-99.26221,26.81567],[-99.26861,26.84321],[-99.28047,26.85805],[-99.29515,26.86544],[-99.31052,26.86474],[-99.31675,26.86583],[-99.32413,26.87429],[-99.3257,26.87717],[-99.32862,26.87859],[-99.3289,26.87976],[-99.32653,26.88552],[-99.32623,26.88997],[-99.32182,26.90685],[-99.32297,26.91246],[-99.32468,26.91597],[-99.32963,26.9192],[-99.3373,26.92276],[-99.34675,26.9252],[-99.35165,26.92514],[-99.36114,26.92892],[-99.36705,26.92903],[-99.37311,26.93116],[-99.37915,26.93449],[-99.38434,26.93964],[-99.38825,26.94422],[-99.3905,26.95174],[-99.39264,26.95534],[-99.39375,26.96073],[-99.39311,26.96403],[-99.39019,26.96635],[-99.3811,26.97082],[-99.37731,26.97382],[-99.37659,26.97772],[-99.37843,26.98003],[-99.38434,26.98099],[-99.38737,26.9824],[-99.39218,26.98749],[-99.40369,26.99736],[-99.40594,27.00258],[-99.40695,27.00656],[-99.40851,27.00952],[-99.41118,27.0116],[-99.41206,27.01312],[-99.41548,27.01724],[-99.42045,27.01657],[-99.42938,27.01083],[-99.43215,27.0107],[-99.43496,27.01187],[-99.43872,27.01463],[-99.44288,27.01817],[-99.44493,27.02042],[-99.44609,27.02334],[-99.44406,27.03125],[-99.44397,27.03646],[-99.44565,27.04344],[-99.44814,27.04974],[-99.45093,27.05565],[-99.45201,27.06006],[-99.45232,27.06267],[-99.45028,27.06771],[-99.44522,27.07164],[-99.43447,27.07852],[-99.42921,27.09098],[-99.42924,27.09307],[-99.43027,27.09487],[-99.43765,27.10044],[-99.44181,27.10539],[-99.44212,27.10684],[-99.44175,27.1088],[-99.44111,27.11004],[-99.43337,27.11922],[-99.43058,27.12661],[-99.43135,27.13758],[-99.43827,27.14479],[-99.44003,27.14912],[-99.43997,27.15107],[-99.43948,27.15237],[-99.43795,27.15412],[-99.43489,27.15592],[-99.4326,27.15682],[-99.42998,27.15915],[-99.42772,27.16779],[-99.42635,27.17626],[-99.42653,27.17886],[-99.42772,27.18231],[-99.43092,27.19649],[-99.43213,27.19985],[-99.4331,27.20382],[-99.43272,27.20769],[-99.43279,27.20969],[-99.43328,27.21129],[-99.43538,27.21287],[-99.44193,27.21798],[-99.44524,27.22334],[-99.44507,27.22596],[-99.44362,27.229],[-99.44141,27.23676],[-99.44107,27.24178],[-99.44155,27.24992],[-99.44308,27.25265],[-99.44681,27.25758],[-99.44909,27.25975],[-99.45239,27.26405],[-99.45421,27.26535],[-99.45623,27.26632],[-99.45838,27.26623],[-99.46019,27.26761],[-99.46331,27.26844],[-99.46582,27.26797],[-99.47175,27.26493],[-99.47297,27.26339],[-99.47523,27.26264],[-99.48069,27.25999],[-99.48474,27.25937],[-99.48791,27.26072],[-99.49241,27.26412],[-99.49566,27.26905],[-99.49662,27.27171],[-99.49555,27.27557],[-99.49377,27.27944],[-99.48847,27.28707],[-99.48751,27.29024],[-99.48794,27.29494],[-99.4946,27.30354],[-99.49742,27.30528],[-99.50204,27.30612],[-99.50637,27.30575],[-99.51153,27.30408],[-99.52366,27.30414],[-99.52965,27.30605],[-99.53644,27.31254],[-99.53777,27.31607],[-99.53781,27.31759],[-99.53383,27.32084],[-99.53138,27.32381],[-99.5247,27.32399],[-99.52126,27.32478],[-99.51504,27.32886],[-99.50724,27.33542],[-99.50484,27.33829],[-99.5044,27.3399],[-99.50709,27.34607],[-99.50783,27.34864],[-99.50778,27.35425],[-99.50396,27.36254],[-99.5037,27.36467],[-99.49908,27.37314],[-99.49593,27.3753],[-99.49512,27.37703],[-99.49214,27.38052],[-99.49178,27.38428],[-99.49271,27.38605],[-99.4926,27.3923],[-99.49115,27.39551],[-99.48938,27.39956],[-99.48752,27.4124],[-99.48944,27.41711],[-99.49021,27.4211],[-99.4957,27.43888],[-99.49537,27.44619],[-99.49469,27.44903],[-99.4951,27.45152],[-99.48763,27.46067],[-99.48573,27.46357],[-99.48382,27.4673],[-99.48228,27.47631],[-99.47925,27.47864],[-99.47935,27.4811],[-99.48022,27.4858],[-99.48145,27.48867],[-99.48352,27.4911],[-99.48581,27.49319],[-99.49146,27.49698],[-99.49683,27.50011],[-99.499,27.49915],[-99.50268,27.50061],[-99.50969,27.49892],[-99.51332,27.4995],[-99.51643,27.49844],[-99.51932,27.4969],[-99.52664,27.49703],[-99.52832,27.4989],[-99.52726,27.50392],[-99.52532,27.51039],[-99.52537,27.51806],[-99.5247,27.52433],[-99.52222,27.53479],[-99.52192,27.54409],[-99.51882,27.55319],[-99.51402,27.55684],[-99.51112,27.56449],[-99.51222,27.56809],[-99.51598,27.57213],[-99.52544,27.57661],[-99.53014,27.58021],[-99.5362,27.59168],[-99.53681,27.59627],[-99.53972,27.60328],[-99.54189,27.606],[-99.5499,27.61075],[-99.55495,27.61445],[-99.55681,27.61434],[-99.55864,27.61113],[-99.55866,27.60891],[-99.56123,27.60757],[-99.56287,27.60726],[-99.56906,27.60588],[-99.57215,27.60471],[-99.57878,27.60261],[-99.58001,27.60225],[-99.58484,27.6039],[-99.58443,27.60621],[-99.58145,27.60712],[-99.57976,27.60803],[-99.5774,27.6109],[-99.57712,27.61451],[-99.57696,27.61723],[-99.5781,27.6192],[-99.57948,27.62023],[-99.58084,27.62035],[-99.58478,27.62201],[-99.59137,27.62746],[-99.59235,27.62861],[-99.59276,27.63465],[-99.59404,27.63857],[-99.59623,27.63986],[-99.60353,27.64199],[-99.61228,27.6392],[-99.6156,27.63775],[-99.61758,27.63836],[-99.61909,27.64015],[-99.62111,27.64331],[-99.62234,27.644],[-99.62431,27.644],[-99.62629,27.64245],[-99.62706,27.64078],[-99.62712,27.63841],[-99.62325,27.63464],[-99.62341,27.63356],[-99.62532,27.63114],[-99.6274,27.6298],[-99.63281,27.62787],[-99.63893,27.62676],[-99.64795,27.62986],[-99.65052,27.63049],[-99.65432,27.62962],[-99.65885,27.63114],[-99.65926,27.63231],[-99.66595,27.63597],[-99.66617,27.63832],[-99.66542,27.64027],[-99.66174,27.64274],[-99.6595,27.64525],[-99.65818,27.64779],[-99.65829,27.65016],[-99.65919,27.65261],[-99.66123,27.65387],[-99.66184,27.65575],[-99.66422,27.65758],[-99.66894,27.65997],[-99.67162,27.66022],[-99.67895,27.65898],[-99.68651,27.66145],[-99.68829,27.66283],[-99.68947,27.665],[-99.6894,27.66856],[-99.69125,27.66873],[-99.69312,27.66715],[-99.69657,27.66314],[-99.69872,27.65736],[-99.69936,27.65542],[-99.7046,27.65495],[-99.71151,27.65836],[-99.72152,27.66615],[-99.72363,27.66953],[-99.72372,27.67333],[-99.72829,27.67907],[-99.73245,27.68542],[-99.73781,27.69228],[-99.74267,27.69723],[-99.75754,27.71185],[-99.75853,27.71707],[-99.76175,27.72259],[-99.76633,27.7276],[-99.77074,27.73213],[-99.7749,27.73354],[-99.78537,27.73035],[-99.78884,27.73072],[-99.79169,27.73198],[-99.79634,27.73559],[-99.80165,27.74177],[-99.80227,27.74539],[-99.80567,27.75869],[-99.81014,27.76955],[-99.81309,27.77395],[-99.81519,27.77533],[-99.81716,27.77616],[-99.81909,27.77602],[-99.82219,27.76685],[-99.82579,27.76437],[-99.83513,27.76288],[-99.83879,27.76418],[-99.84171,27.76646],[-99.84302,27.76889],[-99.84319,27.77366],[-99.84474,27.77881],[-99.84887,27.7874],[-99.84922,27.79158],[-99.85088,27.79397],[-99.85246,27.79461],[-99.85451,27.79465],[-99.85553,27.79413],[-99.85718,27.79419],[-99.86038,27.79367],[-99.86303,27.79425],[-99.87007,27.79463],[-99.87324,27.79573],[-99.87655,27.79736],[-99.87798,27.80072],[-99.87692,27.80481],[-99.87465,27.80926],[-99.87378,27.81301],[-99.87417,27.81565],[-99.87533,27.81818],[-99.87626,27.81951],[-99.87656,27.82122],[-99.87784,27.82438],[-99.87798,27.82795],[-99.87624,27.83382],[-99.876,27.83797],[-99.8772,27.84218],[-99.88201,27.85039],[-99.88402,27.85098],[-99.88968,27.85383],[-99.89365,27.85619],[-99.89569,27.85768],[-99.89575,27.85923],[-99.90149,27.86416],[-99.90439,27.87528],[-99.904,27.87975],[-99.90123,27.88441],[-99.8969,27.88843],[-99.89409,27.89295],[-99.89346,27.89921],[-99.89583,27.90418],[-99.89687,27.90769],[-99.90008,27.91214],[-99.91746,27.91797],[-99.92205,27.92212],[-99.9252,27.92636],[-99.92623,27.92732],[-99.92435,27.92951],[-99.92416,27.93113],[-99.92648,27.93557],[-99.92826,27.93651],[-99.93287,27.93727],[-99.93462,27.93824],[-99.93714,27.94054],[-99.93896,27.94932],[-99.93854,27.95406],[-99.93439,27.96148],[-99.93216,27.96771],[-99.93126,27.97907],[-99.93181,27.98097],[-99.93539,27.98184],[-99.94084,27.98245],[-99.94712,27.98217],[-99.95021,27.98327],[-99.96277,27.98354],[-99.97117,27.98626],[-99.97707,27.9894],[-99.97839,27.98933],[-99.98492,27.99073],[-99.98976,27.99288],[-99.99145,27.99456],[-99.99684,28.00238],[-100.00018,28.01075],[-100.00397,28.01516],[-100.00745,28.02089],[-100.00863,28.02396],[-100.01284,28.0372],[-100.01298,28.04171],[-100.01331,28.04449],[-100.01499,28.04888],[-100.01684,28.05892],[-100.01714,28.06227],[-100.01791,28.06479],[-100.01895,28.06644],[-100.02059,28.06782],[-100.02872,28.07312],[-100.0397,28.07669],[-100.04611,28.07907],[-100.05312,28.08473],[-100.05536,28.08905],[-100.05698,28.09421],[-100.0556,28.10114],[-100.05649,28.10419],[-100.05785,28.10618],[-100.06008,28.10821],[-100.0647,28.11111],[-100.06765,28.1136],[-100.07264,28.12224],[-100.07547,28.12488],[-100.07631,28.12711],[-100.07778,28.12866],[-100.08063,28.13547],[-100.08075,28.13763],[-100.08274,28.14036],[-100.08339,28.14403],[-100.0869,28.14678],[-100.09029,28.14831],[-100.10822,28.15332],[-100.11071,28.15365],[-100.11533,28.15486],[-100.11963,28.15559],[-100.1411,28.16815],[-100.15794,28.16745],[-100.16059,28.16816],[-100.16844,28.17154],[-100.17132,28.17623],[-100.17441,28.17945],[-100.18569,28.18578],[-100.1965,28.19022],[-100.20806,28.19038],[-100.21051,28.1927],[-100.2121,28.19651],[-100.21362,28.20472],[-100.21345,28.20752],[-100.21345,28.21042],[-100.21438,28.21244],[-100.2162,28.22147],[-100.21756,28.22693],[-100.22028,28.23221],[-100.22363,28.23522],[-100.22758,28.23586],[-100.23223,28.23606],[-100.23487,28.23531],[-100.23992,28.23494],[-100.2462,28.23409],[-100.25163,28.23618],[-100.25779,28.24034],[-100.26079,28.24463],[-100.2676,28.25027],[-100.27763,28.26245],[-100.28052,28.26797],[-100.28298,28.27044],[-100.2854,28.27192],[-100.28938,28.27349],[-100.2914,28.2754],[-100.29347,28.27848],[-100.29429,28.281],[-100.2943,28.28438],[-100.28755,28.30109],[-100.28609,28.30855],[-100.28647,28.3123],[-100.28864,28.31698],[-100.29484,28.32321],[-100.30415,28.33439],[-100.30937,28.33855],[-100.30984,28.34156],[-100.31068,28.34347],[-100.31314,28.34479],[-100.3142,28.34586],[-100.31602,28.34996],[-100.31725,28.35738],[-100.32039,28.36212],[-100.32935,28.37233],[-100.33094,28.37333],[-100.33195,28.37537],[-100.34187,28.38495],[-100.3444,28.38966],[-100.3468,28.39575],[-100.34812,28.39805],[-100.34959,28.4026],[-100.34933,28.40389],[-100.34699,28.40723],[-100.34525,28.40789],[-100.34395,28.41012],[-100.33706,28.42715],[-100.33619,28.43018],[-100.3376,28.43798],[-100.3378,28.44296],[-100.33921,28.44596],[-100.34153,28.44957],[-100.34843,28.45605],[-100.35079,28.45925],[-100.3575,28.46364],[-100.36272,28.46995],[-100.36755,28.4748],[-100.36829,28.4772],[-100.36811,28.479],[-100.36598,28.48112],[-100.36189,28.4823],[-100.35717,28.48209],[-100.35223,28.48264],[-100.34418,28.48625],[-100.33714,28.49173],[-100.33519,28.49462],[-100.33391,28.49734],[-100.33381,28.49925],[-100.33489,28.50032],[-100.33852,28.50183],[-100.34443,28.50335],[-100.35077,28.50412],[-100.35604,28.50487],[-100.35971,28.50729],[-100.36215,28.5084],[-100.37696,28.51202],[-100.37908,28.51164],[-100.38696,28.51402],[-100.38886,28.51575],[-100.39499,28.52836],[-100.39717,28.53013],[-100.39893,28.53048],[-100.40049,28.53131],[-100.40506,28.53578],[-100.40966,28.54513],[-100.41141,28.5519],[-100.40854,28.55761],[-100.40492,28.5607],[-100.40434,28.56378],[-100.39727,28.57564],[-100.3968,28.5804],[-100.39839,28.58488],[-100.4004,28.58689],[-100.40621,28.58867],[-100.40922,28.58904],[-100.41939,28.59343],[-100.42317,28.59424],[-100.42986,28.59644],[-100.43189,28.59754],[-100.43208,28.599],[-100.43362,28.60612],[-100.43533,28.60699],[-100.44127,28.6076],[-100.44497,28.60781],[-100.44732,28.60932],[-100.44865,28.61677],[-100.44737,28.6229],[-100.44698,28.63321],[-100.44553,28.63714],[-100.44608,28.63891],[-100.44575,28.64063],[-100.44709,28.6422],[-100.45031,28.64302],[-100.45745,28.64188],[-100.46053,28.64103],[-100.46287,28.64136],[-100.47449,28.64707],[-100.47964,28.65523],[-100.48329,28.65565],[-100.48579,28.65682],[-100.48926,28.658],[-100.49151,28.65767],[-100.49586,28.65857],[-100.49811,28.6596],[-100.50035,28.66196],[-100.50145,28.66619],[-100.51005,28.69072],[-100.5108,28.70039],[-100.512,28.70535],[-100.51211,28.70745],[-100.5103,28.70901],[-100.508,28.71285],[-100.5067,28.71674],[-100.50779,28.7209],[-100.5077,28.72554],[-100.50679,28.73202],[-100.50761,28.7406],[-100.50915,28.74143],[-100.51238,28.74156],[-100.51424,28.7421],[-100.51533,28.74337],[-100.51554,28.74494],[-100.5144,28.75025],[-100.51587,28.75292],[-100.51923,28.75616],[-100.52157,28.75764],[-100.52386,28.75746],[-100.52722,28.75617],[-100.52941,28.75642],[-100.53219,28.75716],[-100.53341,28.75921],[-100.53302,28.76328],[-100.53045,28.76681],[-100.53,28.76871],[-100.53033,28.77129],[-100.53178,28.77357],[-100.53645,28.77762],[-100.53777,28.78078],[-100.53764,28.78288],[-100.53694,28.78429],[-100.53381,28.78737],[-100.53243,28.79106],[-100.53366,28.80027],[-100.53583,28.80589],[-100.54045,28.80744],[-100.54217,28.80847],[-100.54548,28.81264],[-100.54605,28.81487],[-100.54548,28.81995],[-100.54732,28.82582],[-100.55313,28.82825],[-100.56144,28.82917],[-100.56396,28.8289],[-100.56764,28.82759],[-100.57051,28.82632],[-100.57275,28.8271],[-100.5747,28.82879],[-100.57685,28.83617],[-100.57299,28.84846],[-100.5805,28.85601],[-100.58819,28.86024],[-100.59104,28.86305],[-100.59134,28.86526],[-100.5908,28.87057],[-100.59053,28.87238],[-100.59203,28.87323],[-100.59755,28.87381],[-100.59868,28.87525],[-100.5985,28.87909],[-100.59612,28.88158],[-100.59031,28.88387],[-100.58949,28.8858],[-100.59118,28.88892],[-100.59288,28.88936],[-100.59729,28.88781],[-100.59987,28.88647],[-100.60217,28.88662],[-100.60384,28.88839],[-100.60357,28.89076],[-100.60256,28.89532],[-100.60077,28.90076],[-100.60205,28.90194],[-100.60744,28.90233],[-100.61356,28.90148],[-100.61614,28.90392],[-100.61702,28.90707],[-100.61822,28.90852],[-100.61997,28.90911],[-100.62348,28.9096],[-100.6249,28.90827],[-100.62493,28.90573],[-100.62721,28.90373],[-100.63161,28.90284],[-100.63328,28.90458],[-100.63469,28.90871],[-100.63626,28.91103],[-100.63728,28.91183],[-100.63927,28.91228],[-100.64057,28.91421],[-100.64067,28.91525],[-100.63917,28.91629],[-100.63602,28.91657],[-100.63237,28.91635],[-100.62999,28.91828],[-100.62971,28.92115],[-100.63072,28.92401],[-100.63274,28.92515],[-100.63567,28.92586],[-100.63886,28.92762],[-100.64169,28.93205],[-100.64298,28.93558],[-100.64436,28.93827],[-100.64584,28.93987],[-100.64882,28.94103],[-100.65066,28.94198],[-100.65151,28.94343],[-100.65103,28.94689],[-100.64891,28.95263],[-100.64738,28.9552],[-100.64699,28.95708],[-100.6474,28.95889],[-100.64829,28.96066],[-100.64951,28.96116],[-100.65032,28.96199],[-100.64991,28.96322],[-100.64816,28.9655],[-100.64664,28.96693],[-100.64638,28.97072],[-100.64784,28.9737],[-100.64865,28.97742],[-100.64827,28.98287],[-100.64729,28.9853],[-100.64589,28.98642],[-100.6469,28.99178],[-100.64783,28.99293],[-100.64914,28.99647],[-100.64876,29.00059],[-100.65095,29.00825],[-100.65376,29.01536],[-100.65611,29.01722],[-100.66021,29.0315],[-100.66035,29.03585],[-100.66146,29.03837],[-100.66321,29.04804],[-100.66251,29.05811],[-100.66402,29.07416],[-100.66587,29.07678],[-100.66685,29.0826],[-100.66984,29.09011],[-100.67466,29.09978],[-100.68053,29.10701],[-100.68447,29.11066],[-100.69233,29.11523],[-100.70997,29.11968],[-100.72746,29.12912],[-100.72905,29.13147],[-100.7378,29.13908],[-100.73912,29.14166],[-100.73771,29.14549],[-100.73759,29.14741],[-100.73802,29.14881],[-100.73968,29.15049],[-100.74614,29.15415],[-100.75657,29.15603],[-100.75973,29.15715],[-100.76285,29.15968],[-100.76363,29.16126],[-100.7636,29.16473],[-100.76611,29.16636],[-100.76863,29.16599],[-100.77265,29.16849],[-100.7759,29.17334],[-100.77491,29.17527],[-100.77297,29.17672],[-100.76877,29.18154],[-100.76603,29.18585],[-100.76589,29.18852],[-100.76612,29.1913],[-100.76706,29.19529],[-100.76934,29.19891],[-100.77293,29.19966],[-100.77529,29.1997],[-100.77625,29.20093],[-100.77702,29.20433],[-100.77594,29.20695],[-100.77454,29.20973],[-100.77504,29.21164],[-100.77709,29.21351],[-100.77966,29.21863],[-100.7812,29.21972],[-100.78308,29.22445],[-100.7845,29.22688],[-100.78633,29.2285],[-100.79137,29.22594],[-100.79368,29.22647],[-100.79568,29.22773],[-100.79675,29.23096],[-100.79705,29.23559],[-100.79475,29.23994],[-100.79491,29.24246],[-100.79767,29.24694],[-100.80205,29.24995],[-100.80792,29.25269],[-100.81376,29.25349],[-100.81574,29.25365],[-100.81667,29.25448],[-100.81625,29.25666],[-100.81432,29.25908],[-100.81351,29.26066],[-100.81332,29.26216],[-100.81478,29.26372],[-100.81699,29.26433],[-100.82097,29.26287],[-100.82353,29.26174],[-100.83404,29.2614],[-100.83902,29.26326],[-100.84294,29.26714],[-100.84866,29.27142],[-100.85218,29.27207],[-100.85356,29.27282],[-100.85507,29.27495],[-100.85647,29.27566],[-100.86466,29.27608],[-100.87605,29.27959],[-100.87813,29.28086],[-100.87888,29.28219],[-100.88024,29.2863],[-100.88044,29.29045],[-100.88205,29.29904],[-100.88555,29.304],[-100.88625,29.30676],[-100.88684,29.30785],[-100.89493,29.31035],[-100.89665,29.3091],[-100.90484,29.31201],[-100.90675,29.31353],[-100.90839,29.31693],[-100.9101,29.31771],[-100.91223,29.31764],[-100.91663,29.3192],[-100.91728,29.32046],[-100.91828,29.32415],[-100.9195,29.32532],[-100.92134,29.3262],[-100.9236,29.32679],[-100.92668,29.32658],[-100.92851,29.32698],[-100.93416,29.33065],[-100.94061,29.33311],[-100.9432,29.34199],[-100.94589,29.34494],[-100.94897,29.34725],[-100.9511,29.3477],[-100.95669,29.34729],[-100.96079,29.34691],[-100.96433,29.34734],[-100.97174,29.35137],[-100.97292,29.35455],[-100.98325,29.35912],[-100.99561,29.3634],[-101.00268,29.36526],[-101.00421,29.36477],[-101.01061,29.36867],[-101.01427,29.37412],[-101.01314,29.37934],[-101.01344,29.38088],[-101.01447,29.38211],[-101.01673,29.38727],[-101.01958,29.39134],[-101.02142,29.393],[-101.02402,29.3937],[-101.0366,29.40611],[-101.0386,29.41071],[-101.03764,29.41468],[-101.0392,29.41619],[-101.04072,29.42286],[-101.04336,29.42988],[-101.05051,29.43462],[-101.05696,29.44077],[-101.05684,29.4476],[-101.05821,29.44777],[-101.06015,29.45866],[-101.07718,29.46419],[-101.08715,29.46941],[-101.1037,29.47055],[-101.11525,29.46846],[-101.12307,29.47332],[-101.12728,29.47707],[-101.13004,29.47842],[-101.13293,29.47736],[-101.1375,29.47354],[-101.14434,29.47325],[-101.15188,29.477],[-101.16218,29.48992],[-101.16799,29.50043],[-101.17166,29.50395],[-101.17382,29.51457],[-101.17999,29.51533],[-101.19272,29.52029],[-101.22742,29.52235],[-101.23528,29.52485],[-101.24977,29.52087],[-101.2549,29.52034],[-101.26084,29.52993],[-101.26117,29.53678],[-101.26016,29.53961],[-101.25527,29.54931],[-101.25038,29.55662],[-101.24815,29.55953],[-101.24115,29.56543],[-101.24879,29.59071],[-101.2523,29.60417],[-101.24837,29.61471],[-101.24742,29.61816],[-101.24792,29.6196],[-101.25038,29.62417],[-101.25227,29.62563],[-101.25472,29.62719],[-101.26282,29.63079],[-101.26599,29.63104],[-101.26922,29.63003],[-101.27287,29.62652],[-101.27771,29.62102],[-101.27902,29.61884],[-101.28049,29.61483],[-101.27756,29.6071],[-101.27786,29.59934],[-101.27761,29.59323],[-101.27787,29.59085],[-101.27945,29.58824],[-101.28508,29.58224],[-101.29096,29.57154],[-101.29322,29.57183],[-101.29666,29.57305],[-101.30553,29.57793],[-101.31177,29.58547],[-101.31333,29.59944],[-101.31333,29.60546],[-101.31235,29.60796],[-101.31309,29.61104],[-101.31093,29.61678],[-101.30692,29.62345],[-101.30404,29.62908],[-101.30133,29.63503],[-101.30008,29.6405],[-101.30144,29.64723],[-101.30237,29.64999],[-101.30388,29.65262],[-101.30658,29.6554],[-101.31037,29.65768],[-101.31497,29.65913],[-101.33184,29.66073],[-101.33748,29.66079],[-101.34549,29.6622],[-101.34865,29.66193],[-101.35033,29.66066],[-101.35523,29.65142],[-101.35714,29.64927],[-101.35871,29.64911],[-101.36131,29.65006],[-101.36322,29.65264],[-101.36483,29.66251],[-101.36568,29.66721],[-101.3671,29.6709],[-101.37043,29.67483],[-101.37255,29.67785],[-101.37305,29.68019],[-101.37227,29.68988],[-101.37188,29.69395],[-101.37277,29.69943],[-101.37539,29.70181],[-101.37873,29.70345],[-101.3881,29.70747],[-101.39109,29.70947],[-101.39695,29.71395],[-101.39836,29.717],[-101.39807,29.72083],[-101.39629,29.72706],[-101.39701,29.73396],[-101.40064,29.73808],[-101.41002,29.7415],[-101.41347,29.74384],[-101.41558,29.74653],[-101.41572,29.75021],[-101.41482,29.7527],[-101.40393,29.75759],[-101.40015,29.76008],[-101.39844,29.76463],[-101.39865,29.76745],[-101.40088,29.77007],[-101.40307,29.77144],[-101.40596,29.77165],[-101.4098,29.77062],[-101.41358,29.76847],[-101.42421,29.76131],[-101.43557,29.75245],[-101.43912,29.75062],[-101.44548,29.7494],[-101.44888,29.7507],[-101.45044,29.7533],[-101.45143,29.75712],[-101.45522,29.77187],[-101.45395,29.77809],[-101.45249,29.78282],[-101.45378,29.78591],[-101.45568,29.78792],[-101.45861,29.78928],[-101.46164,29.78983],[-101.46544,29.789],[-101.47516,29.78591],[-101.47886,29.78409],[-101.4808,29.78217],[-101.48598,29.77487],[-101.49389,29.76984],[-101.50322,29.76458],[-101.50715,29.76384],[-101.51191,29.76459],[-101.51932,29.76459],[-101.52787,29.76062],[-101.53157,29.75927],[-101.53585,29.75893],[-101.53805,29.76003],[-101.53919,29.76177],[-101.5383,29.77296],[-101.5381,29.78642],[-101.53729,29.79033],[-101.53557,29.79462],[-101.53501,29.79768],[-101.53786,29.8041],[-101.5419,29.81078],[-101.54439,29.81186],[-101.54799,29.81005],[-101.55249,29.80423],[-101.55556,29.80296],[-101.56775,29.79873],[-101.57379,29.78899],[-101.57432,29.78658],[-101.5732,29.78407],[-101.57288,29.78139],[-101.5724,29.77306],[-101.57494,29.76985],[-101.57703,29.76912],[-101.58025,29.76966],[-101.58633,29.77098],[-101.58842,29.77095],[-101.59451,29.77191],[-101.59889,29.77383],[-101.60368,29.7744],[-101.60796,29.77368],[-101.61301,29.77145],[-101.61791,29.76993],[-101.62083,29.76995],[-101.62596,29.77106],[-101.62818,29.77041],[-101.63032,29.76873],[-101.63253,29.76467],[-101.63265,29.76137],[-101.63513,29.75868],[-101.64112,29.75635],[-101.64288,29.75455],[-101.64642,29.7543],[-101.64958,29.75617],[-101.6524,29.75879],[-101.65314,29.76219],[-101.65458,29.76516],[-101.65862,29.7667],[-101.66245,29.77128],[-101.66614,29.76993],[-101.67173,29.76819],[-101.67496,29.76497],[-101.67502,29.76296],[-101.6753,29.76108],[-101.6778,29.76029],[-101.68144,29.76078],[-101.68492,29.76523],[-101.68559,29.76739],[-101.68731,29.76959],[-101.68999,29.77121],[-101.69394,29.76893],[-101.69936,29.76536],[-101.70664,29.76274],[-101.70887,29.76164],[-101.71206,29.76278],[-101.71376,29.7668],[-101.71691,29.77169],[-101.71871,29.77474],[-101.72106,29.77608],[-101.7238,29.77643],[-101.72544,29.7754],[-101.72681,29.77379],[-101.72984,29.77184],[-101.73234,29.77129],[-101.7352,29.77159],[-101.73923,29.77353],[-101.73967,29.77578],[-101.74088,29.77756],[-101.74246,29.77874],[-101.74519,29.77911],[-101.74949,29.77749],[-101.75432,29.77766],[-101.75535,29.77898],[-101.75788,29.78006],[-101.76031,29.7817],[-101.7643,29.78274],[-101.7711,29.78751],[-101.77383,29.78868],[-101.77716,29.78933],[-101.78191,29.78963],[-101.78567,29.78825],[-101.78559,29.78416],[-101.78812,29.77954],[-101.79463,29.77913],[-101.80103,29.7795],[-101.80754,29.78137],[-101.81099,29.78387],[-101.81314,29.78721],[-101.81452,29.79186],[-101.81346,29.79441],[-101.8095,29.79728],[-101.80696,29.79902],[-101.80558,29.80075],[-101.80361,29.80345],[-101.81056,29.8078],[-101.81221,29.80955],[-101.81583,29.81107],[-101.81827,29.81162],[-101.82088,29.81112],[-101.82506,29.80825],[-101.82582,29.80523],[-101.82397,29.80048],[-101.82144,29.79794],[-101.81899,29.79365],[-101.81863,29.79056],[-101.82116,29.78841],[-101.8241,29.78715],[-101.82655,29.78786],[-101.83123,29.78932],[-101.83906,29.79472],[-101.84371,29.79967],[-101.84713,29.80271],[-101.84718,29.80422],[-101.84895,29.80674],[-101.85096,29.80788],[-101.85333,29.80772],[-101.85562,29.80735],[-101.85725,29.80584],[-101.8624,29.80145],[-101.86738,29.79749],[-101.8754,29.79402],[-101.87746,29.7944],[-101.8796,29.79571],[-101.88097,29.79538],[-101.88291,29.79349],[-101.88471,29.79385],[-101.88816,29.79642],[-101.89274,29.79789],[-101.90273,29.79803],[-101.90788,29.79881],[-101.91241,29.79785],[-101.91518,29.7958],[-101.91756,29.79268],[-101.92143,29.78747],[-101.92491,29.78403],[-101.92932,29.78258],[-101.93353,29.78519],[-101.93417,29.78799],[-101.93254,29.78977],[-101.93266,29.79182],[-101.93381,29.79703],[-101.93728,29.80041],[-101.94187,29.80082],[-101.94666,29.80134],[-101.95056,29.79821],[-101.95548,29.79533],[-101.95872,29.79656],[-101.96138,29.79797],[-101.96338,29.80015],[-101.96388,29.80293],[-101.96546,29.80599],[-101.96472,29.80906],[-101.96543,29.81099],[-101.96733,29.81311],[-101.96939,29.81376],[-101.97194,29.81366],[-101.97218,29.81498],[-101.97361,29.8156],[-101.97663,29.81599],[-101.97934,29.81534],[-101.9812,29.8154],[-101.98219,29.81332],[-101.98306,29.80933],[-101.98197,29.80588],[-101.9843,29.79926],[-101.98607,29.79749],[-101.98861,29.79667],[-101.99139,29.79811],[-101.99472,29.80516],[-101.99749,29.80644],[-102.00118,29.80474],[-102.00642,29.80134],[-102.01089,29.79989],[-102.0149,29.79752],[-102.01841,29.79852],[-102.01971,29.80149],[-102.02192,29.80249],[-102.02399,29.80324],[-102.0253,29.80273],[-102.02842,29.80188],[-102.03257,29.80383],[-102.03476,29.80403],[-102.03901,29.80266],[-102.04109,29.79961],[-102.03983,29.79526],[-102.03841,29.79283],[-102.03923,29.79098],[-102.04171,29.78968],[-102.04378,29.7903],[-102.04563,29.79008],[-102.04757,29.78899],[-102.04879,29.78609],[-102.05004,29.78507],[-102.05224,29.78512],[-102.05437,29.78687],[-102.06364,29.78669],[-102.07365,29.78693],[-102.07604,29.78839],[-102.07621,29.79074],[-102.07735,29.79242],[-102.07898,29.79308],[-102.0806,29.79277],[-102.08248,29.79342],[-102.08253,29.79428],[-102.08444,29.79496],[-102.09182,29.79285],[-102.09357,29.7915],[-102.09626,29.79147],[-102.10183,29.79361],[-102.10646,29.79272],[-102.10884,29.7921],[-102.11131,29.79302],[-102.11368,29.79344],[-102.11568,29.79239],[-102.11792,29.79616],[-102.11839,29.79903],[-102.11732,29.80064],[-102.12053,29.80233],[-102.12322,29.80231],[-102.12455,29.80113],[-102.12764,29.7988],[-102.12951,29.79862],[-102.13265,29.80031],[-102.13785,29.80211],[-102.14233,29.80285],[-102.14528,29.80529],[-102.14921,29.81012],[-102.15153,29.81191],[-102.15416,29.81164],[-102.1596,29.81436],[-102.16167,29.81949],[-102.16553,29.82282],[-102.16607,29.82479],[-102.16767,29.82604],[-102.17879,29.82571],[-102.18008,29.82657],[-102.1813,29.83115],[-102.17865,29.83615],[-102.17845,29.83809],[-102.17876,29.84021],[-102.18189,29.84603],[-102.18525,29.84774],[-102.18867,29.84894],[-102.19165,29.84664],[-102.19321,29.84243],[-102.19386,29.83825],[-102.19706,29.83642],[-102.20053,29.83759],[-102.20538,29.84244],[-102.20994,29.84436],[-102.2155,29.84364],[-102.21951,29.841],[-102.22353,29.84053],[-102.22755,29.84353],[-102.2296,29.84616],[-102.23086,29.84787],[-102.23266,29.84849],[-102.23874,29.84798],[-102.24138,29.84769],[-102.24446,29.84851],[-102.24528,29.85008],[-102.24504,29.85209],[-102.24322,29.85841],[-102.24467,29.86183],[-102.24558,29.86355],[-102.24692,29.86431],[-102.24881,29.86419],[-102.24977,29.86329],[-102.2516,29.85991],[-102.25129,29.856],[-102.2523,29.85398],[-102.25418,29.85279],[-102.2571,29.85277],[-102.26139,29.85328],[-102.26348,29.85423],[-102.26426,29.85581],[-102.26428,29.8578],[-102.26326,29.86106],[-102.2623,29.86214],[-102.26178,29.864],[-102.26313,29.86623],[-102.26495,29.86781],[-102.26882,29.86799],[-102.27675,29.86298],[-102.28125,29.86312],[-102.2833,29.86429],[-102.28464,29.867],[-102.28619,29.87053],[-102.28798,29.8716],[-102.2918,29.87263],[-102.29529,29.87334],[-102.29733,29.87519],[-102.30138,29.87767],[-102.30667,29.87765],[-102.31148,29.87701],[-102.31539,29.87992],[-102.32062,29.87898],[-102.3246,29.8731],[-102.32318,29.86739],[-102.32346,29.86392],[-102.32532,29.86293],[-102.32782,29.86266],[-102.33157,29.86281],[-102.33289,29.86544],[-102.33338,29.86805],[-102.34103,29.86931],[-102.34224,29.86819],[-102.34213,29.86692],[-102.34455,29.86468],[-102.34986,29.86232],[-102.35067,29.8554],[-102.35195,29.85311],[-102.35347,29.85197],[-102.35773,29.85055],[-102.36124,29.84913],[-102.36454,29.84539],[-102.36251,29.83316],[-102.36512,29.82697],[-102.36952,29.8204],[-102.37256,29.8112],[-102.37434,29.80642],[-102.37725,29.80016],[-102.37731,29.78997],[-102.37938,29.78776],[-102.38176,29.7869],[-102.38505,29.78585],[-102.38855,29.78361],[-102.38967,29.7826],[-102.38974,29.78091],[-102.38726,29.77847],[-102.38541,29.7734],[-102.38513,29.77147],[-102.38545,29.76924],[-102.38686,29.76573],[-102.38636,29.76241],[-102.38832,29.76127],[-102.38999,29.76223],[-102.39079,29.76367],[-102.39179,29.7661],[-102.39393,29.76869],[-102.39762,29.76964],[-102.39971,29.769],[-102.40219,29.76698],[-102.40454,29.76518],[-102.40818,29.76501],[-102.40977,29.76472],[-102.41111,29.76641],[-102.41173,29.76772],[-102.41329,29.76827],[-102.41545,29.76942],[-102.41755,29.76959],[-102.42147,29.76926],[-102.42332,29.77024],[-102.4253,29.77258],[-102.42928,29.77453],[-102.43144,29.7752],[-102.4333,29.77661],[-102.43511,29.77676],[-102.4366,29.77574],[-102.43774,29.7739],[-102.4393,29.77326],[-102.44631,29.77742],[-102.45008,29.77717],[-102.45561,29.77472],[-102.45827,29.77478],[-102.45927,29.77603],[-102.46304,29.78205],[-102.46482,29.78313],[-102.46643,29.78365],[-102.46797,29.78253],[-102.46973,29.7808],[-102.47131,29.77708],[-102.47323,29.77602],[-102.47615,29.77598],[-102.48026,29.77601],[-102.48203,29.77736],[-102.48158,29.78244],[-102.48426,29.78508],[-102.48725,29.78658],[-102.48998,29.7854],[-102.49473,29.78305],[-102.49757,29.78179],[-102.4996,29.78143],[-102.50605,29.78237],[-102.51584,29.7843],[-102.51753,29.78395],[-102.51819,29.78231],[-102.51943,29.78045],[-102.51834,29.77889],[-102.5148,29.7755],[-102.51152,29.77456],[-102.51057,29.77318],[-102.51132,29.77026],[-102.5131,29.76909],[-102.51338,29.76576],[-102.52003,29.76101],[-102.52496,29.75907],[-102.53172,29.75635],[-102.53574,29.75361],[-102.539,29.74991],[-102.54238,29.7471],[-102.54711,29.74545],[-102.54826,29.7446],[-102.5507,29.74519],[-102.55343,29.74809],[-102.55486,29.74909],[-102.55513,29.75133],[-102.55441,29.75377],[-102.55518,29.75586],[-102.55723,29.75755],[-102.55934,29.76038],[-102.56175,29.76609],[-102.56554,29.76963],[-102.56553,29.77072],[-102.56766,29.77146],[-102.56947,29.77138],[-102.57096,29.7705],[-102.57182,29.76896],[-102.57363,29.7682],[-102.57404,29.76501],[-102.57309,29.75974],[-102.5721,29.75673],[-102.57414,29.75477],[-102.57635,29.7543],[-102.57922,29.75537],[-102.58258,29.75352],[-102.58538,29.7509],[-102.58849,29.74933],[-102.59348,29.7495],[-102.59514,29.75093],[-102.59716,29.75161],[-102.60389,29.75025],[-102.60611,29.74886],[-102.61035,29.74777],[-102.61288,29.74818],[-102.61537,29.74615],[-102.61661,29.74373],[-102.62253,29.73663],[-102.63015,29.73431],[-102.6391,29.73351],[-102.64566,29.73391],[-102.66125,29.73612],[-102.66564,29.73771],[-102.66744,29.73964],[-102.66752,29.74196],[-102.66739,29.74466],[-102.66903,29.74611],[-102.67282,29.74437],[-102.674,29.74457],[-102.67578,29.74308],[-102.67737,29.74135],[-102.67719,29.73826],[-102.67899,29.73402],[-102.68153,29.72838],[-102.68319,29.7269],[-102.68506,29.72687],[-102.68816,29.72249],[-102.69053,29.72267],[-102.69137,29.72137],[-102.69065,29.71543],[-102.69024,29.70748],[-102.68915,29.70494],[-102.69437,29.70097],[-102.69685,29.69885],[-102.69835,29.69559],[-102.69932,29.68503],[-102.69639,29.68262],[-102.69347,29.67651],[-102.69741,29.67163],[-102.70096,29.67251],[-102.70408,29.67134],[-102.70894,29.66652],[-102.71128,29.66047],[-102.7129,29.65804],[-102.71775,29.65444],[-102.72135,29.65261],[-102.72283,29.65143],[-102.72574,29.65142],[-102.72522,29.64967],[-102.72421,29.64759],[-102.72517,29.64451],[-102.72721,29.6422],[-102.72978,29.64065],[-102.73451,29.64214],[-102.73695,29.64154],[-102.73758,29.63875],[-102.74219,29.63251],[-102.74142,29.62935],[-102.73928,29.62613],[-102.73843,29.62193],[-102.7388,29.61321],[-102.73877,29.60937],[-102.73918,29.60721],[-102.74045,29.6051],[-102.74156,29.60283],[-102.73999,29.59904],[-102.74193,29.59598],[-102.74434,29.59356],[-102.7462,29.59287],[-102.7497,29.59509],[-102.75707,29.5978],[-102.76189,29.59864],[-102.76579,29.59752],[-102.76834,29.59473],[-102.76743,29.5919],[-102.76576,29.5889],[-102.76224,29.57945],[-102.76379,29.57507],[-102.76612,29.57235],[-102.76763,29.5718],[-102.76988,29.57373],[-102.77225,29.5739],[-102.77396,29.57308],[-102.7739,29.56966],[-102.77357,29.56657],[-102.77487,29.56429],[-102.77728,29.56147],[-102.77773,29.55967],[-102.77753,29.5565],[-102.77572,29.55219],[-102.77143,29.54855],[-102.77375,29.54717],[-102.77607,29.54725],[-102.77729,29.54628],[-102.77812,29.54421],[-102.78027,29.54247],[-102.78333,29.54192],[-102.78927,29.54368],[-102.79145,29.54282],[-102.79303,29.53995],[-102.79159,29.53622],[-102.79178,29.53376],[-102.79257,29.53244],[-102.79632,29.53069],[-102.7977,29.52847],[-102.79844,29.52667],[-102.80298,29.52454],[-102.80869,29.52232],[-102.80844,29.51898],[-102.80648,29.51576],[-102.80722,29.51232],[-102.80683,29.50991],[-102.80656,29.50701],[-102.80747,29.50385],[-102.80639,29.50289],[-102.80447,29.50159],[-102.80448,29.50006],[-102.80562,29.49716],[-102.80674,29.49554],[-102.80733,29.49401],[-102.80487,29.49035],[-102.80265,29.48832],[-102.80067,29.48624],[-102.80354,29.48405],[-102.80736,29.48353],[-102.81158,29.48369],[-102.81395,29.48281],[-102.81439,29.4799],[-102.81534,29.47666],[-102.81537,29.47444],[-102.814,29.4714],[-102.81575,29.471],[-102.81839,29.46683],[-102.82144,29.46533],[-102.8231,29.4633],[-102.82372,29.46048],[-102.8251,29.45859],[-102.82547,29.45512],[-102.82446,29.45347],[-102.82369,29.45202],[-102.82202,29.45202],[-102.82034,29.45151],[-102.81961,29.45094],[-102.82093,29.44986],[-102.82755,29.44681],[-102.82989,29.4455],[-102.83097,29.44427],[-102.83087,29.44164],[-102.83183,29.43865],[-102.8312,29.43376],[-102.83254,29.43311],[-102.83061,29.42752],[-102.82964,29.42627],[-102.82857,29.42358],[-102.82693,29.4177],[-102.8281,29.41604],[-102.83086,29.41357],[-102.83227,29.41162],[-102.83326,29.41098],[-102.83325,29.40929],[-102.83121,29.40821],[-102.82788,29.40774],[-102.82641,29.40745],[-102.82652,29.40634],[-102.82573,29.40419],[-102.82609,29.40275],[-102.82462,29.4026],[-102.82344,29.40331],[-102.819,29.4036],[-102.8168,29.40293],[-102.81368,29.40233],[-102.81236,29.40144],[-102.81267,29.40017],[-102.8145,29.39804],[-102.81635,29.39706],[-102.81912,29.39811],[-102.82211,29.39793],[-102.82561,29.39695],[-102.83016,29.39033],[-102.83252,29.38892],[-102.8332,29.38742],[-102.8333,29.38548],[-102.83396,29.37982],[-102.83471,29.37849],[-102.84159,29.3772],[-102.84436,29.37538],[-102.84519,29.37367],[-102.84498,29.36924],[-102.84542,29.36521],[-102.84388,29.36353],[-102.84177,29.36282],[-102.83992,29.3616],[-102.83938,29.35892],[-102.84302,29.35799],[-102.84616,29.35736],[-102.85184,29.35504],[-102.85666,29.3536],[-102.86058,29.35153],[-102.87186,29.35209],[-102.87477,29.35302],[-102.8768,29.35466],[-102.87802,29.35454],[-102.87953,29.35333],[-102.88159,29.35157],[-102.88436,29.34773],[-102.88388,29.34599],[-102.88111,29.34265],[-102.87981,29.33875],[-102.88493,29.32507],[-102.88499,29.32213],[-102.88445,29.32068],[-102.88525,29.32015],[-102.88686,29.31934],[-102.88825,29.31523],[-102.88754,29.31322],[-102.88759,29.31127],[-102.88928,29.31007],[-102.89049,29.3095],[-102.89297,29.30915],[-102.89263,29.30588],[-102.89012,29.30241],[-102.88911,29.29775],[-102.88833,29.29195],[-102.89102,29.28711],[-102.89435,29.28623],[-102.89651,29.28483],[-102.89754,29.28199],[-102.89961,29.28047],[-102.90134,29.28076],[-102.9026,29.27944],[-102.9031,29.27676],[-102.90215,29.27464],[-102.90012,29.27232],[-102.89926,29.26948],[-102.90225,29.26482],[-102.90479,29.2639],[-102.90638,29.26206],[-102.9063,29.26001],[-102.90554,29.25707],[-102.90319,29.25403],[-102.90032,29.25396],[-102.89853,29.25442],[-102.89663,29.25411],[-102.89363,29.25026],[-102.89128,29.24805],[-102.8879,29.24561],[-102.88114,29.24602],[-102.87439,29.24355],[-102.87135,29.24162],[-102.87061,29.23704],[-102.87153,29.23274],[-102.87035,29.23094],[-102.86882,29.23056],[-102.86676,29.22774],[-102.86685,29.22501],[-102.86847,29.22288],[-102.87417,29.2186],[-102.87729,29.21709],[-102.87802,29.2147],[-102.8849,29.2116],[-102.88945,29.21016],[-102.89392,29.20866],[-102.89923,29.20886],[-102.90188,29.21327],[-102.90574,29.21598],[-102.90879,29.21934],[-102.91232,29.21942],[-102.91494,29.21748],[-102.91622,29.215],[-102.91555,29.21134],[-102.91245,29.20625],[-102.91362,29.20438],[-102.9135,29.20201],[-102.91485,29.19991],[-102.91751,29.19929],[-102.91906,29.19815],[-102.91854,29.19504],[-102.91726,29.19259],[-102.91781,29.1907],[-102.92117,29.1916],[-102.92548,29.19372],[-102.93297,29.19451],[-102.93589,29.19112],[-102.93775,29.18853],[-102.94022,29.18922],[-102.94121,29.19122],[-102.94376,29.19117],[-102.94491,29.18882],[-102.94518,29.18503],[-102.94716,29.18078],[-102.94993,29.17999],[-102.95089,29.17684],[-102.95059,29.17373],[-102.95279,29.17394],[-102.95565,29.17815],[-102.96105,29.17963],[-102.96576,29.18235],[-102.97073,29.18411],[-102.97324,29.18566],[-102.97727,29.18623],[-102.98161,29.18558],[-102.9852,29.18346],[-102.98943,29.18317],[-102.99465,29.17962],[-102.99632,29.17826],[-102.998,29.17565],[-102.9981,29.17268],[-102.99699,29.17048],[-102.99586,29.16452],[-102.99569,29.16122],[-102.99945,29.1561],[-103.00243,29.15026],[-103.00836,29.14829],[-103.0088,29.13757],[-103.01102,29.13705],[-103.01391,29.13591],[-103.01565,29.13399],[-103.01448,29.13045],[-103.01217,29.1287],[-103.01239,29.12585],[-103.01365,29.12505],[-103.01503,29.12577],[-103.02015,29.12579],[-103.02286,29.12351],[-103.02403,29.11975],[-103.02759,29.11602],[-103.03272,29.11517],[-103.03599,29.11396],[-103.03703,29.11258],[-103.03612,29.11078],[-103.03218,29.10699],[-103.03258,29.10414],[-103.03334,29.10189],[-103.03603,29.09874],[-103.03932,29.09704],[-103.04481,29.09545],[-103.04733,29.09585],[-103.04873,29.09742],[-103.05265,29.09975],[-103.05465,29.10064],[-103.05867,29.09581],[-103.06425,29.09145],[-103.06642,29.09164],[-103.06863,29.09328],[-103.07043,29.09366],[-103.07199,29.09273],[-103.0761,29.09132],[-103.08011,29.08687],[-103.07663,29.07977],[-103.07685,29.07606],[-103.07896,29.07374],[-103.0852,29.06949],[-103.08742,29.06711],[-103.08539,29.0586],[-103.0859,29.05374],[-103.09031,29.05375],[-103.0919,29.05781],[-103.09157,29.06306],[-103.09177,29.06413],[-103.0933,29.06486],[-103.09548,29.06473],[-103.0974,29.06056],[-103.10013,29.06067],[-103.10027,29.0577],[-103.10036,29.05187],[-103.10136,29.049],[-103.10397,29.04637],[-103.10587,29.04245],[-103.10634,29.03762],[-103.10346,29.03266],[-103.10065,29.03091],[-103.09785,29.02704],[-103.10161,29.01812],[-103.10781,29.01381],[-103.11724,29.00021],[-103.11605,28.99461],[-103.11392,28.98855],[-103.11533,28.98527],[-103.11883,28.98371],[-103.12299,28.98443],[-103.12675,28.98212],[-103.13137,28.98395],[-103.13493,28.98353],[-103.14327,28.97807],[-103.15143,28.9751],[-103.1527,28.97266],[-103.15461,28.97161],[-103.15665,28.97283],[-103.15973,28.97378],[-103.16387,28.9721],[-103.16592,28.974],[-103.16578,28.9775],[-103.1688,28.97947],[-103.17082,28.98057],[-103.17303,28.98016],[-103.17461,28.97774],[-103.17675,28.97807],[-103.17971,28.98183],[-103.19118,28.98409],[-103.19932,28.98607],[-103.20241,28.98719],[-103.20752,28.98654],[-103.2114,28.98743],[-103.21478,28.98773],[-103.21763,28.98621],[-103.21898,28.98565],[-103.21967,28.98352],[-103.22159,28.98437],[-103.22394,28.98785],[-103.22555,28.98998],[-103.2278,28.99153],[-103.23025,28.98853],[-103.2335,28.98601],[-103.23599,28.98478],[-103.23763,28.98186],[-103.24388,28.98123],[-103.24959,28.98052],[-103.25098,28.98131],[-103.25156,28.98437],[-103.25329,28.98669],[-103.26126,28.99266],[-103.26633,28.99598],[-103.26814,28.99498],[-103.26948,28.99295],[-103.26953,28.99068],[-103.27036,28.98811],[-103.27139,28.98536],[-103.27336,28.98284],[-103.27703,28.97994],[-103.27934,28.977],[-103.28346,28.97695],[-103.2874,28.97865],[-103.2883,28.98138],[-103.28445,28.98233],[-103.28229,28.98449],[-103.28155,28.9877],[-103.28262,28.99161],[-103.28393,28.99501],[-103.28616,29.00026],[-103.28785,29.00224],[-103.29241,29.00419],[-103.29554,29.00625],[-103.29898,29.00668],[-103.30057,29.00827],[-103.30299,29.00773],[-103.30827,29.0034],[-103.31099,29.00474],[-103.3145,29.00781],[-103.31594,29.01039],[-103.3156,29.01225],[-103.31275,29.01296],[-103.31066,29.0149],[-103.30803,29.01888],[-103.30681,29.02221],[-103.30828,29.025],[-103.3123,29.02613],[-103.31521,29.02559],[-103.31898,29.02139],[-103.32018,29.01927],[-103.32251,29.01828],[-103.32568,29.01644],[-103.33122,29.01633],[-103.33508,29.01751],[-103.3383,29.01977],[-103.34081,29.02427],[-103.34205,29.0282],[-103.34021,29.02864],[-103.3386,29.02774],[-103.33647,29.02746],[-103.33418,29.02872],[-103.33147,29.02942],[-103.32861,29.03039],[-103.32728,29.03339],[-103.32719,29.03895],[-103.32937,29.04218],[-103.33087,29.04296],[-103.33312,29.04381],[-103.33871,29.04327],[-103.34051,29.04494],[-103.34229,29.04617],[-103.34368,29.04637],[-103.3449,29.04516],[-103.3478,29.04026],[-103.34946,29.03523],[-103.35082,29.02857],[-103.3528,29.02583],[-103.3539,29.02222],[-103.36032,29.0185],[-103.36676,29.02023],[-103.37389,29.02352],[-103.37728,29.02318],[-103.38127,29.02415],[-103.38424,29.02415],[-103.3865,29.02165],[-103.38769,29.02295],[-103.38808,29.02444],[-103.38721,29.02824],[-103.38772,29.03224],[-103.38843,29.03386],[-103.38964,29.03436],[-103.39301,29.0346],[-103.39498,29.03258],[-103.40077,29.03102],[-103.40245,29.03213],[-103.40344,29.03448],[-103.40467,29.03928],[-103.40881,29.03963],[-103.41188,29.03813],[-103.41541,29.03788],[-103.4174,29.04106],[-103.42012,29.04267],[-103.42356,29.04349],[-103.42775,29.04233],[-103.43223,29.04368],[-103.43075,29.04529],[-103.42868,29.04869],[-103.43083,29.05078],[-103.43354,29.05199],[-103.43467,29.05532],[-103.434,29.05708],[-103.43662,29.05802],[-103.44027,29.05763],[-103.44408,29.06017],[-103.4484,29.06378],[-103.44989,29.06539],[-103.45056,29.07026],[-103.44993,29.07271],[-103.45375,29.07241],[-103.45846,29.07263],[-103.46112,29.07247],[-103.46235,29.07169],[-103.45947,29.0687],[-103.45945,29.06725],[-103.46134,29.06738],[-103.46629,29.06642],[-103.47011,29.06619],[-103.47298,29.06835],[-103.47363,29.0711],[-103.46982,29.08017],[-103.47021,29.08553],[-103.47482,29.08667],[-103.47626,29.08809],[-103.47538,29.08957],[-103.47556,29.091],[-103.47696,29.09173],[-103.47855,29.09125],[-103.48068,29.0917],[-103.48443,29.09452],[-103.49461,29.10842],[-103.49745,29.10849],[-103.49968,29.10952],[-103.50046,29.1113],[-103.49951,29.11287],[-103.50015,29.1159],[-103.50147,29.11623],[-103.50416,29.11586],[-103.50669,29.1164],[-103.50812,29.1176],[-103.51104,29.12061],[-103.51448,29.12133],[-103.51748,29.12011],[-103.52154,29.12],[-103.52461,29.121],[-103.52354,29.12608],[-103.52379,29.13278],[-103.52285,29.13404],[-103.52302,29.13525],[-103.524,29.13643],[-103.53508,29.14279],[-103.53821,29.14413],[-103.53956,29.1461],[-103.54159,29.14594],[-103.54467,29.14484],[-103.54805,29.14229],[-103.55069,29.14413],[-103.55273,29.14701],[-103.55236,29.15093],[-103.55003,29.15378],[-103.55049,29.15625],[-103.55257,29.15733],[-103.55421,29.1579],[-103.55611,29.15599],[-103.5614,29.1553],[-103.56542,29.15416],[-103.56697,29.15501],[-103.5695,29.15542],[-103.57196,29.15411],[-103.57421,29.1535],[-103.57807,29.15013],[-103.58286,29.14939],[-103.58602,29.15011],[-103.59236,29.15026],[-103.59628,29.15191],[-103.60059,29.15788],[-103.60318,29.1581],[-103.60644,29.16041],[-103.6087,29.16465],[-103.61054,29.16577],[-103.61788,29.16349],[-103.62528,29.16321],[-103.62923,29.16271],[-103.6303,29.16197],[-103.63102,29.16013],[-103.63402,29.15858],[-103.63759,29.16053],[-103.63976,29.1612],[-103.6418,29.16071],[-103.64563,29.15929],[-103.64807,29.15698],[-103.6499,29.15641],[-103.65185,29.15749],[-103.6508,29.16111],[-103.65318,29.16286],[-103.65681,29.1691],[-103.6602,29.17093],[-103.66433,29.17088],[-103.66628,29.17188],[-103.66861,29.17389],[-103.67128,29.17328],[-103.67774,29.17388],[-103.68255,29.17628],[-103.68628,29.17635],[-103.68787,29.17856],[-103.6908,29.17824],[-103.69405,29.1769],[-103.69731,29.17719],[-103.69965,29.17812],[-103.70024,29.17936],[-103.70425,29.18469],[-103.70629,29.1851],[-103.70735,29.18371],[-103.70854,29.18483],[-103.71377,29.18501],[-103.71551,29.18127],[-103.71776,29.18056],[-103.71918,29.18139],[-103.71985,29.18328],[-103.72284,29.18917],[-103.72554,29.19267],[-103.72841,29.19272],[-103.72961,29.19464],[-103.72946,29.19653],[-103.73047,29.19794],[-103.73389,29.19968],[-103.73779,29.20263],[-103.74218,29.20861],[-103.74318,29.21508],[-103.7411,29.21757],[-103.74092,29.21942],[-103.74225,29.22169],[-103.74379,29.22191],[-103.74953,29.21975],[-103.7541,29.21952],[-103.75736,29.22067],[-103.75766,29.2231],[-103.75515,29.22476],[-103.75454,29.2275],[-103.75855,29.23294],[-103.76073,29.23343],[-103.76278,29.23275],[-103.76386,29.23156],[-103.76741,29.22844],[-103.76851,29.22727],[-103.76753,29.22583],[-103.76944,29.22127],[-103.77096,29.21953],[-103.77446,29.21989],[-103.7767,29.22005],[-103.77738,29.22181],[-103.77771,29.22389],[-103.78205,29.22798],[-103.78099,29.23334],[-103.78066,29.23738],[-103.78168,29.24128],[-103.78072,29.24382],[-103.77807,29.24318],[-103.77592,29.24411],[-103.77507,29.24795],[-103.77848,29.25204],[-103.77881,29.25561],[-103.7816,29.26111],[-103.78405,29.26547],[-103.78822,29.26548],[-103.79257,29.26256],[-103.79586,29.25972],[-103.79991,29.25857],[-103.80524,29.26046],[-103.80904,29.26639],[-103.80761,29.27016],[-103.81011,29.27305],[-103.81337,29.27397],[-103.81534,29.27335],[-103.82047,29.27073],[-103.82379,29.26999],[-103.82621,29.2692],[-103.82769,29.26988],[-103.82964,29.27097],[-103.83377,29.27246],[-103.83682,29.27395],[-103.83784,29.27574],[-103.83671,29.27705],[-103.8383,29.2783],[-103.85689,29.28185],[-103.86334,29.27922],[-103.86538,29.28189],[-103.86894,29.28065],[-103.87113,29.28158],[-103.87336,29.28345],[-103.88061,29.28496],[-103.88486,29.28423],[-103.88626,29.28056],[-103.88871,29.27898],[-103.89297,29.28155],[-103.89929,29.28741],[-103.90357,29.28698],[-103.90799,29.28507],[-103.91208,29.28374],[-103.91711,29.28422],[-103.91891,29.28504],[-103.9188,29.28653],[-103.91782,29.28793],[-103.91847,29.29003],[-103.92173,29.29211],[-103.92342,29.29337],[-103.92637,29.2944],[-103.92827,29.29375],[-103.93228,29.29354],[-103.93774,29.29283],[-103.9437,29.29495],[-103.9506,29.29586],[-103.95244,29.29759],[-103.95458,29.29689],[-103.96139,29.29866],[-103.96336,29.29815],[-103.9658,29.29859],[-103.96765,29.30003],[-103.96981,29.2973],[-103.97229,29.296],[-103.97523,29.29602],[-103.98334,29.29918],[-103.98499,29.30076],[-103.99323,29.30428],[-104.00068,29.30534],[-104.00232,29.30672],[-104.00865,29.30841],[-104.01624,29.31214],[-104.0194,29.31185],[-104.03828,29.32016],[-104.03951,29.32192],[-104.04522,29.32516],[-104.04757,29.32593],[-104.0556,29.33091],[-104.05669,29.33362],[-104.05622,29.33572],[-104.05555,29.33731],[-104.05724,29.33769],[-104.06629,29.34083],[-104.06936,29.34296],[-104.07215,29.34592],[-104.07429,29.34641],[-104.07592,29.34508],[-104.08215,29.34592],[-104.08647,29.35061],[-104.09102,29.35369],[-104.08957,29.35577],[-104.0897,29.35759],[-104.0906,29.35962],[-104.09333,29.35993],[-104.09448,29.36118],[-104.09725,29.36142],[-104.09812,29.36232],[-104.098,29.36628],[-104.10093,29.36746],[-104.10299,29.37031],[-104.10647,29.37313],[-104.10956,29.37409],[-104.1128,29.37371],[-104.11511,29.3729],[-104.11702,29.3711],[-104.12132,29.37142],[-104.12174,29.37745],[-104.12322,29.38048],[-104.12597,29.37945],[-104.12798,29.37825],[-104.13076,29.37926],[-104.13099,29.38171],[-104.1328,29.38333],[-104.13492,29.38422],[-104.13711,29.38344],[-104.13796,29.38214],[-104.13729,29.37993],[-104.1382,29.37856],[-104.13988,29.37804],[-104.14175,29.37821],[-104.14282,29.38121],[-104.14315,29.38332],[-104.14241,29.38495],[-104.14298,29.38716],[-104.14363,29.3884],[-104.14501,29.38728],[-104.14644,29.38543],[-104.14837,29.3851],[-104.15016,29.3859],[-104.15205,29.38891],[-104.15146,29.38987],[-104.15138,29.39122],[-104.15354,29.39331],[-104.1552,29.39457],[-104.15657,29.39394],[-104.15634,29.39081],[-104.15835,29.39005],[-104.16074,29.38988],[-104.16232,29.39163],[-104.165,29.39272],[-104.16744,29.39474],[-104.16843,29.39649],[-104.16629,29.39885],[-104.16454,29.40035],[-104.16525,29.40191],[-104.16609,29.40204],[-104.16793,29.40147],[-104.1694,29.40187],[-104.17113,29.40378],[-104.17066,29.40533],[-104.16941,29.4078],[-104.17086,29.40903],[-104.17344,29.41003],[-104.17494,29.40947],[-104.17732,29.40948],[-104.18003,29.41111],[-104.18007,29.41276],[-104.18067,29.41469],[-104.18208,29.41497],[-104.18327,29.41623],[-104.18392,29.41784],[-104.1831,29.4202],[-104.1809,29.42257],[-104.18094,29.42492],[-104.18153,29.42701],[-104.18401,29.42775],[-104.18599,29.42823],[-104.1873,29.42967],[-104.18888,29.43211],[-104.19061,29.43332],[-104.19292,29.43527],[-104.19377,29.43737],[-104.19282,29.43925],[-104.19383,29.44134],[-104.19755,29.44277],[-104.20819,29.4482],[-104.21117,29.44975],[-104.21253,29.45244],[-104.21564,29.45408],[-104.21813,29.45773],[-104.21659,29.45932],[-104.21348,29.46206],[-104.21243,29.46532],[-104.21282,29.46793],[-104.21075,29.47243],[-104.21094,29.47696],[-104.20903,29.48097],[-104.21111,29.48253],[-104.213,29.48413],[-104.21631,29.48446],[-104.21903,29.48341],[-104.22274,29.48261],[-104.22565,29.48183],[-104.22724,29.48028],[-104.22937,29.47905],[-104.2311,29.47907],[-104.23382,29.48654],[-104.23349,29.49273],[-104.23585,29.49674],[-104.23885,29.4983],[-104.24004,29.49732],[-104.24555,29.50099],[-104.24707,29.50293],[-104.25131,29.50527],[-104.25429,29.50671],[-104.2583,29.5061],[-104.26027,29.5065],[-104.26155,29.50769],[-104.26228,29.5102],[-104.2613,29.51096],[-104.26174,29.51346],[-104.266,29.51436],[-104.26828,29.51349],[-104.2704,29.51451],[-104.27073,29.51567],[-104.27535,29.51684],[-104.2789,29.5169],[-104.29193,29.51946],[-104.29263,29.52189],[-104.2942,29.52321],[-104.29679,29.52413],[-104.30427,29.52403],[-104.30858,29.52338],[-104.31171,29.52348],[-104.31059,29.52708],[-104.31095,29.52879],[-104.31284,29.5314],[-104.31548,29.53275],[-104.31814,29.5322],[-104.32066,29.52985],[-104.32062,29.52407],[-104.32179,29.5218],[-104.32589,29.52322],[-104.33073,29.52266],[-104.334,29.51958],[-104.33622,29.51933],[-104.33811,29.51997],[-104.35753,29.5324],[-104.3674,29.54011],[-104.36995,29.54285],[-104.37203,29.54386],[-104.37504,29.54375],[-104.37844,29.5418],[-104.38104,29.54341],[-104.39459,29.55609],[-104.39383,29.55904],[-104.39435,29.56054],[-104.39749,29.56759],[-104.39685,29.56896],[-104.39754,29.57075],[-104.39959,29.57232],[-104.4523,29.60366],[-104.45512,29.60647],[-104.45729,29.60914],[-104.46073,29.60895],[-104.46313,29.60992],[-104.46652,29.6093],[-104.46744,29.61187],[-104.46714,29.61399],[-104.46543,29.61553],[-104.46565,29.61856],[-104.46753,29.61906],[-104.47129,29.6185],[-104.47261,29.61789],[-104.47397,29.61881],[-104.47411,29.62118],[-104.47489,29.62382],[-104.47625,29.62529],[-104.47643,29.62676],[-104.47599,29.62798],[-104.47849,29.6284],[-104.48219,29.62773],[-104.4846,29.62797],[-104.4864,29.62916],[-104.48743,29.63124],[-104.48696,29.63298],[-104.48782,29.63402],[-104.49006,29.63394],[-104.49258,29.6341],[-104.49479,29.63375],[-104.49641,29.63494],[-104.49677,29.63707],[-104.49617,29.63881],[-104.49787,29.63966],[-104.50087,29.63872],[-104.50245,29.63751],[-104.50469,29.63741],[-104.50709,29.63688],[-104.50563,29.63404],[-104.50712,29.63235],[-104.50902,29.63328],[-104.51044,29.63537],[-104.51293,29.63725],[-104.51574,29.64055],[-104.51285,29.64284],[-104.50987,29.64365],[-104.51068,29.64549],[-104.5123,29.64661],[-104.51512,29.64708],[-104.51728,29.64712],[-104.51847,29.64915],[-104.51744,29.64983],[-104.51725,29.65169],[-104.5163,29.65236],[-104.51751,29.65333],[-104.51941,29.65412],[-104.52155,29.65671],[-104.52327,29.65855],[-104.52489,29.6592],[-104.52523,29.66179],[-104.52478,29.66504],[-104.52513,29.66618],[-104.5259,29.66802],[-104.52753,29.66741],[-104.52867,29.66787],[-104.52861,29.66979],[-104.53012,29.67063],[-104.53203,29.67057],[-104.53328,29.66887],[-104.53257,29.66727],[-104.53436,29.6661],[-104.53628,29.66734],[-104.53565,29.67054],[-104.53535,29.67331],[-104.53947,29.67859],[-104.54223,29.67985],[-104.54419,29.681],[-104.54353,29.6827],[-104.54062,29.68483],[-104.53772,29.68449],[-104.53377,29.68561],[-104.53045,29.68954],[-104.53068,29.69139],[-104.5361,29.693],[-104.54383,29.6963],[-104.54361,29.69783],[-104.54595,29.69961],[-104.54327,29.70362],[-104.54622,29.7092],[-104.54435,29.70987],[-104.54391,29.71119],[-104.54545,29.71376],[-104.54779,29.71441],[-104.54481,29.71553],[-104.5456,29.71704],[-104.54748,29.71769],[-104.54985,29.71619],[-104.55224,29.71712],[-104.55121,29.71932],[-104.54945,29.71982],[-104.54912,29.72077],[-104.55237,29.72323],[-104.55178,29.72531],[-104.54906,29.72719],[-104.54901,29.72882],[-104.54966,29.73105],[-104.55245,29.73189],[-104.5556,29.73122],[-104.55653,29.73296],[-104.55568,29.73477],[-104.55702,29.73545],[-104.55891,29.73478],[-104.56049,29.73535],[-104.56025,29.73671],[-104.55877,29.7381],[-104.55572,29.73808],[-104.55418,29.73863],[-104.55218,29.73844],[-104.55026,29.73809],[-104.5498,29.74064],[-104.55186,29.74206],[-104.55388,29.74305],[-104.55539,29.74187],[-104.55696,29.74533],[-104.56004,29.74721],[-104.56403,29.749],[-104.56831,29.75119],[-104.57005,29.75286],[-104.56934,29.75599],[-104.56738,29.75688],[-104.56595,29.75879],[-104.56496,29.76145],[-104.56609,29.76499],[-104.56813,29.76585],[-104.56847,29.76694],[-104.56572,29.769],[-104.56569,29.77046],[-104.57066,29.77849],[-104.57349,29.78025],[-104.57406,29.78138],[-104.57897,29.783],[-104.57824,29.78763],[-104.57981,29.78877],[-104.57987,29.79079],[-104.58246,29.7925],[-104.58116,29.79346],[-104.58151,29.79511],[-104.58356,29.79584],[-104.58641,29.79623],[-104.58921,29.79576],[-104.59095,29.79841],[-104.59047,29.79967],[-104.58891,29.79953],[-104.58673,29.80063],[-104.58632,29.80316],[-104.58915,29.80604],[-104.59106,29.80943],[-104.59247,29.81028],[-104.59402,29.80922],[-104.59236,29.80695],[-104.59316,29.8061],[-104.59509,29.8051],[-104.5965,29.80847],[-104.59915,29.81101],[-104.60044,29.81572],[-104.60332,29.81732],[-104.60412,29.81562],[-104.60694,29.8171],[-104.60699,29.81885],[-104.61008,29.81936],[-104.60828,29.82819],[-104.61044,29.8275],[-104.61359,29.8279],[-104.61434,29.82995],[-104.61786,29.82945],[-104.6195,29.83008],[-104.62026,29.83308],[-104.61508,29.83314],[-104.6105,29.83628],[-104.60944,29.83975],[-104.61097,29.8412],[-104.6138,29.84599],[-104.61577,29.84613],[-104.61904,29.84445],[-104.61924,29.84218],[-104.62112,29.8418],[-104.62463,29.84268],[-104.62435,29.84522],[-104.62148,29.8473],[-104.62157,29.8495],[-104.62242,29.85097],[-104.6266,29.85092],[-104.62893,29.85167],[-104.6301,29.85331],[-104.63017,29.86462],[-104.63165,29.86775],[-104.63327,29.87048],[-104.63633,29.87251],[-104.6371,29.87366],[-104.63979,29.87342],[-104.64163,29.87425],[-104.64186,29.87587],[-104.64611,29.87854],[-104.64576,29.88155],[-104.64702,29.88385],[-104.6508,29.88655],[-104.65228,29.88844],[-104.64999,29.89147],[-104.65333,29.8923],[-104.65362,29.89057],[-104.65678,29.88933],[-104.65865,29.89156],[-104.65784,29.8953],[-104.65893,29.89849],[-104.65904,29.90141],[-104.65599,29.90223],[-104.6548,29.9042],[-104.65594,29.90621],[-104.65896,29.90501],[-104.66245,29.90533],[-104.66164,29.9026],[-104.66426,29.9011],[-104.66559,29.90171],[-104.66602,29.90448],[-104.66584,29.90895],[-104.67041,29.91182],[-104.67412,29.91053],[-104.67728,29.91353],[-104.67616,29.916],[-104.6776,29.91887],[-104.67983,29.92092],[-104.67977,29.92466],[-104.67858,29.92664],[-104.68022,29.92774],[-104.68324,29.92945],[-104.68101,29.93],[-104.67943,29.93195],[-104.67986,29.93369],[-104.68212,29.93455],[-104.68268,29.9357],[-104.68133,29.93821],[-104.68042,29.93901],[-104.67874,29.93821],[-104.67795,29.941],[-104.67813,29.94375],[-104.68065,29.94561],[-104.68067,29.94703],[-104.67899,29.9473],[-104.6784,29.94916],[-104.67726,29.95021],[-104.67792,29.95204],[-104.67429,29.95079],[-104.67334,29.95428],[-104.67364,29.95677],[-104.67911,29.95574],[-104.68032,29.95698],[-104.68432,29.95609],[-104.68526,29.95699],[-104.68387,29.95997],[-104.6832,29.96565],[-104.68232,29.96707],[-104.6819,29.9694],[-104.68547,29.9704],[-104.683,29.97151],[-104.68244,29.97356],[-104.68011,29.97422],[-104.68015,29.977],[-104.68265,29.97698],[-104.6848,29.97509],[-104.68862,29.97356],[-104.69194,29.97386],[-104.69206,29.97603],[-104.69085,29.97805],[-104.68831,29.98017],[-104.68883,29.98213],[-104.68827,29.98472],[-104.68624,29.98478],[-104.68548,29.98994],[-104.68748,29.99076],[-104.69177,29.99151],[-104.69337,29.99404],[-104.6885,29.99373],[-104.68719,29.99682],[-104.68859,29.99902],[-104.68872,30.00198],[-104.69016,30.00371],[-104.69193,30.00184],[-104.69394,30.00177],[-104.69327,30.00608],[-104.69385,30.00729],[-104.69067,30.00818],[-104.68956,30.01046],[-104.68964,30.01495],[-104.69359,30.01908],[-104.6976,30.01944],[-104.70231,30.02132],[-104.704,30.02421],[-104.70049,30.0337],[-104.7011,30.03553],[-104.69577,30.03732],[-104.69719,30.04028],[-104.69934,30.04228],[-104.70472,30.04815],[-104.70629,30.04917],[-104.70687,30.05069],[-104.70368,30.05534],[-104.70525,30.05855],[-104.70221,30.06019],[-104.70358,30.06453],[-104.69823,30.06529],[-104.69548,30.06668],[-104.6939,30.06891],[-104.69105,30.07063],[-104.69306,30.07144],[-104.69361,30.07325],[-104.69263,30.0742],[-104.68802,30.07347],[-104.68662,30.07636],[-104.69003,30.07586],[-104.69077,30.07802],[-104.68576,30.08233],[-104.68669,30.08374],[-104.685,30.08564],[-104.68662,30.08734],[-104.68798,30.08591],[-104.68945,30.08529],[-104.68895,30.08749],[-104.69016,30.08971],[-104.68695,30.09033],[-104.6855,30.09321],[-104.68569,30.09596],[-104.68481,30.1001],[-104.68667,30.09914],[-104.68779,30.09681],[-104.68897,30.09496],[-104.69001,30.09634],[-104.69215,30.09608],[-104.69206,30.09907],[-104.69438,30.10189],[-104.69322,30.10332],[-104.69209,30.1073],[-104.69174,30.10872],[-104.69003,30.10787],[-104.69005,30.10621],[-104.68707,30.10534],[-104.68608,30.10687],[-104.68584,30.11067],[-104.69171,30.11138],[-104.69161,30.1158],[-104.68976,30.11613],[-104.69098,30.11789],[-104.6932,30.11837],[-104.6937,30.11696],[-104.69508,30.11781],[-104.69426,30.11998],[-104.69402,30.1223],[-104.69568,30.12561],[-104.69505,30.12973],[-104.69537,30.13213],[-104.6964,30.13375],[-104.69642,30.13502],[-104.69491,30.13453],[-104.69317,30.13543],[-104.69212,30.13866],[-104.69047,30.13861],[-104.68874,30.13772],[-104.68973,30.14063],[-104.68832,30.14179],[-104.68629,30.14146],[-104.68637,30.14245],[-104.6854,30.14453],[-104.68569,30.14558],[-104.68823,30.14529],[-104.68965,30.14608],[-104.68827,30.14747],[-104.68918,30.14837],[-104.69006,30.14972],[-104.68727,30.15107],[-104.68704,30.15274],[-104.68956,30.1541],[-104.6877,30.159],[-104.68751,30.1622],[-104.6884,30.16513],[-104.68818,30.16719],[-104.68711,30.1687],[-104.68633,30.17328],[-104.68798,30.17639],[-104.68672,30.17862],[-104.6873,30.17946],[-104.69076,30.18304],[-104.69269,30.18709],[-104.69302,30.18908],[-104.69597,30.19024],[-104.69723,30.1918],[-104.69612,30.19496],[-104.69704,30.1978],[-104.69967,30.19872],[-104.70046,30.2055],[-104.70193,30.20638],[-104.70398,30.2067],[-104.70508,30.2085],[-104.70279,30.21174],[-104.70248,30.21278],[-104.70526,30.21693],[-104.70793,30.21854],[-104.71124,30.22292],[-104.71142,30.22432],[-104.70807,30.22608],[-104.70597,30.235],[-104.70878,30.23571],[-104.71317,30.23796],[-104.71488,30.24105],[-104.71833,30.24424],[-104.71888,30.2469],[-104.72159,30.24789],[-104.7243,30.25005],[-104.72398,30.25161],[-104.72415,30.25305],[-104.72752,30.25444],[-104.72896,30.25696],[-104.73032,30.25894],[-104.73382,30.26122],[-104.73736,30.26138],[-104.73687,30.25923],[-104.73708,30.25814],[-104.736,30.25697],[-104.73709,30.25593],[-104.73927,30.25767],[-104.74045,30.25945],[-104.74966,30.26126],[-104.75157,30.26364],[-104.75018,30.26595],[-104.74808,30.27269],[-104.74848,30.27429],[-104.75044,30.27166],[-104.7511,30.27388],[-104.75323,30.27356],[-104.75396,30.27218],[-104.75507,30.27185],[-104.75662,30.27419],[-104.7579,30.27404],[-104.75751,30.27169],[-104.75991,30.27165],[-104.7606,30.27231],[-104.75981,30.2739],[-104.76028,30.27448],[-104.7625,30.27444],[-104.76315,30.27508],[-104.76066,30.27704],[-104.75789,30.2824],[-104.75817,30.28591],[-104.75921,30.28825],[-104.75933,30.29371],[-104.76129,30.30061],[-104.76465,30.30333],[-104.76691,30.30357],[-104.76703,30.30584],[-104.77132,30.30361],[-104.77326,30.30269],[-104.77508,30.30416],[-104.77675,30.3044],[-104.77858,30.30336],[-104.7795,30.30345],[-104.77963,30.30573],[-104.77703,30.30685],[-104.77656,30.30964],[-104.77918,30.31287],[-104.78346,30.31633],[-104.78501,30.31654],[-104.7863,30.31598],[-104.78923,30.31873],[-104.7888,30.32184],[-104.79118,30.32198],[-104.7914,30.32552],[-104.79501,30.32719],[-104.79729,30.33034],[-104.80342,30.33095],[-104.80575,30.33276],[-104.80941,30.33343],[-104.81087,30.33273],[-104.81185,30.3336],[-104.81108,30.33514],[-104.8109,30.33763],[-104.81022,30.33917],[-104.80996,30.34137],[-104.81372,30.34375],[-104.81542,30.34367],[-104.81863,30.34738],[-104.81962,30.34679],[-104.82229,30.34966],[-104.8226,30.35127],[-104.82139,30.35197],[-104.8184,30.35187],[-104.81438,30.35349],[-104.81387,30.36039],[-104.81173,30.36123],[-104.81067,30.36275],[-104.81136,30.3667],[-104.81288,30.3669],[-104.81617,30.36586],[-104.81942,30.36817],[-104.81922,30.37105],[-104.81708,30.37228],[-104.81589,30.37372],[-104.8176,30.37575],[-104.81981,30.37479],[-104.82792,30.37305],[-104.83749,30.37391],[-104.83865,30.37585],[-104.84303,30.37825],[-104.84561,30.37921],[-104.8481,30.38377],[-104.85381,30.38532],[-104.85952,30.39041],[-104.85639,30.39503],[-104.85428,30.40068],[-104.85528,30.40138],[-104.85744,30.40896],[-104.85474,30.41138],[-104.85211,30.41224],[-104.85076,30.41396],[-104.84727,30.4139],[-104.8489,30.41773],[-104.84787,30.41998],[-104.84918,30.42156],[-104.84978,30.41965],[-104.85242,30.41879],[-104.85307,30.42051],[-104.85545,30.42089],[-104.85679,30.42182],[-104.85662,30.42424],[-104.85915,30.4262],[-104.8605,30.42575],[-104.86156,30.42666],[-104.86107,30.4289],[-104.8583,30.43164],[-104.85817,30.43321],[-104.85889,30.43477],[-104.85796,30.43727],[-104.86022,30.43991],[-104.862,30.44016],[-104.86499,30.44127],[-104.86793,30.44107],[-104.86759,30.44393],[-104.8654,30.44486],[-104.86585,30.44649],[-104.86446,30.44997],[-104.86584,30.45284],[-104.86848,30.45395],[-104.86987,30.45865],[-104.86871,30.46323],[-104.86612,30.46479],[-104.86609,30.46738],[-104.86672,30.46979],[-104.86938,30.47412],[-104.86919,30.47823],[-104.86951,30.47931],[-104.87115,30.47962],[-104.87211,30.48039],[-104.8695,30.48464],[-104.86725,30.48493],[-104.86738,30.48833],[-104.86637,30.49214],[-104.86676,30.49504],[-104.86986,30.4941],[-104.87383,30.49521],[-104.8728,30.49842],[-104.8722,30.50172],[-104.87341,30.50399],[-104.87234,30.50794],[-104.87192,30.51086],[-104.87308,30.51191],[-104.87353,30.51398],[-104.87679,30.511],[-104.87986,30.51779],[-104.88256,30.51633],[-104.88574,30.51845],[-104.88491,30.51979],[-104.88368,30.52064],[-104.88102,30.52053],[-104.88188,30.52224],[-104.88458,30.5237],[-104.88587,30.52463],[-104.88397,30.52616],[-104.88324,30.5246],[-104.88126,30.5237],[-104.88056,30.52893],[-104.882,30.53189],[-104.88938,30.53514],[-104.891,30.54111],[-104.88912,30.54194],[-104.88744,30.54397],[-104.88767,30.54652],[-104.88895,30.54691],[-104.89015,30.54596],[-104.89039,30.54754],[-104.88976,30.54904],[-104.89171,30.55027],[-104.89396,30.55072],[-104.89223,30.55142],[-104.89301,30.55302],[-104.89594,30.55289],[-104.89798,30.55461],[-104.89609,30.56223],[-104.8975,30.56619],[-104.89882,30.5681],[-104.899,30.5704],[-104.90109,30.57185],[-104.90203,30.57337],[-104.90507,30.57635],[-104.90716,30.57702],[-104.90764,30.58245],[-104.90962,30.58521],[-104.91333,30.58598],[-104.9169,30.58519],[-104.91876,30.58554],[-104.92132,30.58987],[-104.9202,30.59049],[-104.91879,30.59459],[-104.91906,30.59642],[-104.91872,30.59766],[-104.91983,30.59741],[-104.92125,30.59802],[-104.92194,30.59898],[-104.92182,30.6023],[-104.92293,30.60385],[-104.9248,30.60483],[-104.92664,30.60513],[-104.92822,30.60318],[-104.92993,30.5992],[-104.93426,30.59985],[-104.9364,30.60203],[-104.93675,30.60301],[-104.93848,30.60364],[-104.94019,30.60277],[-104.94106,30.60282],[-104.94149,30.60396],[-104.94299,30.60377],[-104.94353,30.60296],[-104.94539,30.60308],[-104.94649,30.6046],[-104.94795,30.60471],[-104.95082,30.60405],[-104.95216,30.60528],[-104.95387,30.60637],[-104.95376,30.60769],[-104.95492,30.6093],[-104.95989,30.61067],[-104.96349,30.60877],[-104.96727,30.60793],[-104.97207,30.61026],[-104.97551,30.61425],[-104.97429,30.61641],[-104.97536,30.6173],[-104.97653,30.61753],[-104.97776,30.61841],[-104.97863,30.62085],[-104.98029,30.62204],[-104.98014,30.62514],[-104.97952,30.62671],[-104.98,30.62948],[-104.98176,30.63004],[-104.98398,30.63521],[-104.9845,30.64125],[-104.98378,30.64263],[-104.98552,30.65006],[-104.98518,30.65313],[-104.98521,30.65544],[-104.9863,30.66106],[-104.98625,30.66288],[-104.99043,30.66337],[-104.99134,30.66518],[-104.99313,30.66501],[-104.99362,30.66579],[-104.99313,30.66695],[-104.99403,30.6686],[-104.99786,30.66898],[-104.99914,30.67097],[-105.00124,30.67258],[-105.00206,30.68097],[-105.00435,30.68308],[-105.00553,30.68304],[-105.00622,30.6856],[-105.00742,30.68645],[-105.01029,30.68464],[-105.0122,30.68388],[-105.01298,30.6825],[-105.01597,30.68278],[-105.0167,30.68472],[-105.01793,30.68517],[-105.02014,30.68364],[-105.02118,30.68149],[-105.02456,30.68148],[-105.02631,30.68063],[-105.02723,30.67888],[-105.02878,30.68026],[-105.03158,30.68073],[-105.03374,30.68305],[-105.03594,30.68664],[-105.03974,30.68869],[-105.04127,30.68887],[-105.04271,30.68735],[-105.04456,30.68781],[-105.04515,30.68886],[-105.0457,30.6889],[-105.04699,30.68839],[-105.04724,30.68762],[-105.04561,30.68574],[-105.04438,30.68329],[-105.04578,30.68188],[-105.04524,30.68061],[-105.04549,30.67989],[-105.04845,30.68051],[-105.04754,30.6817],[-105.04871,30.68251],[-105.05081,30.68217],[-105.05173,30.68152],[-105.05502,30.68208],[-105.05555,30.68241],[-105.05466,30.68388],[-105.05426,30.68526],[-105.05564,30.68554],[-105.0567,30.68786],[-105.059,30.68811],[-105.06,30.68721],[-105.06,30.68624],[-105.06158,30.68574],[-105.06233,30.6863],[-105.0635,30.68869],[-105.06301,30.69098],[-105.06173,30.69446],[-105.06171,30.69602],[-105.06266,30.69702],[-105.06232,30.69789],[-105.06263,30.69858],[-105.06402,30.69842],[-105.06527,30.69841],[-105.06708,30.69946],[-105.06788,30.70103],[-105.06815,30.70365],[-105.06878,30.70358],[-105.06924,30.70224],[-105.07049,30.70178],[-105.07244,30.70177],[-105.07349,30.70155],[-105.07458,30.70188],[-105.0756,30.70184],[-105.0768,30.70126],[-105.0774,30.70001],[-105.0784,30.6997],[-105.07944,30.6998],[-105.08054,30.69964],[-105.08113,30.70034],[-105.08077,30.70124],[-105.08092,30.70148],[-105.08174,30.70128],[-105.08239,30.70139],[-105.08261,30.70187],[-105.08244,30.70238],[-105.08186,30.70298],[-105.08033,30.70317],[-105.07965,30.70369],[-105.07926,30.70482],[-105.07954,30.70566],[-105.08043,30.70628],[-105.0802,30.70724],[-105.08044,30.70808],[-105.08129,30.70854],[-105.0824,30.70865],[-105.08299,30.70969],[-105.08357,30.71001],[-105.08718,30.70975],[-105.08782,30.71066],[-105.08784,30.71165],[-105.08743,30.71239],[-105.08698,30.71426],[-105.08716,30.71482],[-105.0878,30.71561],[-105.08895,30.7159],[-105.09014,30.71681],[-105.09106,30.71718],[-105.09295,30.71717],[-105.09369,30.71702],[-105.09503,30.71711],[-105.09531,30.71606],[-105.09621,30.71592],[-105.09679,30.71622],[-105.09818,30.71648],[-105.09852,30.71677],[-105.09868,30.71778],[-105.09828,30.71891],[-105.09838,30.72004],[-105.09928,30.72087],[-105.09952,30.72177],[-105.09996,30.72221],[-105.10092,30.72254],[-105.10245,30.72253],[-105.1043,30.72303],[-105.10544,30.72368],[-105.10557,30.72445],[-105.10502,30.72488],[-105.1039,30.7253],[-105.10338,30.72617],[-105.1034,30.72706],[-105.10389,30.72783],[-105.1033,30.72881],[-105.10383,30.72948],[-105.10479,30.7299],[-105.10593,30.73061],[-105.10692,30.73037],[-105.1076,30.72994],[-105.10881,30.73009],[-105.11018,30.73129],[-105.11041,30.73212],[-105.11146,30.73271],[-105.11182,30.73326],[-105.11159,30.73608],[-105.11071,30.73775],[-105.11092,30.73871],[-105.1099,30.73926],[-105.10991,30.74001],[-105.11044,30.74029],[-105.11203,30.74025],[-105.11225,30.74067],[-105.1116,30.74192],[-105.11095,30.74258],[-105.11068,30.74337],[-105.11382,30.746],[-105.11498,30.74548],[-105.11619,30.74456],[-105.11593,30.74358],[-105.11709,30.74299],[-105.11994,30.74323],[-105.12053,30.74406],[-105.12086,30.74522],[-105.12065,30.74629],[-105.11943,30.74752],[-105.11951,30.74819],[-105.1191,30.74856],[-105.11802,30.74908],[-105.1183,30.74973],[-105.11926,30.74999],[-105.12003,30.74998],[-105.12099,30.74962],[-105.12327,30.7495],[-105.12428,30.74923],[-105.12548,30.74807],[-105.12723,30.74777],[-105.12848,30.74836],[-105.12906,30.74999],[-105.13021,30.75057],[-105.13282,30.75064],[-105.13535,30.75144],[-105.13722,30.75174],[-105.13827,30.75252],[-105.13971,30.753],[-105.14057,30.75221],[-105.14139,30.75288],[-105.14177,30.75413],[-105.14256,30.75498],[-105.14377,30.75521],[-105.14715,30.75365],[-105.14849,30.75235],[-105.15236,30.75145],[-105.15653,30.75393],[-105.15818,30.75286],[-105.16113,30.75206],[-105.16174,30.7525],[-105.16194,30.75351],[-105.16126,30.75479],[-105.1613,30.75626],[-105.16052,30.75771],[-105.15874,30.75939],[-105.15776,30.76166],[-105.15764,30.76657],[-105.15612,30.76958],[-105.15648,30.76999],[-105.15901,30.77101],[-105.1607,30.77032],[-105.16281,30.77072],[-105.16482,30.77249],[-105.16573,30.77392],[-105.16666,30.77658],[-105.16876,30.77594],[-105.1694,30.77408],[-105.17072,30.77173],[-105.1725,30.77053],[-105.17381,30.76817],[-105.17392,30.76765],[-105.17537,30.76742],[-105.17683,30.76815],[-105.17757,30.76929],[-105.17937,30.77115],[-105.1803,30.77337],[-105.18228,30.77637],[-105.18344,30.77664],[-105.1844,30.77652],[-105.18514,30.77772],[-105.18517,30.78059],[-105.18439,30.78148],[-105.18521,30.78199],[-105.1856,30.78326],[-105.18624,30.78471],[-105.18743,30.78478],[-105.19041,30.78554],[-105.19099,30.78597],[-105.19231,30.78892],[-105.19276,30.79013],[-105.19437,30.79103],[-105.19514,30.79214],[-105.19576,30.79221],[-105.1991,30.78902],[-105.20051,30.78737],[-105.20276,30.78805],[-105.2047,30.78755],[-105.20695,30.78587],[-105.20702,30.78432],[-105.20922,30.78263],[-105.20999,30.78265],[-105.21143,30.7818],[-105.21413,30.78263],[-105.21432,30.78335],[-105.21857,30.78524],[-105.21978,30.78642],[-105.22015,30.78776],[-105.22005,30.7889],[-105.2184,30.79174],[-105.21694,30.79338],[-105.21521,30.79286],[-105.21317,30.79315],[-105.21148,30.79448],[-105.21148,30.79538],[-105.2107,30.79688],[-105.20992,30.79707],[-105.20959,30.79781],[-105.21027,30.79842],[-105.21112,30.79958],[-105.21264,30.80006],[-105.2138,30.80171],[-105.21401,30.80245],[-105.2138,30.80348],[-105.21502,30.80589],[-105.21671,30.8058],[-105.21767,30.80596],[-105.21841,30.80567],[-105.2199,30.80435],[-105.2234,30.80083],[-105.22479,30.80057],[-105.22577,30.79957],[-105.22789,30.7992],[-105.22905,30.80029],[-105.22835,30.80172],[-105.22839,30.80287],[-105.23002,30.80383],[-105.2309,30.80372],[-105.23213,30.80308],[-105.23385,30.80302],[-105.2344,30.80266],[-105.23557,30.80275],[-105.23633,30.80315],[-105.2375,30.80353],[-105.2383,30.8036],[-105.23889,30.80259],[-105.23971,30.80227],[-105.24178,30.80218],[-105.24296,30.80149],[-105.24375,30.80024],[-105.24448,30.79981],[-105.24562,30.80043],[-105.24766,30.80019],[-105.2501,30.79915],[-105.25124,30.79759],[-105.25283,30.79581],[-105.25391,30.79587],[-105.25554,30.79518],[-105.25668,30.79444],[-105.25794,30.79471],[-105.2592,30.7965],[-105.26123,30.7985],[-105.26383,30.79994],[-105.2655,30.80255],[-105.26566,30.80514],[-105.26594,30.80687],[-105.26672,30.80838],[-105.26848,30.80935],[-105.27202,30.80922],[-105.27276,30.80827],[-105.27437,30.80809],[-105.27556,30.80694],[-105.27656,30.80822],[-105.27701,30.8103],[-105.27756,30.8116],[-105.27922,30.81291],[-105.27909,30.81439],[-105.2794,30.8157],[-105.28218,30.81818],[-105.28431,30.81873],[-105.28721,30.81786],[-105.28795,30.81788],[-105.28851,30.81852],[-105.28866,30.8196],[-105.28937,30.82111],[-105.28947,30.82245],[-105.28926,30.82378],[-105.2904,30.82511],[-105.29223,30.82631],[-105.29417,30.82627],[-105.2988,30.82569],[-105.30017,30.82465],[-105.30083,30.82279],[-105.30099,30.82062],[-105.30052,30.81933],[-105.30286,30.81497],[-105.30605,30.81004],[-105.30654,30.80971],[-105.30759,30.81003],[-105.30886,30.81109],[-105.30878,30.81373],[-105.30818,30.8143],[-105.30849,30.81506],[-105.30908,30.81541],[-105.31018,30.81652],[-105.31137,30.81402],[-105.31269,30.81308],[-105.3144,30.81234],[-105.3148,30.81147],[-105.3161,30.81095],[-105.31702,30.81099],[-105.3186,30.81217],[-105.3186,30.81304],[-105.31783,30.8155],[-105.31759,30.81719],[-105.31596,30.81872],[-105.31641,30.82007],[-105.31784,30.82149],[-105.31897,30.82485],[-105.31824,30.82652],[-105.31806,30.82761],[-105.3189,30.82872],[-105.31965,30.82908],[-105.32008,30.82851],[-105.32011,30.82745],[-105.32235,30.82775],[-105.32441,30.82833],[-105.32548,30.82745],[-105.32676,30.82622],[-105.32704,30.82471],[-105.32887,30.82483],[-105.32978,30.82543],[-105.33003,30.82649],[-105.32776,30.83031],[-105.32833,30.83149],[-105.33109,30.83226],[-105.33414,30.83363],[-105.33551,30.83342],[-105.33719,30.83348],[-105.33741,30.83576],[-105.33792,30.83785],[-105.33875,30.83965],[-105.33929,30.84048],[-105.34168,30.84047],[-105.34269,30.841],[-105.34575,30.84061],[-105.34737,30.83952],[-105.3474,30.83827],[-105.35184,30.83556],[-105.35334,30.83592],[-105.35442,30.83798],[-105.35375,30.83915],[-105.35306,30.84128],[-105.35387,30.84276],[-105.35619,30.8442],[-105.35801,30.84555],[-105.35933,30.84577],[-105.35995,30.8463],[-105.36041,30.84858],[-105.36159,30.85055],[-105.36204,30.85055],[-105.36385,30.84975],[-105.36764,30.84769],[-105.37189,30.84757],[-105.37304,30.84818],[-105.37468,30.84887],[-105.37495,30.84994],[-105.37547,30.84975],[-105.3769,30.84865],[-105.3777,30.849],[-105.37672,30.85088],[-105.37716,30.85128],[-105.37977,30.8506],[-105.3819,30.85119],[-105.38294,30.85207],[-105.38363,30.85194],[-105.38405,30.85071],[-105.38478,30.85054],[-105.38552,30.85124],[-105.38588,30.85206],[-105.38697,30.85361],[-105.38784,30.85364],[-105.38904,30.85236],[-105.38997,30.85214],[-105.39104,30.85229],[-105.39195,30.85059],[-105.39308,30.85096],[-105.3941,30.85084],[-105.39451,30.85023],[-105.39406,30.84953],[-105.39436,30.84907],[-105.39536,30.84907],[-105.39801,30.85118],[-105.40046,30.85262],[-105.40167,30.85456],[-105.40045,30.85675],[-105.39906,30.85787],[-105.39522,30.85929],[-105.39452,30.86129],[-105.39503,30.86211],[-105.3944,30.86311],[-105.39501,30.86399],[-105.39598,30.86409],[-105.39576,30.86471],[-105.39364,30.86701],[-105.39401,30.86809],[-105.39479,30.86969],[-105.39444,30.87066],[-105.39496,30.87108],[-105.39425,30.87196],[-105.39202,30.87318],[-105.3913,30.87385],[-105.39141,30.87435],[-105.39284,30.87594],[-105.39399,30.87643],[-105.39498,30.8763],[-105.39762,30.87624],[-105.40044,30.87687],[-105.40258,30.87879],[-105.40416,30.87968],[-105.40386,30.88065],[-105.40312,30.88151],[-105.40098,30.8825],[-105.39928,30.884],[-105.39883,30.88533],[-105.40001,30.8863],[-105.39995,30.88756],[-105.39949,30.88795],[-105.39987,30.88907],[-105.40129,30.89017],[-105.40214,30.89028],[-105.40337,30.89181],[-105.40442,30.89192],[-105.40824,30.88929],[-105.41038,30.88901],[-105.41165,30.8885],[-105.41227,30.8887],[-105.4121,30.88942],[-105.41235,30.89003],[-105.4119,30.89086],[-105.41076,30.89143],[-105.41053,30.89188],[-105.4107,30.89247],[-105.41211,30.89372],[-105.41229,30.8944],[-105.41355,30.89807],[-105.4138,30.89957],[-105.41505,30.89995],[-105.41927,30.90036],[-105.42167,30.90048],[-105.42476,30.901],[-105.42562,30.9004],[-105.42628,30.90077],[-105.42883,30.90468],[-105.43014,30.9056],[-105.43239,30.90602],[-105.43456,30.90769],[-105.43617,30.90748],[-105.43954,30.90871],[-105.44092,30.90836],[-105.44224,30.90928],[-105.4446,30.91304],[-105.44534,30.91533],[-105.44545,30.91628],[-105.44432,30.91726],[-105.44557,30.91853],[-105.44713,30.91959],[-105.44805,30.91878],[-105.44867,30.91772],[-105.44999,30.91709],[-105.45107,30.91586],[-105.45209,30.91565],[-105.45315,30.91621],[-105.45336,30.91737],[-105.45437,30.91943],[-105.45375,30.91979],[-105.45242,30.91988],[-105.45199,30.92012],[-105.45121,30.92175],[-105.45121,30.92396],[-105.4516,30.92483],[-105.45297,30.92508],[-105.45646,30.92454],[-105.45779,30.92492],[-105.45947,30.92479],[-105.46075,30.9254],[-105.46261,30.92499],[-105.46493,30.92581],[-105.46546,30.92455],[-105.46653,30.9242],[-105.46734,30.92555],[-105.46721,30.92714],[-105.46745,30.9282],[-105.46755,30.92967],[-105.46985,30.93116],[-105.47079,30.93124],[-105.47071,30.93276],[-105.47089,30.93376],[-105.4736,30.93439],[-105.47421,30.934],[-105.47592,30.93382],[-105.47714,30.93599],[-105.47822,30.93821],[-105.48192,30.94074],[-105.48414,30.94109],[-105.48629,30.94257],[-105.48803,30.94328],[-105.48944,30.94549],[-105.49373,30.94946],[-105.49481,30.94936],[-105.49665,30.94946],[-105.49843,30.95011],[-105.49899,30.95072],[-105.49809,30.95184],[-105.49754,30.95308],[-105.49646,30.95433],[-105.4969,30.95513],[-105.49577,30.95578],[-105.4942,30.9553],[-105.49395,30.95562],[-105.49413,30.95732],[-105.49699,30.9614],[-105.49796,30.96213],[-105.49898,30.96341],[-105.50006,30.96595],[-105.50197,30.96774],[-105.50367,30.96796],[-105.50667,30.96651],[-105.50824,30.96629],[-105.51184,30.96649],[-105.51376,30.96626],[-105.51422,30.96608],[-105.51492,30.96522],[-105.51572,30.96486],[-105.51686,30.96721],[-105.51681,30.96925],[-105.51773,30.97032],[-105.51786,30.9711],[-105.51963,30.97254],[-105.52034,30.97297],[-105.52132,30.97469],[-105.52165,30.97598],[-105.52209,30.97655],[-105.52298,30.9769],[-105.52471,30.97719],[-105.52634,30.97765],[-105.52738,30.97845],[-105.53227,30.98431],[-105.53309,30.98486],[-105.53579,30.98502],[-105.53804,30.98573],[-105.54189,30.98455],[-105.54368,30.98475],[-105.55404,30.98812],[-105.55617,30.98894],[-105.55743,30.99023],[-105.56368,30.99755],[-105.56568,31.00234],[-105.5701,31.0082],[-105.57023,31.00897],[-105.56887,31.01359],[-105.56876,31.01461],[-105.56896,31.01537],[-105.57053,31.01801],[-105.57115,31.01866],[-105.57198,31.01894],[-105.57685,31.01947],[-105.57815,31.02022],[-105.57911,31.02164],[-105.5814,31.02685],[-105.58106,31.02816],[-105.57991,31.03039],[-105.57951,31.03409],[-105.57954,31.0354],[-105.58485,31.05633],[-105.58532,31.05749],[-105.58716,31.05936],[-105.5886,31.06055],[-105.59447,31.06369],[-105.59592,31.06484],[-105.59877,31.07493],[-105.60333,31.08263],[-105.60447,31.08374],[-105.6061,31.08503],[-105.62735,31.09855],[-105.62852,31.09866],[-105.63983,31.09765],[-105.64085,31.0978],[-105.64189,31.09832],[-105.64259,31.09937],[-105.64673,31.11391],[-105.6476,31.11498],[-105.64883,31.1159],[-105.65883,31.11946],[-105.66117,31.11983],[-105.66228,31.12029],[-105.66347,31.12111],[-105.66503,31.12175],[-105.66912,31.1231],[-105.67942,31.12603],[-105.69341,31.13082],[-105.70949,31.13638],[-105.71618,31.14057],[-105.71701,31.14144],[-105.71752,31.14241],[-105.71775,31.14476],[-105.7183,31.14721],[-105.71876,31.14829],[-105.71954,31.14916],[-105.74156,31.16438],[-105.74368,31.16525],[-105.74443,31.16536],[-105.76353,31.16412],[-105.76956,31.16488],[-105.77178,31.16592],[-105.77326,31.1669],[-105.77385,31.16803],[-105.77427,31.16937],[-105.77536,31.17464],[-105.77613,31.17652],[-105.77912,31.181],[-105.78002,31.18267],[-105.78025,31.18494],[-105.77964,31.18763],[-105.77946,31.18985],[-105.77972,31.19128],[-105.78078,31.19363],[-105.78289,31.19756],[-105.78355,31.19829],[-105.78468,31.19898],[-105.78631,31.19955],[-105.79141,31.20098],[-105.79318,31.20154],[-105.79439,31.20224],[-105.81884,31.23068],[-105.83572,31.24681],[-105.85051,31.26527],[-105.8517,31.26786],[-105.85337,31.27177],[-105.85406,31.27275],[-105.85727,31.27499],[-105.85846,31.27611],[-105.86916,31.28881],[-105.87046,31.2898],[-105.87511,31.29149],[-105.87639,31.29167],[-105.87809,31.29154],[-105.89087,31.29001],[-105.89315,31.29038],[-105.89459,31.29101],[-105.89622,31.29237],[-105.8967,31.29312],[-105.9021,31.30373],[-105.90347,31.30699],[-105.90669,31.31004],[-105.90739,31.31221],[-105.90877,31.31277],[-105.91116,31.31298],[-105.9142,31.31304],[-105.9181,31.31263],[-105.92209,31.31198],[-105.93102,31.31271],[-105.93255,31.31312],[-105.93845,31.31874],[-105.94782,31.33987],[-105.94783,31.34116],[-105.9455,31.35072],[-105.94549,31.35208],[-105.94585,31.35321],[-105.95379,31.36475],[-105.95469,31.36518],[-105.9556,31.3653],[-105.96871,31.36562],[-105.9701,31.36594],[-105.98205,31.37587],[-106.0023,31.39115],[-106.00493,31.39246],[-106.00712,31.39284],[-106.01371,31.39333],[-106.0273,31.39413],[-106.057,31.39635],[-106.07449,31.39756],[-106.07686,31.39789],[-106.08026,31.3987],[-106.08282,31.39992],[-106.08498,31.40145],[-106.08855,31.4048],[-106.09723,31.41279],[-106.10333,31.41866],[-106.10688,31.4214],[-106.10862,31.42237],[-106.11011,31.42302],[-106.11217,31.42358],[-106.115,31.42371],[-106.12454,31.42373],[-106.12566,31.42395],[-106.12735,31.42399],[-106.12967,31.42435],[-106.13278,31.42537],[-106.14279,31.43013],[-106.15423,31.43572],[-106.15643,31.43704],[-106.15927,31.43919],[-106.16304,31.44354],[-106.16607,31.44696],[-106.17028,31.45129],[-106.17179,31.45257],[-106.17562,31.45521],[-106.17838,31.45647],[-106.1803,31.45711],[-106.19434,31.46066],[-106.19442,31.461],[-106.19961,31.46231],[-106.20325,31.46401],[-106.20504,31.46504],[-106.20654,31.4662],[-106.20883,31.46835],[-106.21826,31.47901],[-106.21907,31.48028],[-106.21962,31.48156],[-106.22366,31.49842],[-106.22434,31.50019],[-106.22539,31.50185],[-106.23558,31.51163],[-106.23682,31.51319],[-106.23746,31.51446],[-106.24512,31.53876],[-106.2462,31.54115],[-106.24824,31.54349],[-106.25478,31.548],[-106.27959,31.56114],[-106.28047,31.56175],[-106.28114,31.56267],[-106.28778,31.58444],[-106.28874,31.58716],[-106.29294,31.59433],[-106.29667,31.60351],[-106.29776,31.60431],[-106.30089,31.60962],[-106.30085,31.61143],[-106.30062,31.61326],[-106.30289,31.6186],[-106.30283,31.62018],[-106.30303,31.62127],[-106.30361,31.62249],[-106.3081,31.62971],[-106.32514,31.65081],[-106.32725,31.65438],[-106.33474,31.66411],[-106.34954,31.69671],[-106.35701,31.70219],[-106.37014,31.71071],[-106.37237,31.71257],[-106.37384,31.71481],[-106.37804,31.72831],[-106.37937,31.73026],[-106.38104,31.73211],[-106.41794,31.75201],[-106.42185,31.75293],[-106.43154,31.75421],[-106.43548,31.75519],[-106.43843,31.75676],[-106.45106,31.76432],[-106.45334,31.76446],[-106.45529,31.76408],[-106.46691,31.75957],[-106.4685,31.75825],[-106.4702,31.75378],[-106.47099,31.75221],[-106.47249,31.75085],[-106.47554,31.75011],[-106.48464,31.74781],[-106.48686,31.74772],[-106.48954,31.74841],[-106.49468,31.7518],[-106.49648,31.75384],[-106.50009,31.75553],[-106.50139,31.75704],[-106.50348,31.75817],[-106.50582,31.76047],[-106.50733,31.76119],[-106.51006,31.76126],[-106.51104,31.76325],[-106.51192,31.76738],[-106.51249,31.76904],[-106.51369,31.77071],[-106.51487,31.77159],[-106.51627,31.77163],[-106.51784,31.77181],[-106.52364,31.77621],[-106.52518,31.77844],[-106.52864,31.78181],[-106.52864,31.78231],[-106.52804,31.78398],[-106.52812,31.78498],[-106.528,31.78694],[-106.52762,31.78912],[-106.52794,31.79051],[-106.53051,31.7921],[-106.53304,31.79191],[-106.53474,31.79611],[-106.53584,31.79861],[-106.5421,31.80215],[-106.54214,31.80211],[-106.54471,31.80429],[-106.54714,31.8073],[-106.55844,31.81041],[-106.56294,31.8111],[-106.56344,31.81261],[-106.56684,31.81331],[-106.57094,31.81021],[-106.57724,31.81041],[-106.58134,31.81391],[-106.58214,31.81551],[-106.58804,31.82211],[-106.58904,31.82271],[-106.59383,31.8249],[-106.60273,31.82502],[-106.60527,31.82791],[-106.60195,31.8396],[-106.60205,31.8444],[-106.60524,31.8459],[-106.60585,31.84631],[-106.61464,31.84649],[-106.62576,31.85628],[-106.62781,31.86059],[-106.63593,31.86623],[-106.63588,31.87151],[-106.63487,31.87448],[-106.6308,31.8797],[-106.6292,31.88372],[-106.63069,31.88641],[-106.63393,31.88918],[-106.63815,31.89166],[-106.6429,31.89293],[-106.6453,31.89486],[-106.64565,31.89565],[-106.64548,31.89867]]]]}},{"type":"Feature","properties":{"name":"Virginia","density":204.5,"STUSPS":"VA"},"geometry":{"type":"MultiPolygon","coordinates":[[[[-75.74241,37.80835],[-75.74151,37.80998],[-75.73871,37.80904],[-75.73515,37.80641],[-75.73313,37.80284],[-75.73515,37.8004],[-75.73717,37.80096],[-75.7405,37.80124],[-75.7405,37.80209],[-75.73871,37.805],[-75.74228,37.80631],[-75.74241,37.80835]]],[[[-75.85649,37.70286],[-75.85423,37.70474],[-75.85078,37.70549],[-75.84912,37.70418],[-75.849,37.70183],[-75.85019,37.69995],[-75.85411,37.70014],[-75.85637,37.70126],[-75.85649,37.70286]]],[[[-75.8667,37.68321],[-75.86575,37.68584],[-75.86409,37.68791],[-75.86314,37.69083],[-75.86053,37.69308],[-75.85839,37.69139],[-75.85696,37.6896],[-75.85494,37.68885],[-75.85696,37.6865],[-75.8572,37.68518],[-75.85779,37.6834],[-75.85958,37.68217],[-75.86682,37.68067],[-75.8667,37.68321]]],[[[-75.89511,37.8034],[-75.89416,37.80566],[-75.89287,37.80096],[-75.89178,37.79618],[-75.89463,37.79899],[-75.89642,37.80209],[-75.89511,37.8034]]],[[[-75.90366,37.89752],[-75.90105,37.89912],[-75.89879,37.89761],[-75.89867,37.89555],[-75.90058,37.89377],[-75.90319,37.89555],[-75.90366,37.89752]]],[[[-75.98103,37.09714],[-75.97802,37.10332],[-75.97478,37.10486],[-75.96205,37.1075],[-75.95298,37.10572],[-75.94716,37.10308],[-75.94289,37.09804],[-75.9449,37.08803],[-75.94971,37.08556],[-75.9672,37.0846],[-75.97156,37.08543],[-75.97872,37.09097],[-75.98103,37.09714]]],[[[-75.99909,37.83429],[-75.99921,37.83917],[-75.99874,37.84536],[-75.9979,37.84874],[-75.99686,37.85042],[-75.99256,37.84889],[-75.99042,37.84635],[-75.98987,37.84461],[-75.98802,37.84108],[-75.9821,37.83725],[-75.97901,37.83504],[-75.97354,37.83354],[-75.9739,37.8311],[-75.97585,37.82807],[-75.97818,37.8265],[-75.98412,37.8218],[-75.98768,37.81767],[-75.99066,37.81636],[-75.99351,37.81401],[-75.98852,37.80951],[-75.98828,37.80744],[-75.99577,37.8126],[-75.99905,37.8186],[-75.99933,37.82772],[-75.99909,37.83429]]],[[[-76.0081,37.87281],[-76.00658,37.87257],[-76.0042,37.87051],[-76.00254,37.86788],[-76.00016,37.86375],[-75.99909,37.86094],[-75.99981,37.86028],[-76.0023,37.86197],[-76.0042,37.86572],[-76.00557,37.86794],[-76.00822,37.87098],[-76.0081,37.87281]]],[[[-76.02366,37.26897],[-76.02225,37.27183],[-76.02015,37.2741],[-76.013,37.27944],[-76.01442,37.28199],[-76.01621,37.28719],[-76.01632,37.28937],[-76.01383,37.29211],[-76.0111,37.29485],[-76.01181,37.29741],[-76.01953,37.29712],[-76.02138,37.2982],[-76.02155,37.30051],[-76.01865,37.31782],[-76.0149,37.32822],[-76.01216,37.33379],[-76.00064,37.34693],[-75.9985,37.35004],[-75.99553,37.35528],[-75.99184,37.36081],[-75.98882,37.36702],[-75.98712,37.36855],[-75.98483,37.36837],[-75.98403,37.36985],[-75.98615,37.37347],[-75.98615,37.38212],[-75.98377,37.38548],[-75.9815,37.38414],[-75.9802,37.38291],[-75.97711,37.38367],[-75.97437,37.38546],[-75.97544,37.38688],[-75.97509,37.38924],[-75.97057,37.39103],[-75.96831,37.39547],[-75.96843,37.39708],[-75.96748,37.39981],[-75.97295,37.40321],[-75.97473,37.40482],[-75.98034,37.40274],[-75.97997,37.40461],[-75.9831,37.4158],[-75.98162,37.42738],[-75.98011,37.43453],[-75.97963,37.43829],[-75.97649,37.44488],[-75.97255,37.45009],[-75.97046,37.45166],[-75.96997,37.45408],[-75.96843,37.45757],[-75.96446,37.46236],[-75.96088,37.46756],[-75.95845,37.46946],[-75.962,37.47402],[-75.9635,37.47535],[-75.96238,37.4853],[-75.96005,37.49234],[-75.95897,37.50013],[-75.94997,37.52188],[-75.94032,37.53458],[-75.93933,37.53856],[-75.93777,37.54261],[-75.93409,37.54779],[-75.9323,37.55062],[-75.9367,37.55514],[-75.93881,37.55503],[-75.94115,37.55844],[-75.94118,37.56384],[-75.93575,37.57464],[-75.932,37.57956],[-75.92815,37.58199],[-75.92327,37.58425],[-75.91757,37.58585],[-75.92292,37.59216],[-75.92541,37.5963],[-75.92315,37.59979],[-75.92358,37.60176],[-75.92162,37.60511],[-75.91639,37.61007],[-75.91339,37.61519],[-75.90959,37.62267],[-75.90545,37.62615],[-75.90224,37.62539],[-75.90141,37.62323],[-75.89986,37.62031],[-75.90069,37.61551],[-75.89903,37.61203],[-75.89891,37.60977],[-75.8976,37.60779],[-75.89499,37.6061],[-75.89285,37.6044],[-75.89107,37.60459],[-75.88917,37.60468],[-75.88204,37.60722],[-75.87728,37.61165],[-75.8774,37.61287],[-75.87609,37.61494],[-75.87883,37.62022],[-75.88192,37.61975],[-75.88299,37.62059],[-75.88251,37.62248],[-75.88251,37.6268],[-75.88417,37.62953],[-75.88453,37.63198],[-75.88762,37.63236],[-75.89107,37.63462],[-75.89239,37.63748],[-75.89169,37.63968],[-75.89154,37.64261],[-75.89,37.64553],[-75.89035,37.64685],[-75.8905,37.64955],[-75.8894,37.65108],[-75.88726,37.65315],[-75.88453,37.6525],[-75.88108,37.65297],[-75.87681,37.65362],[-75.87253,37.6525],[-75.87039,37.65042],[-75.86896,37.65165],[-75.86813,37.65344],[-75.87039,37.65522],[-75.87312,37.65616],[-75.87538,37.6556],[-75.87728,37.65711],[-75.87706,37.66064],[-75.86848,37.66822],[-75.8654,37.66872],[-75.86314,37.66788],[-75.86041,37.66581],[-75.85625,37.66468],[-75.85304,37.66487],[-75.85007,37.66618],[-75.84591,37.66976],[-75.8471,37.67625],[-75.85233,37.67719],[-75.85256,37.67822],[-75.85221,37.68057],[-75.85328,37.68255],[-75.85233,37.68537],[-75.84888,37.68725],[-75.84698,37.68725],[-75.84508,37.68697],[-75.84389,37.68895],[-75.84567,37.69036],[-75.8484,37.6912],[-75.84971,37.69318],[-75.84793,37.6944],[-75.84508,37.69374],[-75.84341,37.69562],[-75.84508,37.69722],[-75.84543,37.69891],[-75.84329,37.70023],[-75.84044,37.70061],[-75.83735,37.70173],[-75.8364,37.70305],[-75.83771,37.70644],[-75.83593,37.70982],[-75.83768,37.71299],[-75.83141,37.71245],[-75.82856,37.71349],[-75.82285,37.71875],[-75.82143,37.71744],[-75.81964,37.71744],[-75.81667,37.72007],[-75.81192,37.72261],[-75.80942,37.72176],[-75.80954,37.71753],[-75.80622,37.71791],[-75.80325,37.71894],[-75.80372,37.72129],[-75.80027,37.7243],[-75.79754,37.72439],[-75.79505,37.72674],[-75.796,37.72919],[-75.80075,37.73304],[-75.80229,37.73229],[-75.8036,37.73182],[-75.80717,37.73154],[-75.81061,37.73172],[-75.81263,37.73088],[-75.81893,37.72975],[-75.82594,37.72815],[-75.82963,37.72561],[-75.83077,37.72549],[-75.83198,37.72812],[-75.83144,37.73169],[-75.82968,37.73499],[-75.82689,37.73802],[-75.8225,37.74187],[-75.81216,37.7495],[-75.81026,37.74948],[-75.80847,37.74601],[-75.80396,37.74789],[-75.7954,37.75046],[-75.79267,37.75061],[-75.78732,37.75709],[-75.78708,37.76301],[-75.79029,37.76517],[-75.79326,37.76471],[-75.7979,37.76264],[-75.80063,37.76161],[-75.80304,37.76246],[-75.80051,37.76471],[-75.79992,37.76922],[-75.7992,37.77119],[-75.80111,37.77325],[-75.80194,37.77823],[-75.80431,37.78143],[-75.80859,37.78265],[-75.8118,37.7787],[-75.81365,37.78243],[-75.81454,37.78584],[-75.8164,37.78934],[-75.81382,37.79138],[-75.81231,37.79471],[-75.80871,37.7942],[-75.8055,37.79608],[-75.7998,37.79889],[-75.79837,37.80087],[-75.7934,37.80449],[-75.7846,37.80683],[-75.77061,37.8046],[-75.76438,37.79918],[-75.75725,37.79495],[-75.75452,37.79185],[-75.75238,37.78866],[-75.74418,37.78603],[-75.74074,37.78791],[-75.73788,37.78631],[-75.73586,37.78687],[-75.73337,37.78593],[-75.72849,37.78791],[-75.72826,37.7911],[-75.72683,37.79345],[-75.72766,37.79476],[-75.72588,37.79636],[-75.72445,37.79579],[-75.72362,37.7942],[-75.71887,37.79326],[-75.71815,37.79974],[-75.71911,37.80293],[-75.71792,37.80528],[-75.71982,37.80641],[-75.72243,37.80584],[-75.7241,37.80622],[-75.72279,37.80885],[-75.72006,37.81223],[-75.71958,37.81486],[-75.71994,37.81692],[-75.72315,37.81889],[-75.72322,37.82012],[-75.71946,37.82058],[-75.7178,37.81974],[-75.71613,37.81993],[-75.7159,37.82359],[-75.71705,37.82773],[-75.71415,37.82887],[-75.71103,37.82819],[-75.70829,37.82819],[-75.70639,37.828],[-75.70532,37.82894],[-75.70698,37.83053],[-75.71007,37.8325],[-75.70984,37.83457],[-75.71067,37.83588],[-75.71293,37.83673],[-75.70865,37.83823],[-75.70639,37.84095],[-75.70924,37.84283],[-75.70938,37.84584],[-75.70675,37.84546],[-75.70401,37.84733],[-75.70291,37.84966],[-75.69736,37.84883],[-75.69772,37.84499],[-75.69617,37.84058],[-75.69261,37.83785],[-75.68916,37.83645],[-75.685,37.83607],[-75.68096,37.83682],[-75.67822,37.83748],[-75.67811,37.83973],[-75.67906,37.84123],[-75.68179,37.84236],[-75.68131,37.84405],[-75.67716,37.84818],[-75.67264,37.84696],[-75.67228,37.84865],[-75.67228,37.8509],[-75.67882,37.85381],[-75.68048,37.85578],[-75.68322,37.85719],[-75.68702,37.85784],[-75.68928,37.85953],[-75.68984,37.86182],[-75.6929,37.86779],[-75.68799,37.86946],[-75.68857,37.87143],[-75.68529,37.87334],[-75.68215,37.87332],[-75.68013,37.87529],[-75.6812,37.88008],[-75.68072,37.88214],[-75.67929,37.88289],[-75.67882,37.88561],[-75.67894,37.88833],[-75.68227,37.88908],[-75.68571,37.88908],[-75.68848,37.88712],[-75.69819,37.89189],[-75.697,37.89405],[-75.69379,37.89349],[-75.68975,37.89536],[-75.68845,37.89902],[-75.69688,37.90183],[-75.69999,37.90044],[-75.70449,37.90099],[-75.70782,37.90033],[-75.70963,37.90062],[-75.72049,37.90193],[-75.7245,37.90018],[-75.7267,37.8973],[-75.72933,37.89836],[-75.73669,37.89702],[-75.73941,37.89771],[-75.74201,37.89681],[-75.7424,37.89865],[-75.74525,37.89986],[-75.74761,37.89818],[-75.7544,37.8979],[-75.75607,37.89799],[-75.75725,37.89921],[-75.7569,37.90155],[-75.75476,37.9024],[-75.75298,37.90221],[-75.75048,37.9008],[-75.74727,37.90155],[-75.74359,37.90193],[-75.74121,37.89996],[-75.73836,37.90043],[-75.73622,37.90221],[-75.73491,37.90446],[-75.73432,37.90624],[-75.73753,37.90624],[-75.74121,37.90709],[-75.74133,37.90887],[-75.74347,37.91206],[-75.74285,37.9132],[-75.73973,37.91423],[-75.73681,37.91697],[-75.73471,37.91829],[-75.72897,37.92134],[-75.72505,37.92537],[-75.72255,37.92912],[-75.71934,37.93446],[-75.71495,37.93736],[-75.71223,37.93814],[-75.70972,37.93671],[-75.70995,37.93502],[-75.71067,37.9338],[-75.70758,37.93052],[-75.70432,37.92901],[-75.70033,37.92902],[-75.69394,37.93036],[-75.6787,37.94271],[-75.67669,37.94235],[-75.67549,37.94055],[-75.67359,37.94083],[-75.66896,37.93905],[-75.66812,37.93755],[-75.66563,37.93699],[-75.66289,37.93816],[-75.66113,37.93789],[-75.66028,37.93643],[-75.65672,37.93559],[-75.65303,37.93568],[-75.65065,37.93512],[-75.64843,37.93578],[-75.64673,37.9354],[-75.64483,37.93662],[-75.64305,37.93633],[-75.63794,37.94364],[-75.63675,37.94561],[-75.63604,37.95058],[-75.63687,37.95564],[-75.63901,37.96023],[-75.64127,37.96323],[-75.64352,37.96417],[-75.64543,37.96445],[-75.64823,37.96677],[-75.64472,37.96978],[-75.64182,37.97597],[-75.63822,37.9794],[-75.63574,37.97954],[-75.63421,37.97767],[-75.63201,37.97602],[-75.63099,37.97567],[-75.62953,37.97597],[-75.62884,37.97679],[-75.62886,37.9778],[-75.63371,37.98306],[-75.63383,37.98452],[-75.63253,37.98669],[-75.63087,37.98782],[-75.62935,37.98835],[-75.62761,37.98852],[-75.62665,37.98889],[-75.62561,37.9898],[-75.62508,37.99058],[-75.62465,37.9925],[-75.62445,37.99419],[-75.61406,37.99526],[-75.60976,37.9955],[-75.58269,37.99789],[-75.54174,38.00136],[-75.53994,38.00134],[-75.43667,38.01021],[-75.42873,38.01084],[-75.40608,38.0127],[-75.3985,38.01326],[-75.39698,38.01344],[-75.32536,38.01996],[-75.27436,38.02459],[-75.25037,38.02665],[-75.24247,38.02703],[-75.24814,38.0206],[-75.25848,38.00767],[-75.28507,37.97338],[-75.29828,37.95676],[-75.30756,37.94313],[-75.32277,37.9182],[-75.33564,37.89556],[-75.34098,37.88744],[-75.34645,37.8783],[-75.35113,37.87212],[-75.35864,37.865],[-75.36968,37.85944],[-75.3816,37.85123],[-75.38479,37.85147],[-75.38684,37.85302],[-75.38906,37.85617],[-75.39037,37.86412],[-75.39412,37.86934],[-75.39457,37.87218],[-75.3887,37.87626],[-75.38411,37.87569],[-75.37316,37.86924],[-75.37019,37.86633],[-75.36639,37.86577],[-75.36249,37.86715],[-75.34992,37.87832],[-75.34872,37.88518],[-75.34576,37.88727],[-75.34616,37.89135],[-75.35131,37.89275],[-75.35499,37.89087],[-75.36722,37.89297],[-75.37613,37.89344],[-75.38148,37.89297],[-75.38303,37.89438],[-75.38635,37.89944],[-75.39289,37.89954],[-75.39966,37.89822],[-75.40371,37.89832],[-75.40644,37.89944],[-75.41167,37.89682],[-75.41642,37.89063],[-75.4315,37.87523],[-75.43941,37.8726],[-75.45356,37.86364],[-75.46795,37.85133],[-75.48927,37.83246],[-75.50008,37.82082],[-75.51221,37.80739],[-75.52088,37.79669],[-75.52682,37.78871],[-75.53122,37.78194],[-75.54061,37.7671],[-75.54429,37.75968],[-75.5519,37.74812],[-75.55808,37.74192],[-75.56295,37.73647],[-75.56758,37.72688],[-75.57602,37.70488],[-75.5805,37.69669],[-75.58513,37.69499],[-75.58935,37.6912],[-75.58838,37.68504],[-75.591,37.67592],[-75.59076,37.67216],[-75.59076,37.66736],[-75.59468,37.65362],[-75.59932,37.63688],[-75.60383,37.62803],[-75.6087,37.62182],[-75.61203,37.61833],[-75.61453,37.6093],[-75.61477,37.59423],[-75.61334,37.58594],[-75.6137,37.58227],[-75.61286,37.57728],[-75.60918,37.57672],[-75.60454,37.57737],[-75.603,37.57719],[-75.6005,37.57389],[-75.60015,37.57135],[-75.60217,37.56711],[-75.60704,37.56343],[-75.62416,37.54152],[-75.64524,37.51564],[-75.66242,37.49067],[-75.66955,37.48436],[-75.67288,37.4837],[-75.67787,37.48737],[-75.68146,37.48882],[-75.68484,37.48735],[-75.68451,37.4827],[-75.68631,37.4786],[-75.69106,37.4736],[-75.68802,37.47015],[-75.6869,37.4654],[-75.67838,37.45978],[-75.67203,37.46083],[-75.66667,37.46281],[-75.66334,37.46112],[-75.66101,37.45484],[-75.66278,37.44638],[-75.66206,37.44342],[-75.67525,37.43172],[-75.6957,37.40472],[-75.70544,37.39028],[-75.71043,37.38206],[-75.7178,37.37205],[-75.72255,37.36865],[-75.72733,37.36035],[-75.72933,37.35467],[-75.7323,37.34447],[-75.74359,37.3285],[-75.74941,37.32236],[-75.75717,37.31404],[-75.76272,37.31017],[-75.76925,37.30308],[-75.77588,37.29866],[-75.77914,37.29859],[-75.78209,37.30156],[-75.78411,37.30232],[-75.79291,37.30166],[-75.7976,37.29611],[-75.7959,37.28982],[-75.79202,37.28198],[-75.79455,37.26235],[-75.79715,37.25437],[-75.79969,37.25091],[-75.81262,37.24842],[-75.81854,37.24421],[-75.81713,37.23978],[-75.81369,37.2366],[-75.80371,37.23863],[-75.79984,37.231],[-75.80138,37.22046],[-75.8076,37.21605],[-75.82063,37.21306],[-75.82928,37.2071],[-75.82943,37.20415],[-75.82583,37.20291],[-75.82067,37.20326],[-75.81886,37.20179],[-75.81862,37.19905],[-75.81933,37.19611],[-75.82064,37.19299],[-75.83556,37.18117],[-75.83429,37.17794],[-75.83546,37.17454],[-75.84486,37.16894],[-75.85971,37.15688],[-75.87652,37.13838],[-75.89837,37.11855],[-75.90652,37.11463],[-75.91579,37.11217],[-75.92101,37.11179],[-75.92351,37.11279],[-75.92303,37.11473],[-75.92038,37.11545],[-75.91828,37.11511],[-75.91322,37.11985],[-75.91151,37.12288],[-75.92779,37.13027],[-75.93694,37.12581],[-75.9386,37.12657],[-75.94254,37.12514],[-75.94572,37.12279],[-75.95512,37.11975],[-75.96537,37.11898],[-75.9683,37.11679],[-75.97007,37.11719],[-75.96928,37.12425],[-75.97,37.12886],[-75.97236,37.13749],[-75.97651,37.15442],[-75.97818,37.15878],[-75.98166,37.16307],[-75.98459,37.16513],[-75.98716,37.16648],[-75.98638,37.16759],[-75.98829,37.17293],[-75.99865,37.18874],[-76.00679,37.19586],[-76.01032,37.20009],[-76.01306,37.20603],[-76.01347,37.2101],[-76.01291,37.21388],[-76.01216,37.21776],[-76.01276,37.22174],[-76.01183,37.22668],[-76.01054,37.23158],[-76.00907,37.23224],[-76.00979,37.23413],[-76.01181,37.23574],[-76.01371,37.23603],[-76.0149,37.2365],[-76.02368,37.25257],[-76.02575,37.25741],[-76.02366,37.26897]]],[[[-76.04653,37.95359],[-76.0414,37.95401],[-76.03012,37.95365],[-76.02946,37.95378],[-76.02171,37.95389],[-75.9939,37.95349],[-75.9966,37.95124],[-75.99769,37.94569],[-75.99981,37.94702],[-76.00313,37.948],[-76.00349,37.95039],[-76.0168,37.94646],[-76.01977,37.94168],[-76.02072,37.94036],[-76.02001,37.93746],[-76.01825,37.93427],[-76.01606,37.9298],[-76.01641,37.92866],[-76.01962,37.92765],[-76.02477,37.92719],[-76.02557,37.92504],[-76.02607,37.92218],[-76.02843,37.9205],[-76.0294,37.92171],[-76.03023,37.92837],[-76.0313,37.93062],[-76.03237,37.93333],[-76.03166,37.93512],[-76.02892,37.93755],[-76.02901,37.93908],[-76.02726,37.94168],[-76.02512,37.94374],[-76.02892,37.95105],[-76.03712,37.9517],[-76.03807,37.95049],[-76.04188,37.94955],[-76.04283,37.94702],[-76.04449,37.95161],[-76.04653,37.95359]]],[[[-76.30528,36.98514],[-76.30259,36.98716],[-76.30128,36.9873],[-76.29986,36.98692],[-76.30033,36.98313],[-76.30268,36.98181],[-76.30528,36.98514]]],[[[-76.32036,37.00293],[-76.31921,37.0033],[-76.31771,37.00192],[-76.31656,37.00011],[-76.31707,36.99907],[-76.31864,36.9992],[-76.32065,37.00169],[-76.32036,37.00293]]],[[[-76.42074,37.5976],[-76.41951,37.59867],[-76.41781,37.59832],[-76.41629,37.59358],[-76.41728,37.59203],[-76.41929,37.59261],[-76.41964,37.59541],[-76.42074,37.5976]]],[[[-75.86765,36.55041],[-75.89038,36.55049],[-75.90475,36.55065],[-75.92205,36.55065],[-75.95891,36.55055],[-75.96816,36.55056],[-75.99775,36.55045],[-76.02147,36.55046],[-76.0451,36.55052],[-76.19715,36.55047],[-76.31321,36.55055],[-76.46527,36.55095],[-76.54169,36.55031],[-76.5755,36.55074],[-76.73833,36.55098],[-76.74968,36.55038],[-76.7813,36.55066],[-76.80708,36.55061],[-76.9159,36.55209],[-76.91699,36.55074],[-76.91732,36.54605],[-76.91605,36.54382],[-77.09506,36.54463],[-77.12481,36.54399],[-77.15269,36.54408],[-77.16966,36.54731],[-77.19017,36.54616],[-77.20516,36.54458],[-77.74971,36.54552],[-77.87528,36.54475],[-77.88236,36.54474],[-77.89977,36.54466],[-78.03894,36.54417],[-78.03942,36.5442],[-78.13291,36.54381],[-78.13332,36.54385],[-78.24546,36.54441],[-78.24668,36.54434],[-78.32391,36.54381],[-78.43633,36.54267],[-78.4412,36.54269],[-78.45697,36.54247],[-78.47079,36.54232],[-78.50996,36.54107],[-78.52972,36.54098],[-78.53301,36.541],[-78.6053,36.54109],[-78.66332,36.54201],[-78.67005,36.54203],[-78.75839,36.54185],[-78.76543,36.54173],[-78.7963,36.54171],[-78.91542,36.54197],[-78.94201,36.54211],[-78.94225,36.54208],[-78.97058,36.54215],[-78.97181,36.54212],[-79.12474,36.54157],[-79.12608,36.54153],[-79.13794,36.54174],[-79.20869,36.54157],[-79.20948,36.54159],[-79.24974,36.54114],[-79.44569,36.54122],[-79.44596,36.5412],[-79.51065,36.54074],[-79.66683,36.54177],[-79.66731,36.54177],[-79.88726,36.54284],[-79.90466,36.54244],[-79.96698,36.54248],[-79.96751,36.5425],[-80.02727,36.5425],[-80.12218,36.54265],[-80.16953,36.54319],[-80.17164,36.54322],[-80.22541,36.54375],[-80.22826,36.54387],[-80.29524,36.54397],[-80.43161,36.55022],[-80.43263,36.5503],[-80.4401,36.55063],[-80.62479,36.55841],[-80.65335,36.55922],[-80.70483,36.56232],[-80.73035,36.56235],[-80.77366,36.56031],[-80.80392,36.56081],[-80.83709,36.55915],[-80.83764,36.55912],[-80.90173,36.56175],[-80.94434,36.56306],[-80.94599,36.5632],[-81.0038,36.56363],[-81.0114,36.56443],[-81.05884,36.56698],[-81.08321,36.56733],[-81.12481,36.56923],[-81.14181,36.56953],[-81.17121,36.57103],[-81.17671,36.57193],[-81.24982,36.57323],[-81.2623,36.57392],[-81.30751,36.57502],[-81.35332,36.57472],[-81.37482,36.57467],[-81.44223,36.57682],[-81.46234,36.57815],[-81.48939,36.57903],[-81.52103,36.58052],[-81.60093,36.58702],[-81.67754,36.58812],[-81.6469,36.61192],[-81.73694,36.61238],[-81.82674,36.61422],[-81.92264,36.61621],[-81.93414,36.59421],[-82.14857,36.59472],[-82.15073,36.59467],[-82.17398,36.59461],[-82.18074,36.59493],[-82.18849,36.59518],[-82.2105,36.59577],[-82.21101,36.59586],[-82.22171,36.59581],[-82.22344,36.59572],[-82.22665,36.59574],[-82.29699,36.5957],[-82.46661,36.59448],[-82.48152,36.59576],[-82.49165,36.59563],[-82.53615,36.59515],[-82.554,36.59478],[-82.56207,36.5948],[-82.60918,36.5941],[-82.67988,36.5937],[-82.69578,36.5937],[-82.83043,36.59376],[-82.88801,36.59346],[-83.02725,36.59385],[-83.02836,36.59389],[-83.24893,36.59383],[-83.2503,36.59394],[-83.2611,36.59389],[-83.2763,36.59819],[-83.3749,36.59739],[-83.47211,36.59728],[-83.55681,36.59738],[-83.62262,36.59806],[-83.64559,36.6],[-83.67013,36.60076],[-83.67539,36.60078],[-83.67461,36.60308],[-83.67311,36.60468],[-83.66561,36.60578],[-83.66361,36.60678],[-83.65771,36.61178],[-83.64951,36.61668],[-83.64831,36.62268],[-83.64521,36.62418],[-83.63981,36.62478],[-83.63501,36.62288],[-83.62891,36.62408],[-83.62501,36.62518],[-83.61991,36.62798],[-83.61641,36.63138],[-83.61451,36.63398],[-83.60791,36.63708],[-83.60561,36.63778],[-83.60431,36.63768],[-83.60301,36.63688],[-83.60043,36.63785],[-83.5943,36.64075],[-83.58986,36.64138],[-83.58729,36.643],[-83.58596,36.64376],[-83.58451,36.64138],[-83.57731,36.64178],[-83.57475,36.64422],[-83.56918,36.64566],[-83.56541,36.64778],[-83.56261,36.65128],[-83.55411,36.65378],[-83.54731,36.65448],[-83.54181,36.65658],[-83.53311,36.66188],[-83.53301,36.66328],[-83.53191,36.66498],[-83.52961,36.66618],[-83.52711,36.66598],[-83.51601,36.66759],[-83.51171,36.66909],[-83.50691,36.66869],[-83.50141,36.66909],[-83.49991,36.67018],[-83.49801,36.67048],[-83.49391,36.67009],[-83.48891,36.66768],[-83.48261,36.66618],[-83.46648,36.6647],[-83.46081,36.66488],[-83.45801,36.66578],[-83.45471,36.66479],[-83.44811,36.66528],[-83.44081,36.66689],[-83.43651,36.66618],[-83.43171,36.66649],[-83.42371,36.66739],[-83.41951,36.66849],[-83.41181,36.67079],[-83.39581,36.67679],[-83.39491,36.67759],[-83.39561,36.67899],[-83.39531,36.67949],[-83.38931,36.68499],[-83.3861,36.68659],[-83.3675,36.69269],[-83.36401,36.69459],[-83.3621,36.69479],[-83.3602,36.69359],[-83.35921,36.69359],[-83.3564,36.69469],[-83.35461,36.69615],[-83.35361,36.6967],[-83.3508,36.69739],[-83.34971,36.69839],[-83.3428,36.70129],[-83.3157,36.70819],[-83.313,36.70909],[-83.3114,36.71029],[-83.3071,36.71139],[-83.2878,36.71379],[-83.2869,36.71399],[-83.2857,36.71519],[-83.2755,36.71799],[-83.2725,36.71779],[-83.2693,36.71849],[-83.2636,36.72099],[-83.2555,36.72179],[-83.2463,36.72529],[-83.2385,36.72709],[-83.2364,36.72689],[-83.22,36.73129],[-83.1997,36.73749],[-83.1946,36.73949],[-83.1757,36.73959],[-83.1674,36.73919],[-83.1615,36.73989],[-83.1567,36.74219],[-83.1461,36.74179],[-83.13639,36.74309],[-83.13429,36.74659],[-83.13099,36.74979],[-83.12783,36.75083],[-83.12827,36.75637],[-83.12881,36.75786],[-83.12672,36.761],[-83.12565,36.76141],[-83.13248,36.7644],[-83.13229,36.76561],[-83.13125,36.76711],[-83.13109,36.76838],[-83.12889,36.76989],[-83.13113,36.77117],[-83.13268,36.77153],[-83.1317,36.7736],[-83.13012,36.77387],[-83.12899,36.77578],[-83.13118,36.77884],[-83.13225,36.78161],[-83.13324,36.78321],[-83.13323,36.78458],[-83.13178,36.78539],[-83.12913,36.7855],[-83.12334,36.78665],[-83.11914,36.78953],[-83.11469,36.79609],[-83.11079,36.80039],[-83.10803,36.80218],[-83.10309,36.80669],[-83.09849,36.81429],[-83.09889,36.82299],[-83.09979,36.82489],[-83.10169,36.82669],[-83.10209,36.82819],[-83.10179,36.82909],[-83.09889,36.83179],[-83.09129,36.83439],[-83.08899,36.83599],[-83.08699,36.83819],[-83.07969,36.84059],[-83.07519,36.84089],[-83.07379,36.84489],[-83.07559,36.85059],[-83.07259,36.85459],[-83.06929,36.85359],[-83.06619,36.85189],[-83.06399,36.85169],[-83.06049,36.85379],[-83.05249,36.85199],[-83.04759,36.85179],[-83.04429,36.85299],[-83.04219,36.85439],[-83.02689,36.85549],[-83.02589,36.85529],[-83.02439,36.85169],[-83.02189,36.84999],[-83.01259,36.84729],[-83.00922,36.8473],[-83.00609,36.84789],[-83.00379,36.85179],[-82.99838,36.85663],[-82.98871,36.85914],[-82.97923,36.85969],[-82.97339,36.8591],[-82.97193,36.85777],[-82.97025,36.85769],[-82.96095,36.86254],[-82.95168,36.86615],[-82.93757,36.86727],[-82.92241,36.87392],[-82.91169,36.87425],[-82.91031,36.87405],[-82.90777,36.87471],[-82.90728,36.87564],[-82.908,36.87723],[-82.90798,36.87875],[-82.90632,36.87974],[-82.89544,36.88215],[-82.89003,36.88429],[-82.88763,36.88689],[-82.88463,36.88848],[-82.87949,36.88909],[-82.87857,36.88958],[-82.87786,36.89184],[-82.87864,36.89398],[-82.87644,36.89624],[-82.87321,36.89726],[-82.87007,36.90174],[-82.87256,36.90338],[-82.87747,36.90796],[-82.87622,36.91022],[-82.87378,36.9123],[-82.87214,36.91346],[-82.86712,36.91797],[-82.86519,36.92092],[-82.86347,36.92231],[-82.86194,36.92424],[-82.86003,36.92524],[-82.85864,36.92779],[-82.85796,36.92953],[-82.85846,36.93272],[-82.85878,36.93306],[-82.86054,36.93744],[-82.86168,36.93932],[-82.86128,36.94485],[-82.86063,36.94584],[-82.85997,36.94907],[-82.8561,36.95247],[-82.85571,36.95381],[-82.85844,36.95404],[-82.86053,36.95602],[-82.86287,36.95777],[-82.8654,36.95808],[-82.86736,36.96318],[-82.87023,36.9655],[-82.87027,36.96599],[-82.86918,36.97418],[-82.86845,36.97648],[-82.86754,36.97752],[-82.86602,36.97827],[-82.86491,36.97901],[-82.86293,36.97998],[-82.86056,36.97827],[-82.85794,36.97828],[-82.85677,36.9791],[-82.85642,36.98222],[-82.85373,36.98518],[-82.85261,36.98496],[-82.8514,36.9845],[-82.84943,36.98348],[-82.845,36.98381],[-82.84125,36.98686],[-82.84005,36.98711],[-82.83855,36.98703],[-82.83601,36.98884],[-82.83384,36.99197],[-82.8308,36.99345],[-82.82913,36.99754],[-82.83059,37.00095],[-82.82996,37.00355],[-82.82859,37.00571],[-82.82522,37.00628],[-82.82268,37.00413],[-82.8218,37.00438],[-82.81972,37.00621],[-82.81801,37.00616],[-82.81575,37.0072],[-82.81358,37.00532],[-82.80053,37.00794],[-82.79749,37.00965],[-82.79619,37.0085],[-82.79569,37.0067],[-82.79482,37.0059],[-82.79344,37.00549],[-82.79089,37.00676],[-82.79046,37.00726],[-82.7889,37.00816],[-82.78214,37.00824],[-82.77839,37.01252],[-82.77737,37.01528],[-82.77179,37.01572],[-82.76708,37.02094],[-82.76641,37.02311],[-82.75917,37.02733],[-82.75405,37.02659],[-82.75185,37.02562],[-82.75071,37.02411],[-82.74798,37.02521],[-82.74556,37.02984],[-82.74368,37.0414],[-82.74245,37.04298],[-82.7336,37.04453],[-82.73172,37.04345],[-82.72628,37.0421],[-82.72471,37.04276],[-82.72247,37.0451],[-82.72328,37.04762],[-82.72313,37.05244],[-82.72225,37.05795],[-82.7239,37.06254],[-82.72631,37.06687],[-82.72702,37.07302],[-82.72375,37.07552],[-82.72168,37.07519],[-82.71835,37.07571],[-82.71674,37.07722],[-82.7172,37.07954],[-82.71818,37.08068],[-82.7206,37.08183],[-82.72304,37.08499],[-82.72495,37.0919],[-82.72436,37.09299],[-82.72218,37.09431],[-82.72162,37.10128],[-82.72194,37.10569],[-82.72629,37.11185],[-82.72645,37.11498],[-82.7262,37.11588],[-82.7221,37.12017],[-82.71833,37.12227],[-82.71633,37.12209],[-82.70787,37.12549],[-82.69567,37.13151],[-82.6846,37.13584],[-82.67943,37.13558],[-82.67677,37.13497],[-82.67153,37.13844],[-82.66772,37.14195],[-82.66245,37.14386],[-82.65747,37.14502],[-82.65476,37.1506],[-82.65327,37.15131],[-82.65165,37.15191],[-82.63349,37.15426],[-82.62488,37.16293],[-82.61742,37.16813],[-82.60829,37.17305],[-82.59745,37.17709],[-82.59277,37.18039],[-82.59323,37.18206],[-82.59245,37.18285],[-82.58672,37.18562],[-82.57899,37.1885],[-82.56533,37.19612],[-82.55818,37.19961],[-82.55384,37.20284],[-82.55037,37.20446],[-82.5458,37.20307],[-82.5413,37.20653],[-82.53663,37.20692],[-82.53158,37.20916],[-82.53205,37.21081],[-82.53179,37.2121],[-82.52875,37.21374],[-82.52446,37.21496],[-82.52012,37.21291],[-82.50943,37.21892],[-82.50806,37.22096],[-82.50834,37.22239],[-82.5079,37.22273],[-82.49886,37.22704],[-82.49631,37.22756],[-82.49524,37.22561],[-82.49149,37.22509],[-82.48722,37.2278],[-82.48732,37.23058],[-82.48644,37.2312],[-82.47328,37.23557],[-82.46307,37.23829],[-82.45702,37.23829],[-82.452,37.24256],[-82.44916,37.24391],[-82.43573,37.24649],[-82.43102,37.24677],[-82.41809,37.25133],[-82.38566,37.25963],[-82.38329,37.26015],[-82.37659,37.2599],[-82.36454,37.26441],[-82.35534,37.26522],[-82.35095,37.26708],[-82.34207,37.27411],[-82.34185,37.28089],[-82.33694,37.27974],[-82.33157,37.28221],[-82.32462,37.28318],[-82.31896,37.28752],[-82.3174,37.29098],[-82.31708,37.29364],[-82.31603,37.29488],[-82.30942,37.30007],[-82.29191,37.31164],[-82.25435,37.33774],[-82.20269,37.37404],[-82.20175,37.37511],[-82.12485,37.42727],[-82.06281,37.47091],[-82.05089,37.48053],[-81.96801,37.53804],[-81.96928,37.53433],[-81.96758,37.53281],[-81.95936,37.53522],[-81.95738,37.5352],[-81.95695,37.53426],[-81.95744,37.53321],[-81.95769,37.52984],[-81.95663,37.52849],[-81.95352,37.52806],[-81.94602,37.53174],[-81.94401,37.53096],[-81.94398,37.5303],[-81.94755,37.52753],[-81.94766,37.52508],[-81.94709,37.52391],[-81.94369,37.52121],[-81.94378,37.51961],[-81.94548,37.51661],[-81.94476,37.51366],[-81.94387,37.51288],[-81.94197,37.51231],[-81.93875,37.5129],[-81.937,37.51423],[-81.9361,37.51542],[-81.93598,37.51704],[-81.935,37.519],[-81.93406,37.51947],[-81.93213,37.51829],[-81.93106,37.51683],[-81.92719,37.51533],[-81.92639,37.51421],[-81.92674,37.51304],[-81.92787,37.51212],[-81.93228,37.51196],[-81.93505,37.51051],[-81.93654,37.51047],[-81.94019,37.50921],[-81.94115,37.50948],[-81.94304,37.50861],[-81.94419,37.50698],[-81.94391,37.50293],[-81.94596,37.5019],[-81.94919,37.50238],[-81.95183,37.50205],[-81.95315,37.50131],[-81.95408,37.49982],[-81.95436,37.49608],[-81.95417,37.4953],[-81.95274,37.49416],[-81.95268,37.49227],[-81.95326,37.49176],[-81.95721,37.4915],[-81.96499,37.49349],[-81.96664,37.49246],[-81.96713,37.49074],[-81.97073,37.4899],[-81.97066,37.48847],[-81.97232,37.48867],[-81.97322,37.48798],[-81.97576,37.48769],[-81.97647,37.48546],[-81.97759,37.4846],[-81.97917,37.4846],[-81.98033,37.48545],[-81.9857,37.48568],[-81.98985,37.48488],[-81.99292,37.48297],[-81.99297,37.4798],[-81.99658,37.47671],[-81.99583,37.47565],[-81.99595,37.47444],[-81.9953,37.47247],[-81.99602,37.47204],[-81.99608,37.47153],[-81.99565,37.46983],[-81.99297,37.46845],[-81.99354,37.46427],[-81.99227,37.46092],[-81.98952,37.46067],[-81.98763,37.45866],[-81.98793,37.45642],[-81.98701,37.45488],[-81.98489,37.45432],[-81.98001,37.45721],[-81.97618,37.45719],[-81.9748,37.45613],[-81.97338,37.45607],[-81.97316,37.45544],[-81.9733,37.45443],[-81.97241,37.45321],[-81.9688,37.4515],[-81.96934,37.45032],[-81.97047,37.44857],[-81.97038,37.44769],[-81.96797,37.44659],[-81.96702,37.44683],[-81.96632,37.44672],[-81.96558,37.44692],[-81.96457,37.44759],[-81.96418,37.44743],[-81.96302,37.44785],[-81.96189,37.44762],[-81.96121,37.44775],[-81.96059,37.44821],[-81.95952,37.44791],[-81.95867,37.44805],[-81.95743,37.44905],[-81.95533,37.4472],[-81.94937,37.44569],[-81.94576,37.44021],[-81.94286,37.43993],[-81.94118,37.44049],[-81.93884,37.44046],[-81.93562,37.4384],[-81.93532,37.43639],[-81.93784,37.43211],[-81.94055,37.42906],[-81.93695,37.41992],[-81.93247,37.41522],[-81.92348,37.41138],[-81.92451,37.40761],[-81.92576,37.40687],[-81.92734,37.40684],[-81.93004,37.40529],[-81.93079,37.40166],[-81.92828,37.39806],[-81.92878,37.39384],[-81.92984,37.39283],[-81.93272,37.39204],[-81.93388,37.39065],[-81.9336,37.38922],[-81.93306,37.38798],[-81.93173,37.38719],[-81.93181,37.38548],[-81.93261,37.38518],[-81.93411,37.38402],[-81.93571,37.38315],[-81.93674,37.38073],[-81.93587,37.37855],[-81.93388,37.3778],[-81.93314,37.37784],[-81.93182,37.37704],[-81.93145,37.37601],[-81.93106,37.37547],[-81.93176,37.37455],[-81.93276,37.37423],[-81.9339,37.37275],[-81.93294,37.37208],[-81.93338,37.36934],[-81.93019,37.36673],[-81.9267,37.36462],[-81.9285,37.36064],[-81.92659,37.35894],[-81.92564,37.35732],[-81.92157,37.35642],[-81.92071,37.35542],[-81.92028,37.3534],[-81.91668,37.34935],[-81.91195,37.34934],[-81.91149,37.34884],[-81.91088,37.34873],[-81.90789,37.34378],[-81.90732,37.34312],[-81.90637,37.34276],[-81.9038,37.34305],[-81.90299,37.34234],[-81.8995,37.3411],[-81.89946,37.34028],[-81.896,37.33197],[-81.8948,37.33201],[-81.89477,37.33138],[-81.89377,37.33011],[-81.89288,37.33013],[-81.88772,37.33116],[-81.88695,37.33073],[-81.88508,37.33067],[-81.88089,37.33115],[-81.8796,37.33207],[-81.87871,37.33175],[-81.87834,37.32884],[-81.87321,37.32507],[-81.87266,37.32331],[-81.87018,37.32067],[-81.86742,37.32084],[-81.86027,37.31571],[-81.85993,37.31397],[-81.86371,37.31223],[-81.86543,37.31012],[-81.86568,37.30948],[-81.86522,37.30884],[-81.86203,37.30565],[-81.85962,37.30477],[-81.85603,37.30674],[-81.85446,37.30657],[-81.85365,37.30078],[-81.85447,37.29994],[-81.85349,37.29476],[-81.85406,37.29135],[-81.85355,37.2877],[-81.84995,37.28523],[-81.84681,37.28465],[-81.84317,37.28559],[-81.84231,37.28556],[-81.83876,37.28634],[-81.83443,37.28542],[-81.83341,37.28453],[-81.83439,37.28309],[-81.83447,37.28176],[-81.82506,37.27954],[-81.81963,37.27941],[-81.8167,37.27987],[-81.81322,37.28109],[-81.81056,37.28298],[-81.80918,37.283],[-81.80723,37.28317],[-81.80538,37.28562],[-81.80327,37.28592],[-81.79359,37.28484],[-81.79312,37.28354],[-81.79364,37.28219],[-81.79342,37.28167],[-81.78929,37.28442],[-81.78312,37.28258],[-81.77936,37.27998],[-81.77935,37.27739],[-81.77732,37.27587],[-81.77468,37.27481],[-81.76784,37.27422],[-81.7652,37.2751],[-81.76278,37.27539],[-81.76175,37.27571],[-81.76022,37.27525],[-81.75763,37.274],[-81.75771,37.27112],[-81.75753,37.27001],[-81.75501,37.26772],[-81.75291,37.26661],[-81.75212,37.26557],[-81.75129,37.26513],[-81.74766,37.26433],[-81.74611,37.2636],[-81.7455,37.26133],[-81.74545,37.25812],[-81.74301,37.25513],[-81.74166,37.25478],[-81.74097,37.25405],[-81.7435,37.2476],[-81.74342,37.24586],[-81.74429,37.24418],[-81.744,37.24253],[-81.73854,37.23826],[-81.73332,37.23813],[-81.72617,37.24052],[-81.72306,37.24049],[-81.71955,37.23779],[-81.71625,37.23432],[-81.71573,37.22877],[-81.69895,37.2182],[-81.69511,37.21357],[-81.68672,37.2131],[-81.68354,37.21145],[-81.68401,37.2111],[-81.68327,37.20565],[-81.68138,37.20363],[-81.6786,37.20247],[-81.67821,37.20148],[-81.56063,37.20666],[-81.55835,37.20815],[-81.55732,37.2077],[-81.55689,37.20728],[-81.55612,37.20741],[-81.5536,37.20844],[-81.54925,37.21373],[-81.54521,37.22017],[-81.54444,37.22076],[-81.53307,37.22341],[-81.52746,37.22582],[-81.52073,37.22691],[-81.50879,37.23256],[-81.50732,37.2338],[-81.50626,37.23927],[-81.50643,37.24447],[-81.50488,37.2477],[-81.50417,37.25012],[-81.50319,37.25258],[-81.49887,37.25803],[-81.49778,37.2579],[-81.49777,37.25719],[-81.49845,37.25657],[-81.49805,37.25466],[-81.49574,37.25239],[-81.49229,37.25096],[-81.48356,37.2506],[-81.48014,37.25112],[-81.47643,37.25513],[-81.46211,37.2599],[-81.46,37.26255],[-81.45987,37.2639],[-81.46058,37.26553],[-81.45889,37.26647],[-81.4542,37.267],[-81.44907,37.26958],[-81.44828,37.27058],[-81.44845,37.2717],[-81.44765,37.27224],[-81.44697,37.27193],[-81.44492,37.2723],[-81.44424,37.27148],[-81.44263,37.27184],[-81.43992,37.27088],[-81.43913,37.27205],[-81.43716,37.27407],[-81.43534,37.27401],[-81.43494,37.27345],[-81.4335,37.27381],[-81.43285,37.2727],[-81.42795,37.27101],[-81.41666,37.27321],[-81.41587,37.27433],[-81.41603,37.27667],[-81.41674,37.27722],[-81.41568,37.27914],[-81.41407,37.27961],[-81.41287,37.27947],[-81.41159,37.28033],[-81.40958,37.28402],[-81.40973,37.28484],[-81.4092,37.28607],[-81.40376,37.2966],[-81.40506,37.29879],[-81.4022,37.30166],[-81.39818,37.30297],[-81.39682,37.3045],[-81.39736,37.30636],[-81.3987,37.30781],[-81.39855,37.31063],[-81.39429,37.31641],[-81.38813,37.3199],[-81.38673,37.32047],[-81.38581,37.32008],[-81.38491,37.31883],[-81.38413,37.3186],[-81.38016,37.31784],[-81.37735,37.31845],[-81.37445,37.31861],[-81.37261,37.32019],[-81.37131,37.32411],[-81.3676,37.32757],[-81.36803,37.32945],[-81.36926,37.33057],[-81.36938,37.33183],[-81.36809,37.33242],[-81.36632,37.33593],[-81.36216,37.33769],[-81.3201,37.29932],[-81.2251,37.23487],[-81.20477,37.24301],[-81.17815,37.25798],[-81.16703,37.26288],[-81.15896,37.26538],[-81.1424,37.26917],[-81.1126,37.2785],[-81.09482,37.28264],[-81.08401,37.2844],[-81.03719,37.29025],[-81.02194,37.29414],[-81.00846,37.29607],[-81.00058,37.29787],[-80.99601,37.29955],[-80.97959,37.30228],[-80.97911,37.30058],[-80.98217,37.29602],[-80.98132,37.29346],[-80.98015,37.29274],[-80.97389,37.29144],[-80.96656,37.29216],[-80.9479,37.29587],[-80.93814,37.30028],[-80.93112,37.30287],[-80.92704,37.30368],[-80.91926,37.30616],[-80.90054,37.315],[-80.8801,37.3289],[-80.86899,37.33857],[-80.86532,37.34052],[-80.84945,37.34691],[-80.88325,37.38393],[-80.86276,37.41183],[-80.86446,37.41418],[-80.86517,37.417],[-80.86515,37.41993],[-80.86314,37.42464],[-80.85956,37.42957],[-80.85836,37.42817],[-80.857,37.42705],[-80.85316,37.4269],[-80.85066,37.42606],[-80.84632,37.42339],[-80.84421,37.42356],[-80.84167,37.42597],[-80.83768,37.42566],[-80.83645,37.42435],[-80.81164,37.40751],[-80.80877,37.40627],[-80.80636,37.40412],[-80.80713,37.40135],[-80.80613,37.39807],[-80.80045,37.39574],[-80.79887,37.39581],[-80.79032,37.39567],[-80.78419,37.39459],[-80.78332,37.39279],[-80.78338,37.39065],[-80.7823,37.38902],[-80.77677,37.38413],[-80.77665,37.38368],[-80.77008,37.37236],[-80.75989,37.37488],[-80.74872,37.38005],[-80.74553,37.38011],[-80.73804,37.38255],[-80.73159,37.38471],[-80.7236,37.38826],[-80.71548,37.39071],[-80.7052,37.39462],[-80.69171,37.40175],[-80.68458,37.40463],[-80.66497,37.41421],[-80.66411,37.41422],[-80.65669,37.41759],[-80.65359,37.41951],[-80.64589,37.42215],[-80.63695,37.42747],[-80.63755,37.42856],[-80.63738,37.42937],[-80.63439,37.43123],[-80.63236,37.43212],[-80.62637,37.43333],[-80.62266,37.43331],[-80.62212,37.43597],[-80.6168,37.43944],[-80.6002,37.44617],[-80.59138,37.45144],[-80.59024,37.4533],[-80.58586,37.45665],[-80.5663,37.46657],[-80.56144,37.46977],[-80.55204,37.47356],[-80.55075,37.47377],[-80.54745,37.47368],[-80.54484,37.47469],[-80.53979,37.47453],[-80.53689,37.47401],[-80.53441,37.47473],[-80.53345,37.47641],[-80.53237,37.47712],[-80.52835,37.47737],[-80.52348,37.47691],[-80.52234,37.47718],[-80.51966,37.4792],[-80.51864,37.4793],[-80.51637,37.47847],[-80.51514,37.47857],[-80.51341,37.47945],[-80.51139,37.48167],[-80.49298,37.45775],[-80.49728,37.44478],[-80.49487,37.43507],[-80.4756,37.42295],[-80.46482,37.42614],[-80.45731,37.43227],[-80.45137,37.43404],[-80.44303,37.43813],[-80.42566,37.44988],[-80.40282,37.46032],[-80.39988,37.46231],[-80.38254,37.47037],[-80.37831,37.47138],[-80.37195,37.47407],[-80.36945,37.4766],[-80.36317,37.48],[-80.36684,37.48488],[-80.34379,37.49215],[-80.33204,37.49374],[-80.3271,37.49538],[-80.32063,37.49888],[-80.30933,37.50288],[-80.30983,37.50383],[-80.29979,37.50827],[-80.28239,37.53352],[-80.29164,37.5365],[-80.30935,37.52738],[-80.33031,37.53624],[-80.32749,37.54002],[-80.32438,37.54105],[-80.32125,37.54142],[-80.31446,37.54412],[-80.31239,37.54624],[-80.3285,37.56432],[-80.29488,37.57877],[-80.28244,37.58548],[-80.27034,37.59115],[-80.26356,37.59337],[-80.25892,37.5955],[-80.24978,37.60212],[-80.24027,37.60696],[-80.22602,37.62006],[-80.22339,37.62318],[-80.22098,37.62777],[-80.23929,37.63767],[-80.25443,37.64235],[-80.25447,37.64233],[-80.26328,37.64508],[-80.26745,37.64611],[-80.27035,37.64893],[-80.27032,37.64898],[-80.27937,37.65708],[-80.29226,37.68373],[-80.29234,37.68398],[-80.29614,37.69178],[-80.29411,37.69385],[-80.28711,37.6964],[-80.27501,37.70784],[-80.27199,37.71153],[-80.26441,37.71879],[-80.25814,37.72061],[-80.25308,37.7259],[-80.25223,37.72726],[-80.25202,37.72982],[-80.26031,37.73352],[-80.26277,37.73834],[-80.25741,37.75608],[-80.25641,37.75637],[-80.25162,37.75587],[-80.24979,37.75711],[-80.25043,37.7613],[-80.25132,37.76296],[-80.2504,37.76582],[-80.24798,37.76851],[-80.2469,37.76831],[-80.24456,37.767],[-80.24144,37.76806],[-80.24124,37.77179],[-80.24027,37.7727],[-80.23589,37.77313],[-80.23545,37.77444],[-80.23401,37.77448],[-80.23201,37.77562],[-80.23046,37.77831],[-80.2275,37.77889],[-80.22679,37.77881],[-80.22545,37.77708],[-80.22303,37.77728],[-80.22183,37.77829],[-80.21763,37.77678],[-80.2169,37.77606],[-80.21566,37.77748],[-80.21573,37.77888],[-80.21629,37.77979],[-80.21589,37.78199],[-80.21862,37.78329],[-80.22009,37.78316],[-80.22101,37.78223],[-80.22208,37.78177],[-80.22348,37.78244],[-80.22433,37.78358],[-80.22415,37.78563],[-80.22288,37.78619],[-80.22342,37.78718],[-80.22618,37.78842],[-80.22606,37.78983],[-80.22796,37.79171],[-80.22949,37.79233],[-80.22923,37.79466],[-80.22709,37.79889],[-80.21861,37.80978],[-80.21694,37.80951],[-80.21623,37.80982],[-80.21097,37.8126],[-80.20648,37.81597],[-80.20584,37.81892],[-80.20285,37.82424],[-80.19963,37.82751],[-80.19465,37.83176],[-80.18638,37.83774],[-80.18177,37.83834],[-80.17939,37.83975],[-80.18355,37.84681],[-80.18306,37.85065],[-80.18182,37.85272],[-80.17671,37.85403],[-80.17208,37.86007],[-80.17203,37.86214],[-80.16896,37.86712],[-80.1622,37.87512],[-80.15383,37.88182],[-80.14895,37.88689],[-80.14732,37.88594],[-80.14613,37.88445],[-80.14195,37.88262],[-80.13193,37.8895],[-80.13104,37.8907],[-80.13046,37.89319],[-80.12955,37.89413],[-80.12362,37.89794],[-80.12302,37.89805],[-80.12061,37.89673],[-80.11775,37.89772],[-80.11748,37.90058],[-80.11911,37.90202],[-80.11897,37.90361],[-80.11688,37.90629],[-80.10682,37.9147],[-80.10293,37.91891],[-80.09656,37.91811],[-80.08695,37.92955],[-80.08082,37.93553],[-80.07544,37.93963],[-80.07451,37.94222],[-80.06657,37.94717],[-80.06368,37.94797],[-80.05684,37.95183],[-80.05104,37.95685],[-80.04841,37.95748],[-80.03624,37.96792],[-80.02417,37.97691],[-80.01314,37.98425],[-80.01256,37.986],[-80.01289,37.98744],[-80.01219,37.98863],[-80.00889,37.99083],[-80.00251,37.99277],[-79.99938,37.99584],[-79.99613,38.001],[-79.9954,38.00331],[-79.9959,38.00579],[-79.99498,38.00785],[-79.99011,38.01325],[-79.98614,38.01418],[-79.98484,38.01661],[-79.98579,38.01809],[-79.98562,38.01916],[-79.98029,38.0276],[-79.97843,38.02908],[-79.97673,38.02928],[-79.97527,38.03007],[-79.9737,38.03256],[-79.97217,38.0361],[-79.97378,38.03874],[-79.97389,38.04],[-79.97123,38.04433],[-79.96819,38.04771],[-79.95984,38.0637],[-79.96009,38.06868],[-79.95437,38.0804],[-79.95351,38.08148],[-79.94911,38.08424],[-79.94236,38.09159],[-79.93827,38.09474],[-79.9351,38.09654],[-79.93425,38.09767],[-79.93391,38.09917],[-79.93103,38.1014],[-79.92764,38.10483],[-79.92633,38.10715],[-79.92969,38.1092],[-79.93436,38.10972],[-79.93805,38.11076],[-79.93895,38.11162],[-79.94484,38.13159],[-79.94275,38.13433],[-79.93375,38.13551],[-79.92903,38.13977],[-79.92868,38.14493],[-79.92636,38.14732],[-79.92551,38.15024],[-79.92525,38.15046],[-79.92312,38.15087],[-79.91866,38.15479],[-79.91901,38.15616],[-79.91853,38.1575],[-79.91857,38.15806],[-79.91979,38.15851],[-79.919,38.15995],[-79.91909,38.1611],[-79.91952,38.16265],[-79.91872,38.16315],[-79.91638,38.16302],[-79.91594,38.16366],[-79.91623,38.16499],[-79.91488,38.16752],[-79.91506,38.16809],[-79.91607,38.16843],[-79.91792,38.1684],[-79.91891,38.17044],[-79.91863,38.17267],[-79.91676,38.1755],[-79.91662,38.17799],[-79.92103,38.17995],[-79.9212,38.18038],[-79.91706,38.18374],[-79.91617,38.18439],[-79.91634,38.18628],[-79.91441,38.18842],[-79.91096,38.18792],[-79.90609,38.189],[-79.89843,38.19304],[-79.89292,38.19987],[-79.89235,38.2024],[-79.89159,38.20465],[-79.88805,38.20736],[-79.88641,38.20795],[-79.88423,38.20787],[-79.87909,38.21102],[-79.86362,38.22395],[-79.85696,38.23107],[-79.85032,38.23333],[-79.84645,38.24],[-79.84521,38.24108],[-79.84298,38.24159],[-79.83749,38.24128],[-79.83512,38.24189],[-79.83417,38.2429],[-79.83403,38.24496],[-79.83297,38.24755],[-79.83088,38.24969],[-79.82528,38.25049],[-79.82101,38.24828],[-79.81962,38.24823],[-79.81715,38.24951],[-79.81486,38.25157],[-79.81572,38.25364],[-79.81571,38.25507],[-79.8142,38.25817],[-79.81199,38.2604],[-79.80633,38.25919],[-79.80127,38.26147],[-79.79829,38.26596],[-79.79013,38.26765],[-79.78894,38.2687],[-79.78754,38.2733],[-79.78979,38.28117],[-79.79545,38.29023],[-79.79785,38.29205],[-79.80278,38.29207],[-79.80335,38.29668],[-79.80403,38.29862],[-79.80754,38.30169],[-79.81011,38.30504],[-79.81015,38.30671],[-79.80871,38.30943],[-79.80409,38.31392],[-79.79962,38.31715],[-79.79816,38.31916],[-79.79655,38.32348],[-79.78597,38.33088],[-79.77927,38.33161],[-79.77309,38.33553],[-79.76991,38.34184],[-79.76765,38.34408],[-79.7678,38.34571],[-79.76811,38.34623],[-79.7691,38.34653],[-79.77035,38.3478],[-79.77,38.34815],[-79.76823,38.3492],[-79.7664,38.35087],[-79.76592,38.35169],[-79.76622,38.35248],[-79.76726,38.35339],[-79.76443,38.35651],[-79.75763,38.35757],[-79.75556,38.35737],[-79.74411,38.35397],[-79.74062,38.3541],[-79.7346,38.35673],[-79.73206,38.36017],[-79.72934,38.36183],[-79.72705,38.36223],[-79.72597,38.36323],[-79.7256,38.36383],[-79.7258,38.36613],[-79.72679,38.37083],[-79.72768,38.3717],[-79.73049,38.37222],[-79.7317,38.37338],[-79.72989,38.38035],[-79.72635,38.38707],[-79.72265,38.38952],[-79.71737,38.40156],[-79.7129,38.40503],[-79.70897,38.40955],[-79.70914,38.41206],[-79.70663,38.41573],[-79.68967,38.43144],[-79.68991,38.43286],[-79.69093,38.434],[-79.69166,38.43644],[-79.69138,38.43956],[-79.68954,38.44251],[-79.69148,38.44628],[-79.6882,38.45048],[-79.68837,38.45687],[-79.68888,38.45871],[-79.69109,38.46374],[-79.69559,38.46906],[-79.69893,38.46987],[-79.69962,38.47397],[-79.69901,38.47515],[-79.69557,38.47784],[-79.69418,38.47831],[-79.69342,38.48101],[-79.69546,38.48145],[-79.69696,38.48457],[-79.69757,38.48722],[-79.69451,38.49423],[-79.69227,38.49647],[-79.6913,38.49677],[-79.68834,38.49618],[-79.68297,38.50132],[-79.68161,38.5045],[-79.68157,38.50822],[-79.68037,38.51062],[-79.67407,38.51042],[-79.67047,38.50772],[-79.66913,38.51088],[-79.66877,38.51202],[-79.66757,38.51292],[-79.66567,38.51382],[-79.66347,38.51412],[-79.66207,38.51552],[-79.66297,38.51872],[-79.66677,38.52432],[-79.66977,38.52692],[-79.67157,38.52752],[-79.67297,38.52872],[-79.66877,38.53422],[-79.66687,38.53832],[-79.66967,38.54342],[-79.66927,38.54952],[-79.66508,38.56092],[-79.66258,38.56052],[-79.65927,38.56242],[-79.66067,38.56622],[-79.66227,38.56802],[-79.66287,38.57042],[-79.66038,38.57252],[-79.65937,38.57262],[-79.65817,38.57302],[-79.65775,38.57367],[-79.65784,38.57479],[-79.65611,38.5762],[-79.6554,38.57949],[-79.65587,38.58142],[-79.65547,38.58242],[-79.65398,38.58472],[-79.65188,38.58651],[-79.65066,38.58806],[-79.64907,38.59152],[-79.57177,38.56312],[-79.56627,38.56252],[-79.55547,38.56022],[-79.54257,38.55322],[-79.53827,38.55182],[-79.53687,38.55092],[-79.53337,38.54622],[-79.53317,38.54472],[-79.53187,38.54282],[-79.52147,38.53392],[-79.49977,38.49772],[-79.47664,38.45723],[-79.3703,38.42724],[-79.31228,38.41188],[-79.31054,38.41268],[-79.30914,38.41265],[-79.30721,38.41387],[-79.30639,38.41493],[-79.30458,38.41551],[-79.30251,38.41536],[-79.30106,38.41487],[-79.30008,38.41489],[-79.29776,38.41644],[-79.29571,38.41813],[-79.29181,38.41963],[-79.29053,38.42076],[-79.28843,38.42096],[-79.28687,38.42056],[-79.28561,38.41925],[-79.28297,38.4181],[-79.28015,38.42076],[-79.27968,38.42417],[-79.28026,38.42547],[-79.28058,38.42683],[-79.28247,38.42917],[-79.28276,38.43165],[-79.28222,38.43208],[-79.27453,38.43634],[-79.27206,38.43738],[-79.26741,38.43832],[-79.26533,38.44177],[-79.26338,38.44376],[-79.26111,38.44808],[-79.25737,38.45016],[-79.25599,38.45302],[-79.25588,38.45424],[-79.25444,38.45595],[-79.25307,38.45582],[-79.24734,38.45329],[-79.24264,38.45417],[-79.24185,38.45705],[-79.24202,38.46433],[-79.24006,38.46984],[-79.23441,38.47301],[-79.23162,38.47404],[-79.22567,38.47647],[-79.22096,38.48059],[-79.22141,38.48484],[-79.21907,38.48744],[-79.21521,38.48926],[-79.21059,38.49291],[-79.21001,38.49428],[-79.2097,38.49557],[-79.20787,38.50012],[-79.20788,38.50043],[-79.20696,38.50352],[-79.21096,38.50742],[-79.20586,38.52452],[-79.20146,38.52782],[-79.19696,38.53672],[-79.19346,38.54242],[-79.18896,38.54742],[-79.18406,38.55152],[-79.18086,38.55992],[-79.17666,38.56552],[-79.17451,38.56653],[-79.17096,38.56812],[-79.17066,38.56922],[-79.17166,38.57162],[-79.17086,38.57412],[-79.16806,38.57862],[-79.16346,38.58312],[-79.15866,38.59232],[-79.15826,38.59392],[-79.15896,38.59452],[-79.15916,38.60122],[-79.15436,38.60652],[-79.15556,38.60922],[-79.15536,38.61122],[-79.15126,38.62062],[-79.14697,38.62564],[-79.14674,38.62582],[-79.14266,38.63442],[-79.13966,38.63722],[-79.13756,38.63802],[-79.13701,38.64066],[-79.13637,38.6424],[-79.13555,38.64372],[-79.13547,38.64406],[-79.13356,38.64602],[-79.13106,38.65322],[-79.12976,38.65502],[-79.12886,38.65552],[-79.12586,38.65522],[-79.12406,38.65612],[-79.12356,38.65672],[-79.12366,38.65792],[-79.12301,38.65933],[-79.12226,38.65982],[-79.12026,38.66022],[-79.11595,38.65881],[-79.11345,38.65972],[-79.11156,38.65972],[-79.10636,38.65622],[-79.09296,38.65952],[-79.09275,38.66282],[-79.09225,38.66811],[-79.09105,38.66932],[-79.08786,38.67382],[-79.08436,38.68652],[-79.08555,38.68882],[-79.08805,38.69011],[-79.09076,38.69252],[-79.09227,38.69921],[-79.09256,38.70015],[-79.09275,38.70231],[-79.08656,38.71601],[-79.08725,38.72011],[-79.08545,38.72461],[-79.08195,38.72971],[-79.07966,38.73471],[-79.07655,38.73921],[-79.07385,38.74211],[-79.07276,38.74461],[-79.07255,38.74751],[-79.06485,38.75441],[-79.06095,38.75671],[-79.05755,38.76021],[-79.05725,38.76141],[-79.05675,38.76651],[-79.05565,38.77091],[-79.05375,38.77231],[-79.05155,38.77261],[-79.05125,38.77391],[-79.05165,38.77801],[-79.05245,38.77921],[-79.05435,38.78061],[-79.05565,38.78301],[-79.05495,38.78571],[-79.04895,38.79071],[-79.04655,38.79211],[-79.03315,38.79101],[-79.02925,38.79101],[-79.02725,38.79211],[-79.02305,38.79861],[-79.02345,38.80261],[-79.02445,38.80371],[-79.02405,38.80921],[-79.01955,38.81791],[-79.01675,38.82001],[-79.01195,38.82041],[-79.00795,38.82231],[-79.00655,38.82371],[-79.00615,38.82451],[-79.00635,38.82611],[-79.00515,38.82991],[-79.00235,38.83651],[-78.99901,38.84007],[-78.99886,38.84096],[-79.00025,38.84541],[-78.99817,38.84735],[-78.994,38.8501],[-78.86928,38.76299],[-78.8659,38.76703],[-78.86368,38.7718],[-78.84819,38.79498],[-78.83519,38.8115],[-78.83227,38.81439],[-78.82726,38.82161],[-78.82117,38.83098],[-78.81512,38.84159],[-78.81094,38.84962],[-78.80818,38.85618],[-78.79621,38.87461],[-78.79161,38.87759],[-78.79008,38.88008],[-78.78803,38.88512],[-78.78602,38.88719],[-78.7792,38.8923],[-78.77279,38.89374],[-78.75908,38.90053],[-78.75728,38.9032],[-78.75452,38.90573],[-78.75466,38.90758],[-78.75052,38.91603],[-78.73892,38.92728],[-78.72622,38.93093],[-78.72406,38.93085],[-78.72245,38.9314],[-78.71848,38.93427],[-78.71708,38.93603],[-78.71962,38.92651],[-78.7201,38.92386],[-78.71981,38.92264],[-78.71945,38.92026],[-78.7209,38.90984],[-78.71981,38.90591],[-78.71865,38.90456],[-78.71718,38.9043],[-78.71617,38.90483],[-78.71262,38.90866],[-78.70432,38.91523],[-78.69738,38.9156],[-78.69145,38.9222],[-78.68827,38.92478],[-78.68162,38.92584],[-78.68046,38.92531],[-78.67068,38.9338],[-78.66659,38.9392],[-78.66589,38.94158],[-78.66208,38.9457],[-78.65905,38.94738],[-78.65504,38.95377],[-78.65235,38.96068],[-78.64659,38.96814],[-78.63842,38.96682],[-78.63247,38.97474],[-78.63245,38.97698],[-78.63085,38.97959],[-78.62955,38.98087],[-78.62567,38.98257],[-78.62045,38.9826],[-78.61991,38.98129],[-78.61998,38.97734],[-78.61868,38.97408],[-78.61431,38.97585],[-78.61118,38.97613],[-78.60837,38.96974],[-78.60165,38.9646],[-78.6014,38.96653],[-78.59889,38.96955],[-78.59601,38.97019],[-78.59326,38.97192],[-78.5887,38.97858],[-78.58293,38.98542],[-78.58198,38.9884],[-78.58047,38.99057],[-78.57046,39.00155],[-78.56171,39.00901],[-78.5594,39.01188],[-78.55492,39.01512],[-78.55232,39.01637],[-78.55047,39.01806],[-78.55738,39.02139],[-78.55964,39.02446],[-78.56329,39.02633],[-78.56507,39.02593],[-78.56584,39.0263],[-78.5719,39.032],[-78.56,39.04157],[-78.55675,39.04453],[-78.55426,39.04806],[-78.54773,39.05407],[-78.54568,39.05505],[-78.54022,39.06063],[-78.53169,39.06652],[-78.52654,39.06822],[-78.52271,39.07106],[-78.51679,39.07757],[-78.51596,39.08005],[-78.51648,39.0818],[-78.5121,39.08488],[-78.50813,39.08863],[-78.50438,39.0914],[-78.49598,39.09898],[-78.49516,39.10099],[-78.48428,39.10737],[-78.47843,39.10984],[-78.47732,39.1094],[-78.47538,39.10747],[-78.47321,39.10814],[-78.47026,39.11006],[-78.46953,39.1112],[-78.46666,39.11286],[-78.45987,39.11335],[-78.43943,39.13215],[-78.43777,39.13543],[-78.43666,39.14169],[-78.42729,39.15273],[-78.41394,39.15841],[-78.4126,39.16004],[-78.4037,39.16745],[-78.40697,39.1709],[-78.41197,39.17273],[-78.41313,39.17364],[-78.41389,39.17535],[-78.41484,39.17784],[-78.41894,39.17735],[-78.42333,39.18135],[-78.42431,39.18268],[-78.42632,39.18276],[-78.42711,39.18425],[-78.42693,39.18556],[-78.4287,39.18722],[-78.42429,39.19216],[-78.4249,39.1933],[-78.42602,39.19414],[-78.42868,39.19263],[-78.43009,39.19437],[-78.43085,39.19623],[-78.43666,39.19666],[-78.43865,39.19805],[-78.43705,39.19977],[-78.43213,39.20472],[-78.4298,39.20701],[-78.42791,39.20861],[-78.42397,39.21205],[-78.41789,39.2175],[-78.40559,39.23118],[-78.40498,39.23801],[-78.40421,39.24121],[-78.39967,39.24387],[-78.39978,39.24413],[-78.40912,39.25256],[-78.41463,39.25573],[-78.41612,39.25541],[-78.41858,39.25606],[-78.41942,39.25748],[-78.4142,39.26391],[-78.40278,39.27547],[-78.40181,39.27675],[-78.40228,39.27724],[-78.403,39.27759],[-78.40324,39.27805],[-78.40289,39.27862],[-78.40055,39.28092],[-78.39923,39.28152],[-78.39868,39.28133],[-78.39777,39.28061],[-78.39703,39.28175],[-78.39595,39.28224],[-78.39455,39.28244],[-78.39337,39.28299],[-78.3923,39.28491],[-78.39147,39.2853],[-78.38878,39.28857],[-78.38719,39.29144],[-78.38724,39.29343],[-78.38589,39.29489],[-78.37473,39.30514],[-78.3716,39.30769],[-78.36724,39.31015],[-78.36469,39.31731],[-78.36157,39.31804],[-78.36003,39.31777],[-78.3463,39.33911],[-78.34546,39.34102],[-78.34763,39.34272],[-78.34741,39.3434],[-78.34368,39.34671],[-78.34251,39.34677],[-78.34131,39.34555],[-78.33928,39.3486],[-78.33896,39.34989],[-78.34048,39.35349],[-78.3487,39.35474],[-78.36227,39.35778],[-78.36687,39.35929],[-78.36263,39.36289],[-78.35484,39.37162],[-78.34321,39.38881],[-78.34467,39.38911],[-78.34522,39.38945],[-78.34588,39.39029],[-78.34668,39.39056],[-78.34788,39.3905],[-78.35003,39.39066],[-78.35092,39.39099],[-78.35121,39.3914],[-78.35001,39.39286],[-78.34961,39.39388],[-78.3493,39.39657],[-78.34944,39.39725],[-78.34988,39.39794],[-78.35059,39.39832],[-78.35229,39.39981],[-78.35415,39.40109],[-78.35795,39.40419],[-78.35992,39.40903],[-78.35935,39.41253],[-78.35663,39.4159],[-78.35124,39.42059],[-78.34835,39.42443],[-78.34672,39.42762],[-78.34794,39.43088],[-78.35323,39.43679],[-78.34777,39.44058],[-78.34655,39.44262],[-78.34606,39.44561],[-78.34733,39.44766],[-78.34696,39.45068],[-78.34582,39.4535],[-78.34514,39.45948],[-78.34948,39.4622],[-78.34709,39.46601],[-78.28798,39.42876],[-78.26278,39.41432],[-78.22877,39.39123],[-78.2054,39.3751],[-78.18737,39.36399],[-78.15819,39.34339],[-78.14092,39.33375],[-78.10875,39.31246],[-78.03284,39.2644],[-77.82816,39.13233],[-77.82218,39.13999],[-77.82223,39.14273],[-77.82299,39.14545],[-77.82287,39.14775],[-77.82141,39.15241],[-77.81845,39.15528],[-77.81321,39.16502],[-77.8113,39.16756],[-77.80912,39.16857],[-77.80599,39.17242],[-77.8051,39.17422],[-77.80442,39.17804],[-77.80471,39.17942],[-77.79794,39.19283],[-77.79771,39.19424],[-77.79848,39.19957],[-77.79819,39.20066],[-77.7946,39.2063],[-77.79363,39.21012],[-77.78876,39.21524],[-77.78364,39.22408],[-77.78127,39.22691],[-77.77807,39.2293],[-77.77142,39.23678],[-77.76728,39.24938],[-77.77059,39.24939],[-77.77088,39.24976],[-77.77067,39.25526],[-77.77028,39.25598],[-77.76899,39.25642],[-77.768,39.25766],[-77.76653,39.25734],[-77.76284,39.25845],[-77.76177,39.26303],[-77.76122,39.26372],[-77.75873,39.26811],[-77.75841,39.2692],[-77.7557,39.27457],[-77.75519,39.27519],[-77.75311,39.27734],[-77.75306,39.27797],[-77.75336,39.28033],[-77.75273,39.28337],[-77.75027,39.28928],[-77.74729,39.295],[-77.7349,39.31241],[-77.73005,39.31567],[-77.72164,39.31849],[-77.71995,39.31969],[-77.71952,39.32131],[-77.71586,39.32064],[-77.70771,39.32156],[-77.69746,39.31863],[-77.69298,39.31845],[-77.68712,39.31991],[-77.68171,39.32367],[-77.67585,39.32419],[-77.67134,39.32167],[-77.66613,39.31701],[-77.651,39.31078],[-77.64028,39.30824],[-77.6361,39.30778],[-77.61594,39.30272],[-77.6059,39.30369],[-77.59889,39.30188],[-77.59274,39.30129],[-77.58823,39.30195],[-77.57849,39.30523],[-77.57004,39.30635],[-77.5666,39.30612],[-77.56321,39.3039],[-77.56183,39.30191],[-77.56277,39.2945],[-77.56085,39.28615],[-77.55311,39.27927],[-77.55105,39.27588],[-77.54585,39.27154],[-77.54426,39.26966],[-77.54323,39.26694],[-77.54058,39.26495],[-77.53446,39.26236],[-77.52249,39.25909],[-77.52099,39.25849],[-77.51963,39.25723],[-77.50843,39.25263],[-77.49661,39.25104],[-77.48681,39.24759],[-77.48466,39.24612],[-77.48081,39.24166],[-77.47121,39.23451],[-77.46021,39.22836],[-77.45812,39.22614],[-77.45768,39.22502],[-77.45794,39.22202],[-77.45988,39.21868],[-77.47011,39.21184],[-77.47361,39.20841],[-77.47593,39.20202],[-77.47501,39.19493],[-77.47736,39.19049],[-77.4786,39.18917],[-77.48597,39.18567],[-77.50516,39.18205],[-77.51063,39.17848],[-77.51643,39.17089],[-77.52122,39.16106],[-77.52487,39.14845],[-77.52728,39.14624],[-77.52673,39.13732],[-77.52456,39.12782],[-77.51993,39.12092],[-77.51532,39.11859],[-77.49971,39.11395],[-77.49496,39.11304],[-77.4858,39.1093],[-77.48128,39.10566],[-77.47701,39.10033],[-77.47241,39.09252],[-77.46944,39.08639],[-77.46262,39.07625],[-77.46145,39.07515],[-77.4582,39.07372],[-77.45283,39.07247],[-77.4374,39.07061],[-77.42318,39.06688],[-77.41543,39.06643],[-77.40459,39.0645],[-77.3992,39.06478],[-77.38568,39.06199],[-77.38011,39.06281],[-77.37508,39.0613],[-77.36753,39.06109],[-77.3597,39.062],[-77.35031,39.06213],[-77.34029,39.06299],[-77.33551,39.06177],[-77.33401,39.06099],[-77.33371,39.05951],[-77.32421,39.05651],[-77.3149,39.05221],[-77.3107,39.05201],[-77.30101,39.04951],[-77.2931,39.04651],[-77.27471,39.03409],[-77.266,39.03191],[-77.2553,39.03001],[-77.2484,39.02691],[-77.246,39.02491],[-77.2446,39.02011],[-77.2469,39.01481],[-77.2518,39.01141],[-77.2557,39.00241],[-77.253,38.99571],[-77.2492,38.99371],[-77.2483,38.99231],[-77.24617,38.98575],[-77.24462,38.98253],[-77.24108,38.98121],[-77.2348,38.97631],[-77.23227,38.9795],[-77.2316,38.97992],[-77.22999,38.97986],[-77.2284,38.9784],[-77.22497,38.97335],[-77.2215,38.97131],[-77.2115,38.96941],[-77.2093,38.97041],[-77.2036,38.96891],[-77.2025,38.96791],[-77.1975,38.96681],[-77.1883,38.96751],[-77.183,38.96881],[-77.1719,38.96751],[-77.168,38.96741],[-77.1669,38.96811],[-77.1653,38.96801],[-77.15108,38.96583],[-77.14818,38.965],[-77.1466,38.96421],[-77.1377,38.95531],[-77.1319,38.94741],[-77.1276,38.94001],[-77.11976,38.93434],[-77.1179,38.93241],[-77.1166,38.92891],[-77.1134,38.92521],[-77.1063,38.91911],[-77.1034,38.91291],[-77.1012,38.91111],[-77.0937,38.90591],[-77.0902,38.90421],[-77.0822,38.90191],[-77.0701,38.90071],[-77.0682,38.89981],[-77.0673,38.89921],[-77.0635,38.88861],[-77.05825,38.88007],[-77.0552,38.88001],[-77.0541,38.87911],[-77.0511,38.87521],[-77.0513,38.87321],[-77.0491,38.87071],[-77.0463,38.87131],[-77.0456,38.87301],[-77.0466,38.87491],[-77.0454,38.87521],[-77.0433,38.87401],[-77.0406,38.87121],[-77.0391,38.86811],[-77.0389,38.86581],[-77.0393,38.86431],[-77.034,38.85714],[-77.0317,38.85051],[-77.03454,38.84047],[-77.03855,38.83926],[-77.0417,38.84021],[-77.0442,38.84021],[-77.045,38.83851],[-77.0449,38.83471],[-77.0435,38.83321],[-77.0426,38.83381],[-77.0412,38.83371],[-77.0392,38.83221],[-77.0381,38.82861],[-77.0391,38.82141],[-77.0381,38.81561],[-77.03736,38.81419],[-77.0389,38.80081],[-77.03901,38.79165],[-77.0395,38.79111],[-77.0401,38.78991],[-77.0411,38.77331],[-77.04228,38.74128],[-77.04347,38.73915],[-77.04164,38.73671],[-77.04149,38.72591],[-77.04325,38.71901],[-77.0462,38.71443],[-77.0532,38.70992],[-77.06532,38.70956],[-77.07183,38.71008],[-77.0735,38.71131],[-77.07421,38.71261],[-77.07711,38.71309],[-77.07806,38.71343],[-77.07956,38.71283],[-77.07987,38.71208],[-77.08072,38.71128],[-77.0808,38.71031],[-77.07995,38.70901],[-77.0918,38.70341],[-77.099,38.69861],[-77.1027,38.69832],[-77.1059,38.69682],[-77.122,38.68582],[-77.1325,38.67382],[-77.1359,38.64982],[-77.1319,38.64422],[-77.1322,38.64122],[-77.1302,38.63502],[-77.14407,38.63573],[-77.14763,38.63511],[-77.15809,38.63687],[-77.16094,38.634],[-77.16308,38.63121],[-77.16891,38.62545],[-77.1749,38.62422],[-77.18021,38.62326],[-77.182,38.62202],[-77.18432,38.62147],[-77.1859,38.62152],[-77.19045,38.61957],[-77.19165,38.61917],[-77.19447,38.61945],[-77.19789,38.61941],[-77.20054,38.6187],[-77.20197,38.61767],[-77.2037,38.61817],[-77.20525,38.62071],[-77.2051,38.62392],[-77.2056,38.62599],[-77.21102,38.63003],[-77.21383,38.63566],[-77.2157,38.63707],[-77.2149,38.63789],[-77.20872,38.63761],[-77.20337,38.64012],[-77.19802,38.6468],[-77.19517,38.64912],[-77.19327,38.65089],[-77.19434,38.65274],[-77.19778,38.65618],[-77.20076,38.65803],[-77.20349,38.6585],[-77.20705,38.65738],[-77.2105,38.65655],[-77.21359,38.65683],[-77.21953,38.65785],[-77.22476,38.65766],[-77.22607,38.66026],[-77.22999,38.66165],[-77.23189,38.66258],[-77.23593,38.66007],[-77.23332,38.65664],[-77.22797,38.65256],[-77.2244,38.64829],[-77.22393,38.64597],[-77.2244,38.64476],[-77.22737,38.64049],[-77.22833,38.63789],[-77.23125,38.63695],[-77.2342,38.63656],[-77.23721,38.63777],[-77.23852,38.63885],[-77.2406,38.63892],[-77.24422,38.63731],[-77.2467,38.63522],[-77.24809,38.63231],[-77.2489,38.62862],[-77.2484,38.62631],[-77.24583,38.62301],[-77.2451,38.62072],[-77.24781,38.61264],[-77.2497,38.61136],[-77.24995,38.60614],[-77.25198,38.60428],[-77.25495,38.60326],[-77.25637,38.60084],[-77.25649,38.59908],[-77.25471,38.59583],[-77.25121,38.59346],[-77.24681,38.59399],[-77.247,38.59062],[-77.2553,38.58691],[-77.25795,38.5834],[-77.26051,38.58459],[-77.26386,38.58505],[-77.26443,38.58284],[-77.2653,38.58032],[-77.26083,38.56533],[-77.25703,38.5612],[-77.25704,38.56045],[-77.26032,38.55984],[-77.26159,38.55885],[-77.26163,38.55669],[-77.26383,38.55544],[-77.27258,38.55144],[-77.2766,38.54712],[-77.2763,38.53962],[-77.27858,38.53688],[-77.27912,38.53398],[-77.28311,38.53301],[-77.28549,38.53069],[-77.28644,38.52799],[-77.28394,38.52788],[-77.28275,38.52625],[-77.2835,38.52522],[-77.28603,38.52206],[-77.28656,38.51944],[-77.28862,38.51915],[-77.2911,38.51572],[-77.29393,38.51609],[-77.29773,38.51479],[-77.29939,38.512],[-77.29927,38.51005],[-77.29642,38.50921],[-77.29634,38.50711],[-77.29971,38.50315],[-77.30348,38.49926],[-77.30845,38.49663],[-77.31033,38.49393],[-77.31018,38.49205],[-77.31574,38.48092],[-77.31557,38.47892],[-77.32262,38.46713],[-77.32321,38.46333],[-77.32426,38.45871],[-77.3241,38.45428],[-77.32544,38.44885],[-77.32505,38.44553],[-77.32629,38.4436],[-77.3245,38.44183],[-77.32331,38.4385],[-77.32269,38.43554],[-77.32287,38.43417],[-77.32246,38.42971],[-77.32109,38.42779],[-77.31904,38.4178],[-77.31244,38.40183],[-77.31108,38.40048],[-77.31072,38.39767],[-77.31125,38.39702],[-77.31413,38.39651],[-77.31698,38.39549],[-77.31686,38.39008],[-77.31541,38.38895],[-77.31729,38.38358],[-77.31213,38.37962],[-77.30423,38.37505],[-77.29608,38.3698],[-77.29344,38.36503],[-77.28815,38.35948],[-77.28728,38.35251],[-77.28835,38.35129],[-77.2862,38.34703],[-77.27963,38.33944],[-77.27145,38.33548],[-77.26455,38.33244],[-77.25669,38.33172],[-77.25007,38.33167],[-77.2401,38.33099],[-77.22832,38.33353],[-77.22383,38.33512],[-77.21239,38.33853],[-77.20449,38.34041],[-77.2011,38.34015],[-77.1935,38.34077],[-77.18018,38.3411],[-77.17408,38.34265],[-77.17066,38.34379],[-77.16269,38.34599],[-77.15519,38.35105],[-77.14577,38.36146],[-77.13822,38.36792],[-77.1303,38.36717],[-77.1247,38.36676],[-77.11616,38.36809],[-77.10967,38.36942],[-77.10472,38.36966],[-77.09812,38.36883],[-77.09467,38.36771],[-77.09009,38.36727],[-77.08481,38.3683],[-77.07817,38.372],[-77.07071,38.37764],[-77.05981,38.39142],[-77.05678,38.3962],[-77.05342,38.39881],[-77.05144,38.39908],[-77.04353,38.40055],[-77.04152,38.40019],[-77.02487,38.38679],[-77.02073,38.38291],[-77.0185,38.38194],[-77.01183,38.37455],[-77.01375,38.37334],[-77.01591,38.37102],[-77.01572,38.369],[-77.01447,38.36222],[-77.01469,38.35446],[-77.01619,38.34623],[-77.01624,38.34562],[-77.01693,38.3417],[-77.01612,38.33954],[-77.01485,38.33818],[-77.01473,38.33685],[-77.01553,38.3345],[-77.01491,38.33276],[-77.01684,38.33095],[-77.02095,38.32927],[-77.02162,38.32582],[-77.02169,38.3244],[-77.02277,38.32286],[-77.02512,38.32171],[-77.02689,38.32215],[-77.02962,38.32019],[-77.03188,38.31935],[-77.03664,38.31972],[-77.03961,38.31879],[-77.04234,38.32252],[-77.04424,38.32308],[-77.04674,38.32215],[-77.05078,38.32243],[-77.05434,38.32289],[-77.05541,38.32131],[-77.05779,38.32056],[-77.05648,38.31711],[-77.05494,38.31553],[-77.05197,38.31525],[-77.049,38.31376],[-77.04721,38.31189],[-77.04579,38.3117],[-77.04293,38.30947],[-77.04044,38.30937],[-77.03533,38.31086],[-77.03068,38.31162],[-77.02884,38.31088],[-77.02841,38.30875],[-77.02821,38.30584],[-77.0263,38.30268],[-77.02316,38.30051],[-77.02102,38.30118],[-77.01731,38.29859],[-77.01441,38.29438],[-77.01214,38.29298],[-77.01079,38.29159],[-77.00994,38.28883],[-77.00187,38.28174],[-77.00122,38.27831],[-77.00087,38.27486],[-76.99861,38.27393],[-76.99552,38.27327],[-76.99195,38.27327],[-76.99026,38.27394],[-76.98322,38.27465],[-76.98137,38.27421],[-76.9711,38.26587],[-76.96215,38.25649],[-76.96111,38.2533],[-76.96082,38.25027],[-76.9578,38.24318],[-76.95702,38.2402],[-76.95695,38.23682],[-76.95781,38.23458],[-76.95936,38.23277],[-76.96237,38.23009],[-76.96655,38.22954],[-76.96734,38.22718],[-76.96468,38.22025],[-76.96282,38.21822],[-76.96231,38.21408],[-76.95145,38.20903],[-76.94902,38.20842],[-76.93713,38.20238],[-76.93067,38.20122],[-76.92231,38.20089],[-76.91692,38.19975],[-76.91083,38.19707],[-76.90479,38.19285],[-76.90241,38.19048],[-76.89674,38.18666],[-76.89341,38.18498],[-76.88457,38.17876],[-76.88277,38.17646],[-76.87527,38.17221],[-76.86886,38.17137],[-76.86357,38.17149],[-76.86159,38.17085],[-76.85904,38.17103],[-76.85669,38.16843],[-76.85406,38.16725],[-76.84941,38.16691],[-76.84536,38.16586],[-76.84344,38.16488],[-76.8388,38.16348],[-76.83045,38.16331],[-76.82427,38.16364],[-76.81745,38.16503],[-76.81319,38.1665],[-76.81,38.1667],[-76.79989,38.16893],[-76.79675,38.16827],[-76.78844,38.1692],[-76.77965,38.16801],[-76.77409,38.16717],[-76.76024,38.16658],[-76.75491,38.16433],[-76.74964,38.1602],[-76.74429,38.15563],[-76.74104,38.1522],[-76.73835,38.14768],[-76.73835,38.13422],[-76.73668,38.13273],[-76.73276,38.13179],[-76.7286,38.1317],[-76.72647,38.13329],[-76.72172,38.13764],[-76.7159,38.14026],[-76.70858,38.14507],[-76.70405,38.14926],[-76.7013,38.15572],[-76.70198,38.1578],[-76.70206,38.15971],[-76.70065,38.16016],[-76.69347,38.16007],[-76.68968,38.16015],[-76.68828,38.15952],[-76.68755,38.15847],[-76.68489,38.1565],[-76.67886,38.15428],[-76.67681,38.15316],[-76.67351,38.15243],[-76.67016,38.15031],[-76.66513,38.14764],[-76.663,38.14497],[-76.66146,38.14179],[-76.66027,38.13965],[-76.65659,38.13535],[-76.65183,38.13394],[-76.64803,38.12955],[-76.64423,38.12787],[-76.6428,38.12516],[-76.64126,38.12338],[-76.63971,38.12198],[-76.63425,38.12534],[-76.63258,38.12731],[-76.63234,38.12871],[-76.6327,38.13067],[-76.63439,38.13313],[-76.63686,38.13535],[-76.63615,38.13768],[-76.63579,38.13936],[-76.63591,38.14133],[-76.63698,38.14245],[-76.639,38.14169],[-76.64066,38.14189],[-76.64114,38.14394],[-76.6434,38.14628],[-76.64345,38.14825],[-76.63898,38.15148],[-76.63465,38.15175],[-76.63253,38.15264],[-76.62948,38.15305],[-76.62468,38.15074],[-76.61975,38.14999],[-76.61542,38.14881],[-76.61206,38.14866],[-76.61154,38.14799],[-76.61277,38.14641],[-76.61377,38.1433],[-76.61313,38.14018],[-76.61135,38.13727],[-76.60699,38.13319],[-76.60432,38.13026],[-76.60413,38.12877],[-76.6024,38.12226],[-76.60085,38.11459],[-76.60094,38.11008],[-76.59328,38.10465],[-76.58819,38.10227],[-76.5795,38.09487],[-76.57416,38.09297],[-76.56628,38.0889],[-76.55759,38.08615],[-76.54885,38.08059],[-76.5414,38.0766],[-76.5374,38.07553],[-76.5354,38.07363],[-76.53522,38.0709],[-76.53531,38.06596],[-76.53336,38.06244],[-76.52646,38.05325],[-76.52278,38.04899],[-76.52139,38.0464],[-76.5225,38.04505],[-76.52681,38.04649],[-76.5289,38.04628],[-76.53691,38.04134],[-76.53969,38.0412],[-76.54029,38.03913],[-76.54321,38.03863],[-76.54773,38.03947],[-76.55046,38.04059],[-76.55153,38.03938],[-76.55141,38.03676],[-76.55106,38.03357],[-76.54963,38.03042],[-76.55011,38.02946],[-76.55367,38.02936],[-76.556,38.02778],[-76.5551,38.02459],[-76.55207,38.02299],[-76.54797,38.02412],[-76.54378,38.02194],[-76.53656,38.02094],[-76.53573,38.02178],[-76.53511,38.02438],[-76.53598,38.02543],[-76.53552,38.02625],[-76.53281,38.02601],[-76.52842,38.02436],[-76.52342,38.02352],[-76.5183,38.02424],[-76.51624,38.0262],[-76.50105,38.0206],[-76.49568,38.01796],[-76.48907,38.01676],[-76.48387,38.01533],[-76.47673,38.01426],[-76.47696,38.01302],[-76.47969,38.01147],[-76.47924,38.01026],[-76.47425,38.00999],[-76.47132,38.00699],[-76.46787,38.00502],[-76.46597,38.00474],[-76.46322,38.0051],[-76.46289,38.0016],[-76.46308,37.99632],[-76.46421,37.99614],[-76.46975,37.99793],[-76.4725,37.99406],[-76.47462,37.99365],[-76.47541,37.99221],[-76.47406,37.99077],[-76.47227,37.99022],[-76.47175,37.98875],[-76.47384,37.98803],[-76.47427,37.98701],[-76.47285,37.9842],[-76.46713,37.98295],[-76.46471,37.98403],[-76.46277,37.98602],[-76.46065,37.98643],[-76.45135,37.98441],[-76.45056,37.98227],[-76.44942,37.98234],[-76.44564,37.98553],[-76.44297,37.98522],[-76.44086,37.98348],[-76.44272,37.98004],[-76.44043,37.9768],[-76.43655,37.97786],[-76.4323,37.97647],[-76.43089,37.97821],[-76.42905,37.97755],[-76.4163,37.96683],[-76.40796,37.96278],[-76.39144,37.95874],[-76.38504,37.9564],[-76.37903,37.95614],[-76.36021,37.95233],[-76.34385,37.94734],[-76.33795,37.94495],[-76.3172,37.93527],[-76.31043,37.93149],[-76.29363,37.92375],[-76.28922,37.92149],[-76.266,37.91138],[-76.26478,37.91033],[-76.26211,37.90879],[-76.25992,37.90709],[-76.26014,37.90597],[-76.25859,37.90466],[-76.25625,37.90426],[-76.25527,37.90322],[-76.25574,37.90232],[-76.25287,37.90062],[-76.25324,37.89922],[-76.25146,37.89782],[-76.25039,37.89575],[-76.2442,37.89277],[-76.23696,37.8905],[-76.23673,37.88917],[-76.23759,37.88529],[-76.23875,37.88166],[-76.24101,37.87669],[-76.2432,37.87218],[-76.24481,37.86902],[-76.24429,37.86575],[-76.24507,37.86192],[-76.24702,37.853],[-76.24956,37.85185],[-76.24998,37.84752],[-76.25087,37.84369],[-76.24901,37.84219],[-76.25051,37.83501],[-76.25241,37.83242],[-76.25681,37.82922],[-76.26606,37.8174],[-76.27518,37.81266],[-76.28054,37.8126],[-76.28259,37.81411],[-76.28199,37.81807],[-76.2849,37.82231],[-76.2883,37.82154],[-76.29032,37.82154],[-76.29353,37.82272],[-76.3066,37.82191],[-76.31219,37.81412],[-76.30748,37.81235],[-76.30699,37.80764],[-76.30756,37.80025],[-76.30911,37.7972],[-76.31148,37.7959],[-76.31195,37.79234],[-76.31397,37.79299],[-76.31647,37.79281],[-76.31682,37.79017],[-76.31647,37.78726],[-76.3154,37.78473],[-76.31528,37.782],[-76.31302,37.78191],[-76.31194,37.78303],[-76.30946,37.78304],[-76.30706,37.78478],[-76.30767,37.78689],[-76.30666,37.78746],[-76.30175,37.78591],[-76.29991,37.78444],[-76.29852,37.78351],[-76.29662,37.78382],[-76.29541,37.78513],[-76.29264,37.78608],[-76.28985,37.78595],[-76.28759,37.7852],[-76.28555,37.78409],[-76.28679,37.77798],[-76.28789,37.77754],[-76.28973,37.77853],[-76.28973,37.78172],[-76.29187,37.78294],[-76.29484,37.7821],[-76.29781,37.78069],[-76.30126,37.78078],[-76.30316,37.78135],[-76.30577,37.78013],[-76.30482,37.77909],[-76.30549,37.77646],[-76.30732,37.77618],[-76.30981,37.77496],[-76.31,37.773],[-76.30922,37.76801],[-76.30743,37.76632],[-76.30809,37.76423],[-76.30991,37.76346],[-76.31183,37.76425],[-76.31599,37.76359],[-76.31599,37.76162],[-76.31421,37.75918],[-76.31367,37.75697],[-76.31151,37.75686],[-76.31088,37.75598],[-76.31017,37.7527],[-76.31211,37.75052],[-76.31457,37.75044],[-76.31564,37.74969],[-76.31587,37.74649],[-76.31421,37.74245],[-76.311,37.74245],[-76.30863,37.74057],[-76.3072,37.73127],[-76.30874,37.73127],[-76.30969,37.73221],[-76.31124,37.73249],[-76.31278,37.73296],[-76.31323,37.73465],[-76.31659,37.73653],[-76.32027,37.73785],[-76.32205,37.737],[-76.32193,37.73371],[-76.32288,37.73061],[-76.32277,37.72817],[-76.3192,37.7277],[-76.31956,37.72328],[-76.32122,37.72196],[-76.32027,37.71989],[-76.31766,37.71783],[-76.31659,37.71623],[-76.3148,37.71717],[-76.31397,37.71877],[-76.31266,37.71839],[-76.31165,37.71697],[-76.31017,37.71256],[-76.31088,37.71115],[-76.30946,37.71002],[-76.30886,37.70833],[-76.30541,37.70448],[-76.30316,37.70231],[-76.30173,37.69827],[-76.30114,37.69545],[-76.30292,37.6947],[-76.30244,37.69094],[-76.30363,37.68943],[-76.30684,37.68934],[-76.30732,37.69235],[-76.30969,37.69347],[-76.31159,37.69451],[-76.3135,37.69441],[-76.31361,37.693],[-76.31457,37.69178],[-76.31516,37.68981],[-76.31254,37.68457],[-76.31516,37.68539],[-76.31861,37.68548],[-76.32027,37.68793],[-76.32419,37.68793],[-76.32716,37.68698],[-76.32954,37.68586],[-76.33441,37.68454],[-76.33417,37.68228],[-76.33125,37.68063],[-76.32621,37.67626],[-76.32514,37.67485],[-76.32502,37.67194],[-76.32752,37.67118],[-76.33073,37.67241],[-76.33287,37.67081],[-76.33715,37.66422],[-76.33762,37.66262],[-76.33628,37.66101],[-76.33634,37.6586],[-76.33819,37.6575],[-76.33989,37.65597],[-76.33256,37.64582],[-76.33275,37.64437],[-76.33417,37.64343],[-76.33358,37.64164],[-76.33275,37.63976],[-76.33215,37.63524],[-76.33218,37.63233],[-76.3318,37.62978],[-76.3293,37.62847],[-76.32609,37.62743],[-76.32277,37.62696],[-76.31979,37.62696],[-76.31825,37.62941],[-76.31801,37.6311],[-76.31564,37.63138],[-76.31314,37.63138],[-76.31088,37.63289],[-76.31136,37.63487],[-76.31338,37.63656],[-76.31587,37.63797],[-76.31433,37.64089],[-76.31294,37.64219],[-76.3085,37.64173],[-76.30589,37.64108],[-76.30066,37.63863],[-76.29733,37.63694],[-76.29253,37.6361],[-76.29151,37.63411],[-76.28902,37.63185],[-76.28532,37.62659],[-76.28391,37.6232],[-76.27945,37.61823],[-76.28008,37.61514],[-76.28195,37.61416],[-76.28653,37.61479],[-76.29218,37.61504],[-76.29443,37.61597],[-76.29516,37.6172],[-76.29912,37.61962],[-76.30684,37.62022],[-76.30684,37.62123],[-76.30637,37.62272],[-76.30862,37.62461],[-76.31076,37.62404],[-76.31266,37.62479],[-76.31433,37.62395],[-76.31597,37.62222],[-76.32205,37.62009],[-76.32574,37.62075],[-76.32681,37.62216],[-76.33251,37.62451],[-76.33929,37.62376],[-76.34368,37.62376],[-76.34582,37.62272],[-76.3501,37.62169],[-76.35461,37.62037],[-76.35711,37.61849],[-76.35794,37.61566],[-76.35996,37.61444],[-76.36074,37.61228],[-76.35875,37.61094],[-76.35904,37.60904],[-76.36189,37.60902],[-76.36232,37.61037],[-76.36905,37.61626],[-76.37467,37.62222],[-76.38111,37.627],[-76.38574,37.62911],[-76.39005,37.63033],[-76.3955,37.62997],[-76.39924,37.62864],[-76.40185,37.62738],[-76.40329,37.62736],[-76.40402,37.62869],[-76.40936,37.63345],[-76.41224,37.63568],[-76.41495,37.63823],[-76.41839,37.63995],[-76.42505,37.63952],[-76.42915,37.64125],[-76.43423,37.6467],[-76.43685,37.64993],[-76.43976,37.65243],[-76.44325,37.65235],[-76.44529,37.65264],[-76.4465,37.64999],[-76.44831,37.64924],[-76.44955,37.64945],[-76.45211,37.64878],[-76.45548,37.65107],[-76.4583,37.65453],[-76.45919,37.65671],[-76.45882,37.65838],[-76.45968,37.65961],[-76.46294,37.66048],[-76.46878,37.66341],[-76.47239,37.66577],[-76.47072,37.66742],[-76.46989,37.67024],[-76.46359,37.67278],[-76.45812,37.67504],[-76.45432,37.6772],[-76.45539,37.68125],[-76.45634,37.68313],[-76.45991,37.6835],[-76.46264,37.69018],[-76.4687,37.69573],[-76.47738,37.69451],[-76.48023,37.69291],[-76.48237,37.68943],[-76.48712,37.68539],[-76.48558,37.68256],[-76.4813,37.67946],[-76.47785,37.67777],[-76.48308,37.67504],[-76.48617,37.67222],[-76.48688,37.66977],[-76.48958,37.6662],[-76.4918,37.66361],[-76.49429,37.66143],[-76.499,37.6583],[-76.50186,37.6582],[-76.50293,37.65416],[-76.50031,37.6535],[-76.49675,37.65293],[-76.49486,37.65307],[-76.49601,37.65099],[-76.49756,37.64706],[-76.50152,37.64376],[-76.51019,37.64232],[-76.51181,37.64364],[-76.51191,37.645],[-76.5147,37.64596],[-76.51991,37.64968],[-76.52201,37.6529],[-76.52495,37.65353],[-76.53027,37.66021],[-76.53419,37.66094],[-76.53596,37.66441],[-76.5377,37.66893],[-76.53613,37.67457],[-76.5353,37.68752],[-76.53723,37.69889],[-76.53947,37.70194],[-76.54005,37.70443],[-76.54198,37.70796],[-76.54676,37.71146],[-76.55154,37.71377],[-76.55276,37.71569],[-76.55584,37.7167],[-76.55846,37.72094],[-76.56048,37.72783],[-76.56399,37.73195],[-76.56661,37.73371],[-76.56955,37.7344],[-76.56941,37.73669],[-76.57051,37.739],[-76.57146,37.74197],[-76.57142,37.74672],[-76.57639,37.75749],[-76.58429,37.76889],[-76.58429,37.77086],[-76.58582,37.77157],[-76.5901,37.7713],[-76.59101,37.77235],[-76.59383,37.77285],[-76.59594,37.77168],[-76.60202,37.77273],[-76.61535,37.78076],[-76.61899,37.78362],[-76.61832,37.78517],[-76.61947,37.78633],[-76.62058,37.78783],[-76.62395,37.7886],[-76.62776,37.78849],[-76.6295,37.78774],[-76.63103,37.78641],[-76.63227,37.78701],[-76.63273,37.78797],[-76.63578,37.78953],[-76.63423,37.79053],[-76.63246,37.79046],[-76.62771,37.79346],[-76.62545,37.79619],[-76.627,37.80041],[-76.63246,37.8006],[-76.63436,37.80107],[-76.63567,37.80191],[-76.63745,37.80351],[-76.6384,37.80492],[-76.64042,37.80539],[-76.64244,37.80548],[-76.64304,37.80389],[-76.64577,37.80304],[-76.64874,37.80041],[-76.64874,37.79863],[-76.65029,37.79806],[-76.65141,37.79624],[-76.65337,37.798],[-76.65485,37.8018],[-76.6583,37.80682],[-76.66093,37.80875],[-76.66942,37.81216],[-76.67296,37.81529],[-76.67554,37.81852],[-76.67566,37.81942],[-76.67808,37.82296],[-76.6802,37.82565],[-76.68328,37.82532],[-76.68614,37.82455],[-76.68873,37.82422],[-76.69275,37.82277],[-76.69721,37.82245],[-76.70161,37.82268],[-76.70844,37.82745],[-76.71338,37.83262],[-76.7189,37.83564],[-76.72216,37.83668],[-76.72614,37.83623],[-76.72701,37.83842],[-76.72718,37.84226],[-76.73034,37.84622],[-76.73119,37.84981],[-76.73305,37.85201],[-76.73618,37.85376],[-76.74025,37.85455],[-76.74118,37.85525],[-76.74012,37.8634],[-76.73839,37.86537],[-76.74187,37.86873],[-76.74524,37.87127],[-76.74755,37.87586],[-76.75734,37.87732],[-76.76049,37.87854],[-76.76571,37.87927],[-76.76485,37.88197],[-76.76485,37.88356],[-76.76663,37.88534],[-76.76533,37.88919],[-76.76604,37.89322],[-76.76816,37.89623],[-76.76877,37.89913],[-76.77305,37.90316],[-76.77709,37.90813],[-76.77923,37.91151],[-76.78429,37.9151],[-76.79254,37.9206],[-76.79848,37.92519],[-76.80074,37.92398],[-76.81013,37.92426],[-76.8131,37.92641],[-76.81548,37.93044],[-76.82071,37.93316],[-76.82368,37.93401],[-76.82498,37.93316],[-76.83045,37.93241],[-76.83283,37.93166],[-76.83544,37.93213],[-76.83663,37.93419],[-76.84364,37.94169],[-76.84619,37.94546],[-76.84625,37.94872],[-76.85006,37.95116],[-76.85043,37.95242],[-76.8478,37.95416],[-76.84673,37.95612],[-76.84828,37.96203],[-76.84994,37.96531],[-76.8503,37.96765],[-76.8503,37.97074],[-76.85301,37.97463],[-76.85552,37.97473],[-76.85616,37.97349],[-76.85764,37.97346],[-76.86337,37.97748],[-76.868,37.98367],[-76.87121,37.98591],[-76.87561,37.98657],[-76.87918,37.98606],[-76.89213,37.98629],[-76.89569,37.9891],[-76.89819,37.99238],[-76.89807,37.99603],[-76.90006,37.99853],[-76.89792,38.00523],[-76.90082,38.01455],[-76.90584,38.01903],[-76.90503,38.0277],[-76.90912,38.03444],[-76.91287,38.04745],[-76.91228,38.05168],[-76.91469,38.05364],[-76.92265,38.07109],[-76.92688,38.0716],[-76.92854,38.06861],[-76.92734,38.05926],[-76.91966,38.03901],[-76.91865,38.03259],[-76.9172,38.02961],[-76.91888,38.02558],[-76.92218,38.02563],[-76.92306,38.02835],[-76.92575,38.03013],[-76.92845,38.02866],[-76.92896,38.02511],[-76.93059,38.02427],[-76.92963,38.01971],[-76.92668,38.01769],[-76.91932,38.00495],[-76.9179,38.00276],[-76.91827,37.99903],[-76.91994,37.99575],[-76.92184,37.99088],[-76.9254,37.98807],[-76.92718,37.98498],[-76.92742,37.98179],[-76.92101,37.97608],[-76.91601,37.97364],[-76.91138,37.9728],[-76.90496,37.97252],[-76.89676,37.97392],[-76.89177,37.97505],[-76.88821,37.97346],[-76.88523,37.97346],[-76.87739,37.97046],[-76.87917,37.96858],[-76.88013,37.96456],[-76.88619,37.95631],[-76.88642,37.95509],[-76.88797,37.955],[-76.88927,37.95425],[-76.88963,37.95284],[-76.88821,37.95191],[-76.88535,37.95191],[-76.88345,37.95125],[-76.88072,37.95106],[-76.87002,37.94169],[-76.86384,37.93841],[-76.86254,37.93672],[-76.85992,37.93532],[-76.86028,37.93326],[-76.856,37.93026],[-76.85636,37.92829],[-76.85303,37.92313],[-76.8522,37.92079],[-76.84887,37.91873],[-76.84744,37.91648],[-76.84435,37.91563],[-76.84079,37.91535],[-76.83449,37.9161],[-76.83262,37.91623],[-76.82641,37.91413],[-76.82712,37.91301],[-76.82677,37.91132],[-76.82558,37.91029],[-76.82415,37.90776],[-76.8238,37.90597],[-76.8238,37.90391],[-76.82201,37.9025],[-76.81916,37.90269],[-76.81583,37.90194],[-76.81215,37.89885],[-76.80633,37.8966],[-76.80193,37.89585],[-76.79682,37.89557],[-76.79456,37.89519],[-76.79527,37.89247],[-76.7942,37.88515],[-76.7923,37.88365],[-76.7904,37.87953],[-76.78886,37.87681],[-76.78422,37.87399],[-76.78493,37.87155],[-76.78462,37.86957],[-76.78283,37.86318],[-76.77885,37.85961],[-76.77357,37.85654],[-76.77279,37.85548],[-76.77097,37.85479],[-76.76936,37.85202],[-76.76778,37.84767],[-76.76485,37.84594],[-76.76619,37.84246],[-76.76633,37.84044],[-76.76488,37.83691],[-76.76396,37.83533],[-76.76183,37.83407],[-76.76191,37.83297],[-76.76076,37.83094],[-76.7588,37.82995],[-76.75786,37.82859],[-76.75638,37.82668],[-76.75425,37.82532],[-76.7512,37.82414],[-76.74969,37.8224],[-76.74868,37.81938],[-76.74732,37.81844],[-76.74603,37.81648],[-76.74497,37.81259],[-76.74318,37.81133],[-76.73431,37.79866],[-76.72781,37.79336],[-76.72386,37.7885],[-76.72188,37.78738],[-76.71789,37.78637],[-76.7155,37.78587],[-76.70901,37.7857],[-76.70251,37.78603],[-76.69792,37.7864],[-76.69449,37.78589],[-76.69308,37.78524],[-76.68977,37.78519],[-76.68377,37.78139],[-76.68249,37.78121],[-76.6805,37.78014],[-76.68053,37.77899],[-76.6819,37.77812],[-76.68334,37.77578],[-76.68246,37.77299],[-76.68313,37.76922],[-76.68337,37.76551],[-76.68092,37.75965],[-76.677,37.7561],[-76.67022,37.7532],[-76.66389,37.75189],[-76.63996,37.75094],[-76.63614,37.75042],[-76.62881,37.74856],[-76.62466,37.7464],[-76.61971,37.7448],[-76.61666,37.74189],[-76.61897,37.74063],[-76.62177,37.74029],[-76.62319,37.73935],[-76.62072,37.73751],[-76.61912,37.73411],[-76.61895,37.73246],[-76.61923,37.73092],[-76.60647,37.72482],[-76.60002,37.7204],[-76.59721,37.71727],[-76.59594,37.71299],[-76.59807,37.70912],[-76.59787,37.70292],[-76.59639,37.69971],[-76.59046,37.69607],[-76.58879,37.69376],[-76.58981,37.69141],[-76.58974,37.68854],[-76.58805,37.68476],[-76.58261,37.67773],[-76.57935,37.67329],[-76.57959,37.67151],[-76.58552,37.66855],[-76.59004,37.66752],[-76.58968,37.66582],[-76.58314,37.66199],[-76.57746,37.6591],[-76.57384,37.65644],[-76.57458,37.65496],[-76.57433,37.65084],[-76.5772,37.64936],[-76.57673,37.64748],[-76.57405,37.64678],[-76.5695,37.64294],[-76.56708,37.64204],[-76.56754,37.63959],[-76.56553,37.63772],[-76.55943,37.63455],[-76.55716,37.63361],[-76.55539,37.63157],[-76.55368,37.62887],[-76.55279,37.62672],[-76.55008,37.62402],[-76.54925,37.62141],[-76.54267,37.61686],[-76.53378,37.61253],[-76.52719,37.61131],[-76.51991,37.61189],[-76.51041,37.61159],[-76.5075,37.61092],[-76.50458,37.61183],[-76.49232,37.61309],[-76.47833,37.61131],[-76.47569,37.61088],[-76.46347,37.61147],[-76.4565,37.61316],[-76.45432,37.61105],[-76.45135,37.61096],[-76.44864,37.61238],[-76.44433,37.61191],[-76.44071,37.61305],[-76.43339,37.61288],[-76.43083,37.61113],[-76.43198,37.60634],[-76.43436,37.60569],[-76.43459,37.60201],[-76.43174,37.60154],[-76.43067,37.59947],[-76.4315,37.5974],[-76.43566,37.59862],[-76.43745,37.59693],[-76.42948,37.5909],[-76.42628,37.5926],[-76.42342,37.59222],[-76.42353,37.59049],[-76.4286,37.58746],[-76.42509,37.5844],[-76.42295,37.58544],[-76.4151,37.58054],[-76.41332,37.58064],[-76.41078,37.58181],[-76.40837,37.58171],[-76.38512,37.57301],[-76.36995,37.57303],[-76.36652,37.57269],[-76.3591,37.57368],[-76.35783,37.5737],[-76.34943,37.57281],[-76.34337,37.5714],[-76.33941,37.5712],[-76.33264,37.57004],[-76.32092,37.56542],[-76.31925,37.56354],[-76.31554,37.56085],[-76.31329,37.56104],[-76.31275,37.56253],[-76.30666,37.56329],[-76.30014,37.56173],[-76.29887,37.56117],[-76.29803,37.55987],[-76.29796,37.55764],[-76.30276,37.5513],[-76.31191,37.5464],[-76.31528,37.54583],[-76.32018,37.54626],[-76.32299,37.54774],[-76.32563,37.54749],[-76.32867,37.54812],[-76.33065,37.54711],[-76.3308,37.54547],[-76.32786,37.54395],[-76.32834,37.54192],[-76.32847,37.53069],[-76.32985,37.52604],[-76.33113,37.52546],[-76.33187,37.52625],[-76.33133,37.53872],[-76.33239,37.54135],[-76.33501,37.54248],[-76.33833,37.54305],[-76.34024,37.5422],[-76.34059,37.54041],[-76.33976,37.539],[-76.33999,37.53833],[-76.34899,37.53655],[-76.35533,37.53758],[-76.35877,37.53664],[-76.36163,37.53466],[-76.35984,37.52156],[-76.35966,37.52046],[-76.36047,37.51924],[-76.35938,37.51343],[-76.3564,37.50808],[-76.35268,37.50491],[-76.3457,37.50403],[-76.34344,37.50478],[-76.34059,37.50516],[-76.33616,37.5044],[-76.33363,37.5028],[-76.33173,37.49993],[-76.32947,37.49492],[-76.32871,37.49196],[-76.32764,37.48979],[-76.32776,37.48819],[-76.32526,37.48611],[-76.32329,37.48534],[-76.31733,37.48509],[-76.31255,37.48621],[-76.31091,37.4871],[-76.31159,37.48866],[-76.31552,37.48875],[-76.31555,37.48995],[-76.3135,37.49102],[-76.31338,37.49234],[-76.31041,37.49413],[-76.29774,37.50686],[-76.29645,37.51123],[-76.29765,37.51542],[-76.2936,37.5165],[-76.28817,37.51412],[-76.28104,37.50782],[-76.27335,37.49349],[-76.27229,37.48983],[-76.27309,37.48894],[-76.2719,37.4864],[-76.27302,37.48477],[-76.27559,37.48479],[-76.27662,37.48577],[-76.28117,37.48555],[-76.28295,37.48678],[-76.28569,37.48762],[-76.28676,37.48687],[-76.28997,37.48979],[-76.29377,37.4913],[-76.29234,37.49328],[-76.29258,37.49498],[-76.30304,37.49422],[-76.3047,37.49441],[-76.30696,37.49488],[-76.31029,37.49111],[-76.30898,37.48857],[-76.30482,37.48875],[-76.30197,37.48762],[-76.30232,37.48517],[-76.29983,37.48357],[-76.29757,37.48338],[-76.29424,37.48263],[-76.29306,37.48187],[-76.29267,37.48067],[-76.29151,37.4798],[-76.28866,37.47933],[-76.2864,37.47838],[-76.28569,37.47669],[-76.28367,37.47584],[-76.28109,37.47555],[-76.27951,37.4747],[-76.27963,37.47338],[-76.28046,37.47159],[-76.2807,37.46584],[-76.27868,37.46565],[-76.27155,37.46216],[-76.27095,37.45952],[-76.26727,37.45678],[-76.26133,37.45659],[-76.26026,37.45697],[-76.2561,37.45263],[-76.2555,37.44942],[-76.25705,37.44357],[-76.25526,37.44169],[-76.25241,37.43659],[-76.25265,37.43017],[-76.25134,37.42376],[-76.2517,37.42168],[-76.25087,37.41866],[-76.24947,37.4172],[-76.24922,37.41581],[-76.25039,37.413],[-76.24897,37.40611],[-76.24825,37.39629],[-76.2479,37.3944],[-76.2479,37.38515],[-76.24775,37.37882],[-76.24908,37.3758],[-76.25348,37.37145],[-76.25657,37.36635],[-76.25929,37.36222],[-76.26241,37.36079],[-76.26485,37.3574],[-76.27207,37.35557],[-76.2729,37.35397],[-76.27468,37.34962],[-76.27408,37.34481],[-76.27338,37.34244],[-76.27093,37.34103],[-76.27114,37.34018],[-76.27254,37.3397],[-76.2729,37.33772],[-76.27214,37.33666],[-76.27289,37.33517],[-76.27397,37.33582],[-76.27599,37.33545],[-76.2748,37.33101],[-76.27146,37.32954],[-76.27223,37.32147],[-76.27455,37.31343],[-76.27621,37.31083],[-76.27801,37.3105],[-76.28039,37.31698],[-76.28256,37.31911],[-76.29131,37.32413],[-76.29478,37.32335],[-76.29636,37.32463],[-76.29724,37.32711],[-76.29906,37.32747],[-76.30343,37.32762],[-76.30667,37.32819],[-76.30858,37.32937],[-76.31205,37.33809],[-76.31414,37.33953],[-76.31378,37.34546],[-76.31827,37.34444],[-76.32065,37.34411],[-76.3205,37.34578],[-76.32113,37.34669],[-76.32091,37.34858],[-76.32228,37.34986],[-76.32512,37.34933],[-76.32624,37.35067],[-76.32626,37.35247],[-76.32964,37.354],[-76.33408,37.35968],[-76.33632,37.36117],[-76.33748,37.36401],[-76.33779,37.36577],[-76.3486,37.37153],[-76.35169,37.36983],[-76.35514,37.36955],[-76.35989,37.37087],[-76.36262,37.37399],[-76.36675,37.3745],[-76.36726,37.37588],[-76.36726,37.37748],[-76.37071,37.3805],[-76.37383,37.38031],[-76.37795,37.38209],[-76.38525,37.38434],[-76.39144,37.39028],[-76.39396,37.39594],[-76.39527,37.39846],[-76.39685,37.40203],[-76.39723,37.40731],[-76.39567,37.4091],[-76.39804,37.41213],[-76.39899,37.41676],[-76.40386,37.41865],[-76.41289,37.41808],[-76.4161,37.4093],[-76.41503,37.4059],[-76.41517,37.40213],[-76.41872,37.3978],[-76.41634,37.39401],[-76.41574,37.39039],[-76.41603,37.38635],[-76.41566,37.38312],[-76.41474,37.38168],[-76.41491,37.3798],[-76.41732,37.37955],[-76.41652,37.37767],[-76.41231,37.37492],[-76.40972,37.37479],[-76.40957,37.37154],[-76.40933,37.37012],[-76.40986,37.36868],[-76.41453,37.36835],[-76.41565,37.36991],[-76.41822,37.37202],[-76.42062,37.37293],[-76.4235,37.37568],[-76.42395,37.37805],[-76.4287,37.38154],[-76.43752,37.37975],[-76.44367,37.3806],[-76.44831,37.38117],[-76.45104,37.38126],[-76.45068,37.38513],[-76.45092,37.38683],[-76.45484,37.38815],[-76.46102,37.3874],[-76.46364,37.38523],[-76.46506,37.38183],[-76.4672,37.37984],[-76.46804,37.37654],[-76.46732,37.37323],[-76.46958,37.37059],[-76.46732,37.36672],[-76.46506,37.36606],[-76.4615,37.36388],[-76.45972,37.36247],[-76.45865,37.35973],[-76.45651,37.35935],[-76.45306,37.35982],[-76.44902,37.36086],[-76.44688,37.36199],[-76.44641,37.36492],[-76.44533,37.36646],[-76.44415,37.36653],[-76.43497,37.35452],[-76.42542,37.35063],[-76.42648,37.34857],[-76.42378,37.34544],[-76.42089,37.34336],[-76.41705,37.34159],[-76.4147,37.33968],[-76.41349,37.34055],[-76.41277,37.34244],[-76.41234,37.34496],[-76.41013,37.34416],[-76.41147,37.34102],[-76.40885,37.33932],[-76.40541,37.33857],[-76.40368,37.33866],[-76.40267,37.3361],[-76.40469,37.33498],[-76.40639,37.33292],[-76.40469,37.33167],[-76.40505,37.33077],[-76.4059,37.32992],[-76.40766,37.3311],[-76.41028,37.33223],[-76.41242,37.33356],[-76.41527,37.33167],[-76.41634,37.3293],[-76.41479,37.32713],[-76.41337,37.32562],[-76.41135,37.32449],[-76.41289,37.32259],[-76.41693,37.32052],[-76.4186,37.32165],[-76.42002,37.32174],[-76.42145,37.32061],[-76.42549,37.32326],[-76.4287,37.32307],[-76.4331,37.32241],[-76.43464,37.32382],[-76.43714,37.32411],[-76.43821,37.32193],[-76.43856,37.31513],[-76.43856,37.31381],[-76.42739,37.31069],[-76.42608,37.30917],[-76.42288,37.30814],[-76.42121,37.30898],[-76.41919,37.30766],[-76.41479,37.30757],[-76.41159,37.30757],[-76.41016,37.30936],[-76.40315,37.31088],[-76.40079,37.3128],[-76.39934,37.31333],[-76.39471,37.31286],[-76.3934,37.31154],[-76.39097,37.3101],[-76.38859,37.30848],[-76.38984,37.30738],[-76.3915,37.30473],[-76.39305,37.30454],[-76.39554,37.30492],[-76.39685,37.30303],[-76.39459,37.30086],[-76.39317,37.29859],[-76.39257,37.29613],[-76.38901,37.29622],[-76.3863,37.29831],[-76.38489,37.29577],[-76.3856,37.29411],[-76.38208,37.29275],[-76.38211,37.28951],[-76.38238,37.28786],[-76.38295,37.2863],[-76.38107,37.28534],[-76.37867,37.28573],[-76.37747,37.28403],[-76.37629,37.28062],[-76.36892,37.27835],[-76.36693,37.27961],[-76.35256,37.27833],[-76.353,37.27684],[-76.35455,37.27233],[-76.36,37.27085],[-76.36239,37.26861],[-76.3651,37.26878],[-76.3709,37.26874],[-76.37902,37.26823],[-76.38306,37.26615],[-76.38675,37.26474],[-76.39008,37.26351],[-76.39169,37.26383],[-76.39279,37.26497],[-76.39586,37.26533],[-76.40303,37.26449],[-76.41123,37.26492],[-76.41717,37.26511],[-76.42074,37.26389],[-76.42347,37.26228],[-76.42454,37.25868],[-76.42288,37.25491],[-76.42914,37.25331],[-76.43036,37.25443],[-76.43393,37.25698],[-76.43962,37.25467],[-76.44515,37.2546],[-76.45258,37.25279],[-76.45841,37.25223],[-76.46456,37.24991],[-76.46891,37.25108],[-76.47332,37.2511],[-76.47719,37.25017],[-76.48284,37.25483],[-76.48603,37.25269],[-76.4933,37.24947],[-76.49608,37.24913],[-76.49881,37.24866],[-76.50131,37.24724],[-76.50392,37.24535],[-76.50499,37.24525],[-76.50903,37.23948],[-76.50559,37.23664],[-76.50364,37.23386],[-76.50053,37.23242],[-76.49742,37.22999],[-76.49401,37.22541],[-76.4904,37.22424],[-76.48856,37.22404],[-76.48369,37.22232],[-76.4718,37.21602],[-76.46291,37.21706],[-76.45598,37.21851],[-76.4473,37.21915],[-76.43959,37.21915],[-76.43725,37.21904],[-76.43378,37.22024],[-76.42821,37.22127],[-76.4254,37.22173],[-76.42139,37.22324],[-76.4154,37.22366],[-76.41068,37.22248],[-76.39734,37.22423],[-76.39413,37.22515],[-76.38998,37.22681],[-76.38865,37.22765],[-76.38663,37.22784],[-76.38687,37.22614],[-76.38979,37.22298],[-76.39198,37.22037],[-76.39507,37.21705],[-76.39459,37.21431],[-76.39567,37.21214],[-76.40208,37.20655],[-76.39804,37.20248],[-76.39605,37.20109],[-76.39307,37.19862],[-76.39115,37.19462],[-76.39079,37.19301],[-76.39233,37.18875],[-76.39162,37.18402],[-76.39174,37.18118],[-76.3928,37.17836],[-76.39263,37.17799],[-76.39251,37.17563],[-76.394,37.17445],[-76.39519,37.17569],[-76.39792,37.17786],[-76.40053,37.179],[-76.40196,37.17805],[-76.40802,37.17502],[-76.40802,37.17199],[-76.40897,37.16972],[-76.40838,37.16688],[-76.40957,37.16574],[-76.41123,37.16451],[-76.4123,37.16148],[-76.40196,37.15911],[-76.39981,37.16045],[-76.39476,37.15757],[-76.38138,37.15571],[-76.37846,37.15078],[-76.37068,37.15026],[-76.36738,37.15396],[-76.36911,37.15551],[-76.37288,37.15667],[-76.37401,37.16036],[-76.36696,37.16558],[-76.36215,37.16593],[-76.35968,37.16836],[-76.35543,37.16916],[-76.35217,37.16915],[-76.34866,37.1687],[-76.34572,37.16652],[-76.3453,37.16459],[-76.34229,37.16077],[-76.34155,37.15882],[-76.34237,37.15637],[-76.3407,37.15084],[-76.33252,37.14448],[-76.32705,37.14243],[-76.32127,37.14131],[-76.31625,37.1377],[-76.3114,37.13749],[-76.30368,37.13164],[-76.30178,37.13012],[-76.29928,37.13012],[-76.29576,37.12326],[-76.30059,37.11866],[-76.30178,37.11411],[-76.29488,37.1089],[-76.29191,37.10852],[-76.28835,37.1052],[-76.28538,37.10227],[-76.28348,37.10264],[-76.2799,37.10123],[-76.27446,37.09454],[-76.27135,37.08757],[-76.27433,37.08264],[-76.27354,37.08074],[-76.27789,37.07411],[-76.2807,37.0668],[-76.28087,37.06446],[-76.28221,37.0587],[-76.2878,37.04634],[-76.2898,37.0404],[-76.29286,37.03514],[-76.29665,37.02184],[-76.29731,37.01855],[-76.30035,37.00885],[-76.30255,37.00492],[-76.30427,37.00138],[-76.31205,37.00037],[-76.31456,37.00146],[-76.31424,37.00276],[-76.31334,37.00385],[-76.31468,37.01075],[-76.31695,37.01268],[-76.31937,37.01312],[-76.32193,37.01251],[-76.32292,37.01152],[-76.32578,37.01179],[-76.32982,37.01331],[-76.33132,37.01307],[-76.33422,37.01416],[-76.34067,37.01525],[-76.34807,37.00675],[-76.35637,37.00295],[-76.36215,37.00239],[-76.37357,36.99835],[-76.37748,36.99698],[-76.38337,36.99335],[-76.39637,36.98235],[-76.40051,36.97787],[-76.40148,36.97487],[-76.40857,36.96915],[-76.41036,36.96563],[-76.41099,36.963],[-76.41254,36.96233],[-76.42026,36.96395],[-76.42525,36.96641],[-76.42887,36.96995],[-76.435,36.97639],[-76.45212,36.99816],[-76.45282,37.00002],[-76.44783,37.00201],[-76.4489,37.0041],[-76.44823,37.00771],[-76.4552,37.01416],[-76.45596,37.01714],[-76.46126,37.0245],[-76.46447,37.02755],[-76.46966,37.03051],[-76.47944,37.03541],[-76.49135,37.04247],[-76.49561,37.04452],[-76.51229,37.05486],[-76.51605,37.05581],[-76.51864,37.05573],[-76.52627,37.06295],[-76.52797,37.06825],[-76.52657,37.07005],[-76.52656,37.07853],[-76.53566,37.08416],[-76.54314,37.08909],[-76.54255,37.09061],[-76.54374,37.09373],[-76.54671,37.09629],[-76.55241,37.09866],[-76.55348,37.10151],[-76.55562,37.10492],[-76.55669,37.10805],[-76.56025,37.11127],[-76.56287,37.11146],[-76.56691,37.11345],[-76.56917,37.11098],[-76.57,37.10842],[-76.56299,37.10501],[-76.56311,37.10065],[-76.56204,37.09724],[-76.55705,37.09383],[-76.55051,37.0815],[-76.55146,37.08075],[-76.55503,37.08122],[-76.55895,37.08198],[-76.55847,37.07942],[-76.55562,37.07657],[-76.55712,37.07623],[-76.56346,37.07819],[-76.56774,37.0815],[-76.56715,37.08378],[-76.57076,37.08754],[-76.57403,37.08899],[-76.5795,37.09663],[-76.59631,37.10648],[-76.59638,37.10947],[-76.59828,37.11136],[-76.60426,37.11408],[-76.60932,37.11402],[-76.61813,37.1204],[-76.61731,37.12256],[-76.62058,37.1266],[-76.6255,37.12725],[-76.62562,37.12904],[-76.62349,37.13124],[-76.62336,37.13278],[-76.62134,37.13581],[-76.62358,37.13822],[-76.62225,37.14215],[-76.6167,37.14377],[-76.60437,37.16006],[-76.60772,37.16966],[-76.61111,37.16985],[-76.61282,37.17116],[-76.61627,37.17896],[-76.61934,37.19215],[-76.62329,37.19874],[-76.62987,37.20674],[-76.63465,37.20996],[-76.64109,37.216],[-76.64987,37.22091],[-76.65984,37.22321],[-76.68409,37.22311],[-76.693,37.22368],[-76.69894,37.21906],[-76.70262,37.21715],[-76.71059,37.21573],[-76.72033,37.21431],[-76.73151,37.21223],[-76.74291,37.21336],[-76.74814,37.21507],[-76.75337,37.21507],[-76.75824,37.21554],[-76.75967,37.2144],[-76.75979,37.21242],[-76.75836,37.21156],[-76.75563,37.211],[-76.75159,37.21081],[-76.75135,37.2092],[-76.74588,37.20778],[-76.74351,37.20664],[-76.73816,37.20636],[-76.73499,37.20316],[-76.73567,37.20211],[-76.73792,37.20106],[-76.74065,37.19831],[-76.74,37.19538],[-76.74304,37.19261],[-76.75047,37.1901],[-76.75777,37.19166],[-76.76035,37.19399],[-76.76442,37.19888],[-76.76626,37.19931],[-76.77375,37.20606],[-76.78053,37.20934],[-76.78527,37.2176],[-76.78629,37.22084],[-76.78778,37.22086],[-76.78926,37.22321],[-76.79104,37.22699],[-76.79354,37.23125],[-76.79888,37.23475],[-76.80319,37.23611],[-76.81006,37.23863],[-76.81659,37.24175],[-76.82218,37.24364],[-76.82681,37.24364],[-76.8324,37.24203],[-76.84048,37.24139],[-76.85046,37.2408],[-76.85842,37.24139],[-76.86199,37.24241],[-76.86952,37.24216],[-76.87193,37.24598],[-76.87363,37.25008],[-76.87328,37.25149],[-76.86769,37.25197],[-76.86674,37.25357],[-76.86615,37.25547],[-76.86627,37.25849],[-76.86758,37.26067],[-76.86983,37.26218],[-76.87221,37.26275],[-76.87886,37.2584],[-76.87982,37.25765],[-76.88172,37.25745],[-76.88374,37.25424],[-76.88599,37.25282],[-76.89003,37.2531],[-76.89479,37.25187],[-76.8974,37.25055],[-76.89847,37.24866],[-76.8974,37.24686],[-76.89769,37.24552],[-76.90037,37.24374],[-76.90477,37.24241],[-76.90762,37.2426],[-76.91107,37.24355],[-76.91416,37.24364],[-76.91654,37.24232],[-76.9182,37.23948],[-76.91856,37.2373],[-76.91784,37.23427],[-76.93317,37.23882],[-76.93614,37.23882],[-76.94042,37.23768],[-76.94839,37.23087],[-76.94708,37.22803],[-76.94161,37.22406],[-76.93365,37.21932],[-76.93258,37.21772],[-76.9308,37.21696],[-76.9283,37.21686],[-76.92616,37.21601],[-76.91782,37.21045],[-76.91333,37.20598],[-76.90846,37.20267],[-76.90251,37.19983],[-76.89835,37.19917],[-76.89093,37.19951],[-76.88041,37.20295],[-76.8657,37.20902],[-76.86091,37.2088],[-76.83858,37.20712],[-76.8362,37.20598],[-76.82051,37.20601],[-76.81849,37.20532],[-76.81374,37.20602],[-76.80863,37.20603],[-76.80637,37.20712],[-76.80352,37.20693],[-76.80102,37.20604],[-76.8032,37.20151],[-76.80251,37.19831],[-76.7969,37.1894],[-76.79461,37.18941],[-76.78973,37.18771],[-76.78539,37.18426],[-76.78344,37.18127],[-76.78272,37.17824],[-76.77939,37.17644],[-76.77583,37.17559],[-76.77311,37.17358],[-76.76941,37.1718],[-76.76193,37.16811],[-76.7605,37.16555],[-76.7567,37.1629],[-76.7569,37.16158],[-76.75443,37.15864],[-76.75171,37.15665],[-76.75089,37.15443],[-76.74763,37.15055],[-76.74267,37.14784],[-76.73728,37.14616],[-76.73032,37.1454],[-76.7214,37.14632],[-76.71529,37.14804],[-76.70776,37.15874],[-76.70631,37.16527],[-76.70393,37.16811],[-76.70286,37.17067],[-76.69763,37.17436],[-76.69541,37.17849],[-76.69293,37.18615],[-76.69199,37.19502],[-76.68658,37.19727],[-76.68114,37.1928],[-76.67993,37.19083],[-76.67767,37.18856],[-76.6728,37.18553],[-76.66989,37.18357],[-76.66377,37.17388],[-76.66427,37.17103],[-76.66867,37.16677],[-76.67147,37.15874],[-76.6703,37.15163],[-76.67159,37.14206],[-76.66899,37.14093],[-76.66709,37.14045],[-76.66654,37.13818],[-76.66537,37.13473],[-76.66436,37.13287],[-76.66412,37.12956],[-76.66507,37.12539],[-76.66448,37.12188],[-76.66293,37.11828],[-76.65949,37.11478],[-76.65689,37.10984],[-76.65717,37.10689],[-76.65842,37.10331],[-76.65767,37.10151],[-76.65711,37.0998],[-76.65811,37.09679],[-76.66765,37.07623],[-76.66982,37.06426],[-76.66994,37.05989],[-76.66835,37.05506],[-76.66626,37.05021],[-76.66256,37.04575],[-76.65913,37.04243],[-76.654,37.03917],[-76.64601,37.03623],[-76.63845,37.03541],[-76.61212,37.0356],[-76.60356,37.03331],[-76.60007,37.03304],[-76.58649,37.02874],[-76.58099,37.02494],[-76.57796,37.02194],[-76.57725,37.02033],[-76.57606,37.01539],[-76.57749,37.01302],[-76.57998,37.01198],[-76.58485,37.00614],[-76.58423,37.00361],[-76.5802,36.99704],[-76.57815,36.99626],[-76.57493,36.99763],[-76.57087,36.99817],[-76.5699,37.00128],[-76.56788,37.00318],[-76.56292,37.0038],[-76.55693,37.00201],[-76.55125,36.99895],[-76.54837,36.99641],[-76.5454,36.99357],[-76.5435,36.99081],[-76.54065,36.98825],[-76.53411,36.98521],[-76.52485,36.98383],[-76.52297,36.98109],[-76.52414,36.97832],[-76.52101,36.97319],[-76.51759,36.97183],[-76.51336,36.96806],[-76.50035,36.96521],[-76.49596,36.96499],[-76.49299,36.963],[-76.48919,36.95967],[-76.48646,36.95654],[-76.48756,36.95237],[-76.48553,36.93858],[-76.48705,36.9385],[-76.48824,36.93925],[-76.48943,36.94049],[-76.49525,36.94144],[-76.49917,36.93755],[-76.49988,36.93365],[-76.49976,36.92938],[-76.49881,36.92862],[-76.49774,36.92681],[-76.49691,36.92415],[-76.4937,36.92111],[-76.49168,36.9213],[-76.48931,36.92177],[-76.48241,36.91736],[-76.48016,36.91427],[-76.48158,36.91018],[-76.48087,36.90857],[-76.48213,36.90111],[-76.48337,36.89624],[-76.4855,36.89441],[-76.48943,36.89422],[-76.49311,36.89184],[-76.49156,36.8811],[-76.48717,36.88063],[-76.48337,36.87815],[-76.48146,36.87834],[-76.47826,36.88148],[-76.47362,36.88262],[-76.45469,36.88408],[-76.45329,36.88703],[-76.45394,36.89274],[-76.44741,36.90322],[-76.4416,36.90612],[-76.43122,36.90453],[-76.40751,36.89744],[-76.40379,36.89784],[-76.39471,36.89669],[-76.39067,36.89574],[-76.38829,36.89716],[-76.38757,36.89955],[-76.38587,36.92325],[-76.38413,36.92444],[-76.35644,36.92406],[-76.35453,36.92276],[-76.35033,36.89531],[-76.3486,36.8942],[-76.34022,36.89367],[-76.33863,36.88898],[-76.34008,36.88441],[-76.34442,36.8837],[-76.35127,36.87995],[-76.34915,36.87275],[-76.34761,36.86725],[-76.34313,36.86473],[-76.34108,36.86105],[-76.3418,36.86012],[-76.35724,36.8568],[-76.3588,36.85505],[-76.35839,36.85248],[-76.36702,36.84211],[-76.3718,36.83969],[-76.37402,36.83656],[-76.37052,36.83427],[-76.36422,36.83443],[-76.35825,36.83619],[-76.35892,36.84087],[-76.34629,36.85209],[-76.34184,36.85193],[-76.33976,36.85455],[-76.3185,36.85779],[-76.31225,36.85231],[-76.31264,36.84992],[-76.30734,36.84749],[-76.30283,36.84834],[-76.30163,36.8503],[-76.30186,36.85301],[-76.3069,36.85581],[-76.30781,36.86059],[-76.32703,36.87364],[-76.32789,36.87606],[-76.32169,36.88518],[-76.31768,36.88495],[-76.31566,36.88818],[-76.31414,36.90249],[-76.31137,36.90414],[-76.30921,36.90261],[-76.30676,36.9026],[-76.30221,36.90342],[-76.29405,36.8992],[-76.28961,36.89951],[-76.28749,36.90144],[-76.28794,36.90342],[-76.30285,36.90971],[-76.30498,36.90841],[-76.31785,36.91151],[-76.32084,36.91066],[-76.32293,36.90391],[-76.32602,36.90372],[-76.32783,36.91473],[-76.32979,36.93195],[-76.33021,36.94206],[-76.32567,36.96319],[-76.32139,36.96233],[-76.32025,36.95776],[-76.31587,36.95535],[-76.30047,36.95635],[-76.29846,36.96554],[-76.29615,36.969],[-76.27994,36.96837],[-76.2772,36.96786],[-76.26787,36.96449],[-76.25879,36.95974],[-76.2489,36.95414],[-76.23496,36.94515],[-76.22856,36.94195],[-76.22166,36.93955],[-76.20576,36.93515],[-76.18996,36.93145],[-76.18072,36.92991],[-76.17546,36.93015],[-76.16596,36.92782],[-76.13956,36.92305],[-76.13024,36.91977],[-76.12367,36.91735],[-76.09551,36.90882],[-76.09345,36.908],[-76.09048,36.90781],[-76.0862,36.91094],[-76.08262,36.91218],[-76.07058,36.91427],[-76.05815,36.91695],[-76.05057,36.92227],[-76.04546,36.92679],[-76.04159,36.92988],[-76.03833,36.93123],[-76.03345,36.93195],[-76.02665,36.93215],[-76.01375,36.93075],[-76.00755,36.92905],[-75.99625,36.92205],[-75.99232,36.91598],[-75.98997,36.90535],[-75.97215,36.84227],[-75.96545,36.81245],[-75.94955,36.76115],[-75.92175,36.69205],[-75.91309,36.67322],[-75.90565,36.66003],[-75.89095,36.63075],[-75.87414,36.58385],[-75.86765,36.55041]]]]}},{"type":"Feature","properties":{"name":"Alabama","STUSPS":"AL","label":true},"geometry":{"type":"Point","coordinates":[-86.73308,32.61321]}},{"type":"Feature","properties":{"name":"Florida","STUSPS":"FL","label":true},"geometry":{"type":"Point","coordinates":[-81.51956,27.94913]}},{"type":"Feature","properties":{"name":"North Carolina","STUSPS":"NC","label":true},"geometry":{"type":"Point","coordinates":[-79.46213,35.2143]}},{"type":"Feature","properties":{"name":"South Carolina","STUSPS":"SC","label":true},"geometry":{"type":"Point","coordinates":[-80.57196,33.62715]}},{"type":"Feature","properties":{"name":"Tennessee","STUSPS":"TN","label":true},"geometry":{"type":"Point","coordinates":[-86.31472,35.82952]}},{"type":"Feature","properties":{"name":"Texas","STUSPS":"TX","label":true},"geometry":{"type":"Point","coordinates":[-99.68322,31.16893]}},{"type":"Feature","properties":{"name":"Virginia","STUSPS":"VA","label":true},"geometry":{"type":"Point","coordinates":[-78.45713,38.00402]}}]}