{"type":"FeatureCollection","features":[{"type":"Feature","properties":{"name":"Florida","density":353.4,"STUSPS":"FL"},"geometry":{"type":"MultiPolygon","coordinates":[[[[-80.17628,25.52505],[-80.17395,25.52538],[-80.17312,25.52418],[-80.17268,25.52209],[-80.17602,25.52115],[-80.17706,25.5217],[-80.17628,25.52505]]],[[[-80.2586,25.35961],[-80.25843,25.36439],[-80.25754,25.36466],[-80.25587,25.36605],[-80.25468,25.36885],[-80.25516,25.37089],[-80.25589,25.37335],[-80.25586,25.37624],[-80.25543,25.38074],[-80.25429,25.38218],[-80.25088,25.38442],[-80.24945,25.38678],[-80.24639,25.38827],[-80.2412,25.38647],[-80.2366,25.38927],[-80.23736,25.39138],[-80.24187,25.3915],[-80.24421,25.39307],[-80.24829,25.39217],[-80.24949,25.39505],[-80.24229,25.39912],[-80.2394,25.39671],[-80.23783,25.39424],[-80.23479,25.39399],[-80.23397,25.39673],[-80.23568,25.39786],[-80.23614,25.39934],[-80.23527,25.40127],[-80.2303,25.40291],[-80.22462,25.40298],[-80.2233,25.40509],[-80.22096,25.40636],[-80.21831,25.40526],[-80.21652,25.40599],[-80.21475,25.40886],[-80.21389,25.41058],[-80.21178,25.41201],[-80.20922,25.41437],[-80.20854,25.41639],[-80.20935,25.41774],[-80.21029,25.42125],[-80.20981,25.42485],[-80.21035,25.42639],[-80.2119,25.42703],[-80.21202,25.4281],[-80.20976,25.42907],[-80.20607,25.43218],[-80.20131,25.4413],[-80.20108,25.44419],[-80.20021,25.44488],[-80.19719,25.45142],[-80.19651,25.45435],[-80.19566,25.45708],[-80.19376,25.46135],[-80.19356,25.46394],[-80.19217,25.46793],[-80.192,25.47195],[-80.19041,25.47316],[-80.18834,25.47729],[-80.18846,25.47968],[-80.18718,25.48283],[-80.18528,25.48433],[-80.18326,25.48701],[-80.18135,25.49055],[-80.18088,25.49323],[-80.18938,25.49713],[-80.18954,25.49936],[-80.19041,25.50109],[-80.18972,25.50409],[-80.18864,25.50556],[-80.18477,25.5048],[-80.18257,25.50641],[-80.1807,25.50641],[-80.17966,25.50849],[-80.18065,25.50992],[-80.17848,25.51069],[-80.17827,25.5126],[-80.1788,25.51425],[-80.17833,25.5172],[-80.17724,25.51843],[-80.17574,25.51771],[-80.17554,25.51636],[-80.17592,25.51267],[-80.17599,25.51029],[-80.17734,25.50703],[-80.17853,25.50148],[-80.17793,25.49645],[-80.17702,25.49333],[-80.17791,25.4886],[-80.17667,25.4859],[-80.17725,25.48464],[-80.17856,25.48131],[-80.18197,25.47505],[-80.18513,25.46977],[-80.18568,25.46761],[-80.18742,25.46647],[-80.18838,25.46383],[-80.1899,25.4614],[-80.18993,25.45643],[-80.18977,25.45344],[-80.19171,25.44807],[-80.19537,25.4411],[-80.20045,25.4298],[-80.20251,25.42735],[-80.2024,25.42393],[-80.20412,25.42015],[-80.20334,25.41742],[-80.20383,25.4145],[-80.20565,25.41155],[-80.20805,25.40971],[-80.21174,25.4068],[-80.21515,25.40349],[-80.21903,25.39998],[-80.22117,25.39784],[-80.22247,25.39569],[-80.2258,25.39386],[-80.22651,25.39139],[-80.23139,25.38742],[-80.23103,25.38581],[-80.22912,25.38319],[-80.23061,25.38],[-80.23171,25.37658],[-80.23315,25.37275],[-80.2355,25.36768],[-80.23756,25.36357],[-80.24012,25.35836],[-80.24139,25.35556],[-80.23934,25.35059],[-80.24088,25.34983],[-80.24243,25.34886],[-80.24386,25.3471],[-80.24716,25.34554],[-80.25028,25.34479],[-80.25195,25.3478],[-80.25313,25.35048],[-80.25516,25.35231],[-80.25789,25.35295],[-80.25896,25.35435],[-80.2586,25.35961]]],[[[-80.29618,25.32709],[-80.29484,25.3277],[-80.29367,25.32682],[-80.29371,25.32461],[-80.29526,25.32449],[-80.29678,25.32554],[-80.29618,25.32709]]],[[[-80.30352,25.38012],[-80.30162,25.38119],[-80.29818,25.38216],[-80.29568,25.38366],[-80.29491,25.38545],[-80.29368,25.38545],[-80.29268,25.38258],[-80.29279,25.37955],[-80.295,25.37671],[-80.29914,25.37725],[-80.30227,25.37744],[-80.30364,25.37851],[-80.30352,25.38012]]],[[[-80.30354,25.40601],[-80.30183,25.40682],[-80.30024,25.40665],[-80.29974,25.40538],[-80.30028,25.40435],[-80.30196,25.403],[-80.30346,25.40409],[-80.30405,25.40529],[-80.30354,25.40601]]],[[[-80.46085,25.05081],[-80.45931,25.05173],[-80.45593,25.0526],[-80.44864,25.05367],[-80.44749,25.05363],[-80.44631,25.05281],[-80.44666,25.05117],[-80.44827,25.05015],[-80.45174,25.04929],[-80.45578,25.04835],[-80.45907,25.04806],[-80.46043,25.04884],[-80.46098,25.04958],[-80.46085,25.05081]]],[[[-80.48067,25.11603],[-80.47692,25.11432],[-80.47715,25.11226],[-80.47501,25.10978],[-80.47594,25.10832],[-80.47742,25.10789],[-80.47919,25.11056],[-80.48231,25.11236],[-80.48067,25.11603]]],[[[-80.48261,25.08643],[-80.48238,25.08837],[-80.48143,25.08944],[-80.48154,25.09149],[-80.48047,25.09267],[-80.47703,25.09095],[-80.47489,25.09213],[-80.47394,25.09364],[-80.47429,25.09536],[-80.47632,25.09623],[-80.4775,25.09805],[-80.47857,25.10171],[-80.47774,25.10354],[-80.47667,25.10247],[-80.47572,25.09881],[-80.47394,25.09708],[-80.47109,25.0945],[-80.47049,25.09332],[-80.46883,25.09203],[-80.47144,25.0916],[-80.47465,25.09074],[-80.47632,25.08891],[-80.47845,25.08901],[-80.48,25.08805],[-80.48083,25.086],[-80.4825,25.08428],[-80.4838,25.08514],[-80.48261,25.08643]]],[[[-80.49806,25.10268],[-80.49558,25.10224],[-80.49379,25.1032],[-80.49079,25.10354],[-80.48899,25.10499],[-80.48872,25.10722],[-80.48835,25.10888],[-80.48784,25.10929],[-80.48618,25.1086],[-80.48689,25.10677],[-80.48725,25.10505],[-80.48903,25.10257],[-80.49153,25.09956],[-80.49317,25.09947],[-80.4945,25.09784],[-80.49699,25.09967],[-80.49806,25.10268]]],[[[-80.50289,25.0762],[-80.50042,25.07799],[-80.49905,25.08087],[-80.49626,25.08181],[-80.49285,25.08],[-80.49328,25.07845],[-80.49595,25.07855],[-80.49846,25.07591],[-80.50187,25.07476],[-80.50289,25.0762]]],[[[-80.5106,25.13897],[-80.50994,25.13997],[-80.50841,25.13952],[-80.5069,25.13801],[-80.50536,25.13782],[-80.50493,25.13574],[-80.50619,25.13348],[-80.50655,25.13171],[-80.50774,25.13096],[-80.50916,25.13139],[-80.50774,25.13408],[-80.50809,25.13526],[-80.50999,25.13703],[-80.5106,25.13897]]],[[[-80.5144,25.15035],[-80.51093,25.15156],[-80.51074,25.15376],[-80.50934,25.15519],[-80.50815,25.15456],[-80.50543,25.14874],[-80.50664,25.14734],[-80.50976,25.14926],[-80.51397,25.14871],[-80.5144,25.15035]]],[[[-80.51868,25.08598],[-80.51478,25.08486],[-80.51114,25.08318],[-80.51059,25.08191],[-80.51207,25.08132],[-80.51783,25.083],[-80.51931,25.08512],[-80.51868,25.08598]]],[[[-80.54546,25.1833],[-80.54303,25.18517],[-80.54042,25.18636],[-80.5378,25.18679],[-80.53578,25.187],[-80.53483,25.18829],[-80.53578,25.1899],[-80.53673,25.19066],[-80.53745,25.19302],[-80.53564,25.1951],[-80.53484,25.19279],[-80.53405,25.19017],[-80.53275,25.18855],[-80.53033,25.1876],[-80.53129,25.1856],[-80.53244,25.18502],[-80.53394,25.18462],[-80.53623,25.18326],[-80.53795,25.18268],[-80.54059,25.18197],[-80.5428,25.18188],[-80.54439,25.18229],[-80.54546,25.1833]]],[[[-80.55322,25.16141],[-80.55058,25.16239],[-80.55006,25.16185],[-80.55035,25.16043],[-80.55144,25.15932],[-80.55281,25.15829],[-80.55587,25.15818],[-80.55322,25.16141]]],[[[-80.55979,25.06456],[-80.55814,25.06596],[-80.55829,25.06739],[-80.55584,25.07221],[-80.55488,25.07128],[-80.55446,25.0697],[-80.55478,25.06781],[-80.55377,25.06532],[-80.55195,25.06477],[-80.55266,25.06294],[-80.55479,25.06405],[-80.55836,25.06251],[-80.55991,25.06327],[-80.55979,25.06456]]],[[[-80.5706,25.13117],[-80.56965,25.1315],[-80.56816,25.12944],[-80.56633,25.1291],[-80.56495,25.12787],[-80.56499,25.12476],[-80.56647,25.12392],[-80.56797,25.12248],[-80.56773,25.12571],[-80.5702,25.12787],[-80.57083,25.12925],[-80.5706,25.13117]]],[[[-80.57084,25.14806],[-80.57013,25.14946],[-80.56834,25.15022],[-80.56502,25.14968],[-80.56338,25.14834],[-80.56087,25.14569],[-80.55798,25.14209],[-80.55723,25.14038],[-80.5585,25.13976],[-80.56194,25.13957],[-80.56176,25.14141],[-80.56373,25.14248],[-80.56416,25.14461],[-80.56427,25.1469],[-80.5655,25.14844],[-80.56823,25.14796],[-80.57036,25.1472],[-80.57084,25.14806]]],[[[-80.57417,25.1046],[-80.57084,25.10643],[-80.56716,25.10826],[-80.56762,25.11258],[-80.56834,25.11568],[-80.56858,25.1188],[-80.56763,25.11912],[-80.56656,25.11568],[-80.56335,25.11095],[-80.56169,25.10987],[-80.56074,25.1074],[-80.56205,25.10653],[-80.56502,25.10653],[-80.56716,25.10578],[-80.56811,25.10449],[-80.57096,25.10374],[-80.5731,25.10395],[-80.57417,25.1046]]],[[[-80.57905,25.15995],[-80.57456,25.1599],[-80.5738,25.15783],[-80.57293,25.15675],[-80.57412,25.15542],[-80.57461,25.15387],[-80.57441,25.14968],[-80.57512,25.14839],[-80.57643,25.15022],[-80.57675,25.15378],[-80.57778,25.15603],[-80.57894,25.15803],[-80.57905,25.15995]]],[[[-80.58903,25.06046],[-80.58756,25.06109],[-80.58636,25.06255],[-80.58552,25.06254],[-80.58269,25.06117],[-80.58281,25.05879],[-80.58328,25.05695],[-80.58505,25.05697],[-80.58641,25.05562],[-80.58825,25.05648],[-80.58932,25.05823],[-80.58903,25.06046]]],[[[-80.6077,25.17492],[-80.60435,25.17485],[-80.60233,25.17356],[-80.59948,25.17356],[-80.59806,25.17162],[-80.59615,25.17098],[-80.59437,25.17022],[-80.59057,25.17119],[-80.58914,25.17173],[-80.58663,25.17144],[-80.58604,25.16924],[-80.58601,25.16802],[-80.58724,25.16641],[-80.58728,25.16415],[-80.5868,25.16264],[-80.58764,25.16164],[-80.58933,25.16155],[-80.59138,25.16255],[-80.5931,25.16309],[-80.59619,25.16243],[-80.59762,25.1631],[-80.59985,25.16373],[-80.60204,25.16601],[-80.60293,25.16974],[-80.60367,25.17148],[-80.60564,25.17362],[-80.60741,25.17442],[-80.6077,25.17492]]],[[[-80.61941,25.07151],[-80.61854,25.07236],[-80.6156,25.07261],[-80.61063,25.07497],[-80.61058,25.07255],[-80.61006,25.07037],[-80.60853,25.07017],[-80.60671,25.07058],[-80.60553,25.07036],[-80.60592,25.06943],[-80.60687,25.06872],[-80.60852,25.0677],[-80.60982,25.06585],[-80.60982,25.06424],[-80.60828,25.06111],[-80.60756,25.05939],[-80.60792,25.05692],[-80.60946,25.05595],[-80.61338,25.05616],[-80.61422,25.05778],[-80.61338,25.06606],[-80.61338,25.06872],[-80.61594,25.06912],[-80.61802,25.06886],[-80.61956,25.06983],[-80.61941,25.07151]]],[[[-80.61978,25.0029],[-80.61835,25.00403],[-80.61778,25.00565],[-80.61553,25.00778],[-80.61435,25.00788],[-80.61275,25.00666],[-80.61303,25.00441],[-80.61415,25.00322],[-80.61598,25.00353],[-80.61898,25.00139],[-80.62016,25.00135],[-80.61978,25.0029]]],[[[-80.62479,25.18281],[-80.62289,25.18281],[-80.62147,25.18367],[-80.62016,25.18292],[-80.61709,25.18246],[-80.61448,25.18231],[-80.61232,25.18174],[-80.60985,25.18241],[-80.61064,25.18026],[-80.6125,25.17642],[-80.61445,25.17578],[-80.61769,25.17678],[-80.61946,25.1781],[-80.618,25.18013],[-80.61962,25.18116],[-80.62145,25.18067],[-80.62432,25.1813],[-80.62479,25.18281]]],[[[-80.62717,25.0004],[-80.626,25.00262],[-80.62323,25.00159],[-80.62278,25.0],[-80.62389,24.99878],[-80.62617,24.99908],[-80.62717,25.0004]]],[[[-80.62736,24.95981],[-80.62515,24.96137],[-80.62388,24.96367],[-80.62304,24.96202],[-80.62294,24.95985],[-80.6232,24.95862],[-80.62733,24.95908],[-80.62736,24.95981]]],[[[-80.63743,25.02707],[-80.63684,25.02813],[-80.63415,25.02812],[-80.63226,25.02752],[-80.63163,25.02546],[-80.63324,25.02425],[-80.63423,25.0243],[-80.63523,25.02562],[-80.63685,25.02644],[-80.63743,25.02707]]],[[[-80.64822,25.05087],[-80.64763,25.05205],[-80.64478,25.05281],[-80.64275,25.05231],[-80.6413,25.0516],[-80.64114,25.04979],[-80.64186,25.04804],[-80.64424,25.04694],[-80.64638,25.04746],[-80.64822,25.04915],[-80.64822,25.05087]]],[[[-80.64921,25.03553],[-80.64668,25.03643],[-80.64586,25.03627],[-80.64556,25.03544],[-80.64634,25.03316],[-80.64853,25.03236],[-80.6495,25.03434],[-80.64921,25.03553]]],[[[-80.65355,24.98283],[-80.65106,24.98433],[-80.65141,24.98638],[-80.65141,24.98735],[-80.65118,24.98886],[-80.65023,24.9895],[-80.64774,24.98851],[-80.64658,24.98737],[-80.64644,24.9863],[-80.64789,24.98519],[-80.65077,24.98216],[-80.65269,24.98081],[-80.65413,24.98164],[-80.65355,24.98283]]],[[[-80.65867,25.10711],[-80.65625,25.10977],[-80.6528,25.10861],[-80.65165,25.10723],[-80.64974,25.10711],[-80.64782,25.10861],[-80.64642,25.10884],[-80.64348,25.11208],[-80.6408,25.1167],[-80.63927,25.11821],[-80.63876,25.12075],[-80.6394,25.12295],[-80.64169,25.12549],[-80.64208,25.12699],[-80.64399,25.12745],[-80.64603,25.12861],[-80.64744,25.13069],[-80.64693,25.13288],[-80.64629,25.1352],[-80.64706,25.13716],[-80.64744,25.13866],[-80.64595,25.13962],[-80.64387,25.13751],[-80.64118,25.13705],[-80.63748,25.13728],[-80.6385,25.13543],[-80.63927,25.13346],[-80.64182,25.13265],[-80.64291,25.13186],[-80.64222,25.1301],[-80.64045,25.12922],[-80.63943,25.12699],[-80.63768,25.12437],[-80.63583,25.12396],[-80.63429,25.12003],[-80.63225,25.11932],[-80.63214,25.11859],[-80.63454,25.11699],[-80.63665,25.11257],[-80.63715,25.1099],[-80.63837,25.1065],[-80.64323,25.10549],[-80.64361,25.10399],[-80.64489,25.10341],[-80.64616,25.10249],[-80.64425,25.10018],[-80.64348,25.09844],[-80.64123,25.09772],[-80.64078,25.09503],[-80.64141,25.09234],[-80.64412,25.09117],[-80.64425,25.0885],[-80.64213,25.08666],[-80.64124,25.08429],[-80.64009,25.08233],[-80.63762,25.08287],[-80.63779,25.08207],[-80.6401,25.08031],[-80.63981,25.07757],[-80.64021,25.07532],[-80.64064,25.07337],[-80.64298,25.07273],[-80.64657,25.07481],[-80.64913,25.07827],[-80.64836,25.08251],[-80.64808,25.08503],[-80.65037,25.08873],[-80.64954,25.09076],[-80.6505,25.09382],[-80.65076,25.09821],[-80.6514,25.10029],[-80.65305,25.10318],[-80.65561,25.10445],[-80.65854,25.10538],[-80.65867,25.10711]]],[[[-80.66556,24.9894],[-80.66349,24.993],[-80.66183,24.99527],[-80.66058,24.99574],[-80.65858,24.99537],[-80.65651,24.9961],[-80.65529,24.996],[-80.65427,24.99492],[-80.65415,24.99338],[-80.6551,24.99231],[-80.65771,24.9908],[-80.65783,24.9895],[-80.65759,24.98778],[-80.65961,24.98789],[-80.66163,24.98757],[-80.66496,24.9881],[-80.66556,24.9894]]],[[[-80.66909,25.03577],[-80.66711,25.03668],[-80.66464,25.03715],[-80.66382,25.03515],[-80.66403,25.03364],[-80.66498,25.0331],[-80.66841,25.03353],[-80.66936,25.03463],[-80.66909,25.03577]]],[[[-80.66991,24.92347],[-80.6685,24.92644],[-80.66654,24.92765],[-80.66515,24.92816],[-80.66208,24.92664],[-80.66083,24.92403],[-80.66139,24.9219],[-80.66332,24.92024],[-80.66639,24.91852],[-80.66901,24.91841],[-80.67084,24.92021],[-80.66991,24.92347]]],[[[-80.67184,24.98871],[-80.67132,24.98947],[-80.67009,24.99017],[-80.66841,24.9895],[-80.66675,24.98724],[-80.66732,24.9864],[-80.66929,24.98708],[-80.67138,24.98764],[-80.67184,24.98871]]],[[[-80.68024,25.10075],[-80.6782,25.10156],[-80.67693,25.10364],[-80.6745,25.10411],[-80.67118,25.10226],[-80.66965,25.10087],[-80.66876,25.09833],[-80.66684,25.0974],[-80.66693,25.09596],[-80.66979,25.09691],[-80.67274,25.09829],[-80.67437,25.09852],[-80.67678,25.09902],[-80.67885,25.0988],[-80.68042,25.09928],[-80.68024,25.10075]]],[[[-80.68064,25.03295],[-80.67806,25.03526],[-80.6751,25.03383],[-80.67379,25.03355],[-80.67373,25.03292],[-80.67624,25.03099],[-80.67865,25.03194],[-80.68,25.03225],[-80.68064,25.03295]]],[[[-80.68471,25.11462],[-80.68369,25.1152],[-80.68331,25.11682],[-80.68446,25.11763],[-80.68522,25.11936],[-80.68369,25.1204],[-80.68407,25.12295],[-80.68216,25.12364],[-80.68076,25.12214],[-80.67948,25.12318],[-80.67769,25.12098],[-80.67769,25.11855],[-80.6768,25.11636],[-80.6759,25.11451],[-80.67769,25.11462],[-80.67871,25.11532],[-80.67948,25.11717],[-80.68063,25.11763],[-80.68139,25.11636],[-80.68178,25.11416],[-80.68318,25.11266],[-80.68586,25.11289],[-80.68471,25.11462]]],[[[-80.68599,25.03059],[-80.68483,25.03113],[-80.68205,25.03072],[-80.68183,25.02795],[-80.68211,25.02531],[-80.68464,25.02611],[-80.68707,25.0272],[-80.68599,25.03059]]],[[[-80.70064,25.05509],[-80.69563,25.06208],[-80.69485,25.06212],[-80.69264,25.06009],[-80.6927,25.05727],[-80.69501,25.05443],[-80.6925,25.05217],[-80.69448,25.05007],[-80.69773,25.04962],[-80.69998,25.05324],[-80.70064,25.05509]]],[[[-80.70217,25.09877],[-80.70016,25.10145],[-80.70071,25.10434],[-80.70089,25.10807],[-80.69914,25.10734],[-80.6985,25.10561],[-80.69824,25.10226],[-80.69722,25.10006],[-80.69722,25.09833],[-80.69867,25.0962],[-80.70154,25.09576],[-80.70217,25.09877]]],[[[-80.70156,25.1226],[-80.70016,25.12225],[-80.69863,25.12121],[-80.69671,25.12248],[-80.69454,25.12225],[-80.69441,25.11994],[-80.69709,25.11844],[-80.69952,25.1159],[-80.7009,25.11582],[-80.7007,25.11839],[-80.70284,25.12133],[-80.70156,25.1226]]],[[[-80.704,24.90206],[-80.70257,24.90497],[-80.70049,24.90807],[-80.69935,24.90854],[-80.69806,24.90887],[-80.69697,24.90808],[-80.69519,24.90416],[-80.6934,24.89953],[-80.69444,24.89747],[-80.69642,24.89665],[-80.69898,24.8966],[-80.70259,24.89704],[-80.70435,24.89853],[-80.704,24.90206]]],[[[-80.71496,25.1408],[-80.71356,25.14167],[-80.71254,25.14317],[-80.71113,25.14305],[-80.7096,25.14132],[-80.71037,25.1397],[-80.7096,25.13751],[-80.7082,25.13681],[-80.70526,25.13554],[-80.70348,25.13369],[-80.70169,25.13335],[-80.70028,25.12988],[-80.69863,25.12711],[-80.69965,25.12572],[-80.70118,25.12618],[-80.70182,25.12768],[-80.70437,25.12819],[-80.70602,25.1289],[-80.70771,25.13259],[-80.71003,25.13486],[-80.71186,25.13639],[-80.71363,25.13935],[-80.71496,25.1408]]],[[[-80.71476,25.14979],[-80.7125,25.14806],[-80.71095,25.14581],[-80.71131,25.14441],[-80.71297,25.14398],[-80.71464,25.14656],[-80.71523,25.14882],[-80.71476,25.14979]]],[[[-80.7283,25.09474],[-80.7252,25.09915],[-80.72323,25.09813],[-80.72323,25.09585],[-80.72464,25.09382],[-80.7262,25.09319],[-80.72734,25.09326],[-80.7283,25.09474]]],[[[-80.73163,24.99554],[-80.73017,25.00039],[-80.73009,25.00245],[-80.72369,25.00505],[-80.72388,25.00385],[-80.72561,25.0],[-80.72625,24.99623],[-80.7289,24.9941],[-80.73063,24.99323],[-80.73163,24.99554]]],[[[-80.73715,25.06555],[-80.73634,25.06695],[-80.73579,25.06896],[-80.7361,25.07064],[-80.73432,25.07216],[-80.73333,25.07144],[-80.733,25.06927],[-80.73178,25.06801],[-80.73058,25.06874],[-80.72987,25.07046],[-80.7282,25.07089],[-80.72796,25.06949],[-80.72844,25.06853],[-80.728,25.06718],[-80.72706,25.06505],[-80.72712,25.06356],[-80.72799,25.06262],[-80.72994,25.06201],[-80.73198,25.06514],[-80.73383,25.06577],[-80.73567,25.06483],[-80.73678,25.06483],[-80.73715,25.06555]]],[[[-80.739,25.01047],[-80.73785,25.01044],[-80.73553,25.00545],[-80.73586,25.00289],[-80.73692,25.00247],[-80.7384,25.00432],[-80.74011,25.00828],[-80.739,25.01047]]],[[[-80.74079,24.85495],[-80.74053,24.85663],[-80.73885,24.85876],[-80.73649,24.85992],[-80.73297,24.86432],[-80.73123,24.86521],[-80.72786,24.8661],[-80.7263,24.86657],[-80.72285,24.86376],[-80.72065,24.86247],[-80.71851,24.863],[-80.7168,24.86514],[-80.71232,24.86682],[-80.71071,24.86942],[-80.7069,24.87081],[-80.70467,24.87255],[-80.70435,24.87475],[-80.70503,24.87795],[-80.70409,24.8803],[-80.69642,24.88445],[-80.69143,24.88506],[-80.69065,24.88422],[-80.68987,24.88176],[-80.69154,24.87982],[-80.69403,24.87901],[-80.69599,24.87773],[-80.69819,24.87517],[-80.7005,24.87222],[-80.70182,24.87022],[-80.70333,24.86835],[-80.70547,24.86772],[-80.70864,24.8661],[-80.71073,24.86397],[-80.7146,24.86239],[-80.71843,24.86089],[-80.72126,24.85986],[-80.72576,24.85791],[-80.72981,24.85532],[-80.73205,24.85263],[-80.73415,24.85061],[-80.73517,24.84882],[-80.73748,24.84874],[-80.73941,24.85035],[-80.74132,24.85251],[-80.74079,24.85495]]],[[[-80.75907,25.03271],[-80.75802,25.03629],[-80.7557,25.03857],[-80.75451,25.03908],[-80.75369,25.03789],[-80.75399,25.03647],[-80.75559,25.03452],[-80.75567,25.03091],[-80.75312,25.03036],[-80.74978,25.02822],[-80.7496,25.02706],[-80.75067,25.02635],[-80.75395,25.02858],[-80.75829,25.0293],[-80.75907,25.03271]]],[[[-80.76253,25.14527],[-80.76051,25.14634],[-80.75884,25.14527],[-80.75927,25.14386],[-80.76089,25.14353],[-80.76277,25.14365],[-80.76253,25.14527]]],[[[-80.78817,24.94046],[-80.78633,24.94096],[-80.78389,24.94084],[-80.78267,24.93933],[-80.78369,24.93719],[-80.78471,24.93677],[-80.78689,24.93754],[-80.78799,24.93872],[-80.78817,24.94046]]],[[[-80.79124,25.02531],[-80.78965,25.02655],[-80.7863,25.02656],[-80.78523,25.02476],[-80.78579,25.02366],[-80.78714,25.02301],[-80.78923,25.02318],[-80.79153,25.02357],[-80.79124,25.02531]]],[[[-80.79224,25.13171],[-80.79129,25.13257],[-80.78927,25.13204],[-80.78701,25.12956],[-80.78428,25.1273],[-80.78092,25.1239],[-80.78118,25.12203],[-80.78219,25.12159],[-80.78442,25.1234],[-80.7867,25.12442],[-80.78962,25.12811],[-80.79129,25.12932],[-80.79224,25.13171]]],[[[-80.79159,25.09456],[-80.79025,25.0938],[-80.78945,25.09209],[-80.78712,25.09222],[-80.78567,25.09248],[-80.78549,25.09184],[-80.78767,25.08912],[-80.79005,25.09004],[-80.79112,25.09147],[-80.7924,25.09398],[-80.79159,25.09456]]],[[[-80.79244,25.07118],[-80.78867,25.07103],[-80.78752,25.06868],[-80.78975,25.06673],[-80.7923,25.06792],[-80.79295,25.06945],[-80.79244,25.07118]]],[[[-80.83273,24.99347],[-80.83171,24.99461],[-80.82989,24.99445],[-80.82923,24.99212],[-80.82777,24.99062],[-80.8272,24.98889],[-80.82791,24.98793],[-80.82931,24.98717],[-80.82976,24.98768],[-80.83003,24.98972],[-80.8325,24.99251],[-80.83273,24.99347]]],[[[-80.83415,25.11977],[-80.83347,25.12141],[-80.8323,25.1217],[-80.83183,25.12011],[-80.83112,25.11935],[-80.82866,25.11496],[-80.82922,25.11467],[-80.83086,25.11524],[-80.83193,25.11666],[-80.83349,25.11768],[-80.83415,25.11977]]],[[[-80.84825,24.80583],[-80.84614,24.80749],[-80.83622,24.8093],[-80.83049,24.81239],[-80.82936,24.8149],[-80.81999,24.82349],[-80.81649,24.82376],[-80.81561,24.82541],[-80.81302,24.82708],[-80.81361,24.82832],[-80.80888,24.83353],[-80.80468,24.83479],[-80.79271,24.84348],[-80.79048,24.84295],[-80.79055,24.84016],[-80.79664,24.83719],[-80.80194,24.83346],[-80.80888,24.82697],[-80.81021,24.82418],[-80.80733,24.8187],[-80.79965,24.81745],[-80.79115,24.82567],[-80.7884,24.82533],[-80.78688,24.82277],[-80.79453,24.81205],[-80.7977,24.81157],[-80.80737,24.81244],[-80.82438,24.81237],[-80.82899,24.80962],[-80.83502,24.80694],[-80.84092,24.80547],[-80.84669,24.80276],[-80.84928,24.80351],[-80.84825,24.80583]]],[[[-80.85264,25.10986],[-80.85204,25.1108],[-80.85037,25.11072],[-80.8498,25.10967],[-80.84976,25.10847],[-80.85147,25.10774],[-80.8524,25.10851],[-80.85264,25.10986]]],[[[-80.86539,25.03239],[-80.86414,25.03298],[-80.8626,25.03396],[-80.86219,25.0338],[-80.86158,25.03168],[-80.86089,25.03106],[-80.86355,25.02966],[-80.86534,25.02995],[-80.8658,25.03115],[-80.86539,25.03239]]],[[[-80.88312,25.11067],[-80.8812,25.11379],[-80.88089,25.11556],[-80.88088,25.11705],[-80.88135,25.1184],[-80.88082,25.11921],[-80.87929,25.11892],[-80.87653,25.11717],[-80.87538,25.11526],[-80.87579,25.1121],[-80.87608,25.11088],[-80.87807,25.10937],[-80.88023,25.10856],[-80.8825,25.10834],[-80.88343,25.10913],[-80.88312,25.11067]]],[[[-80.88731,25.05983],[-80.88578,25.06106],[-80.88481,25.0612],[-80.88358,25.05988],[-80.88392,25.0592],[-80.88536,25.0581],[-80.88637,25.05845],[-80.88715,25.05938],[-80.88731,25.05983]]],[[[-80.90496,25.05165],[-80.90344,25.05233],[-80.90178,25.05221],[-80.90158,25.05033],[-80.90227,25.04931],[-80.90405,25.04966],[-80.9049,25.05066],[-80.90496,25.05165]]],[[[-80.90939,25.13344],[-80.90423,25.13743],[-80.90021,25.13741],[-80.90057,25.1349],[-80.90541,25.13256],[-80.9086,25.13254],[-80.90939,25.13344]]],[[[-80.915,25.10862],[-80.91333,25.11008],[-80.91202,25.11032],[-80.9115,25.10965],[-80.91062,25.10797],[-80.90879,25.10613],[-80.90738,25.10433],[-80.90781,25.1029],[-80.90977,25.10187],[-80.91107,25.10195],[-80.91218,25.10349],[-80.91283,25.10506],[-80.915,25.10862]]],[[[-80.92315,24.76668],[-80.9222,24.76797],[-80.92066,24.76905],[-80.91674,24.77056],[-80.91531,24.77326],[-80.91448,24.77455],[-80.91424,24.7765],[-80.91531,24.7779],[-80.914,24.77866],[-80.91246,24.77704],[-80.91091,24.77747],[-80.90876,24.7776],[-80.90839,24.77687],[-80.90736,24.77258],[-80.90653,24.77065],[-80.90762,24.76862],[-80.91212,24.76597],[-80.91319,24.76586],[-80.91612,24.7665],[-80.91965,24.7665],[-80.92294,24.76569],[-80.92315,24.76668]]],[[[-80.93159,24.76873],[-80.931,24.77013],[-80.92933,24.77002],[-80.92826,24.76927],[-80.92601,24.76894],[-80.92577,24.76765],[-80.92636,24.76592],[-80.92835,24.76426],[-80.93153,24.7634],[-80.93124,24.76441],[-80.93135,24.76679],[-80.93159,24.76873]]],[[[-80.93157,25.08064],[-80.92953,25.08089],[-80.92517,25.08055],[-80.92601,25.07925],[-80.92735,25.07844],[-80.92988,25.07847],[-80.93118,25.07921],[-80.93221,25.08],[-80.93157,25.08064]]],[[[-80.94341,25.10863],[-80.93922,25.10969],[-80.93532,25.11109],[-80.93248,25.10923],[-80.93524,25.10781],[-80.93816,25.10718],[-80.93919,25.10634],[-80.94164,25.10617],[-80.94404,25.10766],[-80.94341,25.10863]]],[[[-81.12476,24.70713],[-81.11859,24.70781],[-81.10735,24.71276],[-81.10529,24.71128],[-81.09914,24.71199],[-81.09021,24.71657],[-81.08073,24.7182],[-81.07762,24.72133],[-81.07693,24.71649],[-81.07167,24.72036],[-81.0654,24.72092],[-81.06682,24.72393],[-81.06145,24.72899],[-81.05646,24.73114],[-81.05057,24.73758],[-81.04627,24.74056],[-81.04159,24.74328],[-81.0367,24.74283],[-81.03474,24.74045],[-81.03092,24.73772],[-81.02894,24.73776],[-81.02729,24.7358],[-81.02595,24.73355],[-81.02357,24.7348],[-81.02107,24.73342],[-81.01692,24.73468],[-81.01335,24.73732],[-81.01183,24.7399],[-81.01009,24.74055],[-81.00814,24.73886],[-81.00301,24.74078],[-81.00225,24.74181],[-81.00024,24.74237],[-80.99843,24.74189],[-80.99443,24.74399],[-80.99385,24.74592],[-80.99457,24.74796],[-80.99453,24.74861],[-80.9894,24.74982],[-80.9872,24.75452],[-80.98868,24.76016],[-80.98611,24.7599],[-80.98317,24.75459],[-80.97996,24.75286],[-80.97707,24.7569],[-80.97194,24.75934],[-80.96962,24.75862],[-80.96695,24.75837],[-80.96581,24.76068],[-80.96396,24.76371],[-80.96189,24.76344],[-80.95849,24.7654],[-80.95525,24.76933],[-80.95381,24.77089],[-80.95193,24.7697],[-80.95215,24.76614],[-80.94942,24.76592],[-80.94728,24.76862],[-80.93906,24.77456],[-80.93543,24.7752],[-80.93204,24.77524],[-80.93142,24.77434],[-80.93124,24.77294],[-80.93302,24.77197],[-80.93854,24.76753],[-80.96425,24.75171],[-80.96762,24.74792],[-80.97054,24.74739],[-80.9755,24.74493],[-80.97612,24.74241],[-80.97987,24.74115],[-80.99234,24.73319],[-81.00663,24.72681],[-81.00995,24.72386],[-81.01178,24.72191],[-81.01593,24.71988],[-81.02379,24.7169],[-81.02946,24.72112],[-81.03029,24.72284],[-81.02916,24.72394],[-81.02821,24.72675],[-81.02975,24.72815],[-81.03245,24.72732],[-81.03429,24.72734],[-81.04963,24.72131],[-81.05347,24.72004],[-81.05712,24.71748],[-81.06015,24.71573],[-81.06455,24.71545],[-81.06713,24.71493],[-81.07103,24.71172],[-81.07176,24.70999],[-81.07344,24.70644],[-81.07586,24.70427],[-81.07872,24.69656],[-81.07844,24.69238],[-81.07549,24.69181],[-81.07541,24.69083],[-81.0773,24.68997],[-81.07931,24.68949],[-81.08178,24.69068],[-81.08244,24.69196],[-81.0867,24.69145],[-81.09444,24.68934],[-81.09755,24.69001],[-81.10804,24.68859],[-81.11008,24.68949],[-81.11285,24.69224],[-81.11597,24.69907],[-81.12019,24.70418],[-81.12409,24.70487],[-81.12476,24.70713]]],[[[-81.231,24.78213],[-81.22798,24.78178],[-81.22708,24.77828],[-81.22613,24.77572],[-81.22774,24.77532],[-81.23005,24.77686],[-81.23146,24.78089],[-81.231,24.78213]]],[[[-81.28081,24.65563],[-81.27769,24.66003],[-81.27416,24.66299],[-81.27197,24.66364],[-81.26791,24.66499],[-81.26548,24.66865],[-81.26388,24.6707],[-81.26001,24.67485],[-81.25778,24.67506],[-81.25353,24.67415],[-81.2521,24.67287],[-81.2498,24.67336],[-81.24609,24.67583],[-81.24323,24.674],[-81.24299,24.67246],[-81.24476,24.6692],[-81.2477,24.66941],[-81.24988,24.66784],[-81.25161,24.66617],[-81.25492,24.66481],[-81.25771,24.66431],[-81.26725,24.66012],[-81.26884,24.6606],[-81.27324,24.65907],[-81.27683,24.65582],[-81.28178,24.65375],[-81.28081,24.65563]]],[[[-81.29563,24.77734],[-81.29443,24.77957],[-81.29323,24.78083],[-81.29062,24.77809],[-81.28776,24.77635],[-81.28638,24.77417],[-81.28498,24.77168],[-81.28573,24.76824],[-81.28924,24.76903],[-81.29395,24.77257],[-81.29524,24.77544],[-81.29563,24.77734]]],[[[-81.31426,24.75254],[-81.31295,24.7533],[-81.31176,24.7561],[-81.30979,24.75685],[-81.3061,24.75708],[-81.30505,24.75519],[-81.30281,24.75145],[-81.29951,24.74703],[-81.29896,24.74365],[-81.3032,24.74639],[-81.30724,24.74833],[-81.30974,24.74855],[-81.312,24.74984],[-81.31426,24.75081],[-81.31426,24.75254]]],[[[-81.32707,24.76385],[-81.32513,24.76712],[-81.32422,24.76706],[-81.32164,24.76403],[-81.31927,24.76103],[-81.3177,24.75815],[-81.31735,24.75675],[-81.31842,24.75664],[-81.324,24.75956],[-81.32759,24.76231],[-81.32707,24.76385]]],[[[-81.33065,24.72953],[-81.32875,24.72977],[-81.32519,24.73096],[-81.32555,24.73301],[-81.32566,24.73722],[-81.32566,24.73981],[-81.32816,24.74369],[-81.33038,24.74972],[-81.3284,24.75027],[-81.3259,24.74617],[-81.32412,24.74585],[-81.32127,24.74337],[-81.31746,24.73927],[-81.3133,24.73797],[-81.31045,24.73873],[-81.30784,24.73538],[-81.30368,24.73247],[-81.30225,24.73031],[-81.30213,24.72124],[-81.29928,24.71692],[-81.2974,24.71673],[-81.30118,24.71399],[-81.30325,24.71403],[-81.30515,24.71593],[-81.30991,24.72497],[-81.31277,24.72735],[-81.31705,24.72831],[-81.32229,24.72878],[-81.32935,24.72664],[-81.33065,24.72953]]],[[[-81.34218,24.73916],[-81.33874,24.73959],[-81.33636,24.74002],[-81.33576,24.74088],[-81.33636,24.74326],[-81.33636,24.74477],[-81.33588,24.74499],[-81.33363,24.74423],[-81.33089,24.74164],[-81.33149,24.73884],[-81.33161,24.73473],[-81.33208,24.73268],[-81.33291,24.7316],[-81.3341,24.73387],[-81.33612,24.73527],[-81.33767,24.73722],[-81.34028,24.73722],[-81.34206,24.73819],[-81.34218,24.73916]]],[[[-81.35599,25.70353],[-81.35215,25.70735],[-81.34124,25.71258],[-81.33839,25.71086],[-81.33601,25.70787],[-81.33601,25.70444],[-81.33799,25.69751],[-81.33824,25.6929],[-81.35056,25.68983],[-81.35562,25.69252],[-81.357,25.69665],[-81.35599,25.70353]]],[[[-81.44425,24.63528],[-81.44294,24.63624],[-81.44172,24.63603],[-81.44076,24.63461],[-81.44087,24.63297],[-81.44206,24.63251],[-81.44431,24.63292],[-81.44425,24.63528]]],[[[-81.48282,24.61809],[-81.48099,24.61861],[-81.47917,24.61784],[-81.4759,24.61603],[-81.47292,24.61425],[-81.47121,24.61408],[-81.46904,24.61315],[-81.46756,24.61159],[-81.46766,24.60997],[-81.46889,24.60847],[-81.47147,24.60985],[-81.47347,24.61228],[-81.4771,24.6148],[-81.48027,24.61676],[-81.48282,24.61716],[-81.48282,24.61809]]],[[[-81.81231,24.56733],[-81.81095,24.56954],[-81.80959,24.56951],[-81.80922,24.56836],[-81.81081,24.566],[-81.81204,24.56609],[-81.81231,24.56733]]],[[[-81.81205,24.54881],[-81.81147,24.55079],[-81.80946,24.55662],[-81.80718,24.56153],[-81.80241,24.56316],[-81.79985,24.56447],[-81.79904,24.56979],[-81.79986,24.57144],[-81.79742,24.57389],[-81.79753,24.57539],[-81.79934,24.57609],[-81.80006,24.58882],[-81.79949,24.59417],[-81.79715,24.59461],[-81.79538,24.59287],[-81.79389,24.58504],[-81.79401,24.57575],[-81.78225,24.57791],[-81.77408,24.58477],[-81.76644,24.58601],[-81.75283,24.58023],[-81.74642,24.58496],[-81.73929,24.59011],[-81.722,24.60665],[-81.72835,24.61758],[-81.75138,24.62823],[-81.76534,24.63263],[-81.76139,24.64203],[-81.75428,24.65404],[-81.74565,24.65988],[-81.70131,24.67772],[-81.68741,24.6862],[-81.67234,24.69951],[-81.65651,24.70291],[-81.64387,24.71234],[-81.62354,24.72021],[-81.59929,24.72971],[-81.5846,24.7367],[-81.57115,24.75635],[-81.56143,24.76038],[-81.5158,24.75616],[-81.51378,24.75775],[-81.50076,24.78952],[-81.4981,24.79257],[-81.49209,24.79466],[-81.47528,24.79894],[-81.47029,24.80207],[-81.46609,24.80347],[-81.44351,24.81336],[-81.44121,24.81289],[-81.43973,24.80851],[-81.43964,24.80374],[-81.45106,24.78895],[-81.45796,24.78184],[-81.45695,24.77364],[-81.45152,24.76687],[-81.4202,24.77799],[-81.41086,24.79047],[-81.40547,24.79271],[-81.40123,24.79147],[-81.37783,24.78217],[-81.37182,24.77909],[-81.36551,24.7693],[-81.36631,24.7424],[-81.36132,24.73722],[-81.36019,24.73403],[-81.35941,24.72858],[-81.35276,24.722],[-81.35121,24.72027],[-81.34183,24.7071],[-81.33624,24.70451],[-81.33101,24.70483],[-81.3196,24.70267],[-81.31643,24.69767],[-81.31205,24.68176],[-81.30883,24.66463],[-81.2969,24.65538],[-81.31307,24.64725],[-81.32792,24.6454],[-81.33267,24.63969],[-81.33796,24.6403],[-81.3466,24.63581],[-81.3613,24.633],[-81.3631,24.63096],[-81.36633,24.63111],[-81.3764,24.62733],[-81.38992,24.62237],[-81.3948,24.62113],[-81.40189,24.62354],[-81.4064,24.64246],[-81.41254,24.64673],[-81.42256,24.6466],[-81.43571,24.65073],[-81.44392,24.64268],[-81.44605,24.64436],[-81.44688,24.65343],[-81.47303,24.649],[-81.4773,24.64565],[-81.48051,24.64457],[-81.48182,24.64781],[-81.50594,24.65451],[-81.50963,24.64706],[-81.50801,24.6424],[-81.50817,24.63815],[-81.51,24.62867],[-81.51077,24.62567],[-81.5174,24.62124],[-81.51902,24.61881],[-81.52468,24.61864],[-81.53432,24.61791],[-81.54161,24.6144],[-81.55084,24.61223],[-81.55918,24.60957],[-81.56413,24.60384],[-81.57456,24.60093],[-81.58532,24.59538],[-81.59195,24.59348],[-81.60433,24.58616],[-81.61185,24.58558],[-81.62819,24.57907],[-81.63825,24.57913],[-81.64413,24.57492],[-81.66514,24.57326],[-81.67731,24.56297],[-81.68524,24.55868],[-81.69779,24.55952],[-81.71123,24.5564],[-81.71721,24.55708],[-81.73533,24.55683],[-81.74876,24.55462],[-81.75502,24.55175],[-81.76338,24.55242],[-81.77522,24.55041],[-81.78598,24.54672],[-81.80356,24.54451],[-81.81254,24.54547],[-81.81205,24.54881]]],[[[-81.81529,24.56284],[-81.8128,24.56359],[-81.81208,24.56281],[-81.81226,24.56077],[-81.81336,24.56033],[-81.81459,24.56042],[-81.81562,24.56207],[-81.81529,24.56284]]],[[[-81.89309,24.56273],[-81.89043,24.56257],[-81.88588,24.56297],[-81.88386,24.56122],[-81.88374,24.56033],[-81.88587,24.55929],[-81.88823,24.55777],[-81.88945,24.55902],[-81.89192,24.55991],[-81.89311,24.56214],[-81.89309,24.56273]]],[[[-81.92351,24.60265],[-81.92353,24.605],[-81.92308,24.60663],[-81.92147,24.60675],[-81.92048,24.60567],[-81.91947,24.60548],[-81.91888,24.60428],[-81.92019,24.60275],[-81.92108,24.60129],[-81.92251,24.60052],[-81.92331,24.60049],[-81.92423,24.6011],[-81.92351,24.60265]]],[[[-81.92513,24.54482],[-81.92448,24.54631],[-81.92256,24.5479],[-81.92133,24.54848],[-81.91986,24.54827],[-81.91798,24.54749],[-81.91698,24.54676],[-81.91677,24.54535],[-81.91755,24.54388],[-81.91963,24.54233],[-81.92165,24.5418],[-81.92489,24.53996],[-81.92538,24.54189],[-81.92513,24.54482]]],[[[-81.92834,24.52924],[-81.92558,24.53286],[-81.92441,24.53281],[-81.91981,24.53128],[-81.91773,24.53052],[-81.91781,24.52924],[-81.919,24.52855],[-81.92117,24.52844],[-81.92351,24.52778],[-81.926,24.52651],[-81.92833,24.52659],[-81.92834,24.52924]]],[[[-81.96436,24.52512],[-81.96309,24.52497],[-81.96238,24.52213],[-81.96307,24.52131],[-81.96427,24.5213],[-81.96506,24.52421],[-81.96436,24.52512]]],[[[-81.97887,24.52463],[-81.97462,24.52687],[-81.97086,24.52696],[-81.96818,24.52485],[-81.96818,24.5235],[-81.97854,24.52325],[-81.97887,24.52463]]],[[[-82.00977,24.53491],[-82.00931,24.53646],[-82.00748,24.5379],[-82.00449,24.5366],[-81.99982,24.53353],[-81.99831,24.53086],[-81.99899,24.52963],[-82.00271,24.52813],[-82.00429,24.52793],[-82.00645,24.52744],[-82.00759,24.52831],[-82.00932,24.53262],[-82.00977,24.53491]]],[[[-82.14541,24.5899],[-82.14341,24.59293],[-82.14,24.59514],[-82.13511,24.5967],[-82.13002,24.59751],[-82.12483,24.59706],[-82.11981,24.59482],[-82.11438,24.59293],[-82.10812,24.59062],[-82.1039,24.5875],[-82.10163,24.58504],[-82.10023,24.58056],[-82.09992,24.57706],[-82.09955,24.57458],[-82.1002,24.56982],[-82.10134,24.5655],[-82.10322,24.56291],[-82.10436,24.56071],[-82.10599,24.55857],[-82.10849,24.55819],[-82.11164,24.55549],[-82.11264,24.55283],[-82.11345,24.55147],[-82.11609,24.54954],[-82.11867,24.54854],[-82.12106,24.5485],[-82.12425,24.54872],[-82.12689,24.5484],[-82.13025,24.54821],[-82.13354,24.55002],[-82.13354,24.5524],[-82.13045,24.55251],[-82.12759,24.55273],[-82.12522,24.5511],[-82.12296,24.55175],[-82.11928,24.55564],[-82.11642,24.55716],[-82.11417,24.55867],[-82.11286,24.55986],[-82.11179,24.56224],[-82.11072,24.56581],[-82.11036,24.56862],[-82.11274,24.57067],[-82.11595,24.5697],[-82.11809,24.5697],[-82.11868,24.57143],[-82.11916,24.57478],[-82.12106,24.57845],[-82.12189,24.58169],[-82.12367,24.58396],[-82.12569,24.58537],[-82.12962,24.58699],[-82.13223,24.58828],[-82.13496,24.58872],[-82.1371,24.58969],[-82.13948,24.59066],[-82.14186,24.5898],[-82.14245,24.58774],[-82.14376,24.58612],[-82.1456,24.58647],[-82.14541,24.5899]]],[[[-82.14887,24.55165],[-82.14744,24.5524],[-82.14518,24.55251],[-82.14411,24.55132],[-82.1445,24.54986],[-82.14602,24.54894],[-82.14887,24.55067],[-82.14887,24.55165]]],[[[-82.16566,24.55659],[-82.16472,24.56043],[-82.16452,24.56339],[-82.16167,24.56598],[-82.15945,24.56635],[-82.15766,24.56689],[-82.15671,24.56613],[-82.15826,24.56418],[-82.1617,24.56289],[-82.16265,24.56116],[-82.16289,24.55727],[-82.16301,24.55381],[-82.16218,24.55197],[-82.16063,24.5511],[-82.15921,24.55208],[-82.15861,24.55337],[-82.15707,24.55348],[-82.15576,24.55143],[-82.15643,24.54911],[-82.15903,24.54793],[-82.16126,24.54866],[-82.16264,24.54971],[-82.16522,24.5528],[-82.16566,24.55659]]],[[[-82.22407,26.6029],[-82.21994,26.60707],[-82.21434,26.60294],[-82.20635,26.58363],[-82.19902,26.56095],[-82.19736,26.55351],[-82.19188,26.54362],[-82.1902,26.53772],[-82.18785,26.52352],[-82.17954,26.51246],[-82.17978,26.50599],[-82.17683,26.50051],[-82.17608,26.49757],[-82.1782,26.4943],[-82.17783,26.49222],[-82.17552,26.4919],[-82.17303,26.49359],[-82.17007,26.49345],[-82.1688,26.49234],[-82.1685,26.48774],[-82.16391,26.48561],[-82.16166,26.48665],[-82.16,26.48613],[-82.15974,26.48198],[-82.15418,26.48083],[-82.14937,26.47761],[-82.14007,26.47731],[-82.13247,26.47907],[-82.12843,26.47758],[-82.12005,26.47358],[-82.08842,26.45518],[-82.07692,26.46611],[-82.06664,26.46609],[-82.06255,26.47013],[-82.04081,26.45823],[-82.03621,26.45439],[-82.03217,26.45268],[-82.02053,26.45311],[-82.01561,26.45486],[-82.01371,26.45426],[-82.01391,26.45206],[-82.06311,26.42546],[-82.07501,26.42206],[-82.08291,26.42206],[-82.09812,26.42496],[-82.12667,26.43628],[-82.14872,26.45546],[-82.17292,26.46766],[-82.17702,26.47156],[-82.18072,26.47626],[-82.18644,26.48922],[-82.19884,26.54598],[-82.20167,26.55138],[-82.2014,26.55631],[-82.20532,26.56793],[-82.21367,26.57991],[-82.22089,26.58391],[-82.22444,26.59325],[-82.22407,26.6029]]],[[[-82.26248,26.68397],[-82.25844,26.68801],[-82.25726,26.69353],[-82.25583,26.70393],[-82.25345,26.70585],[-82.25013,26.70776],[-82.24608,26.70606],[-82.24561,26.70309],[-82.24252,26.69672],[-82.2449,26.69247],[-82.24537,26.68631],[-82.24276,26.68143],[-82.2342,26.67675],[-82.23539,26.67442],[-82.23753,26.66911],[-82.23848,26.66252],[-82.23491,26.6553],[-82.23325,26.64956],[-82.22826,26.64447],[-82.22778,26.63703],[-82.22374,26.62683],[-82.21875,26.62513],[-82.21851,26.62322],[-82.22089,26.61812],[-82.22113,26.61345],[-82.22313,26.61254],[-82.2239,26.61418],[-82.22792,26.62713],[-82.23147,26.63473],[-82.2361,26.63788],[-82.2446,26.65351],[-82.24828,26.66166],[-82.2544,26.66719],[-82.26248,26.6776],[-82.26248,26.68397]]],[[[-82.42055,27.84654],[-82.4146,27.84836],[-82.40605,27.84995],[-82.40522,27.84901],[-82.4056,27.84796],[-82.41703,27.84583],[-82.41813,27.8442],[-82.41988,27.84363],[-82.4214,27.8446],[-82.42055,27.84654]]],[[[-82.43746,27.86702],[-82.43545,27.8842],[-82.42462,27.8842],[-82.42445,27.88403],[-82.42428,27.86822],[-82.42978,27.86323],[-82.4348,27.86349],[-82.43742,27.86433],[-82.43746,27.86702]]],[[[-82.44098,27.83596],[-82.43858,27.8396],[-82.43122,27.83861],[-82.43222,27.82229],[-82.43861,27.8223],[-82.44169,27.82353],[-82.44098,27.83596]]],[[[-82.5764,27.63775],[-82.5727,27.63694],[-82.56933,27.63316],[-82.56918,27.63053],[-82.57361,27.63127],[-82.5767,27.63506],[-82.5764,27.63775]]],[[[-82.69547,27.66549],[-82.69391,27.66874],[-82.68789,27.66801],[-82.68555,27.66474],[-82.68722,27.66264],[-82.6912,27.66284],[-82.69506,27.66158],[-82.69547,27.66549]]],[[[-82.75733,28.80073],[-82.75115,28.80219],[-82.74212,28.80323],[-82.73404,28.79906],[-82.73048,28.7974],[-82.72382,28.79045],[-82.73143,28.78406],[-82.73433,28.77711],[-82.73671,28.77371],[-82.74117,28.77719],[-82.74748,28.78338],[-82.7464,28.79135],[-82.74925,28.7976],[-82.75615,28.79906],[-82.75733,28.80073]]],[[[-82.76424,27.59128],[-82.76348,27.59629],[-82.76337,27.60066],[-82.7631,27.60239],[-82.76255,27.60315],[-82.76149,27.60308],[-82.76046,27.60242],[-82.75885,27.60047],[-82.75865,27.59696],[-82.75919,27.59432],[-82.76035,27.58746],[-82.76064,27.58556],[-82.76006,27.58277],[-82.75898,27.57989],[-82.7567,27.57762],[-82.7561,27.57608],[-82.75757,27.57604],[-82.75893,27.57711],[-82.76332,27.58215],[-82.76418,27.58859],[-82.76424,27.59128]]],[[[-82.80072,28.17501],[-82.79948,28.17542],[-82.79832,28.17491],[-82.79843,28.17389],[-82.80012,28.17323],[-82.80103,28.174],[-82.80072,28.17501]]],[[[-82.80433,28.17731],[-82.80352,28.17791],[-82.80188,28.17741],[-82.80163,28.17655],[-82.80253,28.17592],[-82.80428,28.17641],[-82.80433,28.17731]]],[[[-82.80613,28.17406],[-82.80513,28.17453],[-82.80416,28.1741],[-82.8041,28.17309],[-82.80505,28.17257],[-82.80607,28.17305],[-82.80613,28.17406]]],[[[-82.84337,28.11954],[-82.8422,28.1254],[-82.83814,28.12939],[-82.83379,28.13026],[-82.83224,28.12906],[-82.83784,28.12404],[-82.83981,28.11933],[-82.83838,28.11346],[-82.83268,28.1099],[-82.8324,28.10672],[-82.84274,28.11123],[-82.84337,28.11954]]],[[[-82.85243,28.21017],[-82.8495,28.21335],[-82.84602,28.21326],[-82.84045,28.212],[-82.84104,28.20872],[-82.84284,28.20694],[-82.84606,28.20825],[-82.84761,28.20747],[-82.84844,28.20447],[-82.84493,28.19908],[-82.84439,28.19657],[-82.84577,28.19493],[-82.84306,28.19048],[-82.84422,28.18795],[-82.84705,28.18728],[-82.84702,28.18184],[-82.84434,28.17417],[-82.8404,28.16686],[-82.84265,28.16385],[-82.8466,28.16531],[-82.84987,28.17979],[-82.85243,28.21017]]],[[[-82.8752,24.62925],[-82.87312,24.63058],[-82.87076,24.6301],[-82.86765,24.62891],[-82.8633,24.62888],[-82.86289,24.6257],[-82.86349,24.62443],[-82.86414,24.62473],[-82.86439,24.62657],[-82.86825,24.6271],[-82.8723,24.62633],[-82.87366,24.62647],[-82.8752,24.62925]]],[[[-82.92429,24.63083],[-82.9218,24.63342],[-82.91934,24.63516],[-82.91762,24.63602],[-82.91672,24.63625],[-82.91741,24.63478],[-82.91862,24.63342],[-82.92075,24.63145],[-82.92252,24.62973],[-82.92362,24.6289],[-82.92611,24.62805],[-82.92429,24.63083]]],[[[-83.03447,29.12534],[-83.0328,29.12784],[-83.02781,29.127],[-83.02386,29.12403],[-83.02401,29.11932],[-83.02654,29.11788],[-83.03447,29.12181],[-83.03447,29.12534]]],[[[-83.03447,29.09959],[-83.03067,29.09897],[-83.02591,29.09627],[-83.02948,29.09378],[-83.03405,29.09555],[-83.03533,29.09631],[-83.03447,29.09959]]],[[[-83.07596,29.10163],[-83.06985,29.10278],[-83.0618,29.1025],[-83.05993,29.09966],[-83.06204,29.09731],[-83.06537,29.09565],[-83.07072,29.09661],[-83.07725,29.10022],[-83.07596,29.10163]]],[[[-83.09341,29.13178],[-83.08842,29.13489],[-83.08509,29.13219],[-83.0826,29.12892],[-83.08329,29.12454],[-83.08565,29.12019],[-83.09025,29.11872],[-83.08997,29.12275],[-83.09009,29.12638],[-83.09392,29.12852],[-83.09341,29.13178]]],[[[-83.83005,29.97302],[-83.82784,29.97281],[-83.82701,29.97106],[-83.82903,29.96983],[-83.83082,29.97106],[-83.83005,29.97302]]],[[[-84.67468,29.78623],[-84.67181,29.78656],[-84.66193,29.78172],[-84.65674,29.78175],[-84.64854,29.78371],[-84.64409,29.78967],[-84.64176,29.78958],[-84.63487,29.78804],[-84.62988,29.78866],[-84.62453,29.7901],[-84.61716,29.79567],[-84.61122,29.80041],[-84.60758,29.80517],[-84.60474,29.81029],[-84.60306,29.81165],[-84.59485,29.81478],[-84.59126,29.81588],[-84.58852,29.81506],[-84.58555,29.81681],[-84.58625,29.81959],[-84.5821,29.82293],[-84.58111,29.82438],[-84.58032,29.82691],[-84.57652,29.82784],[-84.57498,29.82887],[-84.57398,29.83057],[-84.57248,29.82846],[-84.57152,29.82417],[-84.57212,29.81866],[-84.57408,29.814],[-84.57941,29.80785],[-84.58282,29.80598],[-84.61027,29.79484],[-84.62374,29.7885],[-84.64485,29.78319],[-84.65923,29.77926],[-84.66791,29.7779],[-84.67207,29.77958],[-84.67392,29.78321],[-84.67468,29.78623]]],[[[-85.09717,29.62624],[-85.09488,29.62776],[-85.09172,29.62647],[-85.0896,29.62444],[-85.08395,29.61938],[-85.07828,29.61746],[-85.07391,29.61284],[-85.06902,29.60944],[-85.05239,29.60328],[-85.04877,29.60315],[-85.0385,29.59955],[-85.02705,29.59673],[-85.02086,29.59843],[-85.01574,29.59817],[-85.01433,29.59963],[-85.01468,29.60325],[-85.01338,29.60428],[-85.01136,29.60361],[-85.00793,29.60461],[-85.00274,29.60505],[-84.99792,29.60469],[-84.98756,29.60763],[-84.9815,29.60864],[-84.96912,29.61344],[-84.96311,29.61645],[-84.95911,29.61761],[-84.95585,29.62002],[-84.9484,29.6226],[-84.94304,29.62727],[-84.93259,29.63723],[-84.92805,29.63825],[-84.92647,29.64082],[-84.92584,29.64495],[-84.92404,29.64689],[-84.92033,29.64864],[-84.91318,29.64989],[-84.90723,29.64932],[-84.90381,29.64874],[-84.90117,29.65086],[-84.89865,29.65373],[-84.89334,29.65647],[-84.8899,29.65673],[-84.88586,29.65658],[-84.88339,29.66009],[-84.87949,29.66366],[-84.87292,29.66431],[-84.86785,29.66682],[-84.86764,29.67095],[-84.86312,29.6698],[-84.86143,29.67277],[-84.85306,29.67186],[-84.83463,29.67586],[-84.82339,29.67871],[-84.81308,29.68121],[-84.80828,29.68434],[-84.80293,29.68369],[-84.7976,29.68695],[-84.79524,29.68712],[-84.7905,29.68952],[-84.7901,29.69175],[-84.79385,29.69466],[-84.7978,29.69484],[-84.79859,29.69775],[-84.79859,29.70207],[-84.79464,29.70272],[-84.78971,29.69843],[-84.78695,29.69501],[-84.78221,29.69261],[-84.77728,29.69586],[-84.77905,29.70255],[-84.77721,29.7074],[-84.77247,29.70983],[-84.76702,29.71141],[-84.7612,29.71622],[-84.75577,29.72003],[-84.7511,29.72178],[-84.74572,29.72625],[-84.73987,29.72675],[-84.72577,29.73609],[-84.72396,29.73939],[-84.72347,29.74344],[-84.72064,29.74522],[-84.7167,29.74471],[-84.71107,29.75],[-84.70751,29.75409],[-84.7058,29.76059],[-84.70253,29.76395],[-84.70002,29.76421],[-84.69756,29.76773],[-84.69667,29.77071],[-84.69488,29.77091],[-84.69341,29.76886],[-84.69203,29.76492],[-84.69262,29.76304],[-84.69941,29.75815],[-84.71912,29.7391],[-84.74588,29.71638],[-84.76512,29.69972],[-84.77695,29.69219],[-84.79913,29.68156],[-84.82058,29.6739],[-84.82963,29.67217],[-84.85383,29.66472],[-84.87005,29.65872],[-84.88463,29.65225],[-84.93783,29.62344],[-84.95645,29.614],[-84.96085,29.61276],[-84.97998,29.60646],[-85.03622,29.58892],[-85.04507,29.58699],[-85.05057,29.59023],[-85.05604,29.59436],[-85.061,29.59854],[-85.06945,29.60528],[-85.08423,29.61516],[-85.09539,29.62117],[-85.09773,29.62403],[-85.09717,29.62624]]],[[[-85.22248,29.67934],[-85.22032,29.68014],[-85.21616,29.68074],[-85.2071,29.68044],[-85.20186,29.68258],[-85.18478,29.68271],[-85.16863,29.68241],[-85.15641,29.67963],[-85.13964,29.68379],[-85.1384,29.68513],[-85.13464,29.68657],[-85.12424,29.68764],[-85.12246,29.6887],[-85.11853,29.68829],[-85.11427,29.68866],[-85.10398,29.68632],[-85.10041,29.68469],[-85.0984,29.6855],[-85.0939,29.68484],[-85.09174,29.68237],[-85.08532,29.67993],[-85.08046,29.67491],[-85.07431,29.67398],[-85.07724,29.67086],[-85.08176,29.66524],[-85.08836,29.65563],[-85.09134,29.65046],[-85.09676,29.63306],[-85.10001,29.63182],[-85.12045,29.63002],[-85.13552,29.632],[-85.14101,29.63404],[-85.14589,29.6388],[-85.15183,29.64339],[-85.15676,29.64768],[-85.17531,29.659],[-85.18716,29.66569],[-85.20431,29.6727],[-85.21893,29.67621],[-85.22246,29.6778],[-85.22248,29.67934]]],[[[-85.0025,31.00068],[-85.0019,31.00068],[-85.00182,30.99789],[-85.00254,30.9869],[-85.00593,30.9798],[-85.00593,30.97704],[-85.00511,30.9747],[-85.00403,30.97347],[-84.99993,30.97119],[-84.99983,30.97149],[-84.99763,30.97119],[-84.98803,30.96879],[-84.98483,30.96749],[-84.98253,30.96559],[-84.98013,30.96129],[-84.97963,30.95899],[-84.97963,30.95469],[-84.98223,30.94689],[-84.98303,30.94259],[-84.98363,30.93699],[-84.98313,30.93479],[-84.98063,30.93269],[-84.97523,30.93079],[-84.97103,30.92819],[-84.96943,30.92199],[-84.96673,30.91729],[-84.95613,30.90759],[-84.95233,30.90229],[-84.94962,30.89739],[-84.94253,30.88849],[-84.93937,30.88716],[-84.9349,30.88453],[-84.93432,30.88189],[-84.93922,30.87489],[-84.93932,30.87149],[-84.93312,30.86589],[-84.93252,30.86319],[-84.93533,30.86129],[-84.93662,30.85899],[-84.93322,30.85149],[-84.92782,30.84789],[-84.92566,30.84268],[-84.92696,30.83919],[-84.93232,30.83809],[-84.93574,30.83396],[-84.93742,30.82089],[-84.93682,30.81849],[-84.93092,30.81049],[-84.92832,30.80509],[-84.92792,30.80279],[-84.92902,30.79729],[-84.92832,30.79309],[-84.92672,30.79019],[-84.91802,30.77809],[-84.91742,30.77589],[-84.91802,30.77209],[-84.92012,30.76599],[-84.91502,30.76119],[-84.91432,30.75359],[-84.91352,30.75229],[-84.91112,30.75119],[-84.90632,30.75059],[-84.90312,30.75179],[-84.90022,30.75189],[-84.89762,30.75139],[-84.89612,30.75059],[-84.88752,30.74179],[-84.88522,30.73499],[-84.88382,30.73259],[-84.87542,30.72749],[-84.86975,30.7219],[-84.86469,30.71154],[-84.83632,30.71071],[-84.64481,30.70199],[-84.60639,30.69986],[-84.60625,30.69987],[-84.53937,30.69677],[-84.53504,30.69652],[-84.47441,30.69279],[-84.3749,30.68979],[-84.28121,30.68526],[-84.2499,30.68415],[-84.12489,30.67805],[-84.1077,30.67682],[-84.05723,30.6747],[-84.0466,30.6742],[-84.04181,30.67388],[-84.03971,30.67382],[-84.00739,30.6721],[-83.88032,30.66581],[-83.88022,30.66583],[-83.85522,30.66441],[-83.82089,30.66261],[-83.81054,30.66188],[-83.67677,30.6549],[-83.67406,30.65475],[-83.61167,30.65125],[-83.49988,30.64567],[-83.44889,30.64241],[-83.44002,30.64202],[-83.42958,30.6415],[-83.42948,30.64152],[-83.39006,30.63933],[-83.37946,30.63868],[-83.34101,30.63635],[-83.31165,30.63458],[-83.30945,30.63442],[-83.18739,30.62722],[-83.17441,30.62644],[-83.16331,30.62589],[-83.15617,30.6255],[-83.13137,30.62358],[-82.87878,30.60908],[-82.87726,30.60902],[-82.6989,30.59827],[-82.69862,30.59823],[-82.68927,30.59772],[-82.56924,30.59097],[-82.56548,30.59062],[-82.55316,30.58993],[-82.54506,30.58936],[-82.53623,30.58889],[-82.5249,30.58819],[-82.45954,30.58427],[-82.37484,30.579],[-82.28734,30.57346],[-82.2581,30.57156],[-82.24984,30.57086],[-82.21484,30.56859],[-82.21438,30.56696],[-82.21731,30.56519],[-82.22283,30.56559],[-82.22826,30.56258],[-82.23262,30.55796],[-82.23443,30.55659],[-82.23444,30.549],[-82.23891,30.54543],[-82.2404,30.53777],[-82.23612,30.53115],[-82.23075,30.52676],[-82.2294,30.52082],[-82.23038,30.51734],[-82.22693,30.51028],[-82.22503,30.50783],[-82.21851,30.50419],[-82.21285,30.49875],[-82.20645,30.49188],[-82.20142,30.48516],[-82.20094,30.47444],[-82.20461,30.46887],[-82.20771,30.4605],[-82.20752,30.45693],[-82.20604,30.45551],[-82.20482,30.45184],[-82.20397,30.44451],[-82.20649,30.43708],[-82.20987,30.43282],[-82.21029,30.42459],[-82.20415,30.40133],[-82.19652,30.38932],[-82.19234,30.38457],[-82.19294,30.37878],[-82.18881,30.3766],[-82.18639,30.37736],[-82.18463,30.37717],[-82.1838,30.37371],[-82.18002,30.36863],[-82.17151,30.35987],[-82.17005,30.35893],[-82.16519,30.35804],[-82.16176,30.35785],[-82.15811,30.35991],[-82.14328,30.36339],[-82.11638,30.36734],[-82.10483,30.36832],[-82.1025,30.36782],[-82.10142,30.36656],[-82.1018,30.36534],[-82.09469,30.36078],[-82.08111,30.35881],[-82.06853,30.35918],[-82.06003,30.36033],[-82.05007,30.36234],[-82.04792,30.36326],[-82.04075,30.37016],[-82.03682,30.37788],[-82.03587,30.38529],[-82.04116,30.39684],[-82.04199,30.40327],[-82.04116,30.40997],[-82.03997,30.41428],[-82.034,30.42236],[-82.03446,30.42805],[-82.03721,30.43452],[-82.0362,30.43846],[-82.03006,30.44485],[-82.02821,30.4474],[-82.02546,30.45775],[-82.02373,30.46729],[-82.01778,30.47508],[-82.01698,30.47878],[-82.0173,30.48764],[-82.01822,30.49208],[-82.01589,30.4955],[-82.01477,30.51301],[-82.01583,30.51817],[-82.01699,30.51936],[-82.01887,30.52383],[-82.01836,30.53118],[-82.01322,30.55009],[-82.00548,30.56349],[-82.00809,30.57702],[-82.01211,30.59377],[-82.01571,30.6017],[-82.0165,30.60248],[-82.02694,30.60615],[-82.02734,30.60673],[-82.02654,30.6133],[-82.0285,30.62183],[-82.03393,30.6296],[-82.03761,30.63327],[-82.03994,30.63714],[-82.03909,30.64113],[-82.0396,30.64331],[-82.04227,30.64945],[-82.04611,30.65177],[-82.04951,30.65555],[-82.04884,30.66068],[-82.04718,30.6629],[-82.04699,30.66593],[-82.04847,30.66895],[-82.05043,30.67627],[-82.04354,30.68473],[-82.04142,30.69359],[-82.04301,30.69826],[-82.03643,30.70659],[-82.0368,30.71303],[-82.03854,30.71592],[-82.03756,30.71864],[-82.03915,30.72318],[-82.04004,30.72459],[-82.04446,30.72615],[-82.04479,30.72848],[-82.03942,30.73719],[-82.03963,30.74773],[-82.03866,30.75109],[-82.03677,30.75443],[-82.0348,30.75445],[-82.03188,30.75048],[-82.02714,30.75113],[-82.02373,30.75351],[-82.01884,30.75459],[-82.01886,30.75657],[-82.01392,30.7609],[-82.01138,30.7626],[-82.01516,30.77197],[-82.01845,30.77276],[-82.01796,30.77494],[-82.02327,30.78269],[-82.02376,30.78526],[-82.02197,30.78823],[-82.01875,30.788],[-82.01587,30.79159],[-82.01251,30.78933],[-82.00805,30.79205],[-82.00475,30.79139],[-81.99497,30.78607],[-81.9921,30.783],[-81.98342,30.77812],[-81.97772,30.77664],[-81.97344,30.77883],[-81.97083,30.78386],[-81.96995,30.78908],[-81.96662,30.79391],[-81.9629,30.79585],[-81.96172,30.80099],[-81.9645,30.80745],[-81.96244,30.80844],[-81.96274,30.81364],[-81.96393,30.8181],[-81.9557,30.82275],[-81.9495,30.82787],[-81.9437,30.82598],[-81.93879,30.82884],[-81.93698,30.82851],[-81.93621,30.82542],[-81.93281,30.82041],[-81.92705,30.81757],[-81.91873,30.81749],[-81.91092,30.81612],[-81.90453,30.81774],[-81.90409,30.82041],[-81.90672,30.82339],[-81.90727,30.82556],[-81.90482,30.82828],[-81.90144,30.82992],[-81.89485,30.82517],[-81.89291,30.82551],[-81.89102,30.82247],[-81.8915,30.81675],[-81.8891,30.81356],[-81.88482,30.81153],[-81.88149,30.79992],[-81.87619,30.7998],[-81.87035,30.79748],[-81.87041,30.79482],[-81.86826,30.79285],[-81.86374,30.79427],[-81.85351,30.79463],[-81.84564,30.79072],[-81.84118,30.79227],[-81.83969,30.7912],[-81.84177,30.78785],[-81.83924,30.7866],[-81.82849,30.78936],[-81.8237,30.78683],[-81.81921,30.78991],[-81.80745,30.79012],[-81.8024,30.7872],[-81.79845,30.78225],[-81.79675,30.78306],[-81.79661,30.78562],[-81.79442,30.787],[-81.79258,30.78548],[-81.78368,30.77288],[-81.7867,30.7698],[-81.78258,30.76607],[-81.78352,30.76246],[-81.78215,30.76134],[-81.77195,30.76381],[-81.77157,30.76516],[-81.77348,30.767],[-81.77247,30.77124],[-81.77036,30.77348],[-81.7713,30.77632],[-81.76964,30.77712],[-81.76172,30.7757],[-81.76047,30.77465],[-81.75853,30.77108],[-81.75488,30.7687],[-81.75004,30.76711],[-81.74404,30.7664],[-81.74075,30.76501],[-81.74039,30.7636],[-81.74214,30.76195],[-81.74274,30.76059],[-81.742,30.75907],[-81.73234,30.7553],[-81.73135,30.75401],[-81.73296,30.75202],[-81.73284,30.75049],[-81.7293,30.74826],[-81.72446,30.74655],[-81.71993,30.74463],[-81.70911,30.74798],[-81.70247,30.74544],[-81.69478,30.74841],[-81.69241,30.74764],[-81.69105,30.74328],[-81.68843,30.74148],[-81.68009,30.7416],[-81.67282,30.73894],[-81.67012,30.74023],[-81.66884,30.74251],[-81.66908,30.74499],[-81.67247,30.74844],[-81.67931,30.74475],[-81.68236,30.74548],[-81.6831,30.74849],[-81.67843,30.75107],[-81.66984,30.75167],[-81.66335,30.7544],[-81.66084,30.75319],[-81.65977,30.74944],[-81.66354,30.74573],[-81.66269,30.74304],[-81.65989,30.74218],[-81.65463,30.74439],[-81.65233,30.7431],[-81.6515,30.74068],[-81.65409,30.73309],[-81.65313,30.7298],[-81.64902,30.7275],[-81.64614,30.72759],[-81.64191,30.72892],[-81.63806,30.73337],[-81.63505,30.73328],[-81.63284,30.72876],[-81.63069,30.72809],[-81.62914,30.72873],[-81.62833,30.73539],[-81.62437,30.73634],[-81.62082,30.73162],[-81.62113,30.72883],[-81.62354,30.72468],[-81.62114,30.72254],[-81.61507,30.72269],[-81.61304,30.72045],[-81.61066,30.71622],[-81.60762,30.71637],[-81.60583,30.71969],[-81.60602,30.72622],[-81.60429,30.72894],[-81.60088,30.72944],[-81.59645,30.72725],[-81.59609,30.72462],[-81.59711,30.71933],[-81.59384,30.71848],[-81.58929,30.72284],[-81.58682,30.72374],[-81.57372,30.72234],[-81.57142,30.72164],[-81.56841,30.71898],[-81.5638,30.71775],[-81.56346,30.71342],[-81.56071,30.71169],[-81.55615,30.71375],[-81.55257,30.71697],[-81.5493,30.71829],[-81.5461,30.71703],[-81.54468,30.71397],[-81.5416,30.71006],[-81.53839,30.70866],[-81.53515,30.7097],[-81.53381,30.71205],[-81.53396,30.71473],[-81.53452,30.71794],[-81.53425,30.72097],[-81.53337,30.72343],[-81.53116,30.72422],[-81.52625,30.72339],[-81.52142,30.72254],[-81.51612,30.72224],[-81.50722,30.72294],[-81.48954,30.7261],[-81.48733,30.72608],[-81.48379,30.72389],[-81.47575,30.71475],[-81.4726,30.71331],[-81.46447,30.71104],[-81.45998,30.71043],[-81.44872,30.70935],[-81.44412,30.70971],[-81.43805,30.70504],[-81.43273,30.70302],[-81.42919,30.70072],[-81.42585,30.70045],[-81.4276,30.69228],[-81.42787,30.68369],[-81.42917,30.67081],[-81.43215,30.65477],[-81.43702,30.63135],[-81.44189,30.60139],[-81.44339,30.57049],[-81.44189,30.55273],[-81.43962,30.54157],[-81.43583,30.52607],[-81.43759,30.51869],[-81.4413,30.51746],[-81.44661,30.52306],[-81.45552,30.5226],[-81.45593,30.51338],[-81.4437,30.49879],[-81.43239,30.48722],[-81.41559,30.48476],[-81.4132,30.48291],[-81.4124,30.46821],[-81.41016,30.45347],[-81.40828,30.44066],[-81.40808,30.43464],[-81.41248,30.42289],[-81.40371,30.40909],[-81.40368,30.40477],[-81.41001,30.40352],[-81.41158,30.40218],[-81.41046,30.40051],[-81.40481,30.39721],[-81.403,30.39458],[-81.39473,30.3965],[-81.39347,30.39555],[-81.39757,30.37949],[-81.39805,30.3617],[-81.3962,30.33109],[-81.39192,30.30442],[-81.38829,30.29095],[-81.38449,30.27392],[-81.38092,30.25681],[-81.35559,30.16256],[-81.33083,30.05919],[-81.32501,30.03247],[-81.32191,30.02052],[-81.3169,30.00111],[-81.30898,29.96944],[-81.29969,29.93998],[-81.29527,29.92861],[-81.28896,29.91518],[-81.27737,29.90398],[-81.27511,29.89884],[-81.27509,29.89376],[-81.27291,29.88372],[-81.27053,29.8764],[-81.26999,29.87273],[-81.26659,29.8604],[-81.26556,29.85873],[-81.26535,29.85234],[-81.26494,29.84534],[-81.26353,29.83269],[-81.26223,29.82026],[-81.26058,29.80626],[-81.25828,29.79449],[-81.25605,29.78587],[-81.25388,29.77685],[-81.24037,29.73947],[-81.22902,29.71469],[-81.22668,29.71121],[-81.22623,29.70709],[-81.21156,29.66709],[-81.16358,29.55529],[-81.1239,29.47446],[-81.11522,29.45627],[-81.11121,29.44712],[-81.1016,29.42638],[-81.04668,29.30786],[-80.96618,29.14796],[-80.94438,29.11086],[-80.92994,29.09162],[-80.91788,29.07843],[-80.91222,29.07395],[-80.90959,29.07092],[-80.90727,29.06426],[-80.89309,29.03694],[-80.87799,29.01159],[-80.78702,28.87527],[-80.73986,28.80157],[-80.70973,28.75669],[-80.64729,28.67788],[-80.6434,28.67358],[-80.61679,28.63456],[-80.5953,28.60949],[-80.58388,28.59771],[-80.57424,28.58534],[-80.57032,28.57365],[-80.56736,28.56235],[-80.56414,28.54307],[-80.56097,28.53074],[-80.55418,28.51382],[-80.54573,28.49879],[-80.53611,28.47865],[-80.52509,28.45945],[-80.52522,28.45503],[-80.52673,28.45171],[-80.52896,28.4497],[-80.53585,28.44698],[-80.53924,28.44689],[-80.54228,28.44571],[-80.5576,28.43914],[-80.56378,28.4358],[-80.57281,28.42775],[-80.5781,28.42308],[-80.58275,28.41686],[-80.5847,28.41184],[-80.58903,28.40787],[-80.59415,28.39532],[-80.59751,28.38552],[-80.60202,28.36803],[-80.60428,28.35485],[-80.6062,28.33901],[-80.60679,28.32706],[-80.60668,28.31451],[-80.60682,28.2964],[-80.60342,28.25591],[-80.60334,28.25256],[-80.59815,28.22188],[-80.59416,28.19586],[-80.58997,28.17799],[-80.572,28.11159],[-80.567,28.09626],[-80.56337,28.08603],[-80.55785,28.07183],[-80.54767,28.04879],[-80.53096,28.01366],[-80.52425,28.0005],[-80.51403,27.9809],[-80.50887,27.97048],[-80.49283,27.94053],[-80.47391,27.9083],[-80.46698,27.89648],[-80.45777,27.87989],[-80.44697,27.86195],[-80.44718,27.85973],[-80.42834,27.82374],[-80.41599,27.7987],[-80.4037,27.77717],[-80.39538,27.76082],[-80.39149,27.75486],[-80.38441,27.74119],[-80.38051,27.73203],[-80.37878,27.72516],[-80.37196,27.70472],[-80.36463,27.68468],[-80.3617,27.67376],[-80.35905,27.66712],[-80.35793,27.66088],[-80.35507,27.65322],[-80.35142,27.63999],[-80.35098,27.63234],[-80.34809,27.62396],[-80.34392,27.61627],[-80.33578,27.60567],[-80.3323,27.59988],[-80.33088,27.59613],[-80.32488,27.56868],[-80.31939,27.54995],[-80.31171,27.52531],[-80.30059,27.5006],[-80.29776,27.49151],[-80.29633,27.48599],[-80.29323,27.47874],[-80.29074,27.47429],[-80.2912,27.47318],[-80.29601,27.4721],[-80.29658,27.47098],[-80.29574,27.46981],[-80.29139,27.47031],[-80.29075,27.46984],[-80.29062,27.46651],[-80.28048,27.44169],[-80.27839,27.43586],[-80.27708,27.4335],[-80.27021,27.41563],[-80.26146,27.39435],[-80.25366,27.37979],[-80.23354,27.34131],[-80.233,27.33851],[-80.23167,27.33494],[-80.22675,27.32274],[-80.2091,27.28323],[-80.20381,27.27231],[-80.19309,27.24955],[-80.16147,27.19281],[-80.15983,27.18839],[-80.16003,27.18677],[-80.15777,27.17922],[-80.15337,27.16931],[-80.15756,27.16313],[-80.15578,27.15853],[-80.15072,27.1473],[-80.14982,27.14356],[-80.14529,27.13219],[-80.14358,27.12573],[-80.14208,27.11979],[-80.1386,27.11152],[-80.13374,27.10186],[-80.12667,27.09013],[-80.11677,27.0724],[-80.11511,27.06663],[-80.11173,27.06053],[-80.09391,27.01859],[-80.08617,26.98707],[-80.08101,26.97416],[-80.07658,26.95893],[-80.07396,26.95164],[-80.07062,26.94462],[-80.07143,26.94288],[-80.06853,26.93313],[-80.06672,26.92481],[-80.06136,26.90756],[-80.0536,26.88378],[-80.04626,26.85924],[-80.03136,26.79634],[-80.03147,26.79273],[-80.03233,26.78723],[-80.03137,26.78373],[-80.03196,26.77364],[-80.03564,26.7738],[-80.03746,26.76634],[-80.03573,26.74929],[-80.03476,26.73654],[-80.03489,26.72793],[-80.03442,26.72115],[-80.03316,26.71481],[-80.0331,26.70085],[-80.03383,26.68973],[-80.03455,26.6864],[-80.03576,26.67604],[-80.03696,26.64604],[-80.03685,26.63436],[-80.03601,26.61322],[-80.03616,26.60259],[-80.03886,26.56935],[-80.04163,26.55445],[-80.04206,26.54545],[-80.0449,26.53796],[-80.05036,26.50955],[-80.05881,26.45543],[-80.05856,26.45309],[-80.05981,26.44451],[-80.06164,26.43298],[-80.06533,26.39308],[-80.06631,26.39172],[-80.06755,26.36902],[-80.07056,26.33646],[-80.07226,26.33536],[-80.07526,26.31866],[-80.07986,26.26436],[-80.08023,26.25873],[-80.08206,26.25778],[-80.08355,26.25652],[-80.08505,26.24882],[-80.08726,26.24127],[-80.0888,26.2322],[-80.08951,26.22196],[-80.09064,26.21595],[-80.09291,26.20512],[-80.09803,26.16644],[-80.10137,26.14776],[-80.10292,26.13512],[-80.10292,26.13057],[-80.1037,26.12192],[-80.10398,26.11177],[-80.10486,26.09526],[-80.10798,26.09217],[-80.10877,26.09009],[-80.10899,26.08726],[-80.10911,26.08101],[-80.11021,26.07257],[-80.1106,26.06828],[-80.11109,26.05843],[-80.11248,26.04745],[-80.1161,25.99813],[-80.11728,25.98658],[-80.11801,25.97316],[-80.11896,25.94591],[-80.1201,25.93504],[-80.12126,25.91774],[-80.12164,25.90489],[-80.12169,25.89795],[-80.12087,25.88315],[-80.11902,25.86586],[-80.11879,25.84566],[-80.11949,25.8277],[-80.12101,25.8132],[-80.12292,25.80508],[-80.1246,25.80035],[-80.12599,25.7934],[-80.1286,25.78207],[-80.13111,25.76976],[-80.13084,25.76436],[-80.13369,25.76244],[-80.1371,25.75657],[-80.13969,25.75551],[-80.14285,25.75099],[-80.14272,25.74654],[-80.14514,25.74155],[-80.14824,25.73882],[-80.15134,25.73796],[-80.15937,25.73301],[-80.15462,25.72884],[-80.15263,25.72863],[-80.14805,25.72585],[-80.1476,25.72347],[-80.14817,25.7191],[-80.15108,25.71293],[-80.15145,25.70904],[-80.15232,25.70532],[-80.15444,25.70231],[-80.15589,25.69852],[-80.1566,25.69115],[-80.15517,25.68229],[-80.15293,25.67158],[-80.15633,25.66615],[-80.158,25.66536],[-80.15943,25.66618],[-80.16263,25.67444],[-80.17018,25.68118],[-80.17731,25.6866],[-80.17532,25.69169],[-80.17235,25.69576],[-80.16687,25.70108],[-80.16786,25.7064],[-80.17252,25.70793],[-80.17243,25.70957],[-80.16177,25.71608],[-80.15426,25.72321],[-80.15801,25.72642],[-80.15761,25.72748],[-80.1621,25.73162],[-80.16595,25.73177],[-80.16711,25.73392],[-80.16627,25.73569],[-80.17512,25.74445],[-80.1789,25.74605],[-80.19962,25.74599],[-80.20263,25.74821],[-80.20852,25.7456],[-80.20983,25.74427],[-80.21067,25.74073],[-80.21436,25.7383],[-80.21772,25.73943],[-80.222,25.73665],[-80.22801,25.73339],[-80.2293,25.73402],[-80.22996,25.73345],[-80.22968,25.73262],[-80.23143,25.73155],[-80.23306,25.73168],[-80.23334,25.72976],[-80.23275,25.72905],[-80.23579,25.72604],[-80.23786,25.72723],[-80.24038,25.72421],[-80.24469,25.71788],[-80.24912,25.71338],[-80.24819,25.71003],[-80.24608,25.70752],[-80.24511,25.69842],[-80.24732,25.69758],[-80.24982,25.69019],[-80.25583,25.68062],[-80.25576,25.67789],[-80.2574,25.67778],[-80.26014,25.67452],[-80.26262,25.66924],[-80.26561,25.66173],[-80.26733,25.65898],[-80.26819,25.65449],[-80.26618,25.65273],[-80.26645,25.65217],[-80.2683,25.65175],[-80.26865,25.65052],[-80.2698,25.6478],[-80.27068,25.64755],[-80.2713,25.64455],[-80.272,25.63919],[-80.27583,25.63739],[-80.27828,25.63252],[-80.28632,25.62006],[-80.28821,25.6206],[-80.29827,25.62161],[-80.2988,25.61927],[-80.30008,25.61896],[-80.30151,25.61759],[-80.30337,25.61738],[-80.3054,25.61591],[-80.30668,25.61279],[-80.3072,25.60947],[-80.30844,25.60702],[-80.30885,25.60423],[-80.30823,25.60027],[-80.30854,25.59527],[-80.3077,25.59332],[-80.30811,25.59191],[-80.30775,25.58624],[-80.3051,25.57861],[-80.30261,25.57179],[-80.30267,25.5695],[-80.30676,25.56507],[-80.30779,25.561],[-80.30733,25.55795],[-80.30845,25.55589],[-80.31175,25.547],[-80.31344,25.53738],[-80.31435,25.53617],[-80.32459,25.53561],[-80.32875,25.53264],[-80.33042,25.53073],[-80.33149,25.52824],[-80.32994,25.5262],[-80.33146,25.52569],[-80.33182,25.52246],[-80.33084,25.51921],[-80.33103,25.51797],[-80.33355,25.51703],[-80.33582,25.50965],[-80.3335,25.5076],[-80.33394,25.50618],[-80.33268,25.50407],[-80.33977,25.50025],[-80.33899,25.49534],[-80.34054,25.49223],[-80.34047,25.48834],[-80.33961,25.48369],[-80.33957,25.48223],[-80.34027,25.48151],[-80.3403,25.4772],[-80.34052,25.47062],[-80.34003,25.46789],[-80.33859,25.46617],[-80.33643,25.46471],[-80.33437,25.46493],[-80.33408,25.46424],[-80.33488,25.46207],[-80.33722,25.45922],[-80.33694,25.45619],[-80.33389,25.45256],[-80.33064,25.45066],[-80.33091,25.44811],[-80.33052,25.44297],[-80.32906,25.44053],[-80.32606,25.43794],[-80.32044,25.43715],[-80.32156,25.43283],[-80.32533,25.43081],[-80.32637,25.42292],[-80.32609,25.41944],[-80.32822,25.4161],[-80.32725,25.4141],[-80.32564,25.41017],[-80.32928,25.40649],[-80.32746,25.40459],[-80.32792,25.39683],[-80.32632,25.39426],[-80.32356,25.39333],[-80.32044,25.39149],[-80.3198,25.38914],[-80.31673,25.38886],[-80.31267,25.38796],[-80.31036,25.38971],[-80.30844,25.39039],[-80.30542,25.38774],[-80.3068,25.38437],[-80.31036,25.3731],[-80.31194,25.36995],[-80.31378,25.36715],[-80.31827,25.36291],[-80.3204,25.36298],[-80.3228,25.36147],[-80.32399,25.3593],[-80.32633,25.35705],[-80.32992,25.34993],[-80.33095,25.34657],[-80.33553,25.34067],[-80.33887,25.33654],[-80.3426,25.33155],[-80.34323,25.3276],[-80.34228,25.32326],[-80.34303,25.32283],[-80.34508,25.32279],[-80.34931,25.32101],[-80.35053,25.32247],[-80.35108,25.32484],[-80.35164,25.32581],[-80.35436,25.32636],[-80.35545,25.32513],[-80.35731,25.32473],[-80.35873,25.32525],[-80.35981,25.32632],[-80.36086,25.32807],[-80.36309,25.3281],[-80.36513,25.32668],[-80.36539,25.32481],[-80.36741,25.32416],[-80.37064,25.32322],[-80.37188,25.32079],[-80.37054,25.31746],[-80.37148,25.31728],[-80.37344,25.31282],[-80.37367,25.30953],[-80.37586,25.30769],[-80.37629,25.30448],[-80.37706,25.30219],[-80.37589,25.29949],[-80.37378,25.29623],[-80.37447,25.29398],[-80.37411,25.2928],[-80.37206,25.29208],[-80.37126,25.2914],[-80.3723,25.28902],[-80.37245,25.2871],[-80.37649,25.28753],[-80.37969,25.28846],[-80.38291,25.29162],[-80.38588,25.29108],[-80.38849,25.2885],[-80.39099,25.2856],[-80.39491,25.28033],[-80.39812,25.27679],[-80.40002,25.27098],[-80.3999,25.2654],[-80.4005,25.2612],[-80.39943,25.25787],[-80.39741,25.25658],[-80.39788,25.25336],[-80.39705,25.24788],[-80.40002,25.24196],[-80.39978,25.23842],[-80.40822,25.23659],[-80.41357,25.23551],[-80.41464,25.23089],[-80.41309,25.22648],[-80.41333,25.22509],[-80.41476,25.22412],[-80.41808,25.21756],[-80.42046,25.21197],[-80.42082,25.20649],[-80.41666,25.19874],[-80.41297,25.19606],[-80.40727,25.19369],[-80.40454,25.19423],[-80.40168,25.19208],[-80.39741,25.19176],[-80.39337,25.19261],[-80.39146,25.19261],[-80.38968,25.19552],[-80.38944,25.19788],[-80.38659,25.19853],[-80.38445,25.19842],[-80.38053,25.20025],[-80.37839,25.19853],[-80.37625,25.19821],[-80.37447,25.19756],[-80.37257,25.19874],[-80.37221,25.20089],[-80.37257,25.20348],[-80.37352,25.2053],[-80.37185,25.20628],[-80.3696,25.20606],[-80.36722,25.20681],[-80.36473,25.20692],[-80.36211,25.20659],[-80.35712,25.20842],[-80.35284,25.20756],[-80.35165,25.20864],[-80.35201,25.21025],[-80.34928,25.21294],[-80.34761,25.2167],[-80.34675,25.21852],[-80.34535,25.21982],[-80.34512,25.22197],[-80.34274,25.22401],[-80.33977,25.22702],[-80.33597,25.2367],[-80.33442,25.24046],[-80.33501,25.24777],[-80.33276,25.25142],[-80.33216,25.26303],[-80.33335,25.26432],[-80.33371,25.26572],[-80.34024,25.26486],[-80.3425,25.26733],[-80.34143,25.26948],[-80.34119,25.27163],[-80.34286,25.27131],[-80.34369,25.27184],[-80.34322,25.27399],[-80.34417,25.27657],[-80.3469,25.27732],[-80.34821,25.27657],[-80.35011,25.27668],[-80.35177,25.27926],[-80.35355,25.27904],[-80.35569,25.27732],[-80.36033,25.27915],[-80.36116,25.28184],[-80.36306,25.28345],[-80.36651,25.28259],[-80.36591,25.28538],[-80.36372,25.28584],[-80.35663,25.2836],[-80.35331,25.28444],[-80.35089,25.28663],[-80.346,25.28703],[-80.34303,25.28868],[-80.34238,25.29053],[-80.33983,25.29085],[-80.33856,25.28999],[-80.33669,25.28722],[-80.33474,25.28704],[-80.33269,25.28534],[-80.32932,25.28596],[-80.32924,25.28676],[-80.32571,25.2881],[-80.31976,25.2918],[-80.3149,25.29625],[-80.30662,25.30061],[-80.3051,25.30308],[-80.30464,25.30532],[-80.29997,25.30749],[-80.29788,25.30907],[-80.29644,25.31194],[-80.29137,25.31428],[-80.29046,25.3152],[-80.28917,25.32391],[-80.28683,25.32492],[-80.28058,25.32873],[-80.27946,25.33138],[-80.27825,25.33393],[-80.27614,25.33798],[-80.27486,25.3421],[-80.27432,25.34565],[-80.27369,25.34715],[-80.27179,25.34844],[-80.26892,25.35053],[-80.26697,25.35206],[-80.2643,25.35242],[-80.26098,25.35188],[-80.25765,25.3507],[-80.25943,25.34919],[-80.2605,25.3464],[-80.25753,25.34286],[-80.2546,25.34174],[-80.25302,25.34049],[-80.25302,25.33835],[-80.25444,25.33695],[-80.25651,25.33296],[-80.25733,25.33123],[-80.25852,25.328],[-80.26,25.32485],[-80.26318,25.32274],[-80.26969,25.32028],[-80.27219,25.31669],[-80.27421,25.31411],[-80.27609,25.31305],[-80.27765,25.3103],[-80.27922,25.30521],[-80.27856,25.30319],[-80.27897,25.30039],[-80.28392,25.29038],[-80.28739,25.28409],[-80.29679,25.27204],[-80.30513,25.25922],[-80.30795,25.25603],[-80.3122,25.24818],[-80.31282,25.24665],[-80.31407,25.24496],[-80.31413,25.2425],[-80.31587,25.23892],[-80.31859,25.23598],[-80.32223,25.23398],[-80.32398,25.22972],[-80.326,25.22816],[-80.3274,25.22381],[-80.33038,25.22126],[-80.33042,25.21899],[-80.33169,25.2182],[-80.3346,25.2162],[-80.33465,25.21303],[-80.33711,25.20936],[-80.33754,25.20639],[-80.34074,25.20495],[-80.34248,25.20156],[-80.34244,25.19831],[-80.34352,25.19545],[-80.34486,25.19479],[-80.34636,25.19292],[-80.35142,25.1905],[-80.35274,25.1871],[-80.35305,25.18307],[-80.35629,25.17863],[-80.36045,25.17713],[-80.36306,25.17433],[-80.36734,25.16874],[-80.36663,25.16713],[-80.36437,25.16723],[-80.35843,25.16906],[-80.35367,25.17025],[-80.35028,25.17023],[-80.34985,25.16894],[-80.3518,25.16604],[-80.35264,25.1642],[-80.35436,25.16329],[-80.35567,25.15874],[-80.35818,25.15323],[-80.36288,25.15301],[-80.36514,25.15189],[-80.36952,25.14992],[-80.37005,25.1475],[-80.37126,25.14647],[-80.37128,25.14354],[-80.37309,25.14038],[-80.37144,25.13699],[-80.37447,25.13565],[-80.37627,25.133],[-80.37714,25.13034],[-80.3784,25.12927],[-80.38143,25.12803],[-80.38464,25.12413],[-80.38535,25.12132],[-80.38883,25.12089],[-80.39221,25.1168],[-80.39574,25.11408],[-80.39793,25.11068],[-80.39972,25.10849],[-80.39942,25.10701],[-80.40006,25.10603],[-80.4044,25.10624],[-80.40708,25.10435],[-80.41032,25.10287],[-80.41218,25.10328],[-80.41413,25.10258],[-80.41462,25.10078],[-80.41738,25.09886],[-80.41903,25.09945],[-80.41951,25.10236],[-80.42391,25.1044],[-80.42664,25.10236],[-80.43012,25.09779],[-80.42941,25.09619],[-80.43046,25.08971],[-80.43315,25.08897],[-80.43345,25.08693],[-80.43589,25.08441],[-80.43903,25.08032],[-80.44164,25.0781],[-80.44315,25.07619],[-80.4462,25.07508],[-80.44884,25.07338],[-80.45315,25.07202],[-80.46146,25.0701],[-80.46235,25.06869],[-80.46472,25.06748],[-80.47214,25.06153],[-80.47486,25.05773],[-80.47824,25.0545],[-80.48097,25.05025],[-80.48476,25.04571],[-80.48722,25.04387],[-80.49016,25.04115],[-80.49363,25.03883],[-80.49252,25.03564],[-80.48945,25.03297],[-80.48957,25.03002],[-80.49249,25.02734],[-80.49346,25.02469],[-80.49452,25.02305],[-80.49751,25.02075],[-80.49887,25.01904],[-80.50248,25.01771],[-80.50413,25.01673],[-80.50478,25.01599],[-80.50652,25.01444],[-80.5096,25.01435],[-80.51183,25.01066],[-80.51412,25.01028],[-80.51595,25.00793],[-80.51637,25.00379],[-80.51837,25.00196],[-80.52102,25.00252],[-80.52418,25.00162],[-80.53181,24.99825],[-80.53298,24.99535],[-80.53428,24.99312],[-80.5356,24.9916],[-80.53692,24.99135],[-80.53975,24.98804],[-80.54111,24.98504],[-80.54316,24.98268],[-80.54769,24.97891],[-80.55034,24.97366],[-80.55169,24.97153],[-80.55492,24.96896],[-80.55772,24.96636],[-80.5613,24.96477],[-80.56256,24.96206],[-80.56569,24.95916],[-80.56578,24.9571],[-80.56852,24.95642],[-80.56934,24.95477],[-80.57153,24.95373],[-80.57394,24.95376],[-80.57582,24.95237],[-80.57775,24.95253],[-80.58118,24.95179],[-80.58372,24.95074],[-80.58656,24.95069],[-80.59001,24.95006],[-80.59487,24.9478],[-80.59808,24.94743],[-80.60128,24.9439],[-80.6074,24.94049],[-80.61207,24.93632],[-80.61797,24.93129],[-80.61973,24.92859],[-80.62285,24.92676],[-80.62689,24.92248],[-80.62801,24.92066],[-80.63124,24.91708],[-80.63384,24.91428],[-80.63634,24.91228],[-80.64191,24.9084],[-80.64646,24.90519],[-80.65001,24.90292],[-80.65314,24.9011],[-80.65626,24.89858],[-80.6577,24.89735],[-80.66043,24.89846],[-80.66103,24.90022],[-80.66065,24.90398],[-80.65961,24.90501],[-80.65585,24.90647],[-80.65213,24.90727],[-80.64971,24.91353],[-80.64837,24.9142],[-80.64333,24.91284],[-80.63912,24.91578],[-80.63588,24.91993],[-80.63376,24.92195],[-80.63202,24.92433],[-80.6295,24.92491],[-80.62285,24.93148],[-80.62162,24.93362],[-80.62389,24.93991],[-80.62318,24.94671],[-80.6197,24.94674],[-80.61623,24.9431],[-80.61334,24.94417],[-80.61164,24.94781],[-80.61239,24.95176],[-80.61088,24.95275],[-80.60727,24.95084],[-80.60501,24.95084],[-80.60145,24.94859],[-80.59763,24.95034],[-80.59575,24.95397],[-80.5967,24.95602],[-80.60062,24.95958],[-80.60093,24.9628],[-80.59884,24.96615],[-80.59444,24.96792],[-80.58993,24.96572],[-80.5866,24.96173],[-80.58375,24.96302],[-80.58303,24.96421],[-80.58541,24.96615],[-80.5824,24.9671],[-80.58155,24.96526],[-80.57917,24.965],[-80.5781,24.96231],[-80.57642,24.96188],[-80.57416,24.96278],[-80.57262,24.9616],[-80.56942,24.96199],[-80.56924,24.96422],[-80.56655,24.96554],[-80.56384,24.96993],[-80.56102,24.96972],[-80.5584,24.97129],[-80.55591,24.97451],[-80.55661,24.97884],[-80.55263,24.98371],[-80.55092,24.98728],[-80.55284,24.98916],[-80.55136,24.99066],[-80.54931,24.9912],[-80.54908,24.99355],[-80.5494,24.99476],[-80.54745,24.99827],[-80.54477,24.99911],[-80.54287,25.00137],[-80.54287,25.00331],[-80.54348,25.00569],[-80.54338,25.00859],[-80.54476,25.01215],[-80.54383,25.01397],[-80.53998,25.0135],[-80.53565,25.01553],[-80.53087,25.01744],[-80.52686,25.01826],[-80.52409,25.01721],[-80.52112,25.01591],[-80.51589,25.01473],[-80.51327,25.01753],[-80.51339,25.01968],[-80.51387,25.02248],[-80.51304,25.0256],[-80.51393,25.02788],[-80.5126,25.02847],[-80.50972,25.02806],[-80.50773,25.02955],[-80.50594,25.03172],[-80.50427,25.03292],[-80.50495,25.03503],[-80.50342,25.03737],[-80.50187,25.03767],[-80.5008,25.03853],[-80.50134,25.0419],[-80.49674,25.04701],[-80.49099,25.05055],[-80.48889,25.0502],[-80.48671,25.05283],[-80.48378,25.05457],[-80.48082,25.05732],[-80.47926,25.06035],[-80.4772,25.06272],[-80.47429,25.0654],[-80.47251,25.06759],[-80.46966,25.0705],[-80.46669,25.07373],[-80.46348,25.07685],[-80.46105,25.07911],[-80.46087,25.0832],[-80.45992,25.08546],[-80.46027,25.08751],[-80.46122,25.08934],[-80.46336,25.09063],[-80.46556,25.09079],[-80.46574,25.0917],[-80.46158,25.093],[-80.4592,25.09289],[-80.45742,25.08955],[-80.45695,25.08761],[-80.45599,25.08632],[-80.45386,25.08718],[-80.45136,25.08848],[-80.44637,25.09246],[-80.4434,25.09536],[-80.44304,25.09784],[-80.44197,25.09902],[-80.43912,25.1015],[-80.4365,25.10559],[-80.4333,25.10785],[-80.43401,25.11151],[-80.43389,25.11387],[-80.43829,25.11678],[-80.43841,25.11925],[-80.44245,25.12227],[-80.4472,25.12313],[-80.44898,25.1256],[-80.45184,25.12689],[-80.45552,25.12818],[-80.45766,25.13087],[-80.46134,25.13249],[-80.46101,25.13415],[-80.45883,25.13509],[-80.45815,25.13849],[-80.45705,25.14162],[-80.45856,25.14391],[-80.46181,25.14979],[-80.46172,25.15195],[-80.46073,25.1535],[-80.4608,25.15596],[-80.46098,25.15797],[-80.46186,25.16011],[-80.46112,25.16178],[-80.4583,25.1662],[-80.45824,25.16774],[-80.45467,25.17308],[-80.45325,25.17457],[-80.45282,25.17664],[-80.45187,25.17858],[-80.45009,25.17972],[-80.44779,25.17896],[-80.44637,25.17993],[-80.44672,25.18186],[-80.44625,25.18261],[-80.44399,25.18294],[-80.44304,25.18498],[-80.44292,25.18928],[-80.44268,25.19165],[-80.44554,25.19143],[-80.44735,25.19184],[-80.44894,25.19563],[-80.44969,25.19802],[-80.45479,25.20037],[-80.45717,25.20321],[-80.45853,25.20597],[-80.46162,25.20635],[-80.46455,25.20907],[-80.4655,25.21176],[-80.46812,25.21165],[-80.47175,25.21025],[-80.47292,25.2117],[-80.47666,25.21335],[-80.47943,25.21376],[-80.48633,25.21104],[-80.48825,25.20743],[-80.49061,25.20823],[-80.4929,25.20763],[-80.49479,25.20793],[-80.49725,25.20941],[-80.49856,25.21149],[-80.50078,25.21157],[-80.50176,25.21038],[-80.50119,25.20845],[-80.49814,25.20756],[-80.49627,25.20526],[-80.49651,25.20348],[-80.49601,25.20043],[-80.49798,25.19993],[-80.50049,25.2027],[-80.50633,25.20795],[-80.50758,25.21117],[-80.50944,25.21255],[-80.51049,25.21639],[-80.51314,25.21728],[-80.51506,25.21982],[-80.51934,25.22261],[-80.52423,25.2219],[-80.52599,25.21864],[-80.52837,25.21756],[-80.52958,25.215],[-80.53639,25.21403],[-80.53922,25.21491],[-80.54142,25.21205],[-80.53871,25.2053],[-80.53909,25.20438],[-80.54025,25.20477],[-80.54239,25.20638],[-80.546,25.20604],[-80.54788,25.20684],[-80.54928,25.20853],[-80.54897,25.21064],[-80.54793,25.21238],[-80.54891,25.21445],[-80.55392,25.21423],[-80.55653,25.21208],[-80.55915,25.21186],[-80.5628,25.2123],[-80.56319,25.21109],[-80.56181,25.20944],[-80.56037,25.20591],[-80.55958,25.20452],[-80.55899,25.19965],[-80.56497,25.19665],[-80.56591,25.19482],[-80.56552,25.19294],[-80.56888,25.19325],[-80.57204,25.19696],[-80.57456,25.19779],[-80.5758,25.19878],[-80.57757,25.20122],[-80.5765,25.20412],[-80.57555,25.20294],[-80.57531,25.20068],[-80.57353,25.19885],[-80.57034,25.19869],[-80.56878,25.2013],[-80.56873,25.20358],[-80.56804,25.20389],[-80.56448,25.20381],[-80.56329,25.20568],[-80.56329,25.20738],[-80.56626,25.21083],[-80.56794,25.21176],[-80.57032,25.21046],[-80.57376,25.21003],[-80.57495,25.21057],[-80.57662,25.21186],[-80.57956,25.21209],[-80.58208,25.21068],[-80.58291,25.20842],[-80.58451,25.20728],[-80.58363,25.20606],[-80.58339,25.2038],[-80.58339,25.20111],[-80.58516,25.20108],[-80.58762,25.20069],[-80.59158,25.19925],[-80.59284,25.19723],[-80.59417,25.19466],[-80.59402,25.19147],[-80.59554,25.19017],[-80.59886,25.18929],[-80.60179,25.18795],[-80.60316,25.18774],[-80.60648,25.18646],[-80.60756,25.18516],[-80.60802,25.18415],[-80.60918,25.18369],[-80.60965,25.1854],[-80.60947,25.18608],[-80.60748,25.18773],[-80.60683,25.18803],[-80.60527,25.18834],[-80.60405,25.18876],[-80.60317,25.1902],[-80.60316,25.1912],[-80.60395,25.19326],[-80.60585,25.19541],[-80.60443,25.20003],[-80.60363,25.20192],[-80.60504,25.20352],[-80.60899,25.2032],[-80.60977,25.20036],[-80.61343,25.20147],[-80.61952,25.19767],[-80.62204,25.19975],[-80.62368,25.19821],[-80.62391,25.19584],[-80.62522,25.1953],[-80.62877,25.19815],[-80.63095,25.19763],[-80.63116,25.1952],[-80.63452,25.19407],[-80.63425,25.19283],[-80.63639,25.19261],[-80.63889,25.19068],[-80.64162,25.19089],[-80.64377,25.19161],[-80.64721,25.18971],[-80.64721,25.19122],[-80.64821,25.19292],[-80.65223,25.19279],[-80.65291,25.1895],[-80.65434,25.18702],[-80.65422,25.18509],[-80.65505,25.18455],[-80.65745,25.18539],[-80.66034,25.18488],[-80.66087,25.18208],[-80.66301,25.18014],[-80.66396,25.1767],[-80.66123,25.17498],[-80.65862,25.1753],[-80.6579,25.17788],[-80.65576,25.17616],[-80.65374,25.17627],[-80.6513,25.17519],[-80.64803,25.17618],[-80.64406,25.17727],[-80.64263,25.17795],[-80.63725,25.17826],[-80.63552,25.17804],[-80.63411,25.17646],[-80.63535,25.17639],[-80.63767,25.17654],[-80.64032,25.17699],[-80.6423,25.17586],[-80.64462,25.17526],[-80.64583,25.17413],[-80.64694,25.17279],[-80.64925,25.16865],[-80.65178,25.16212],[-80.65094,25.15744],[-80.65363,25.15669],[-80.65569,25.1548],[-80.65624,25.1525],[-80.656,25.15002],[-80.65172,25.14701],[-80.65256,25.14594],[-80.6566,25.14475],[-80.65723,25.14536],[-80.65716,25.14631],[-80.65761,25.14665],[-80.65821,25.14628],[-80.65846,25.14445],[-80.65799,25.14316],[-80.66191,25.14153],[-80.66884,25.14174],[-80.67145,25.14002],[-80.67371,25.1383],[-80.67502,25.14023],[-80.67442,25.1426],[-80.6724,25.14389],[-80.6705,25.14432],[-80.66881,25.14693],[-80.66646,25.14906],[-80.66171,25.15465],[-80.65826,25.1554],[-80.65565,25.15755],[-80.65493,25.1597],[-80.65351,25.16175],[-80.65326,25.16455],[-80.65588,25.16691],[-80.65768,25.16956],[-80.65967,25.16902],[-80.66221,25.16802],[-80.66682,25.16707],[-80.66858,25.16696],[-80.66975,25.16721],[-80.66796,25.1691],[-80.66766,25.17059],[-80.66837,25.17192],[-80.66939,25.17252],[-80.67098,25.17452],[-80.67233,25.17471],[-80.67361,25.17379],[-80.67364,25.17124],[-80.67421,25.17013],[-80.67409,25.16856],[-80.67275,25.16799],[-80.6726,25.16761],[-80.67499,25.1671],[-80.67675,25.16545],[-80.67777,25.16434],[-80.67945,25.16417],[-80.68029,25.16474],[-80.6799,25.16618],[-80.67762,25.16935],[-80.67726,25.17325],[-80.67828,25.1747],[-80.68136,25.1744],[-80.68396,25.17235],[-80.68809,25.16874],[-80.69166,25.16832],[-80.69403,25.16594],[-80.69593,25.1639],[-80.69807,25.16339],[-80.69831,25.16121],[-80.69748,25.15788],[-80.69783,25.15465],[-80.70068,25.15293],[-80.7031,25.15356],[-80.70488,25.15134],[-80.70569,25.14906],[-80.70479,25.14451],[-80.70424,25.14388],[-80.70362,25.14256],[-80.70416,25.14081],[-80.70614,25.14048],[-80.7073,25.14174],[-80.70829,25.14394],[-80.70834,25.14601],[-80.70879,25.14776],[-80.71009,25.14938],[-80.71069,25.15182],[-80.71368,25.15292],[-80.71534,25.15434],[-80.71786,25.15597],[-80.71992,25.15548],[-80.72266,25.15463],[-80.72509,25.15345],[-80.72666,25.15288],[-80.72693,25.15345],[-80.72616,25.15471],[-80.72603,25.15605],[-80.72239,25.15955],[-80.72307,25.16251],[-80.72457,25.16519],[-80.72719,25.16627],[-80.72908,25.1675],[-80.7323,25.16762],[-80.7318,25.16651],[-80.72993,25.16452],[-80.72946,25.16312],[-80.72975,25.16058],[-80.73029,25.15983],[-80.73443,25.1612],[-80.73634,25.15938],[-80.73753,25.15917],[-80.73878,25.16182],[-80.74191,25.16387],[-80.74587,25.16566],[-80.74752,25.16488],[-80.74799,25.16114],[-80.74742,25.15798],[-80.7443,25.15637],[-80.74418,25.15497],[-80.7411,25.15163],[-80.73807,25.15034],[-80.73562,25.15207],[-80.73148,25.15179],[-80.72874,25.15023],[-80.72364,25.14776],[-80.7216,25.14647],[-80.72274,25.14541],[-80.72614,25.1455],[-80.72873,25.14411],[-80.73285,25.14319],[-80.73717,25.14342],[-80.74231,25.14252],[-80.74775,25.14744],[-80.75161,25.15276],[-80.75428,25.15227],[-80.75571,25.15303],[-80.75463,25.15566],[-80.75428,25.15843],[-80.75735,25.16104],[-80.763,25.16258],[-80.76888,25.16227],[-80.77173,25.16104],[-80.77273,25.159],[-80.77253,25.15608],[-80.77102,25.15421],[-80.76902,25.15045],[-80.76878,25.1483],[-80.76949,25.14497],[-80.77147,25.14034],[-80.77463,25.13844],[-80.77682,25.13807],[-80.77806,25.13821],[-80.77697,25.13961],[-80.77481,25.14212],[-80.77296,25.14478],[-80.77204,25.14855],[-80.77333,25.15356],[-80.77559,25.15637],[-80.77636,25.16057],[-80.77924,25.16401],[-80.78315,25.16587],[-80.78744,25.16444],[-80.79017,25.16455],[-80.79363,25.16372],[-80.79724,25.15941],[-80.79905,25.1547],[-80.79889,25.15093],[-80.798,25.14668],[-80.80053,25.14298],[-80.80098,25.14482],[-80.80066,25.14829],[-80.80198,25.1526],[-80.80049,25.15855],[-80.79954,25.16311],[-80.79831,25.16496],[-80.7964,25.16903],[-80.79354,25.17642],[-80.7945,25.17987],[-80.79804,25.18184],[-80.80212,25.18221],[-80.80594,25.18418],[-80.80854,25.18443],[-80.81251,25.18357],[-80.81459,25.18271],[-80.8137,25.1779],[-80.8137,25.17593],[-80.81179,25.17469],[-80.81002,25.17235],[-80.80988,25.1689],[-80.81642,25.16496],[-80.82636,25.16064],[-80.82813,25.16558],[-80.8299,25.16866],[-80.83317,25.1726],[-80.83889,25.17593],[-80.84855,25.17765],[-80.85817,25.17658],[-80.86815,25.17595],[-80.87546,25.17432],[-80.88047,25.17142],[-80.88339,25.16695],[-80.88552,25.16524],[-80.88807,25.16644],[-80.89465,25.16543],[-80.90007,25.16203],[-80.90162,25.1538],[-80.89891,25.14765],[-80.90058,25.13967],[-80.91592,25.1413],[-80.94322,25.13444],[-80.94554,25.12844],[-80.94918,25.13023],[-80.94982,25.13444],[-80.95743,25.1357],[-80.96166,25.13434],[-80.9643,25.13217],[-80.96667,25.13403],[-80.97177,25.13396],[-80.99918,25.12422],[-81.0096,25.1254],[-81.02299,25.12939],[-81.05051,25.12827],[-81.06608,25.12429],[-81.07986,25.1188],[-81.08393,25.11619],[-81.08793,25.11617],[-81.09067,25.11791],[-81.09452,25.12705],[-81.09726,25.13127],[-81.10345,25.13705],[-81.11194,25.14547],[-81.12062,25.1523],[-81.12739,25.15539],[-81.13357,25.1563],[-81.14099,25.15719],[-81.14102,25.16387],[-81.14228,25.183],[-81.14902,25.19771],[-81.15548,25.2081],[-81.16185,25.21473],[-81.17204,25.22228],[-81.17091,25.24586],[-81.16831,25.25318],[-81.16711,25.26997],[-81.16421,25.27424],[-81.16162,25.27535],[-81.1612,25.28088],[-81.16276,25.28481],[-81.16207,25.28983],[-81.15929,25.29859],[-81.1523,25.30554],[-81.14892,25.31807],[-81.15192,25.32477],[-81.1481,25.33279],[-81.1401,25.34112],[-81.13391,25.343],[-81.12141,25.33875],[-81.11821,25.34522],[-81.11727,25.35495],[-81.11916,25.35926],[-81.12514,25.36121],[-81.12516,25.36394],[-81.12253,25.36693],[-81.12445,25.37131],[-81.12186,25.37568],[-81.12305,25.37912],[-81.12849,25.38051],[-81.1414,25.38136],[-81.14687,25.38361],[-81.15051,25.38725],[-81.15066,25.39921],[-81.14714,25.4043],[-81.14677,25.40758],[-81.1497,25.40919],[-81.15048,25.41346],[-81.14986,25.41613],[-81.15183,25.42157],[-81.15751,25.42657],[-81.15715,25.43449],[-81.16254,25.44115],[-81.16711,25.45088],[-81.16865,25.46385],[-81.16797,25.46949],[-81.18023,25.47525],[-81.18898,25.48073],[-81.20971,25.50649],[-81.21015,25.51689],[-81.20318,25.53416],[-81.20439,25.53891],[-81.20932,25.54861],[-81.21408,25.54993],[-81.22004,25.55367],[-81.22556,25.55847],[-81.22844,25.56454],[-81.23358,25.56891],[-81.2327,25.57337],[-81.23904,25.57973],[-81.24022,25.58316],[-81.24284,25.59238],[-81.24052,25.59904],[-81.24171,25.60652],[-81.25116,25.60846],[-81.27149,25.61434],[-81.27527,25.62472],[-81.27332,25.6385],[-81.27421,25.63995],[-81.28301,25.64489],[-81.28372,25.65367],[-81.2899,25.65432],[-81.28942,25.65796],[-81.28942,25.66374],[-81.28491,25.66888],[-81.29185,25.67248],[-81.28752,25.67938],[-81.29033,25.68751],[-81.30326,25.69373],[-81.3119,25.70291],[-81.31818,25.70551],[-81.3303,25.71065],[-81.33504,25.71565],[-81.34608,25.72147],[-81.35525,25.72873],[-81.36049,25.73699],[-81.36016,25.74179],[-81.37,25.74341],[-81.38188,25.74919],[-81.37945,25.75715],[-81.38058,25.76672],[-81.38141,25.77552],[-81.38381,25.77675],[-81.38901,25.7813],[-81.39519,25.77916],[-81.41504,25.78435],[-81.42399,25.79372],[-81.4356,25.79606],[-81.44137,25.79923],[-81.45789,25.79775],[-81.47023,25.80333],[-81.46398,25.81129],[-81.46812,25.81515],[-81.47648,25.81725],[-81.47945,25.8213],[-81.48954,25.82212],[-81.4913,25.82478],[-81.49304,25.83088],[-81.49962,25.8348],[-81.50517,25.83615],[-81.51153,25.8323],[-81.51498,25.83864],[-81.52283,25.84099],[-81.53001,25.83861],[-81.52782,25.84998],[-81.53423,25.85661],[-81.54236,25.85255],[-81.54789,25.84961],[-81.55254,25.85832],[-81.56133,25.86174],[-81.56439,25.85621],[-81.56937,25.85942],[-81.57274,25.86559],[-81.57912,25.86485],[-81.58134,25.87082],[-81.58248,25.87671],[-81.58782,25.87938],[-81.59304,25.88334],[-81.60497,25.89208],[-81.61772,25.89128],[-81.62262,25.89066],[-81.63587,25.89858],[-81.6374,25.90171],[-81.63858,25.90543],[-81.64235,25.90543],[-81.65422,25.89595],[-81.66034,25.89013],[-81.66478,25.88561],[-81.67209,25.88184],[-81.67518,25.8765],[-81.6709,25.87179],[-81.66961,25.86636],[-81.67263,25.85665],[-81.67751,25.85036],[-81.67829,25.8453],[-81.68059,25.84527],[-81.6848,25.8472],[-81.68954,25.85271],[-81.71317,25.89757],[-81.71769,25.90204],[-81.71796,25.90793],[-81.72271,25.90879],[-81.72857,25.90816],[-81.72949,25.90941],[-81.72934,25.91845],[-81.73195,25.93151],[-81.73462,25.93613],[-81.73886,25.9411],[-81.7455,25.94623],[-81.75314,25.95111],[-81.75551,25.95731],[-81.7529,25.96115],[-81.74458,25.97013],[-81.73816,25.97184],[-81.73959,25.97568],[-81.74506,25.97889],[-81.74723,25.98407],[-81.74917,25.99164],[-81.75259,25.99343],[-81.75786,25.99872],[-81.76244,26.00607],[-81.77316,26.03302],[-81.78496,26.05401],[-81.80175,26.09141],[-81.80883,26.15225],[-81.81461,26.17317],[-81.81681,26.20717],[-81.82067,26.23673],[-81.83314,26.29452],[-81.84455,26.32771],[-81.85498,26.35051],[-81.86313,26.36425],[-81.8629,26.36597],[-81.86898,26.37865],[-81.87652,26.38698],[-81.88427,26.39396],[-81.88557,26.39773],[-81.88267,26.40063],[-81.88251,26.40265],[-81.88456,26.40366],[-81.8939,26.40363],[-81.90172,26.41111],[-81.90301,26.41707],[-81.90655,26.42287],[-81.91284,26.42939],[-81.92361,26.43666],[-81.93841,26.44506],[-81.95616,26.45259],[-81.96393,26.45722],[-81.96742,26.46085],[-81.96928,26.46389],[-81.96894,26.46484],[-81.96685,26.46551],[-81.96563,26.4648],[-81.96439,26.46207],[-81.9614,26.45955],[-81.95591,26.4575],[-81.95484,26.45875],[-81.95662,26.46705],[-81.96951,26.4765],[-81.98071,26.48096],[-81.99701,26.48486],[-82.00896,26.48405],[-82.01272,26.48688],[-82.01082,26.4936],[-82.00725,26.49714],[-82.00834,26.50211],[-82.00758,26.5063],[-82.01012,26.51292],[-82.00905,26.52007],[-81.99831,26.52638],[-81.99812,26.53272],[-82.0059,26.53441],[-82.0153,26.52884],[-82.02552,26.53033],[-82.03872,26.52565],[-82.03998,26.52695],[-82.03851,26.52923],[-82.03942,26.53224],[-82.04311,26.53267],[-82.044,26.53445],[-82.0427,26.53637],[-82.04471,26.53983],[-82.05119,26.54224],[-82.05471,26.54805],[-82.05808,26.5484],[-82.06925,26.53543],[-82.07163,26.52565],[-82.06854,26.51353],[-82.06331,26.50289],[-82.05689,26.49715],[-82.05689,26.49375],[-82.07175,26.49255],[-82.08589,26.48949],[-82.09611,26.48393],[-82.10567,26.48393],[-82.1065,26.49139],[-82.10271,26.49969],[-82.10062,26.51076],[-82.10915,26.51523],[-82.10704,26.51821],[-82.10205,26.51948],[-82.10467,26.52352],[-82.11203,26.52756],[-82.1137,26.53224],[-82.11393,26.54075],[-82.12249,26.55499],[-82.12511,26.56818],[-82.12439,26.58242],[-82.12161,26.58527],[-82.1235,26.58963],[-82.12657,26.59036],[-82.13201,26.61021],[-82.13865,26.6126],[-82.1446,26.6228],[-82.14769,26.63448],[-82.14436,26.63894],[-82.14255,26.64391],[-82.14994,26.65412],[-82.16603,26.6693],[-82.16931,26.67654],[-82.17288,26.67866],[-82.17573,26.67845],[-82.18157,26.68171],[-82.18381,26.6878],[-82.18358,26.69502],[-82.1812,26.6982],[-82.17383,26.70563],[-82.15814,26.70733],[-82.15167,26.70414],[-82.13902,26.70299],[-82.12579,26.69954],[-82.1189,26.69091],[-82.1118,26.68164],[-82.10625,26.66734],[-82.10362,26.66543],[-82.10395,26.65424],[-82.09896,26.64595],[-82.08779,26.64723],[-82.08209,26.6536],[-82.09135,26.66677],[-82.0867,26.68516],[-82.08497,26.70241],[-82.0798,26.71678],[-82.06658,26.74266],[-82.05975,26.77091],[-82.0563,26.7758],[-82.0558,26.78649],[-82.051,26.79186],[-82.05097,26.79902],[-82.04922,26.81437],[-82.05456,26.83297],[-82.05148,26.84672],[-82.05111,26.86495],[-82.06028,26.88037],[-82.06562,26.88345],[-82.08666,26.88854],[-82.0931,26.89668],[-82.09551,26.9093],[-82.09711,26.91451],[-82.09231,26.92306],[-82.08684,26.92772],[-82.08325,26.92779],[-82.07876,26.92602],[-82.06772,26.92779],[-82.06198,26.93124],[-82.05523,26.93577],[-82.0538,26.9398],[-82.06093,26.94997],[-82.06616,26.95442],[-82.07884,26.95914],[-82.08738,26.95899],[-82.09536,26.95386],[-82.09938,26.95337],[-82.10157,26.95921],[-82.11343,26.96215],[-82.11418,26.96465],[-82.11784,26.96514],[-82.11956,26.96316],[-82.1181,26.96106],[-82.11845,26.95823],[-82.11548,26.95113],[-82.12465,26.94562],[-82.12654,26.93979],[-82.13316,26.93369],[-82.13557,26.92895],[-82.14143,26.92393],[-82.1543,26.92487],[-82.15888,26.92982],[-82.16656,26.93425],[-82.16789,26.93832],[-82.17407,26.94171],[-82.1831,26.93577],[-82.1812,26.92136],[-82.1705,26.89911],[-82.15339,26.85395],[-82.14507,26.78883],[-82.14626,26.78289],[-82.15109,26.78348],[-82.16171,26.77844],[-82.17217,26.76995],[-82.18548,26.77004],[-82.19071,26.7725],[-82.19712,26.77292],[-82.20211,26.77016],[-82.2033,26.76571],[-82.20544,26.76443],[-82.21,26.76808],[-82.22065,26.76655],[-82.23064,26.77101],[-82.23872,26.76783],[-82.24989,26.76295],[-82.25321,26.75403],[-82.2544,26.74554],[-82.25975,26.72803],[-82.2588,26.71848],[-82.26194,26.71709],[-82.26427,26.72016],[-82.2638,26.72564],[-82.26468,26.75684],[-82.2695,26.78467],[-82.27425,26.79354],[-82.28268,26.80421],[-82.28436,26.8093],[-82.28226,26.81096],[-82.28253,26.81599],[-82.28958,26.82664],[-82.30174,26.84159],[-82.32578,26.87747],[-82.33455,26.88435],[-82.34247,26.89468],[-82.35165,26.90838],[-82.37101,26.93865],[-82.37705,26.94923],[-82.38161,26.95769],[-82.3928,26.97271],[-82.40062,26.98494],[-82.40955,27.00451],[-82.41922,27.02074],[-82.44572,27.06063],[-82.45633,27.08732],[-82.46032,27.09993],[-82.46532,27.11073],[-82.46889,27.11361],[-82.47702,27.14123],[-82.48667,27.15866],[-82.49284,27.16839],[-82.49993,27.18056],[-82.50284,27.18973],[-82.51108,27.20758],[-82.51422,27.21191],[-82.52203,27.22837],[-82.52829,27.23737],[-82.53313,27.24127],[-82.53623,27.2454],[-82.53646,27.24876],[-82.53972,27.25433],[-82.54512,27.26103],[-82.55767,27.26737],[-82.56399,27.26986],[-82.56889,27.27558],[-82.56975,27.27945],[-82.56458,27.28475],[-82.56172,27.28919],[-82.56006,27.2951],[-82.566,27.29721],[-82.56925,27.29859],[-82.57602,27.30932],[-82.58353,27.31759],[-82.58675,27.31961],[-82.58837,27.32444],[-82.59037,27.32836],[-82.59763,27.33575],[-82.62386,27.36221],[-82.63754,27.37998],[-82.64282,27.38972],[-82.66108,27.4126],[-82.67512,27.42432],[-82.69007,27.43442],[-82.69182,27.43722],[-82.691,27.44433],[-82.70782,27.48762],[-82.71452,27.50042],[-82.72452,27.51361],[-82.74302,27.53109],[-82.74575,27.53883],[-82.74244,27.53936],[-82.73486,27.53484],[-82.72091,27.52807],[-82.71916,27.52611],[-82.71671,27.52637],[-82.70804,27.52311],[-82.70962,27.51335],[-82.71158,27.50894],[-82.71062,27.50172],[-82.70682,27.49842],[-82.69042,27.49641],[-82.68613,27.49813],[-82.68692,27.50802],[-82.68362,27.51311],[-82.67462,27.51961],[-82.66202,27.52281],[-82.65562,27.52126],[-82.64848,27.52235],[-82.64135,27.52551],[-82.64667,27.53183],[-82.64601,27.53354],[-82.63493,27.53921],[-82.63205,27.55191],[-82.62672,27.55889],[-82.61202,27.57123],[-82.613,27.58284],[-82.61172,27.58528],[-82.60173,27.58989],[-82.59649,27.59405],[-82.58763,27.59413],[-82.58463,27.59602],[-82.58145,27.59631],[-82.57745,27.59956],[-82.57854,27.60208],[-82.57774,27.60539],[-82.57251,27.60713],[-82.57061,27.60888],[-82.56567,27.61571],[-82.56445,27.62178],[-82.566,27.62453],[-82.56372,27.63144],[-82.56291,27.638],[-82.55854,27.63868],[-82.53715,27.67293],[-82.52858,27.68451],[-82.52417,27.68874],[-82.51704,27.698],[-82.517,27.70168],[-82.51426,27.70559],[-82.49489,27.71896],[-82.48245,27.71989],[-82.47947,27.72216],[-82.47846,27.72191],[-82.47671,27.72369],[-82.47709,27.72514],[-82.47808,27.72575],[-82.4762,27.7288],[-82.47713,27.73522],[-82.47924,27.74012],[-82.48142,27.74337],[-82.47834,27.74625],[-82.47048,27.74864],[-82.46813,27.74784],[-82.46708,27.74887],[-82.46324,27.75069],[-82.46196,27.74811],[-82.46139,27.74739],[-82.46039,27.74761],[-82.45754,27.75257],[-82.45523,27.75376],[-82.45263,27.75359],[-82.45164,27.75526],[-82.44772,27.75655],[-82.44524,27.75818],[-82.44264,27.75754],[-82.43238,27.76632],[-82.43276,27.76847],[-82.42953,27.77144],[-82.42874,27.77311],[-82.42851,27.7746],[-82.43022,27.77487],[-82.43219,27.77306],[-82.43575,27.77541],[-82.41924,27.79239],[-82.41405,27.79248],[-82.41182,27.79398],[-82.41211,27.80208],[-82.41188,27.80591],[-82.41049,27.81073],[-82.40291,27.81211],[-82.39851,27.81422],[-82.39369,27.81413],[-82.39198,27.8172],[-82.38585,27.81965],[-82.38687,27.82398],[-82.3919,27.82386],[-82.39468,27.83301],[-82.39338,27.83752],[-82.39473,27.84219],[-82.39328,27.84361],[-82.39215,27.84551],[-82.3924,27.84605],[-82.39441,27.8458],[-82.39648,27.84499],[-82.39693,27.84551],[-82.39746,27.85163],[-82.39783,27.85384],[-82.40233,27.85396],[-82.40438,27.85782],[-82.40129,27.86076],[-82.4033,27.87401],[-82.40158,27.87636],[-82.40261,27.8826],[-82.41532,27.90038],[-82.42973,27.90032],[-82.4329,27.89885],[-82.44243,27.91528],[-82.44461,27.91564],[-82.44624,27.91238],[-82.44559,27.90996],[-82.44902,27.90712],[-82.45159,27.90751],[-82.45373,27.90855],[-82.46053,27.90844],[-82.4618,27.90972],[-82.46227,27.92016],[-82.46025,27.93705],[-82.46189,27.9386],[-82.46641,27.93617],[-82.46761,27.93324],[-82.47313,27.93202],[-82.49042,27.91981],[-82.49172,27.91471],[-82.48812,27.89527],[-82.48074,27.8893],[-82.48207,27.87873],[-82.48426,27.87782],[-82.48728,27.87441],[-82.48936,27.86906],[-82.48847,27.86318],[-82.48014,27.85325],[-82.47162,27.84734],[-82.46884,27.8433],[-82.47244,27.82256],[-82.47527,27.82099],[-82.48985,27.82261],[-82.51119,27.82802],[-82.52852,27.83663],[-82.53389,27.83292],[-82.53751,27.83565],[-82.53734,27.8367],[-82.5346,27.83994],[-82.53516,27.84083],[-82.53668,27.84079],[-82.54209,27.84568],[-82.54653,27.84914],[-82.54782,27.85145],[-82.54995,27.85181],[-82.553,27.84739],[-82.55457,27.84796],[-82.55466,27.85029],[-82.55182,27.85651],[-82.55292,27.8627],[-82.53862,27.8649],[-82.53162,27.87171],[-82.52992,27.8775],[-82.53183,27.87916],[-82.53136,27.88282],[-82.52995,27.8851],[-82.53093,27.88621],[-82.53887,27.88555],[-82.53937,27.88447],[-82.54154,27.88439],[-82.54089,27.8895],[-82.54235,27.89051],[-82.54203,27.89358],[-82.53479,27.89361],[-82.53205,27.89599],[-82.5319,27.89823],[-82.53527,27.89866],[-82.5359,27.9008],[-82.53549,27.90321],[-82.53132,27.9039],[-82.53078,27.90503],[-82.53155,27.90699],[-82.532,27.91595],[-82.53482,27.9166],[-82.53537,27.91815],[-82.53418,27.91874],[-82.53414,27.91991],[-82.53522,27.92077],[-82.53514,27.92203],[-82.53345,27.92307],[-82.53332,27.92484],[-82.53087,27.92642],[-82.53084,27.92825],[-82.53344,27.92966],[-82.53372,27.933],[-82.53331,27.93469],[-82.53164,27.93641],[-82.53338,27.93854],[-82.53667,27.93851],[-82.53826,27.94066],[-82.54392,27.9406],[-82.54474,27.94366],[-82.54045,27.94704],[-82.54122,27.949],[-82.5456,27.9503],[-82.54566,27.95228],[-82.54372,27.95298],[-82.54421,27.95617],[-82.55392,27.967],[-82.56551,27.96708],[-82.56885,27.96136],[-82.57337,27.96304],[-82.57028,27.97039],[-82.56629,27.97246],[-82.56863,27.97553],[-82.57284,27.97496],[-82.58359,27.979],[-82.59644,27.97985],[-82.60242,27.9823],[-82.61132,27.98835],[-82.61157,27.99031],[-82.61442,27.99046],[-82.62061,27.99554],[-82.62259,28.00014],[-82.62763,28.00142],[-82.63081,28.00265],[-82.6365,28.00588],[-82.6394,28.00983],[-82.64047,28.0168],[-82.64691,28.01717],[-82.64865,28.0182],[-82.65513,28.01677],[-82.65745,28.01369],[-82.65727,28.01027],[-82.65489,28.00943],[-82.65727,28.00271],[-82.65788,28.00017],[-82.66164,28.00065],[-82.66356,27.99987],[-82.66497,28.00133],[-82.6637,28.00554],[-82.66412,28.00934],[-82.66765,28.01635],[-82.66583,28.01908],[-82.66511,28.02496],[-82.66535,28.0281],[-82.66963,28.03041],[-82.677,28.03293],[-82.68056,28.03146],[-82.68674,28.0302],[-82.69007,28.02747],[-82.68511,28.02067],[-82.68294,28.01404],[-82.67676,28.00922],[-82.67557,28.00544],[-82.68454,27.99383],[-82.68767,27.98953],[-82.69268,27.98382],[-82.69408,27.97757],[-82.69369,27.97607],[-82.68964,27.97487],[-82.68865,27.97299],[-82.69161,27.97104],[-82.69612,27.96332],[-82.70013,27.96031],[-82.70647,27.96053],[-82.71061,27.95703],[-82.71652,27.9584],[-82.7218,27.95461],[-82.72381,27.95133],[-82.72488,27.94575],[-82.72148,27.94574],[-82.72131,27.94399],[-82.72005,27.94099],[-82.72485,27.93836],[-82.72585,27.93622],[-82.72061,27.93616],[-82.70296,27.92394],[-82.69768,27.92294],[-82.69322,27.92266],[-82.69154,27.92526],[-82.6889,27.9244],[-82.68827,27.9191],[-82.68429,27.91583],[-82.67675,27.91381],[-82.6668,27.91241],[-82.66129,27.90991],[-82.65149,27.90652],[-82.6475,27.90588],[-82.64546,27.91013],[-82.64429,27.91014],[-82.63842,27.90463],[-82.63715,27.90446],[-82.63148,27.90835],[-82.62965,27.90696],[-82.63413,27.90342],[-82.63817,27.89808],[-82.63826,27.8929],[-82.63212,27.8911],[-82.61647,27.88084],[-82.61002,27.8735],[-82.60332,27.86517],[-82.59639,27.86408],[-82.59661,27.85889],[-82.59844,27.85758],[-82.59482,27.8434],[-82.58932,27.8357],[-82.58875,27.83043],[-82.59146,27.82671],[-82.59441,27.82522],[-82.59314,27.82159],[-82.58763,27.81901],[-82.58849,27.81538],[-82.59162,27.81305],[-82.59719,27.81368],[-82.60231,27.80594],[-82.60583,27.80307],[-82.60635,27.79997],[-82.60742,27.7989],[-82.60568,27.79646],[-82.60709,27.79289],[-82.61163,27.79031],[-82.61908,27.78907],[-82.62242,27.78919],[-82.62566,27.78092],[-82.62437,27.77831],[-82.62161,27.77396],[-82.62343,27.7689],[-82.62398,27.76037],[-82.62804,27.75838],[-82.63052,27.7539],[-82.62933,27.74931],[-82.62455,27.74841],[-82.6232,27.74458],[-82.62719,27.74106],[-82.62502,27.73271],[-82.62572,27.72701],[-82.63362,27.71061],[-82.63982,27.70391],[-82.65252,27.70031],[-82.66292,27.70231],[-82.67162,27.70591],[-82.67732,27.70621],[-82.67724,27.69505],[-82.67983,27.69489],[-82.68033,27.70578],[-82.68484,27.70368],[-82.68912,27.69947],[-82.69375,27.70022],[-82.69768,27.702],[-82.69863,27.7081],[-82.71146,27.70536],[-82.71336,27.70368],[-82.71363,27.69866],[-82.71882,27.69201],[-82.71645,27.68874],[-82.71913,27.686],[-82.71961,27.67407],[-82.72432,27.67332],[-82.72418,27.66869],[-82.72123,27.66531],[-82.7211,27.66438],[-82.7238,27.66356],[-82.72369,27.66236],[-82.7181,27.65782],[-82.71632,27.65141],[-82.71255,27.64665],[-82.71435,27.64541],[-82.71476,27.64289],[-82.71353,27.64173],[-82.71115,27.6418],[-82.70796,27.63013],[-82.70634,27.62916],[-82.70434,27.63043],[-82.70024,27.63804],[-82.69886,27.63863],[-82.6982,27.63779],[-82.7025,27.62785],[-82.70502,27.62531],[-82.73057,27.61433],[-82.73465,27.61185],[-82.73698,27.61264],[-82.73585,27.62489],[-82.73722,27.62747],[-82.73757,27.63276],[-82.73998,27.63718],[-82.74417,27.64832],[-82.74534,27.65378],[-82.74297,27.67057],[-82.74188,27.67548],[-82.73839,27.68368],[-82.73802,27.70681],[-82.74032,27.71821],[-82.74664,27.73019],[-82.75372,27.73631],[-82.76092,27.7452],[-82.77048,27.76627],[-82.78005,27.77483],[-82.78336,27.78001],[-82.7843,27.78312],[-82.79053,27.79105],[-82.82043,27.81374],[-82.82856,27.82225],[-82.84212,27.84396],[-82.84653,27.8543],[-82.84913,27.8632],[-82.85112,27.87421],[-82.85217,27.88597],[-82.84783,27.9102],[-82.8429,27.93386],[-82.83505,27.94982],[-82.83268,27.958],[-82.83153,27.96446],[-82.83199,27.97019],[-82.82983,27.98257],[-82.82911,28.0046],[-82.82816,28.02013],[-82.8185,28.0487],[-82.81652,28.04573],[-82.81366,28.03125],[-82.8158,28.02076],[-82.81628,28.01195],[-82.80915,28.00649],[-82.81081,28.00439],[-82.81557,28.00145],[-82.81771,27.99663],[-82.81319,27.9855],[-82.81081,27.98257],[-82.80986,27.9769],[-82.81081,27.96955],[-82.80487,27.96598],[-82.80273,27.97459],[-82.79988,27.9824],[-82.7994,27.98802],[-82.79751,27.9897],[-82.79299,28.00649],[-82.79417,28.01216],[-82.7918,28.01929],[-82.79085,28.03398],[-82.78847,28.03649],[-82.78875,28.04154],[-82.78606,28.04794],[-82.78942,28.04866],[-82.79917,28.04845],[-82.80558,28.05202],[-82.81509,28.05495],[-82.8223,28.05407],[-82.8341,28.06376],[-82.83862,28.07949],[-82.83624,28.09186],[-82.82713,28.083],[-82.82531,28.07865],[-82.82463,28.07257],[-82.82555,28.06374],[-82.82121,28.06019],[-82.81771,28.06229],[-82.81249,28.06178],[-82.80511,28.05642],[-82.80035,28.05265],[-82.79322,28.05265],[-82.79037,28.05307],[-82.78348,28.05265],[-82.78348,28.06062],[-82.78657,28.06523],[-82.7792,28.07278],[-82.77887,28.07637],[-82.78368,28.0799],[-82.78377,28.08215],[-82.78034,28.09706],[-82.78359,28.10537],[-82.78208,28.10786],[-82.78357,28.11002],[-82.78116,28.11251],[-82.78225,28.11463],[-82.78149,28.11746],[-82.77899,28.11819],[-82.77809,28.12],[-82.77831,28.12158],[-82.78086,28.123],[-82.78298,28.12287],[-82.78391,28.12413],[-82.78132,28.12759],[-82.78384,28.13748],[-82.78737,28.13919],[-82.78518,28.14242],[-82.78809,28.14985],[-82.79189,28.15558],[-82.79398,28.16087],[-82.79818,28.16099],[-82.79853,28.16247],[-82.79495,28.16426],[-82.79434,28.16561],[-82.79659,28.16913],[-82.80025,28.16947],[-82.80088,28.17091],[-82.79785,28.17234],[-82.79291,28.17269],[-82.79251,28.17354],[-82.79386,28.17454],[-82.79472,28.17546],[-82.79435,28.17591],[-82.79298,28.17605],[-82.79044,28.17475],[-82.78887,28.17488],[-82.78893,28.17627],[-82.79135,28.17785],[-82.79738,28.18169],[-82.79914,28.18528],[-82.79776,28.18779],[-82.78722,28.19299],[-82.78254,28.20745],[-82.77808,28.20892],[-82.77429,28.20703],[-82.7701,28.20772],[-82.76264,28.21901],[-82.76446,28.22007],[-82.75769,28.2264],[-82.75599,28.22806],[-82.75725,28.22974],[-82.76383,28.23128],[-82.76447,28.23206],[-82.76221,28.24213],[-82.76135,28.24285],[-82.75601,28.24079],[-82.74838,28.24682],[-82.74943,28.25057],[-82.75091,28.25216],[-82.75306,28.25162],[-82.75813,28.25388],[-82.75822,28.25493],[-82.75666,28.25591],[-82.74925,28.25586],[-82.74619,28.26119],[-82.74312,28.26786],[-82.74311,28.27372],[-82.73699,28.27451],[-82.73696,28.27639],[-82.7429,28.27773],[-82.74354,28.27866],[-82.74025,28.28226],[-82.73895,28.28261],[-82.7358,28.28076],[-82.73258,28.28198],[-82.73329,28.28562],[-82.73227,28.28748],[-82.72714,28.2882],[-82.72537,28.29013],[-82.72595,28.29178],[-82.73279,28.29193],[-82.73534,28.29936],[-82.73231,28.30277],[-82.73523,28.30667],[-82.73172,28.31368],[-82.73355,28.31513],[-82.73146,28.32502],[-82.71582,28.3455],[-82.71535,28.34865],[-82.71184,28.34904],[-82.71039,28.35198],[-82.71152,28.35348],[-82.71753,28.3535],[-82.71796,28.35401],[-82.71809,28.35733],[-82.71306,28.35937],[-82.70992,28.36426],[-82.70591,28.3684],[-82.70604,28.36946],[-82.70865,28.3699],[-82.70852,28.37113],[-82.70725,28.37171],[-82.70369,28.37196],[-82.70129,28.37482],[-82.70543,28.37824],[-82.704,28.38049],[-82.70689,28.3862],[-82.70572,28.39101],[-82.70685,28.39226],[-82.70634,28.39485],[-82.70452,28.39926],[-82.70459,28.40122],[-82.70681,28.4021],[-82.7064,28.40308],[-82.70387,28.40412],[-82.70265,28.40315],[-82.70091,28.40352],[-82.69485,28.40584],[-82.69008,28.40841],[-82.68784,28.40869],[-82.68717,28.40997],[-82.68748,28.41226],[-82.68956,28.4133],[-82.69286,28.4118],[-82.69948,28.41194],[-82.69994,28.41246],[-82.69952,28.41313],[-82.69446,28.4152],[-82.69447,28.41786],[-82.69743,28.41945],[-82.69726,28.4202],[-82.69453,28.42281],[-82.69294,28.42276],[-82.68566,28.42087],[-82.68258,28.42622],[-82.67793,28.42786],[-82.67735,28.43058],[-82.67443,28.43051],[-82.66988,28.43305],[-82.66991,28.43481],[-82.672,28.43611],[-82.67094,28.44062],[-82.66721,28.44223],[-82.66776,28.44858],[-82.66449,28.44957],[-82.66463,28.45205],[-82.66873,28.45383],[-82.66806,28.45586],[-82.67419,28.45728],[-82.67512,28.45934],[-82.68047,28.46081],[-82.68122,28.46424],[-82.67972,28.46627],[-82.67358,28.46833],[-82.66999,28.46834],[-82.6667,28.4756],[-82.66791,28.47797],[-82.66505,28.48443],[-82.66447,28.48879],[-82.66702,28.48972],[-82.66892,28.4939],[-82.66639,28.49733],[-82.67015,28.50077],[-82.67819,28.49933],[-82.66892,28.50769],[-82.66975,28.51123],[-82.66942,28.51988],[-82.66804,28.5282],[-82.6637,28.53019],[-82.65489,28.53275],[-82.65275,28.53776],[-82.65669,28.54481],[-82.66313,28.55077],[-82.66165,28.55414],[-82.6568,28.55404],[-82.65228,28.55216],[-82.65109,28.55697],[-82.65669,28.56869],[-82.65549,28.57313],[-82.65622,28.57538],[-82.64594,28.58047],[-82.64427,28.58418],[-82.64919,28.58762],[-82.64782,28.58944],[-82.64806,28.59072],[-82.654,28.59147],[-82.65536,28.5923],[-82.65626,28.60049],[-82.65542,28.6044],[-82.65682,28.60537],[-82.66271,28.605],[-82.66375,28.60537],[-82.66351,28.60669],[-82.65393,28.61348],[-82.65325,28.61626],[-82.65988,28.62218],[-82.66582,28.62305],[-82.66603,28.62644],[-82.67102,28.6287],[-82.67115,28.6311],[-82.67257,28.63686],[-82.67288,28.6412],[-82.67158,28.64262],[-82.66916,28.64399],[-82.66797,28.64753],[-82.67248,28.65129],[-82.67771,28.65483],[-82.67529,28.66103],[-82.67129,28.6613],[-82.66797,28.66317],[-82.66963,28.66609],[-82.66939,28.66922],[-82.66202,28.66735],[-82.65846,28.67068],[-82.65513,28.67485],[-82.65513,28.68048],[-82.66012,28.68257],[-82.66803,28.68329],[-82.66934,28.6854],[-82.6663,28.68882],[-82.66725,28.69174],[-82.67457,28.69392],[-82.6751,28.69821],[-82.68342,28.7005],[-82.69103,28.70172],[-82.69529,28.70801],[-82.70481,28.71447],[-82.71266,28.71386],[-82.72084,28.7137],[-82.72073,28.71863],[-82.71503,28.72697],[-82.70837,28.72843],[-82.70481,28.73593],[-82.69886,28.73343],[-82.69387,28.73343],[-82.69007,28.73656],[-82.69369,28.74219],[-82.69791,28.7476],[-82.69828,28.75701],[-82.69691,28.76801],[-82.6972,28.77407],[-82.70255,28.77743],[-82.69673,28.78427],[-82.69197,28.78886],[-82.6915,28.79219],[-82.69506,28.79573],[-82.69815,28.79635],[-82.70033,28.79224],[-82.70528,28.79573],[-82.70671,28.7976],[-82.71313,28.79969],[-82.71503,28.80635],[-82.7224,28.80948],[-82.73024,28.81593],[-82.73214,28.82051],[-82.7387,28.8248],[-82.73659,28.83591],[-82.72762,28.83925],[-82.72939,28.84768],[-82.73383,28.85219],[-82.73096,28.8584],[-82.72789,28.87125],[-82.71067,28.87545],[-82.70061,28.8785],[-82.68977,28.88549],[-82.68866,28.89518],[-82.68886,28.90561],[-82.69577,28.91043],[-82.69232,28.91247],[-82.69197,28.91605],[-82.69554,28.91626],[-82.70148,28.91938],[-82.69625,28.9252],[-82.69601,28.93082],[-82.70262,28.93295],[-82.70879,28.93598],[-82.72386,28.95351],[-82.72572,28.96223],[-82.73261,28.96659],[-82.74367,28.97019],[-82.74358,28.97819],[-82.75092,28.9824],[-82.75333,28.98144],[-82.75487,28.98382],[-82.75717,28.98595],[-82.75198,28.98797],[-82.76055,28.99309],[-82.76405,28.99971],[-82.75938,29.00662],[-82.75829,29.01919],[-82.75351,29.0265],[-82.75733,29.03415],[-82.75947,29.04205],[-82.76161,29.05161],[-82.76375,29.05452],[-82.77112,29.05535],[-82.77706,29.05743],[-82.78324,29.05764],[-82.78847,29.05722],[-82.79893,29.05535],[-82.80487,29.05431],[-82.80582,29.05722],[-82.79299,29.06179],[-82.7849,29.06491],[-82.78348,29.06927],[-82.78799,29.07155],[-82.79985,29.07498],[-82.8082,29.0728],[-82.81557,29.07301],[-82.81692,29.07622],[-82.81462,29.08028],[-82.81462,29.08713],[-82.82019,29.08722],[-82.81937,29.09191],[-82.82366,29.0989],[-82.81536,29.10203],[-82.81287,29.10651],[-82.80772,29.10852],[-82.80178,29.11662],[-82.80275,29.12103],[-82.80845,29.12561],[-82.8057,29.12985],[-82.80674,29.13628],[-82.80514,29.13968],[-82.80474,29.14662],[-82.80809,29.1484],[-82.80701,29.15254],[-82.81105,29.1569],[-82.8139,29.1625],[-82.82056,29.16229],[-82.82246,29.15793],[-82.82707,29.15843],[-82.83205,29.1569],[-82.83422,29.15492],[-82.84147,29.15878],[-82.85818,29.16228],[-82.86829,29.16136],[-82.8764,29.15941],[-82.88721,29.16174],[-82.90708,29.16475],[-82.91171,29.1673],[-82.92261,29.16977],[-82.93241,29.16789],[-82.9453,29.16782],[-82.97468,29.17091],[-82.97952,29.17182],[-82.98622,29.17267],[-82.99169,29.1735],[-82.99478,29.17516],[-82.99858,29.17412],[-82.99838,29.16865],[-82.99964,29.16332],[-83.00318,29.15732],[-83.00737,29.15628],[-83.01363,29.15452],[-83.01664,29.15046],[-83.01688,29.14693],[-83.01759,29.14465],[-83.0145,29.1405],[-83.01641,29.13863],[-83.02092,29.13946],[-83.03444,29.13347],[-83.03732,29.13448],[-83.04136,29.13759],[-83.04374,29.13635],[-83.04778,29.13386],[-83.04825,29.1297],[-83.05316,29.12675],[-83.05654,29.12991],[-83.058,29.13905],[-83.05687,29.14626],[-83.06085,29.14797],[-83.06465,29.14237],[-83.06825,29.15313],[-83.06584,29.16458],[-83.06679,29.17205],[-83.06774,29.1789],[-83.07369,29.18595],[-83.07899,29.19694],[-83.08609,29.20952],[-83.08784,29.21642],[-83.08674,29.22468],[-83.08077,29.23438],[-83.08208,29.23933],[-83.08029,29.24169],[-83.07473,29.24798],[-83.07726,29.25533],[-83.08901,29.2665],[-83.09522,29.26919],[-83.09721,29.27234],[-83.10343,29.27159],[-83.11384,29.27794],[-83.12557,29.27885],[-83.12803,29.28273],[-83.1381,29.28405],[-83.14644,29.28919],[-83.14983,29.28952],[-83.15153,29.29197],[-83.15505,29.29148],[-83.15801,29.28799],[-83.16157,29.2857],[-83.16912,29.28976],[-83.16918,29.29125],[-83.16458,29.29682],[-83.1653,29.29969],[-83.16758,29.30013],[-83.17003,29.30107],[-83.1746,29.30712],[-83.17361,29.3099],[-83.16397,29.31643],[-83.16389,29.31853],[-83.15668,29.32221],[-83.15617,29.32486],[-83.15829,29.32659],[-83.16459,29.32483],[-83.16874,29.32943],[-83.17257,29.33009],[-83.1709,29.3425],[-83.17395,29.34678],[-83.17991,29.34874],[-83.18762,29.35879],[-83.1911,29.36819],[-83.19371,29.37005],[-83.19847,29.36798],[-83.20251,29.37129],[-83.2007,29.37385],[-83.20124,29.38019],[-83.20411,29.38336],[-83.20191,29.38808],[-83.20245,29.39442],[-83.21133,29.39832],[-83.21237,29.40054],[-83.21043,29.40487],[-83.21449,29.41018],[-83.21371,29.41321],[-83.21807,29.42049],[-83.22855,29.4212],[-83.23042,29.42748],[-83.24051,29.43318],[-83.25765,29.433],[-83.26396,29.43581],[-83.27202,29.43226],[-83.28023,29.43341],[-83.28168,29.43693],[-83.28473,29.43784],[-83.29372,29.43702],[-83.29529,29.43814],[-83.29391,29.4399],[-83.29031,29.44182],[-83.2897,29.44478],[-83.29652,29.44751],[-83.29799,29.45044],[-83.30707,29.46241],[-83.30783,29.46886],[-83.31438,29.47508],[-83.32106,29.47725],[-83.33113,29.47559],[-83.33993,29.48576],[-83.35007,29.48936],[-83.35672,29.4999],[-83.37029,29.4999],[-83.37925,29.50356],[-83.38397,29.513],[-83.38837,29.51246],[-83.40025,29.51724],[-83.40155,29.52329],[-83.39574,29.52631],[-83.39646,29.52983],[-83.39983,29.53304],[-83.40311,29.54327],[-83.40036,29.55013],[-83.40305,29.56501],[-83.40715,29.57056],[-83.40526,29.57832],[-83.40691,29.58854],[-83.40507,29.59557],[-83.40168,29.60095],[-83.39948,29.61296],[-83.40145,29.63339],[-83.40408,29.6408],[-83.40644,29.65032],[-83.41171,29.65704],[-83.41477,29.66356],[-83.41072,29.66437],[-83.40858,29.66726],[-83.41095,29.66995],[-83.4147,29.67054],[-83.41856,29.66912],[-83.42498,29.66953],[-83.42876,29.675],[-83.43626,29.67739],[-83.44464,29.67715],[-83.44819,29.67525],[-83.45536,29.67644],[-83.45833,29.67816],[-83.45849,29.68048],[-83.46396,29.68213],[-83.47849,29.68756],[-83.48369,29.68821],[-83.48357,29.69854],[-83.48772,29.7003],[-83.49091,29.70836],[-83.49567,29.70778],[-83.49866,29.7098],[-83.49295,29.71269],[-83.50412,29.71372],[-83.50957,29.71241],[-83.51272,29.71648],[-83.52623,29.72115],[-83.53574,29.72569],[-83.54248,29.72815],[-83.54793,29.72808],[-83.54928,29.72961],[-83.54717,29.73222],[-83.55388,29.74112],[-83.55998,29.74303],[-83.5608,29.74924],[-83.56307,29.75458],[-83.56602,29.76143],[-83.57329,29.76325],[-83.57987,29.7592],[-83.58422,29.7585],[-83.58565,29.76139],[-83.58327,29.76572],[-83.57895,29.76838],[-83.58472,29.77608],[-83.58697,29.77893],[-83.58921,29.78326],[-83.58609,29.78464],[-83.58304,29.78731],[-83.5819,29.79206],[-83.58446,29.79687],[-83.58544,29.80044],[-83.58848,29.80224],[-83.58898,29.80533],[-83.5859,29.81175],[-83.58755,29.81605],[-83.58684,29.81894],[-83.5904,29.82142],[-83.59252,29.81865],[-83.59436,29.81855],[-83.59549,29.82798],[-83.60259,29.83048],[-83.60142,29.83309],[-83.60524,29.83639],[-83.6106,29.83667],[-83.61304,29.83987],[-83.61857,29.84234],[-83.61964,29.8476],[-83.62342,29.85394],[-83.62927,29.86344],[-83.63256,29.87387],[-83.63699,29.87646],[-83.63649,29.88273],[-83.63798,29.88607],[-83.65357,29.89465],[-83.65995,29.89952],[-83.66229,29.90246],[-83.6687,29.906],[-83.67164,29.90979],[-83.67718,29.91158],[-83.67902,29.91445],[-83.67922,29.91851],[-83.68079,29.92157],[-83.68429,29.92344],[-83.68884,29.92216],[-83.69732,29.92784],[-83.71175,29.93327],[-83.71756,29.93724],[-83.72789,29.94097],[-83.73917,29.94921],[-83.74632,29.95783],[-83.74941,29.95886],[-83.75258,29.95569],[-83.75725,29.95794],[-83.76201,29.96082],[-83.76557,29.96483],[-83.76723,29.96813],[-83.77032,29.96854],[-83.774,29.96808],[-83.77579,29.97225],[-83.78077,29.97217],[-83.78245,29.97554],[-83.78873,29.97698],[-83.79576,29.97574],[-83.80265,29.9776],[-83.80773,29.97671],[-83.81257,29.98192],[-83.81946,29.98419],[-83.82203,29.98215],[-83.82869,29.98319],[-83.84543,29.99807],[-83.85888,30.00476],[-83.86296,30.00786],[-83.87403,30.01113],[-83.91315,30.02899],[-83.91382,30.03255],[-83.92,30.03461],[-83.92536,30.03457],[-83.93151,30.03907],[-83.93367,30.04115],[-83.93188,30.04417],[-83.93343,30.04631],[-83.93909,30.0501],[-83.94386,30.05078],[-83.94569,30.05501],[-83.95088,30.05341],[-83.95166,30.05863],[-83.95772,30.06273],[-83.95968,30.06494],[-83.96752,30.06576],[-83.96957,30.07041],[-83.97359,30.07251],[-83.98323,30.07308],[-83.98924,30.07769],[-83.98687,30.0811],[-83.98605,30.0846],[-83.98964,30.08727],[-83.99255,30.08519],[-83.99654,30.08172],[-84.002,30.08522],[-83.99915,30.09139],[-84.00153,30.09468],[-84.00676,30.09755],[-84.01404,30.09733],[-84.02427,30.10327],[-84.0367,30.10228],[-84.04028,30.09964],[-84.04298,30.10152],[-84.04872,30.10321],[-84.05393,30.10243],[-84.06071,30.1005],[-84.06299,30.10138],[-84.08306,30.09229],[-84.08703,30.0921],[-84.09374,30.09396],[-84.10565,30.09117],[-84.11384,30.08548],[-84.11894,30.08851],[-84.12061,30.09118],[-84.12489,30.0906],[-84.13568,30.08302],[-84.15728,30.07271],[-84.16788,30.07142],[-84.17915,30.07319],[-84.18449,30.07725],[-84.18222,30.08236],[-84.1774,30.08545],[-84.17385,30.09098],[-84.175,30.09576],[-84.17706,30.09611],[-84.17981,30.09198],[-84.18806,30.09405],[-84.19356,30.09783],[-84.20215,30.11226],[-84.20559,30.11432],[-84.20879,30.10722],[-84.20451,30.09591],[-84.20168,30.09443],[-84.19853,30.08794],[-84.20158,30.08798],[-84.20341,30.08461],[-84.20801,30.08478],[-84.21874,30.08397],[-84.22779,30.08531],[-84.23701,30.08556],[-84.23921,30.09015],[-84.24567,30.09302],[-84.24749,30.10114],[-84.25608,30.10475],[-84.26226,30.10372],[-84.26383,30.10028],[-84.26936,30.09766],[-84.27251,30.09236],[-84.274,30.08308],[-84.27037,30.07547],[-84.27079,30.06809],[-84.27305,30.06376],[-84.27717,30.06026],[-84.28223,30.06115],[-84.28973,30.0572],[-84.29323,30.05842],[-84.29784,30.05745],[-84.31747,30.0481],[-84.32953,30.03934],[-84.33428,30.03708],[-84.33713,30.03235],[-84.3339,30.02901],[-84.33761,30.02638],[-84.33951,30.02926],[-84.34545,30.027],[-84.34432,30.02247],[-84.34689,30.0186],[-84.35239,30.01291],[-84.35543,30.01403],[-84.35519,30.01671],[-84.35662,30.01856],[-84.3616,30.01566],[-84.36611,30.00866],[-84.36378,30.00479],[-84.36089,29.99796],[-84.3625,29.99282],[-84.36196,29.98774],[-84.35999,29.98474],[-84.35809,29.98288],[-84.35643,29.98041],[-84.35352,29.98006],[-84.35215,29.97907],[-84.35037,29.98051],[-84.3477,29.98412],[-84.34656,29.98504],[-84.34466,29.98504],[-84.34324,29.98288],[-84.34113,29.97889],[-84.34015,29.97537],[-84.34085,29.97197],[-84.34175,29.97026],[-84.3483,29.96906],[-84.35072,29.9697],[-84.3538,29.96975],[-84.36047,29.97125],[-84.36237,29.9729],[-84.36962,29.97464],[-84.37283,29.97609],[-84.37806,29.97691],[-84.38269,29.97691],[-84.38531,29.97722],[-84.39196,29.98062],[-84.3947,29.98237],[-84.39921,29.98329],[-84.40254,29.9837],[-84.40896,29.98494],[-84.41228,29.98432],[-84.41561,29.98309],[-84.41882,29.98329],[-84.42643,29.98576],[-84.42892,29.9869],[-84.43261,29.99019],[-84.43415,29.9905],[-84.43558,29.98967],[-84.4376,29.98813],[-84.43617,29.98576],[-84.43546,29.98175],[-84.43641,29.97856],[-84.43257,29.9762],[-84.43242,29.97424],[-84.43415,29.97361],[-84.43653,29.9697],[-84.44199,29.96785],[-84.44247,29.96507],[-84.44259,29.96219],[-84.44092,29.96188],[-84.4389,29.96023],[-84.43629,29.96095],[-84.43427,29.96106],[-84.43237,29.95982],[-84.42619,29.96003],[-84.42334,29.96136],[-84.41977,29.96425],[-84.41782,29.9655],[-84.41038,29.96425],[-84.40836,29.96342],[-84.40694,29.96157],[-84.40432,29.95982],[-84.40206,29.96003],[-84.39683,29.95972],[-84.39398,29.95992],[-84.38923,29.96054],[-84.38413,29.96138],[-84.38115,29.96075],[-84.37687,29.95694],[-84.37212,29.95251],[-84.36808,29.95148],[-84.36404,29.9523],[-84.36083,29.95416],[-84.35591,29.9531],[-84.35191,29.95142],[-84.34656,29.94798],[-84.34422,29.94707],[-84.34125,29.94776],[-84.33862,29.94649],[-84.33651,29.94251],[-84.33394,29.92965],[-84.33375,29.92372],[-84.33595,29.91296],[-84.33917,29.90667],[-84.34155,29.90219],[-84.34446,29.89903],[-84.34907,29.89681],[-84.3517,29.89638],[-84.35856,29.89672],[-84.36677,29.89576],[-84.37202,29.89405],[-84.3775,29.8934],[-84.38086,29.89371],[-84.40496,29.90123],[-84.40907,29.90195],[-84.42334,29.90328],[-84.42524,29.90482],[-84.4332,29.9075],[-84.4408,29.91296],[-84.44366,29.91688],[-84.44877,29.92161],[-84.45055,29.92769],[-84.45171,29.92909],[-84.46018,29.92779],[-84.47032,29.92452],[-84.48091,29.91774],[-84.48454,29.91626],[-84.4887,29.91317],[-84.49202,29.90987],[-84.49309,29.91049],[-84.49281,29.9123],[-84.49456,29.91396],[-84.49844,29.91474],[-84.50079,29.91609],[-84.50599,29.91641],[-84.51041,29.91634],[-84.51306,29.91523],[-84.51542,29.91536],[-84.52181,29.91408],[-84.52864,29.91234],[-84.53587,29.91009],[-84.56807,29.89147],[-84.57744,29.88783],[-84.5937,29.88096],[-84.6033,29.87612],[-84.61315,29.86798],[-84.62491,29.86042],[-84.63368,29.85629],[-84.63642,29.85289],[-84.64336,29.84986],[-84.64796,29.8471],[-84.6527,29.84351],[-84.65377,29.8398],[-84.6546,29.83594],[-84.65645,29.83428],[-84.6611,29.83712],[-84.66255,29.83709],[-84.66461,29.83474],[-84.66628,29.83683],[-84.66828,29.8373],[-84.67181,29.83475],[-84.67505,29.83388],[-84.67439,29.83143],[-84.67442,29.83015],[-84.68398,29.83075],[-84.69205,29.82906],[-84.70181,29.82433],[-84.70684,29.8212],[-84.71719,29.81356],[-84.72781,29.80702],[-84.73033,29.8069],[-84.73432,29.80513],[-84.73659,29.80356],[-84.74483,29.79725],[-84.75036,29.79234],[-84.75559,29.78854],[-84.75857,29.7879],[-84.76175,29.78865],[-84.76752,29.7857],[-84.77825,29.78073],[-84.79144,29.7737],[-84.79841,29.76892],[-84.80346,29.76792],[-84.8079,29.76613],[-84.81385,29.76288],[-84.8242,29.75829],[-84.83133,29.75756],[-84.83717,29.75593],[-84.85045,29.74935],[-84.85786,29.74696],[-84.86827,29.74245],[-84.88178,29.73388],[-84.88477,29.72906],[-84.88543,29.72562],[-84.88803,29.72241],[-84.89279,29.72317],[-84.89282,29.72516],[-84.89489,29.7281],[-84.89944,29.73111],[-84.90037,29.73301],[-84.90214,29.73532],[-84.90069,29.73728],[-84.9001,29.73961],[-84.89584,29.74483],[-84.89007,29.7558],[-84.88903,29.7596],[-84.88618,29.76544],[-84.88492,29.76703],[-84.88277,29.76844],[-84.88002,29.76922],[-84.87711,29.77289],[-84.87113,29.78133],[-84.87089,29.7834],[-84.87231,29.78711],[-84.87255,29.7901],[-84.87065,29.79711],[-84.87362,29.79701],[-84.87766,29.79814],[-84.88206,29.79649],[-84.8817,29.7933],[-84.88253,29.78886],[-84.88182,29.78732],[-84.8842,29.78598],[-84.88515,29.78453],[-84.888,29.78443],[-84.88954,29.78494],[-84.89399,29.78518],[-84.90413,29.78628],[-84.90963,29.78371],[-84.91511,29.7833],[-84.9164,29.777],[-84.92092,29.7729],[-84.92756,29.7612],[-84.93409,29.75577],[-84.93837,29.75021],[-84.9466,29.74503],[-84.96418,29.73976],[-84.96884,29.72708],[-84.977,29.72121],[-84.98165,29.72067],[-84.9867,29.71748],[-84.99326,29.71496],[-84.99769,29.71396],[-85.00493,29.71358],[-85.00587,29.71163],[-85.01385,29.70952],[-85.02515,29.71214],[-85.02906,29.71127],[-85.03262,29.70868],[-85.03586,29.70862],[-85.03719,29.7111],[-85.04022,29.71286],[-85.04807,29.71519],[-85.05332,29.71553],[-85.07212,29.71903],[-85.10168,29.71875],[-85.12147,29.71585],[-85.15324,29.70823],[-85.16152,29.70572],[-85.1723,29.7035],[-85.17728,29.70019],[-85.18794,29.69964],[-85.1965,29.69737],[-85.20241,29.69817],[-85.25091,29.68716],[-85.25178,29.68485],[-85.24954,29.68295],[-85.24592,29.68162],[-85.22961,29.68243],[-85.22539,29.68584],[-85.22204,29.68547],[-85.2215,29.68395],[-85.22458,29.68098],[-85.23223,29.67735],[-85.24225,29.67693],[-85.24998,29.67914],[-85.25972,29.6813],[-85.27663,29.68349],[-85.29074,29.68408],[-85.29862,29.68402],[-85.30659,29.68329],[-85.31835,29.68157],[-85.32834,29.67875],[-85.33606,29.67545],[-85.34284,29.67121],[-85.34654,29.66857],[-85.35151,29.66667],[-85.35674,29.66956],[-85.36209,29.67534],[-85.36506,29.6773],[-85.36768,29.68081],[-85.3753,29.69185],[-85.38087,29.70208],[-85.38731,29.71537],[-85.39841,29.74296],[-85.40429,29.76195],[-85.40963,29.78162],[-85.41153,29.79236],[-85.41348,29.79953],[-85.41668,29.82025],[-85.4175,29.82993],[-85.41581,29.84258],[-85.41357,29.85294],[-85.41177,29.85979],[-85.40713,29.866],[-85.39832,29.87178],[-85.39339,29.87462],[-85.39123,29.87432],[-85.39128,29.87264],[-85.39752,29.86351],[-85.39895,29.86058],[-85.39926,29.854],[-85.40015,29.85052],[-85.40355,29.84533],[-85.40505,29.84101],[-85.40829,29.83554],[-85.41043,29.83073],[-85.41047,29.82607],[-85.40864,29.82286],[-85.40699,29.81919],[-85.40742,29.81679],[-85.40892,29.81379],[-85.41042,29.8081],[-85.4097,29.80235],[-85.4084,29.79842],[-85.40681,29.79534],[-85.40546,29.7913],[-85.40428,29.7847],[-85.40279,29.77955],[-85.40101,29.77654],[-85.4039,29.77263],[-85.40332,29.76835],[-85.40147,29.76413],[-85.39747,29.76387],[-85.39553,29.76237],[-85.39219,29.75432],[-85.39176,29.75057],[-85.38908,29.74216],[-85.38922,29.73883],[-85.38932,29.73362],[-85.38858,29.73016],[-85.38599,29.72538],[-85.38227,29.71944],[-85.37796,29.70962],[-85.37157,29.70311],[-85.37138,29.69945],[-85.37288,29.69673],[-85.37159,29.69406],[-85.37153,29.69209],[-85.3692,29.69098],[-85.36738,29.69237],[-85.36309,29.6911],[-85.36185,29.68804],[-85.36359,29.68054],[-85.36078,29.67866],[-85.35378,29.68004],[-85.35126,29.68183],[-85.34648,29.68152],[-85.33933,29.68373],[-85.33149,29.68445],[-85.32886,29.68643],[-85.32573,29.6857],[-85.32177,29.68542],[-85.31373,29.68646],[-85.30977,29.69318],[-85.30708,29.7035],[-85.30875,29.70819],[-85.30838,29.71236],[-85.30558,29.71368],[-85.30396,29.72062],[-85.30388,29.73194],[-85.30425,29.74152],[-85.30457,29.75055],[-85.30342,29.75756],[-85.30502,29.76992],[-85.30339,29.77486],[-85.30238,29.7833],[-85.30167,29.79534],[-85.30084,29.79897],[-85.30279,29.80886],[-85.30636,29.81143],[-85.30863,29.81332],[-85.31142,29.81437],[-85.31455,29.82228],[-85.31408,29.82629],[-85.31478,29.83057],[-85.31454,29.83273],[-85.31746,29.83889],[-85.32501,29.84497],[-85.33229,29.8459],[-85.33665,29.8493],[-85.34284,29.85794],[-85.34362,29.86188],[-85.35017,29.87702],[-85.36373,29.89891],[-85.38473,29.92095],[-85.40505,29.93849],[-85.41257,29.94303],[-85.42043,29.94716],[-85.42832,29.95002],[-85.43848,29.95143],[-85.44675,29.95453],[-85.45514,29.95672],[-85.4656,29.95755],[-85.47107,29.95672],[-85.48129,29.95786],[-85.48782,29.96064],[-85.49329,29.9629],[-85.49614,29.96476],[-85.50232,29.96785],[-85.50862,29.97196],[-85.51492,29.97732],[-85.52455,29.98751],[-85.52977,29.99533],[-85.5306,29.99759],[-85.53714,30.00387],[-85.54498,30.00541],[-85.55378,30.0119],[-85.56899,30.0261],[-85.58139,30.03778],[-85.58836,30.04513],[-85.59561,30.05058],[-85.6069,30.05706],[-85.61717,30.06223],[-85.62779,30.06699],[-85.65301,30.07815],[-85.68337,30.09101],[-85.69967,30.09872],[-85.71745,30.11009],[-85.72907,30.11825],[-85.73365,30.12242],[-85.74993,30.13654],[-85.77541,30.15629],[-85.81122,30.17832],[-85.87814,30.21562],[-85.92255,30.23767],[-85.94765,30.24908],[-85.96655,30.25712],[-85.99994,30.27078],[-86.08996,30.30357],[-86.18874,30.33419],[-86.2058,30.33853],[-86.22256,30.34359],[-86.24353,30.34968],[-86.26361,30.35511],[-86.28013,30.3589],[-86.2987,30.36305],[-86.314,30.36639],[-86.3424,30.37131],[-86.36418,30.37452],[-86.38783,30.37757],[-86.41208,30.38035],[-86.44389,30.3832],[-86.47085,30.3839],[-86.48952,30.38351],[-86.50615,30.3823],[-86.51414,30.38513],[-86.52022,30.38664],[-86.52625,30.38741],[-86.5411,30.38894],[-86.54882,30.38935],[-86.55954,30.39021],[-86.56354,30.39094],[-86.58056,30.39294],[-86.58687,30.39276],[-86.59672,30.39376],[-86.60801,30.3952],[-86.62512,30.39663],[-86.64366,30.39704],[-86.65709,30.39684],[-86.68145,30.39602],[-86.71306,30.39479],[-86.73861,30.39335],[-86.75489,30.39182],[-86.78912,30.38833],[-86.83618,30.38331],[-86.85032,30.38146],[-86.87596,30.37767],[-86.90968,30.37242],[-86.953,30.36536],[-87.00588,30.35593],[-87.04855,30.34824],[-87.0935,30.33939],[-87.15539,30.32775],[-87.20601,30.32147],[-87.22631,30.31935],[-87.24998,30.31747],[-87.2709,30.31675],[-87.28777,30.32116],[-87.29609,30.32567],[-87.30025,30.32814],[-87.3012,30.33029],[-87.31249,30.32578],[-87.31237,30.32424],[-87.31439,30.32147],[-87.33008,30.31767],[-87.35064,30.31336],[-87.38344,30.30639],[-87.41434,30.299],[-87.42741,30.29633],[-87.45355,30.29295],[-87.46496,30.29059],[-87.4816,30.28761],[-87.49218,30.28515],[-87.51832,30.28044],[-87.51838,30.2839],[-87.50548,30.2871],[-87.49998,30.2879],[-87.45238,30.3002],[-87.45008,30.3111],[-87.45558,30.3102],[-87.45958,30.3083],[-87.46298,30.3078],[-87.46578,30.3076],[-87.46868,30.3082],[-87.47588,30.3079],[-87.48188,30.306],[-87.48368,30.3048],[-87.49488,30.305],[-87.50278,30.3073],[-87.50468,30.3089],[-87.50578,30.3125],[-87.50594,30.3194],[-87.5047,30.32404],[-87.50257,30.3274],[-87.49998,30.32896],[-87.49188,30.3309],[-87.47558,30.3314],[-87.46488,30.3333],[-87.46298,30.334],[-87.45998,30.3363],[-87.45228,30.3441],[-87.45096,30.34626],[-87.45198,30.3603],[-87.45188,30.365],[-87.45138,30.3672],[-87.44908,30.3704],[-87.44182,30.3763],[-87.43868,30.3808],[-87.43868,30.3821],[-87.44088,30.3867],[-87.44118,30.3886],[-87.44068,30.3915],[-87.43728,30.3959],[-87.43428,30.3975],[-87.43178,30.4032],[-87.42958,30.4065],[-87.42618,30.4092],[-87.42268,30.4101],[-87.41918,30.4102],[-87.41318,30.409],[-87.40888,30.4088],[-87.40348,30.4102],[-87.40178,30.4114],[-87.39878,30.4151],[-87.39568,30.4176],[-87.38638,30.4205],[-87.38208,30.4229],[-87.37117,30.43049],[-87.36819,30.43341],[-87.36659,30.43665],[-87.36694,30.44048],[-87.36868,30.44463],[-87.37077,30.44686],[-87.38118,30.4501],[-87.39198,30.4516],[-87.39688,30.4506],[-87.39988,30.451],[-87.40468,30.4529],[-87.40788,30.4564],[-87.41468,30.4573],[-87.42508,30.4656],[-87.42958,30.4706],[-87.43058,30.4766],[-87.43158,30.4777],[-87.43468,30.4792],[-87.43558,30.4805],[-87.43298,30.4849],[-87.43058,30.4911],[-87.43118,30.4958],[-87.43827,30.50536],[-87.43969,30.50665],[-87.44322,30.50678],[-87.44471,30.50749],[-87.4477,30.51046],[-87.44778,30.51191],[-87.4465,30.51357],[-87.44518,30.51398],[-87.44494,30.51494],[-87.44643,30.52031],[-87.44659,30.52707],[-87.43544,30.54914],[-87.43496,30.5496],[-87.43144,30.55026],[-87.42789,30.55416],[-87.42604,30.56007],[-87.42336,30.56142],[-87.4228,30.56138],[-87.42241,30.56044],[-87.42092,30.56067],[-87.41865,30.56184],[-87.41666,30.56631],[-87.41695,30.568],[-87.41851,30.56956],[-87.41835,30.57004],[-87.41626,30.57245],[-87.41451,30.57346],[-87.41271,30.57323],[-87.40874,30.5837],[-87.40656,30.59993],[-87.4046,30.60339],[-87.40118,30.6044],[-87.39927,30.60561],[-87.39731,30.60873],[-87.39503,30.61528],[-87.39505,30.6159],[-87.39643,30.61691],[-87.39643,30.61773],[-87.39566,30.62337],[-87.39448,30.62519],[-87.39378,30.62701],[-87.39359,30.63088],[-87.39594,30.64397],[-87.39718,30.64812],[-87.39618,30.65045],[-87.39726,30.65435],[-87.40018,30.65722],[-87.40071,30.65715],[-87.40587,30.66662],[-87.40712,30.6718],[-87.40656,30.67402],[-87.40696,30.67516],[-87.41274,30.67806],[-87.41953,30.67998],[-87.42488,30.68337],[-87.43037,30.68865],[-87.43602,30.68867],[-87.43981,30.69048],[-87.44228,30.69268],[-87.44358,30.6946],[-87.44936,30.69891],[-87.4514,30.69981],[-87.45695,30.69756],[-87.46634,30.70084],[-87.46772,30.70168],[-87.4704,30.70528],[-87.47443,30.70659],[-87.47958,30.71287],[-87.47982,30.71495],[-87.48122,30.71651],[-87.48704,30.7185],[-87.49677,30.72035],[-87.49752,30.72012],[-87.50232,30.72159],[-87.50515,30.72631],[-87.51173,30.73353],[-87.52361,30.73831],[-87.53261,30.74349],[-87.53536,30.74977],[-87.53542,30.75476],[-87.53653,30.76138],[-87.53709,30.76253],[-87.54226,30.7675],[-87.54616,30.77202],[-87.54536,30.7741],[-87.54504,30.77867],[-87.55205,30.78625],[-87.55295,30.78694],[-87.55484,30.78712],[-87.55948,30.79045],[-87.56007,30.79226],[-87.56421,30.79625],[-87.56814,30.79909],[-87.57204,30.80053],[-87.57685,30.80816],[-87.58187,30.8124],[-87.58787,30.81504],[-87.5943,30.81698],[-87.60049,30.82063],[-87.60163,30.82514],[-87.60357,30.82862],[-87.60578,30.8313],[-87.61098,30.83263],[-87.61592,30.83469],[-87.61537,30.83703],[-87.61728,30.84035],[-87.62414,30.84571],[-87.62608,30.84649],[-87.62732,30.84796],[-87.6265,30.85188],[-87.62538,30.85436],[-87.62623,30.85713],[-87.62825,30.86013],[-87.63494,30.86589],[-87.62999,30.87769],[-87.62945,30.88011],[-87.6244,30.8847],[-87.62206,30.88541],[-87.62079,30.88749],[-87.62092,30.88992],[-87.62252,30.89368],[-87.6222,30.89751],[-87.62072,30.89893],[-87.61601,30.90145],[-87.61495,30.90423],[-87.61421,30.90854],[-87.61185,30.91454],[-87.6102,30.91663],[-87.60826,30.9219],[-87.60781,30.92449],[-87.60268,30.93428],[-87.60069,30.93707],[-87.5983,30.93879],[-87.59689,30.94113],[-87.59206,30.95149],[-87.58919,30.96446],[-87.59092,30.96941],[-87.59305,30.97297],[-87.59411,30.97633],[-87.59416,30.97757],[-87.59268,30.98014],[-87.5934,30.98296],[-87.59672,30.98761],[-87.59917,30.99572],[-87.59893,30.99746],[-87.57128,30.99787],[-87.54854,30.99793],[-87.51952,30.99759],[-87.48024,30.9982],[-87.47871,30.99821],[-87.46688,30.99818],[-87.46164,30.9982],[-87.45866,30.99839],[-87.4557,30.99832],[-87.44981,30.99827],[-87.43229,30.9982],[-87.42577,30.99809],[-87.36784,30.99829],[-87.36401,30.99822],[-87.35566,30.99824],[-87.33397,30.99827],[-87.31218,30.99844],[-87.30403,30.99819],[-87.30157,30.99843],[-87.29099,30.99835],[-87.26556,30.99827],[-87.25969,30.99817],[-87.25796,30.99826],[-87.257,30.99819],[-87.25498,30.99828],[-87.23768,30.99639],[-87.22475,30.99717],[-87.16261,30.99905],[-87.14075,30.99953],[-87.12497,30.9988],[-87.11887,30.99943],[-87.06863,30.99914],[-87.06406,30.99919],[-87.05374,30.99913],[-87.03999,30.99959],[-87.03637,30.99935],[-87.02711,30.99926],[-87.00436,30.99932],[-86.99848,30.99866],[-86.92781,30.9977],[-86.88814,30.99758],[-86.87299,30.99763],[-86.83193,30.99738],[-86.8305,30.9974],[-86.78592,30.99698],[-86.74524,30.99629],[-86.72839,30.99674],[-86.72729,30.99688],[-86.72538,30.99687],[-86.70626,30.9947],[-86.67838,30.99454],[-86.66468,30.99453],[-86.56759,30.99511],[-86.56344,30.99522],[-86.51994,30.99325],[-86.51283,30.9937],[-86.49995,30.99334],[-86.45832,30.994],[-86.4547,30.99379],[-86.40491,30.99405],[-86.39194,30.99417],[-86.38865,30.99418],[-86.37454,30.99447],[-86.36491,30.99445],[-86.3046,30.99403],[-86.28925,30.9938],[-86.25645,30.99385],[-86.23834,30.99437],[-86.18023,30.99401],[-86.1752,30.9938],[-86.16898,30.99371],[-86.16289,30.99368],[-86.11692,30.99292],[-86.05621,30.99313],[-86.05246,30.99325],[-86.03504,30.99332],[-85.99864,30.99287],[-85.89354,30.99347],[-85.74993,30.99484],[-85.74962,30.99529],[-85.49827,30.99693],[-85.24363,31.00088],[-85.15222,31.00083],[-85.15208,31.00089],[-85.14584,31.0007],[-85.05753,31.00059],[-85.05209,31.00059],[-85.03115,31.00065],[-85.02411,31.00068],[-85.0025,31.00068]]]]}}]}