{"type":"FeatureCollection","features":[{"type":"Feature","properties":{"part":"wall","base":0.0,"height":3.048},"geometry":{"type":"Polygon","coordinates":[[[-85.46671299,34.98297335],[-85.38496702,34.98298835],[-85.21785402,34.98567635],[-84.95562301,34.98783135],[-84.83179898,34.98800535],[-84.80918399,34.98757035],[-84.73102201,34.98808935],[-84.6249331,34.98797935],[-84.6214831,34.98833035],[-84.394903,34.98803135],[-84.321869,34.98840935],[-84.029954,34.98732235],[-83.74989299,34.98769235],[-83.61998665,34.98659336],[-83.62018665,34.99209234],[-83.54938102,34.99249335],[-83.32276804,34.99587535],[-83.11315001,35.00124535],[-83.10955648,35.00119834],[-83.10286552,34.99725777],[-83.10252233,34.99530371],[-83.1035897,34.99383958],[-83.09882979,34.99195601],[-83.09837923,34.99112298],[-83.09896696,34.99009972],[-83.1013403,34.98994269],[-83.10285707,34.9887077],[-83.10167479,34.98657921],[-83.10337717,34.98609181],[-83.10712191,34.98322678],[-83.10576386,34.98150273],[-83.10842883,34.97967738],[-83.11127423,34.9810011],[-83.11209529,34.97940094],[-83.11085316,34.97631463],[-83.1117954,34.9755326],[-83.11563062,34.97580962],[-83.11662079,34.97531454],[-83.11540005,34.9736369],[-83.12038558,34.96840533],[-83.12210833,34.96432894],[-83.12161863,34.96276692],[-83.1159274,34.96030883],[-83.11591939,34.95913964],[-83.12010733,34.95916764],[-83.12002642,34.95747855],[-83.11469159,34.9526567],[-83.1140191,34.95091142],[-83.1149222,34.95042629],[-83.11805072,34.95295572],[-83.12034648,34.95318469],[-83.12452832,34.95504262],[-83.12658582,34.95485975],[-83.1270332,34.95377825],[-83.1248528,34.95143082],[-83.12755371,34.94948188],[-83.12387569,34.94604779],[-83.12157308,34.94252539],[-83.11692715,34.94273539],[-83.11172304,34.93586291],[-83.11280041,34.93472146],[-83.11806393,34.93594935],[-83.11908579,34.93317674],[-83.12081964,34.9330466],[-83.12661786,34.9382618],[-83.12758966,34.93848952],[-83.13164356,34.93588223],[-83.13178831,34.9353372],[-83.12988324,34.93235109],[-83.13055269,34.93093113],[-83.14062044,34.92491368],[-83.14326137,34.92475463],[-83.15623481,34.93098236],[-83.15918522,34.92883251],[-83.15770338,34.9235091],[-83.15801737,34.92011723],[-83.1564453,34.91705808],[-83.15720684,34.91493258],[-83.16068373,34.91513469],[-83.16555854,34.91942452],[-83.16908587,34.91877583],[-83.17184962,34.9136483],[-83.17508615,34.91007472],[-83.18078442,34.90960578],[-83.18086941,34.90470745],[-83.1892772,34.89725375],[-83.19165062,34.89688353],[-83.19437376,34.89956469],[-83.19756933,34.89501573],[-83.19677319,34.89073196],[-83.19860212,34.89038341],[-83.19935932,34.89257],[-83.2030682,34.89385326],[-83.20478621,34.89075504],[-83.20101707,34.88478882],[-83.20625234,34.87967558],[-83.20997688,34.88004173],[-83.21199112,34.882365],[-83.21472399,34.88384147],[-83.21274809,34.88785827],[-83.21448457,34.88846839],[-83.21750439,34.88567349],[-83.21742038,34.88238026],[-83.21988523,34.88111033],[-83.21939631,34.87876869],[-83.21993929,34.87811149],[-83.22874369,34.87969857],[-83.23201652,34.87794266],[-83.23579421,34.87789365],[-83.2399288,34.87887455],[-83.2431239,34.87739144],[-83.24046182,34.87272405],[-83.23469967,34.87074331],[-83.23787554,34.86887621],[-83.2386077,34.86545047],[-83.24325137,34.86603168],[-83.24671792,34.86700028],[-83.2480523,34.86311711],[-83.24634107,34.8600247],[-83.24828081,34.8584559],[-83.24635921,34.8565333],[-83.24693189,34.85500547],[-83.25331709,34.85592136],[-83.25257437,34.85167992],[-83.25376009,34.84805775],[-83.24858935,34.84607347],[-83.25016222,34.84459571],[-83.25569013,34.84415164],[-83.26055549,34.84522294],[-83.26089148,34.84821886],[-83.26630506,34.84904249],[-83.2687655,34.84453852],[-83.27242408,34.83471865],[-83.26733834,34.83237277],[-83.26780342,34.82613561],[-83.26963619,34.82335997],[-83.26831607,34.82112476],[-83.27179614,34.8180418],[-83.27669031,34.81689253],[-83.28227313,34.82024302],[-83.28481305,34.82304194],[-83.28864985,34.82467143],[-83.29107523,34.82319242],[-83.28995322,34.81845839],[-83.29471438,34.8157303],[-83.29464537,34.81360111],[-83.29605116,34.81311249],[-83.30001295,34.81524645],[-83.2989899,34.81755058],[-83.30056861,34.81865967],[-83.30313023,34.81874363],[-83.3066611,34.81484987],[-83.30424392,34.81102516],[-83.29979542,34.81006305],[-83.2997594,34.80788081],[-83.30118058,34.8040073],[-83.30322216,34.80220679],[-83.31378042,34.79990995],[-83.31383341,34.79683228],[-83.32051634,34.79304431],[-83.32033332,34.79067904],[-83.32386452,34.78971099],[-83.32414837,34.78747912],[-83.32121122,34.77904068],[-83.3226601,34.7776218],[-83.31897516,34.77130891],[-83.3229806,34.76609465],[-83.31931845,34.7648706],[-83.32321066,34.76057936],[-83.31893691,34.75833149],[-83.31973897,34.75700673],[-83.32589603,34.75647273],[-83.32719231,34.75459676],[-83.32630716,34.75083812],[-83.33241849,34.74898802],[-83.33271646,34.74609831],[-83.33869045,34.74206832],[-83.3389635,34.73843465],[-83.34544356,34.73845165],[-83.34907364,34.73663211],[-83.35042452,34.73268846],[-83.35341438,34.72842366],[-83.35279641,34.71744521],[-83.34978652,34.70827456],[-83.34664702,34.70421991],[-83.34789904,34.70292886],[-83.35185097,34.70169688],[-83.3539082,34.69921881],[-83.35294176,34.69705705],[-83.34314612,34.69394816],[-83.34013269,34.69148381],[-83.33862947,34.68894943],[-83.33823228,34.6871866],[-83.342615,34.68299087],[-83.34137184,34.68135898],[-83.33889967,34.68004042],[-83.3302838,34.6813434],[-83.32533526,34.6795182],[-83.32146197,34.67754405],[-83.31852256,34.67477367],[-83.31686167,34.66987297],[-83.31439388,34.66894543],[-83.30891707,34.67027439],[-83.30464016,34.66956223],[-83.30147544,34.66658255],[-83.30121243,34.66326049],[-83.29318192,34.65429703],[-83.28468141,34.65019727],[-83.28208128,34.64969724],[-83.27942761,34.64787179],[-83.27851865,34.6453849],[-83.27088143,34.64159728],[-83.2622815,34.64029729],[-83.25447992,34.63709706],[-83.2517798,34.63379691],[-83.24767957,34.63089675],[-83.24647963,34.62689794],[-83.24066699,34.62450767],[-83.24347902,34.61819762],[-83.23820811,34.61574413],[-83.23133843,34.61118834],[-83.22724362,34.61113734],[-83.22333483,34.60955543],[-83.21640316,34.61101236],[-83.20883071,34.61070634],[-83.19907809,34.60799917],[-83.19697732,34.60599844],[-83.19737717,34.60319952],[-83.19517942,34.60339932],[-83.18647847,34.6065993],[-83.18077814,34.60749935],[-83.16967751,34.60739934],[-83.16427734,34.60439925],[-83.15995295,34.60346517],[-83.15907518,34.60219805],[-83.16068827,34.59947222],[-83.16427715,34.60089657],[-83.17007643,34.59959696],[-83.17027638,34.59239862],[-83.1682773,34.59099926],[-83.15887657,34.5895993],[-83.15457542,34.58819893],[-83.15454339,34.58693951],[-83.15777562,34.58379828],[-83.15917533,34.58099887],[-83.15867568,34.57900027],[-83.1536765,34.57870032],[-83.14317478,34.57339996],[-83.13987436,34.56799926],[-83.1405133,34.56238681],[-83.13337616,34.55950056],[-83.12967661,34.56170029],[-83.12717572,34.5620004],[-83.12289969,34.56012995],[-83.12205024,34.55802784],[-83.12425407,34.55499708],[-83.12189323,34.55233938],[-83.1172114,34.55254037],[-83.11024632,34.54705652],[-83.11050536,34.54510921],[-83.10861688,34.54154619],[-83.10496796,34.5409432],[-83.10344943,34.5386234],[-83.1028505,34.53257511],[-83.09685814,34.5315254],[-83.09256407,34.53294543],[-83.08485412,34.53096818],[-83.07793251,34.52476563],[-83.07778024,34.52406239],[-83.081778,34.52173495],[-83.0868595,34.51779733],[-83.0871872,34.51594002],[-83.07984113,34.51445521],[-83.07841353,34.51308463],[-83.07736851,34.50922458],[-83.07400382,34.50546692],[-83.06945018,34.50213218],[-83.06579603,34.50104244],[-83.05784308,34.50371242],[-83.05446203,34.50289117],[-83.05309936,34.50132439],[-83.05347438,34.49726113],[-83.05285855,34.49532664],[-83.05102429,34.49352737],[-83.04876646,34.49360037],[-83.0452428,34.49118392],[-83.04357884,34.48908696],[-83.03335973,34.48309148],[-83.02931483,34.48414845],[-83.01525932,34.47777922],[-82.9991947,34.47244835],[-82.99509168,34.47248433],[-82.99528062,34.47564836],[-82.99267205,34.47907312],[-82.97974582,34.48293948],[-82.97740096,34.48175505],[-82.97491655,34.47935162],[-82.96644898,34.48235212],[-82.96424159,34.48457251],[-82.9632411,34.4843642],[-82.95854709,34.47955519],[-82.95570598,34.47890239],[-82.94822935,34.4804931],[-82.94780747,34.48207465],[-82.94398779,34.48551626],[-82.93715501,34.48638336],[-82.93082224,34.48565027],[-82.92615543,34.48165243],[-82.92073662,34.48234028],[-82.91773665,34.48416927],[-82.90155061,34.48676543],[-82.89259243,34.48119132],[-82.88739707,34.48096031],[-82.88079134,34.4718863],[-82.88117229,34.46947957],[-82.87386773,34.46446787],[-82.87184495,34.46119022],[-82.86534427,34.46032027],[-82.85883507,34.45522033],[-82.8601223,34.4528399],[-82.85682553,34.44342257],[-82.85548144,34.44166145],[-82.85400947,34.42881867],[-82.84962464,34.4256788],[-82.84690417,34.4193787],[-82.84802635,34.41832853],[-82.84744442,34.4120493],[-82.84144838,34.3989722],[-82.84199539,34.3925031],[-82.84135549,34.39013549],[-82.8366715,34.38314251],[-82.83597341,34.38090922],[-82.83480443,34.36630238],[-82.83331579,34.36395295],[-82.82672749,34.36052632],[-82.82490437,34.36041431],[-82.81564043,34.35390936],[-82.81376889,34.35393636],[-82.81284864,34.3518318],[-82.79874917,34.34190518],[-82.79469979,34.34058105],[-82.79353748,34.33829544],[-82.79123336,34.33104807],[-82.79206235,34.32675912],[-82.79016546,34.32211436],[-82.78723748,34.31077848],[-82.7817664,34.30241334],[-82.78181039,34.29791744],[-82.77168681,34.28633191],[-82.76607436,34.28206733],[-82.76232812,34.28195332],[-82.7611068,34.28039991],[-82.7539128,34.27545292],[-82.74665406,34.26640699],[-82.7485333,34.26409971],[-82.74771049,34.26070153],[-82.74582342,34.25835644],[-82.74556543,34.2540665],[-82.74300239,34.25138146],[-82.74308641,34.24798151],[-82.74471837,34.24631055],[-82.74442842,34.24200428],[-82.74349043,34.23989531],[-82.74207935,34.22896168],[-82.74435231,34.22592473],[-82.74400149,34.22440752],[-82.74050344,34.22001246],[-82.74035437,34.21863183],[-82.74237836,34.21376587],[-82.74165145,34.20970941],[-82.73254247,34.19451944],[-82.73169639,34.1907351],[-82.73219139,34.18134704],[-82.73177143,34.17804034],[-82.7304136,34.17532768],[-82.72540762,34.16977469],[-82.7233105,34.16589549],[-82.71745756,34.15054663],[-82.71533186,34.14820396],[-82.70413917,34.14100816],[-82.69975755,34.13931931],[-82.69552994,34.13881635],[-82.69215169,34.13898737],[-82.69038503,34.1382941],[-82.6862891,34.13445517],[-82.67872919,34.1323942],[-82.67521875,34.12977987],[-82.66827548,34.11978448],[-82.66687749,34.11359155],[-82.66184987,34.10775499],[-82.66032071,34.1068979],[-82.65884773,34.10396293],[-82.65603193,34.10253203],[-82.65423205,34.10063515],[-82.64883008,34.09913016],[-82.64163952,34.09209062],[-82.64025733,34.08654085],[-82.64317764,34.08095026],[-82.64521847,34.07904541],[-82.64565936,34.0760462],[-82.64375757,34.07230662],[-82.64051682,34.06788396],[-82.63543661,34.06509139],[-82.63097163,34.06552939],[-82.62696183,34.06345798],[-82.62463977,34.0602619],[-82.62140455,34.05801874],[-82.62038246,34.05391739],[-82.61915366,34.0513168],[-82.61293064,34.04678579],[-82.61060959,34.04145867],[-82.60741285,34.03807195],[-82.60018308,34.03298611],[-82.59600691,34.03093102],[-82.59419048,34.02886654],[-82.59378737,34.02673595],[-82.5955324,34.02047885],[-82.5954954,34.01586528],[-82.5926725,34.01036848],[-82.58855056,33.99976863],[-82.58623284,33.99715195],[-82.58339321,33.99528719],[-82.57624687,33.99301008],[-82.57524725,33.99143311],[-82.57588064,33.98995221],[-82.57961165,33.9872592],[-82.58056939,33.98513977],[-82.58045741,33.98213327],[-82.57884957,33.97863163],[-82.57666777,33.97590088],[-82.56907568,33.96988781],[-82.56619942,33.96477135],[-82.56569842,33.95868226],[-82.56458054,33.95581057],[-82.55683379,33.94535392],[-82.55449625,33.94382022],[-82.54312793,33.94095039],[-82.5397705,33.94155229],[-82.53411135,33.94365234],[-82.52674084,33.94376635],[-82.52451437,33.94336126],[-82.51294891,33.93697001],[-82.5076387,33.93145679],[-82.5035826,33.92604866],[-82.49610763,33.9134597],[-82.49292785,33.90975496],[-82.48010994,33.90189802],[-82.46991194,33.89283902],[-82.45938987,33.88638697],[-82.45510388,33.88165098],[-82.44810825,33.8775442],[-82.44050221,33.87512419],[-82.4386429,33.87391999],[-82.43350187,33.86900796],[-82.42916312,33.86584514],[-82.42488756,33.86413432],[-82.42061811,33.86375137],[-82.4083531,33.86632137],[-82.40558454,33.86602531],[-82.40219605,33.86465711],[-82.39573407,33.85908913],[-82.39052627,33.8571632],[-82.38497211,33.85442912],[-82.3797699,33.85109699],[-82.37329994,33.84475103],[-82.36877925,33.8423112],[-82.3511843,33.83614222],[-82.34619805,33.8338301],[-82.33782801,33.82715707],[-82.32447886,33.82003399],[-82.32188578,33.81677789],[-82.31434866,33.8111118],[-82.31243474,33.80715597],[-82.30345306,33.80326411],[-82.30021167,33.8006278],[-82.29927842,33.79893934],[-82.29886239,33.79316598],[-82.29959938,33.7864831],[-82.29900754,33.78447563],[-82.29747798,33.78297507],[-82.2949838,33.78186943],[-82.29246801,33.78240739],[-82.28865131,33.78163625],[-82.28408588,33.77878198],[-82.2776799,33.772033],[-82.27044443,33.7679143],[-82.26771834,33.76765229],[-82.26501759,33.76574277],[-82.26404261,33.76284382],[-82.26004038,33.76043229],[-82.25559421,33.75987726],[-82.24747051,33.75259163],[-82.24540648,33.74292651],[-82.24324256,33.74011661],[-82.23909633,33.7308721],[-82.23949537,33.72932996],[-82.23875644,33.72520634],[-82.23730945,33.72189335],[-82.23575137,33.71438999],[-82.23719034,33.70788016],[-82.23539845,33.70438038],[-82.23457449,33.70021659],[-82.22568286,33.69143495],[-82.21864771,33.68629985],[-82.21316351,33.6772115],[-82.21082453,33.67060457],[-82.20980177,33.66927688],[-82.19984541,33.66175861],[-82.1997454,33.65761094],[-82.20118438,33.64689808],[-82.19658154,33.63058265],[-82.18913984,33.62372293],[-82.17985297,33.61594604],[-82.17617131,33.61377624],[-82.15833035,33.60971125],[-82.15628702,33.60863107],[-82.15335562,33.60631976],[-82.15105856,33.60095661],[-82.14881481,33.59809293],[-82.14287116,33.59427916],[-82.13352252,33.5905363],[-82.12908011,33.58992638],[-82.1258648,33.5907422],[-82.12038588,33.59488614],[-82.11580934,33.59659835],[-82.10937572,33.59658235],[-82.10623897,33.59563812],[-82.09881474,33.58635883],[-82.09635093,33.58407101],[-82.09412724,33.5827432],[-82.08748751,33.58061529],[-82.07310336,33.57751125],[-82.06903803,33.57538308],[-82.05772604,33.56677509],[-82.05494249,33.56538331],[-82.04895857,33.56487132],[-82.04633399,33.56383109],[-82.0373736,33.55466268],[-82.03489355,33.54915858],[-82.0330219,33.54645509],[-82.0282371,33.54493515],[-82.0234364,33.54073454],[-82.0234364,33.53793558],[-82.01983708,33.53503612],[-82.01153705,33.53173611],[-82.01003657,33.5304357],[-82.00763663,33.52333588],[-82.00133678,33.52013595],[-81.99193653,33.50443553],[-81.99038038,33.50075919],[-81.99093638,33.49423516],[-81.98933657,33.49003665],[-81.98593695,33.48653705],[-81.98063641,33.48403727],[-81.97353654,33.48263729],[-81.96703637,33.48063724],[-81.94173643,33.47003827],[-81.93413535,33.46833825],[-81.92943496,33.46583804],[-81.92633463,33.46293773],[-81.91943459,33.44909865],[-81.91481061,33.44349868],[-81.91353044,33.44127438],[-81.91312437,33.43833287],[-81.91428057,33.43529534],[-81.91697098,33.43259092],[-81.92071549,33.43098471],[-81.92832555,33.4299087],[-81.93079685,33.42903295],[-81.93230631,33.42658682],[-81.93174055,33.42450672],[-81.92489205,33.41930809],[-81.92106737,33.41742025],[-81.9107638,33.41503612],[-81.9096273,33.41260305],[-81.91049455,33.41031139],[-81.91236606,33.40808878],[-81.91775021,33.40719859],[-81.92127688,33.40859586],[-81.92386035,33.4104592],[-81.92476652,33.4124154],[-81.92945299,33.40775491],[-81.93138959,33.40695467],[-81.93476625,33.40679464],[-81.94078241,33.40874069],[-81.94314858,33.40903259],[-81.94489162,33.40796118],[-81.9456273,33.4058351],[-81.94447472,33.40367489],[-81.93810695,33.39993103],[-81.93508352,33.39724365],[-81.93085952,33.38007661],[-81.92483524,33.37414035],[-81.92573559,33.37113919],[-81.93063365,33.36816355],[-81.93463774,33.36893876],[-81.93963755,33.37253862],[-81.94373641,33.37233868],[-81.94633548,33.37063929],[-81.94673536,33.36734026],[-81.94473571,33.36404183],[-81.93531149,33.35678967],[-81.93481033,33.35375966],[-81.93983538,33.34774059],[-81.93973543,33.34494177],[-81.93723653,33.34364234],[-81.93273725,33.34354235],[-81.92681717,33.34528538],[-81.92345913,33.34489926],[-81.91927781,33.34033999],[-81.9149383,33.34374282],[-81.913026,33.34688731],[-81.91017353,33.34701237],[-81.90892853,33.34626878],[-81.90843529,33.34384156],[-81.91013622,33.34234073],[-81.91424225,33.34183773],[-81.9155106,33.34077727],[-81.91633553,33.33864144],[-81.91892738,33.33495966],[-81.91883544,33.33344273],[-81.90813517,33.32714257],[-81.9091356,33.32394117],[-81.91293569,33.32174112],[-81.91373504,33.32004252],[-81.91213676,33.31914348],[-81.9090927,33.31998422],[-81.90613159,33.32162074],[-81.90603859,33.32604267],[-81.90413331,33.32728685],[-81.90261466,33.33025815],[-81.90363876,33.33484259],[-81.90195398,33.33587768],[-81.90063368,33.33503085],[-81.89956663,33.33281775],[-81.8969354,33.33054255],[-81.8969354,33.32764149],[-81.89926926,33.32541663],[-81.89858661,33.32290593],[-81.8955368,33.32164342],[-81.89102255,33.32249247],[-81.88915914,33.32109241],[-81.89003561,33.31894226],[-81.89273532,33.3167425],[-81.89253554,33.31534404],[-81.89053721,33.31484446],[-81.8852373,33.31744441],[-81.88253473,33.31704418],[-81.88153428,33.31404284],[-81.88463516,33.30924303],[-81.88193549,33.30544349],[-81.88123566,33.30254421],[-81.87943784,33.30234445],[-81.8758373,33.30744379],[-81.86924772,33.31376935],[-81.86653517,33.31374434],[-81.86493449,33.31184354],[-81.86403438,33.30784305],[-81.86463436,33.30334322],[-81.86392811,33.30203761],[-81.8620611,33.30248314],[-81.86053728,33.30494385],[-81.85760131,33.30711483],[-81.85606512,33.30985316],[-81.85365151,33.31032748],[-81.85173208,33.30874612],[-81.84763481,33.30714402],[-81.84603417,33.30434291],[-81.84963427,33.29954378],[-81.84873402,33.29674299],[-81.85033675,33.29644248],[-81.85253686,33.29934263],[-81.86003519,33.29914267],[-81.86203434,33.29694361],[-81.86163437,33.29374386],[-81.86333425,33.2892442],[-81.86073497,33.28584515],[-81.8515829,33.28354538],[-81.84619046,33.28432645],[-81.84453445,33.28294461],[-81.84413445,33.27884454],[-81.83914441,33.2739005],[-81.83633665,33.27444626],[-81.83350104,33.27607361],[-81.83251831,33.2755567],[-81.83266345,33.27428945],[-81.83553437,33.27144454],[-81.83523439,33.26654489],[-81.83603431,33.26354517],[-81.83533499,33.26234632],[-81.83335258,33.26228737],[-81.83054045,33.26438246],[-81.82888587,33.26408017],[-81.82833425,33.26304502],[-81.82883469,33.26204415],[-81.8344079,33.25837636],[-81.83643733,33.25944411],[-81.83743741,33.26184432],[-81.83845487,33.26285078],[-81.8407997,33.26327575],[-81.84267028,33.26452114],[-81.843863,33.26661965],[-81.84690901,33.26659766],[-81.8481343,33.26454484],[-81.84633458,33.25844579],[-81.84473542,33.25744631],[-81.8415354,33.25724631],[-81.83983431,33.2561456],[-81.84003451,33.25464411],[-81.8451357,33.25254362],[-81.84982559,33.25291961],[-81.8525635,33.25140922],[-81.85293532,33.24874448],[-81.8486357,33.24504681],[-81.84653484,33.24174703],[-81.8379351,33.23834713],[-81.83173477,33.23354688],[-81.82793499,33.22874715],[-81.81963546,33.22664727],[-81.81173517,33.22384817],[-81.80923463,33.2221478],[-81.80813441,33.21944724],[-81.80793441,33.21374647],[-81.80648901,33.21212713],[-81.80393577,33.21134836],[-81.79823569,33.21164837],[-81.79023559,33.20844833],[-81.78453523,33.20814836],[-81.77893598,33.20984814],[-81.77753661,33.21134745],[-81.77763659,33.21534659],[-81.78103687,33.21984697],[-81.78013608,33.22114811],[-81.77773509,33.2218474],[-81.77403422,33.22114823],[-81.76793351,33.21634767],[-81.76723346,33.21274742],[-81.76530049,33.20950247],[-81.76353354,33.20364863],[-81.76163398,33.20174907],[-81.75823377,33.20024898],[-81.75693316,33.19784786],[-81.75953348,33.19474647],[-81.76063355,33.18924713],[-81.76283448,33.1882467],[-81.76593392,33.18784678],[-81.7677333,33.18464787],[-81.76693352,33.18204956],[-81.76493311,33.17954905],[-81.76613425,33.17784742],[-81.76863591,33.17844782],[-81.77173509,33.181546],[-81.77243305,33.18094874],[-81.76673326,33.17144908],[-81.76813328,33.16824903],[-81.76763372,33.16724991],[-81.76443355,33.16554982],[-81.7631335,33.1594496],[-81.75413384,33.15055093],[-81.75003412,33.14735115],[-81.74633375,33.14605102],[-81.74453369,33.14215089],[-81.72953299,33.13375105],[-81.72433278,33.12945188],[-81.72173292,33.12645204],[-81.71113305,33.1216521],[-81.70463337,33.11645136],[-81.69693374,33.11655235],[-81.67703228,33.11065122],[-81.67183225,33.1077522],[-81.65843216,33.10315317],[-81.64643216,33.09455317],[-81.64233265,33.09315334],[-81.63723215,33.09295335],[-81.63223227,33.09395333],[-81.61499373,33.09555238],[-81.61165612,33.09426014],[-81.60996363,33.09301078],[-81.60828427,33.08902192],[-81.60953168,33.08687621],[-81.61294139,33.08398045],[-81.61290141,33.08102478],[-81.61069598,33.07994755],[-81.60683699,33.08171808],[-81.60358837,33.08457874],[-81.60253518,33.08680815],[-81.6013192,33.08705054],[-81.59649931,33.07989322],[-81.59683353,33.07855834],[-81.59899007,33.07668087],[-81.60329633,33.07508915],[-81.60324145,33.07441967],[-81.6009474,33.07281633],[-81.59602411,33.07269433],[-81.59358544,33.06949777],[-81.59264657,33.06991083],[-81.59251853,33.07306368],[-81.59085521,33.07273723],[-81.58740934,33.06994434],[-81.58436027,33.06990334],[-81.58297312,33.06857524],[-81.5838023,33.0670209],[-81.58310192,33.06496173],[-81.57875011,33.06619639],[-81.57718542,33.06594011],[-81.57715838,33.06433418],[-81.58099167,33.06269649],[-81.58025115,33.06176335],[-81.57490968,33.06180036],[-81.57450316,33.06004811],[-81.57832955,33.05893529],[-81.57704336,33.05725166],[-81.57282843,33.05863763],[-81.57130698,33.05687295],[-81.57324074,33.05490319],[-81.57190465,33.0539885],[-81.56988996,33.05450242],[-81.56631134,33.05343153],[-81.56301806,33.05581029],[-81.56456723,33.0580381],[-81.56695057,33.05959632],[-81.56699164,33.06040175],[-81.56568733,33.0610504],[-81.56399105,33.06084525],[-81.55939749,33.05490452],[-81.55893634,33.05292086],[-81.56034289,33.05003473],[-81.56504228,33.0496927],[-81.56610564,33.04879209],[-81.56194719,33.04584519],[-81.55314586,33.04319739],[-81.55178686,33.04339124],[-81.54652269,33.04883943],[-81.54375718,33.04856027],[-81.54213355,33.04691964],[-81.54007954,33.04061361],[-81.53878807,33.03918619],[-81.53549825,33.03849044],[-81.53072041,33.04086536],[-81.5291411,33.04081332],[-81.52843635,33.03988233],[-81.52878438,33.03687209],[-81.52844954,33.03564668],[-81.522652,33.03079006],[-81.51963145,33.0291823],[-81.51323056,33.02854731],[-81.51124366,33.02778697],[-81.51058425,33.02580474],[-81.51168896,33.02450491],[-81.51402376,33.02366162],[-81.51759361,33.02398961],[-81.51907306,33.02319544],[-81.51838374,33.02158703],[-81.5160726,33.02083432],[-81.51371524,33.02057539],[-81.51133414,33.02146642],[-81.51028087,33.02123414],[-81.50821828,33.01751009],[-81.50891754,33.01566441],[-81.51156721,33.01228283],[-81.51068894,33.01031645],[-81.50821891,33.01052828],[-81.50740645,33.0115386],[-81.50568123,33.01597516],[-81.50405266,33.01625443],[-81.50202884,33.01511397],[-81.49976681,33.01225493],[-81.49663629,33.01022524],[-81.49225194,33.00934317],[-81.49141728,33.00807816],[-81.49189771,33.00669291],[-81.49875206,33.00506382],[-81.50022852,33.00345441],[-81.50062831,33.00195518],[-81.49982891,33.00065615],[-81.49273618,32.99910921],[-81.49119534,32.99782451],[-81.49145542,32.99543671],[-81.49225064,32.99350919],[-81.49613653,32.99091226],[-81.49641836,32.98961506],[-81.49599453,32.98829557],[-81.49432739,32.98626041],[-81.4943434,32.9850836],[-81.49550233,32.9835337],[-81.49473435,32.97899681],[-81.49783546,32.9730106],[-81.49982854,32.96381521],[-81.50136865,32.96291256],[-81.50502677,32.96355976],[-81.50756955,32.96559038],[-81.50784854,32.96885321],[-81.50883907,32.96936646],[-81.51080063,32.96852408],[-81.51134536,32.96672096],[-81.5100444,32.96097013],[-81.5100074,32.95732617],[-81.50860754,32.95255164],[-81.50401488,32.94809197],[-81.49944434,32.9449886],[-81.49956443,32.94372162],[-81.50271437,32.93868771],[-81.50242544,32.93535351],[-81.49982808,32.93261519],[-81.49509101,32.93159718],[-81.49206596,32.92782511],[-81.48960312,32.92704016],[-81.48319615,32.92180237],[-81.48443773,32.91882398],[-81.48725634,32.91785012],[-81.48704748,32.9147733],[-81.48129729,32.91458633],[-81.48000622,32.91344438],[-81.48144228,32.9088952],[-81.47918238,32.90563833],[-81.47937242,32.9023326],[-81.48086339,32.90021765],[-81.48081043,32.8986149],[-81.47553408,32.89672513],[-81.47214198,32.8938159],[-81.47065071,32.89504347],[-81.47161777,32.90000577],[-81.46897802,32.90108449],[-81.46592296,32.89989008],[-81.46406725,32.89781428],[-81.46465354,32.89599837],[-81.46827499,32.89227594],[-81.46593059,32.88945145],[-81.46710394,32.88899754],[-81.4717028,32.8904375],[-81.47709864,32.88746814],[-81.47944321,32.88108232],[-81.4759171,32.87764218],[-81.47037593,32.87626839],[-81.46804337,32.87667614],[-81.46713936,32.88060317],[-81.46505034,32.88089746],[-81.46187663,32.87755071],[-81.46055479,32.875162],[-81.45721265,32.87379736],[-81.45338876,32.87388138],[-81.4513653,32.86716484],[-81.45335937,32.86384672],[-81.45301537,32.85963575],[-81.45691542,32.85260367],[-81.45705938,32.85038918],[-81.4555566,32.84650616],[-81.46020992,32.84740041],[-81.46072,32.84603887],[-81.45402897,32.84420141],[-81.45174344,32.84476605],[-81.45120047,32.84792484],[-81.44486607,32.85096852],[-81.4426696,32.85010794],[-81.44227737,32.84858702],[-81.44288033,32.84584717],[-81.43994892,32.84036327],[-81.4375068,32.84016442],[-81.43480761,32.84353965],[-81.42647398,32.84077411],[-81.4216125,32.83517856],[-81.42061831,32.83122281],[-81.42182678,32.82926405],[-81.42367362,32.82830561],[-81.42810086,32.82868263],[-81.42994097,32.82824508],[-81.42952364,32.82714683],[-81.42248663,32.82289283],[-81.42195027,32.82146587],[-81.42304003,32.81974566],[-81.4269367,32.81970366],[-81.42795169,32.81937898],[-81.42823327,32.81858416],[-81.42709292,32.81687113],[-81.42435433,32.81618049],[-81.42058556,32.81865234],[-81.41858337,32.81868036],[-81.41798228,32.81819648],[-81.41849547,32.81566355],[-81.41975071,32.81373017],[-81.42377157,32.81051248],[-81.42597986,32.8110743],[-81.4263243,32.80992816],[-81.42224026,32.80312708],[-81.42273791,32.80198858],[-81.4268943,32.80223761],[-81.42828991,32.800832],[-81.42634551,32.7988796],[-81.42523266,32.79419124],[-81.42298018,32.79399937],[-81.41987759,32.79485881],[-81.41969832,32.79322631],[-81.42499799,32.79033294],[-81.42742346,32.78831938],[-81.42758228,32.786945],[-81.42236147,32.78574805],[-81.42223836,32.78398543],[-81.42392837,32.78272567],[-81.42629055,32.78265964],[-81.42997688,32.78523317],[-81.43123312,32.7841407],[-81.43007667,32.78177181],[-81.42685421,32.7794572],[-81.42333092,32.77851339],[-81.4161678,32.77979341],[-81.4147206,32.77920493],[-81.41445432,32.77814881],[-81.41735179,32.77333503],[-81.41860063,32.77273262],[-81.42258495,32.77299665],[-81.42985332,32.77212772],[-81.43208034,32.77054841],[-81.43193847,32.76891192],[-81.42911274,32.76790637],[-81.42201865,32.76836837],[-81.41709432,32.76608876],[-81.41735443,32.76333358],[-81.41889897,32.76113224],[-81.41776559,32.76022353],[-81.4166281,32.76053811],[-81.41401351,32.76452402],[-81.4118192,32.76312254],[-81.41403614,32.75542373],[-81.41226207,32.75469253],[-81.40956351,32.75603231],[-81.40799799,32.75615551],[-81.40836258,32.75468514],[-81.41156745,32.75311571],[-81.41371401,32.75283163],[-81.4167326,32.75327457],[-81.41848373,32.75218812],[-81.41983519,32.74979706],[-81.41860218,32.74799251],[-81.41066212,32.74931735],[-81.40586522,32.74914532],[-81.40501441,32.7482845],[-81.40493039,32.74555887],[-81.40574751,32.74254344],[-81.40760101,32.74033284],[-81.41266897,32.73908185],[-81.41387015,32.73747694],[-81.41159318,32.73385199],[-81.41251596,32.7324308],[-81.41467223,32.73207859],[-81.41703508,32.73308352],[-81.41854025,32.73258513],[-81.41827646,32.73092245],[-81.41675022,32.72876211],[-81.41781339,32.72658175],[-81.41776742,32.72507464],[-81.41559035,32.7235323],[-81.41007248,32.72309723],[-81.40998635,32.7218624],[-81.41091549,32.7212056],[-81.41876863,32.72184962],[-81.42033647,32.72105021],[-81.42045035,32.71984751],[-81.41575855,32.71588268],[-81.41511824,32.71366861],[-81.41667034,32.71228162],[-81.42003869,32.71242164],[-81.42119272,32.71197701],[-81.42215091,32.70974056],[-81.425926,32.71003557],[-81.42645602,32.70901745],[-81.42409725,32.70756059],[-81.42456049,32.70532843],[-81.42750313,32.70224181],[-81.42673398,32.70086835],[-81.42262355,32.70086235],[-81.42059471,32.69983492],[-81.41887977,32.69621305],[-81.4166497,32.69550734],[-81.4135758,32.69547333],[-81.4124019,32.69209664],[-81.41054668,32.69251302],[-81.41087669,32.69686112],[-81.40961697,32.69704752],[-81.40749058,32.69233265],[-81.40583033,32.69046137],[-81.40663228,32.68486373],[-81.40431995,32.68376305],[-81.4017895,32.68117558],[-81.40102735,32.67749388],[-81.4039124,32.67064177],[-81.4039114,32.66687765],[-81.39754241,32.66259165],[-81.39751239,32.66021232],[-81.40034177,32.65848647],[-81.40325529,32.65946298],[-81.40450613,32.66263858],[-81.40664504,32.66251371],[-81.40729836,32.66155969],[-81.40719143,32.66051932],[-81.4052719,32.65651832],[-81.39831344,32.65630833],[-81.39381664,32.65349183],[-81.39303123,32.65154281],[-81.39458781,32.64956907],[-81.40510839,32.6426887],[-81.41181527,32.6421547],[-81.4125512,32.64152262],[-81.41182573,32.63938415],[-81.40363313,32.63792622],[-81.40273292,32.63703102],[-81.40819626,32.63130562],[-81.41026086,32.63139069],[-81.41152444,32.63290638],[-81.41341215,32.63736671],[-81.41476055,32.63743863],[-81.41701291,32.63614599],[-81.41842937,32.63470354],[-81.41811443,32.62834965],[-81.41308551,32.6248037],[-81.41251336,32.62156688],[-81.41296426,32.62040114],[-81.41122094,32.61773118],[-81.4084403,32.61718825],[-81.40751558,32.61658378],[-81.40646255,32.61304269],[-81.39386371,32.60234082],[-81.38933675,32.59543688],[-81.3809982,32.58965319],[-81.37817297,32.58881942],[-81.37569504,32.58947514],[-81.37396294,32.59180927],[-81.37156969,32.59201938],[-81.3697558,32.591232],[-81.36887825,32.58975107],[-81.37028233,32.5866999],[-81.36981758,32.58504882],[-81.36838546,32.58422232],[-81.36449983,32.58403529],[-81.36359118,32.58179067],[-81.36710834,32.57860852],[-81.3669485,32.57702002],[-81.36520306,32.57657342],[-81.36293814,32.57730607],[-81.36016905,32.58177922],[-81.3577486,32.58212042],[-81.35411654,32.57991077],[-81.35369626,32.57791044],[-81.3578016,32.57518921],[-81.35831918,32.57363146],[-81.35479623,32.57107322],[-81.35076044,32.57016927],[-81.33624142,32.56424026],[-81.33318934,32.56350024],[-81.32860435,32.56109325],[-81.3218069,32.55954137],[-81.30523637,32.56151632],[-81.30059333,32.56284433],[-81.29795461,32.56302738],[-81.29558643,32.56181777],[-81.29547938,32.55907362],[-81.29795638,32.55582763],[-81.29786444,32.55409172],[-81.29669058,32.5533944],[-81.29482958,32.5535823],[-81.29176339,32.55532883],[-81.29116167,32.55721997],[-81.29311505,32.56239399],[-81.29128867,32.56274044],[-81.28957162,32.56174083],[-81.28846541,32.55845621],[-81.28834239,32.55591179],[-81.28996017,32.5521803],[-81.28887839,32.55116444],[-81.28646876,32.55147626],[-81.28472252,32.55294363],[-81.28424451,32.55602766],[-81.28327149,32.55678345],[-81.28132319,32.55646524],[-81.27923651,32.55459063],[-81.2787583,32.55233968],[-81.28103233,32.54967764],[-81.28072948,32.54763865],[-81.27905922,32.54631923],[-81.27573809,32.5456632],[-81.27495342,32.54482149],[-81.27480039,32.54114272],[-81.27624084,32.5385569],[-81.28004923,32.53749407],[-81.27990352,32.53659283],[-81.27417274,32.53377494],[-81.27242674,32.53042295],[-81.26602909,32.52731311],[-81.25288132,32.51833127],[-81.24955911,32.51785838],[-81.24686191,32.51855918],[-81.24479958,32.52053748],[-81.24311777,32.52023316],[-81.24191068,32.51717592],[-81.24019683,32.51636646],[-81.23737181,32.5171322],[-81.23545736,32.51854753],[-81.23341864,32.51796403],[-81.23214632,32.51333688],[-81.23295289,32.51168973],[-81.23670635,32.5114007],[-81.23840945,32.51019134],[-81.23868237,32.50698425],[-81.2376567,32.50511884],[-81.23425249,32.5027477],[-81.23358349,32.49848866],[-81.22499381,32.49188691],[-81.21681381,32.48280491],[-81.21191286,32.47899495],[-81.20002795,32.46798603],[-81.19482845,32.46508731],[-81.19153708,32.46481736],[-81.18864837,32.46531248],[-81.18695005,32.46356612],[-81.18860092,32.4612249],[-81.19372575,32.45967594],[-81.19455615,32.45777432],[-81.19161317,32.45518834],[-81.19224183,32.45363772],[-81.19429858,32.45352062],[-81.196363,32.45512716],[-81.19796634,32.45387746],[-81.19748332,32.44913925],[-81.19878336,32.44851828],[-81.2032866,32.45299152],[-81.20449482,32.45277783],[-81.20666423,32.44809312],[-81.20556004,32.44650129],[-81.20105411,32.4462243],[-81.19943337,32.44419337],[-81.19964246,32.44159122],[-81.20844117,32.43700137],[-81.20504636,32.42547903],[-81.20550529,32.42361231],[-81.19492977,32.41148987],[-81.1899087,32.4070668],[-81.18535668,32.40006377],[-81.17871157,32.39364567],[-81.17731435,32.38978308],[-81.17849247,32.38446854],[-81.18184279,32.37934858],[-81.1788581,32.37809113],[-81.17575676,32.37581288],[-81.17378879,32.37309892],[-81.16921578,32.37013691],[-81.16790427,32.36830419],[-81.16899468,32.36511798],[-81.17393127,32.36354511],[-81.17382252,32.36271104],[-81.1671224,32.36104201],[-81.1671224,32.35871867],[-81.16386226,32.35665122],[-81.1609966,32.35590605],[-81.16049636,32.35364393],[-81.16160622,32.35042033],[-81.16009545,32.34895352],[-81.15537049,32.35003451],[-81.15483838,32.34955751],[-81.15505142,32.34416442],[-81.1567374,32.34277561],[-81.15983109,32.34297359],[-81.16062025,32.3417489],[-81.15983089,32.33996536],[-81.15735754,32.34000134],[-81.15483949,32.34155237],[-81.15219531,32.3414444],[-81.15183647,32.34302371],[-81.1486735,32.34532342],[-81.14598271,32.34501944],[-81.14523414,32.34584387],[-81.14724959,32.34749242],[-81.14731962,32.35012784],[-81.14379389,32.35153053],[-81.14151067,32.35032489],[-81.13935167,32.3450809],[-81.13529583,32.34298998],[-81.13401215,32.34121042],[-81.12943376,32.34155345],[-81.12861437,32.33862307],[-81.12895455,32.33645094],[-81.13138109,32.33587382],[-81.13391465,32.33331325],[-81.13574971,32.33028016],[-81.13792411,32.3286616],[-81.13629277,32.32500008],[-81.13375255,32.32429257],[-81.13175811,32.32637103],[-81.1306463,32.32540846],[-81.13165037,32.3195051],[-81.12975033,32.31396899],[-81.13084658,32.3109813],[-81.13304992,32.3090109],[-81.13152218,32.30727833],[-81.12778056,32.30721736],[-81.12497785,32.30916085],[-81.12293155,32.30729567],[-81.12233139,32.30539515],[-81.12265441,32.29950875],[-81.12391535,32.2964109],[-81.12336049,32.29384454],[-81.12001742,32.28994046],[-81.11986538,32.28620245],[-81.12223822,32.28424076],[-81.12571925,32.28365475],[-81.12696346,32.28269736],[-81.12715936,32.28078627],[-81.12591673,32.27875687],[-81.12327435,32.27697561],[-81.1234235,32.27504967],[-81.12524845,32.27503365],[-81.12795417,32.2764645],[-81.1299989,32.27579491],[-81.13212446,32.27274655],[-81.13252952,32.27024515],[-81.13349052,32.26979421],[-81.13557778,32.27247055],[-81.14192326,32.27174084],[-81.14174552,32.27021508],[-81.13957428,32.26975724],[-81.13763758,32.26849378],[-81.13692828,32.26611476],[-81.13838892,32.26423292],[-81.14020575,32.26357663],[-81.14533533,32.26399159],[-81.14660041,32.26276549],[-81.14663739,32.26102342],[-81.14473026,32.25877326],[-81.14506062,32.25774912],[-81.14751677,32.25651105],[-81.14833218,32.25509808],[-81.14572813,32.25152301],[-81.14710591,32.2495629],[-81.15289321,32.24780581],[-81.15559367,32.24602117],[-81.15658534,32.24390988],[-81.15588149,32.24096951],[-81.15237781,32.23630094],[-81.14576979,32.23234393],[-81.14363226,32.22926617],[-81.14481161,32.22599321],[-81.14805917,32.22378083],[-81.15215021,32.22232153],[-81.15083538,32.22119739],[-81.1431386,32.22173238],[-81.13843376,32.21925694],[-81.1367154,32.21626731],[-81.1367254,32.21366956],[-81.13408302,32.21146108],[-81.12828184,32.20863499],[-81.12314847,32.20132946],[-81.12205959,32.19550215],[-81.11980216,32.19515739],[-81.11588983,32.1964435],[-81.11401435,32.19544872],[-81.11411545,32.19392116],[-81.11622948,32.19299771],[-81.12158238,32.19220187],[-81.12155241,32.19041589],[-81.11823247,32.18920191],[-81.11793238,32.18530079],[-81.11983245,32.18120163],[-81.12045023,32.17829366],[-81.11638105,32.17617061],[-81.11393066,32.17760525],[-81.11193259,32.17800347],[-81.11023226,32.17680053],[-81.11113055,32.17270218],[-81.11383951,32.17125766],[-81.11774918,32.17115762],[-81.11901124,32.17466778],[-81.12118843,32.17492157],[-81.12813265,32.16910123],[-81.12974417,32.16593317],[-81.128433,32.16440314],[-81.12313306,32.16290316],[-81.12203239,32.16180348],[-81.12213539,32.15730419],[-81.12111461,32.15450478],[-81.11796836,32.1523333],[-81.11429742,32.15202031],[-81.1122344,32.1508047],[-81.1122324,32.14930525],[-81.11623484,32.14720002],[-81.11833253,32.14440244],[-81.11913242,32.14210375],[-81.11994136,32.13399832],[-81.1161265,32.12867951],[-81.11524034,32.12550396],[-81.1172234,32.1198048],[-81.1172324,32.11760534],[-81.11536576,32.1147059],[-81.11113332,32.11200626],[-81.1089392,32.11162724],[-81.10670268,32.10969965],[-81.10332545,32.11113832],[-81.09497584,32.11182237],[-81.09124373,32.11088909],[-81.08948258,32.1062277],[-81.08697222,32.10396837],[-81.08826801,32.09993202],[-81.07430534,32.09738626],[-81.05955036,32.08862427],[-81.04354247,32.08610529],[-81.03812494,32.08373549],[-81.02626288,32.08813014],[-81.0216243,32.09168383],[-81.01735622,32.09878595],[-81.01101549,32.10205133],[-81.00430468,32.10236836],[-80.9995551,32.10043513],[-80.99213666,32.0949158],[-80.98684357,32.08411661],[-80.98350781,32.07954995],[-80.98054022,32.07783718],[-80.97191453,32.0746343],[-80.95956845,32.07285529],[-80.95387897,32.07014306],[-80.92508397,32.04194005],[-80.92102646,32.03999129],[-80.9076557,32.03815219],[-80.90667566,32.03479407],[-80.8907421,32.03073018],[-80.8759535,32.01675955],[-80.86620973,32.01937822],[-80.85911184,32.02369415],[-80.85505715,32.02546402],[-80.85272552,32.0287869],[-80.84345454,32.02364781],[-80.84091541,32.01162415],[-80.84037634,32.00304302],[-80.84191171,32.00264193],[-80.8472967,31.98754796],[-80.85842749,31.98426102],[-80.85941644,31.97381956],[-80.8628128,31.96934508],[-80.8818951,31.95668188],[-80.89768623,31.94906382],[-80.92135058,31.93873166],[-80.92800744,31.93853061],[-80.93028057,31.9567047],[-80.9325232,31.96192484],[-80.94274183,31.96373959],[-80.94939519,31.96132019],[-80.94848925,31.95722945],[-80.97239136,31.9412687],[-80.98433429,31.9401438],[-80.98362144,31.93167452],[-80.96849304,31.91582315],[-80.95446882,31.91176937],[-80.94135869,31.91298538],[-80.93014211,31.90807025],[-80.94729296,31.89620898],[-80.97143286,31.87794005],[-80.99268919,31.85763973],[-81.00031752,31.85674258],[-81.01447865,31.86747268],[-81.02840599,31.8681387],[-81.03140914,31.87292892],[-81.04154833,31.87619666],[-81.06525284,31.87709357],[-81.05859439,31.85781116],[-81.05906842,31.8501056],[-81.06278878,31.84473909],[-81.07617636,31.83613136],[-81.07581044,31.82903192],[-81.06728104,31.82612713],[-81.06211512,31.82107221],[-81.05231404,31.8190506],[-81.05094739,31.82238374],[-81.04794047,31.82488251],[-81.03980699,31.82300116],[-81.03472232,31.8164233],[-81.0359115,31.81036338],[-81.04636975,31.80086916],[-81.07037473,31.77137318],[-81.07916882,31.76268309],[-81.09509391,31.74914301],[-81.11196894,31.73721699],[-81.1306332,31.72269078],[-81.13844809,31.72093258],[-81.16067025,31.72814264],[-81.17404024,31.72748564],[-81.19278336,31.73324337],[-81.20356986,31.71944828],[-81.19528778,31.7138409],[-81.18630188,31.70151004],[-81.16108398,31.69140249],[-81.15462517,31.69387503],[-81.15188916,31.69841205],[-81.14936938,31.69930533],[-81.13939361,31.69991837],[-81.1311351,31.69577462],[-81.13560642,31.68349075],[-81.13640639,31.67483203],[-81.1345484,31.6619921],[-81.13397241,31.64095731],[-81.12884324,31.63143899],[-81.14996852,31.59347547],[-81.1603626,31.57043531],[-81.17186417,31.55896074],[-81.17875863,31.55815056],[-81.18256238,31.56179728],[-81.18790363,31.57276578],[-81.18724572,31.58005473],[-81.19558012,31.58042861],[-81.20320072,31.56971218],[-81.21606414,31.55841381],[-81.24069902,31.55231159],[-81.2542174,31.55593842],[-81.25920512,31.55033174],[-81.27653825,31.54846172],[-81.28970104,31.5372439],[-81.29825718,31.53350428],[-81.29518578,31.52153763],[-81.27631992,31.5252772],[-81.27105478,31.53107536],[-81.26343662,31.53093334],[-81.25880705,31.5290607],[-81.26387867,31.51584407],[-81.27765794,31.50951295],[-81.28230915,31.50440281],[-81.27873193,31.4975393],[-81.26772772,31.49700534],[-81.26289647,31.49578453],[-81.25144533,31.50570079],[-81.24375141,31.51889663],[-81.23668174,31.52919362],[-81.22854677,31.52698435],[-81.21794821,31.52728534],[-81.21351981,31.52815322],[-81.20419079,31.53607524],[-81.19825058,31.53703444],[-81.18656683,31.52918594],[-81.18076059,31.52245166],[-81.17872331,31.51820208],[-81.17934053,31.51629143],[-81.18964159,31.50358735],[-81.20488159,31.47312334],[-81.24690963,31.42278329],[-81.25861449,31.40442451],[-81.26180149,31.39356751],[-81.26861178,31.38300806],[-81.29426798,31.36859551],[-81.2904665,31.36149349],[-81.28595043,31.34972028],[-81.28292138,31.32649091],[-81.28761336,31.31053697],[-81.28286042,31.29063523],[-81.27953251,31.2717447],[-81.27123154,31.26589473],[-81.26955022,31.25874037],[-81.27686075,31.25473308],[-81.2828405,31.24432952],[-81.28913443,31.22548672],[-81.29046652,31.21769017],[-81.29569678,31.21504654],[-81.3030647,31.21687652],[-81.31589798,31.20915196],[-81.33110977,31.19695413],[-81.35487859,31.16720335],[-81.36078956,31.15590241],[-81.36581072,31.14794416],[-81.37588805,31.14033591],[-81.38774254,31.13443166],[-81.39967609,31.13411168],[-81.40952123,31.12061085],[-81.40373043,31.1071153],[-81.4012074,31.08614307],[-81.4012654,31.07278083],[-81.41512148,31.02671756],[-81.42047269,31.01670217],[-81.42473134,31.0136767],[-81.43247553,31.0129896],[-81.43471156,31.01464036],[-81.4349245,31.01780243],[-81.45144324,31.01551374],[-81.45779355,31.01025831],[-81.46096463,30.99914104],[-81.46929725,30.99602681],[-81.49058467,30.98495111],[-81.49364922,30.97752821],[-81.48696497,30.96960311],[-81.47578956,30.96597763],[-81.47232193,30.96990021],[-81.4668138,30.97091142],[-81.45356763,30.96557434],[-81.4480475,30.96551233],[-81.4473865,30.95673334],[-81.42693016,30.95661635],[-81.42010938,30.97407678],[-81.41582565,30.97719331],[-81.40848273,30.97771944],[-81.4034074,30.95791414],[-81.4040774,30.90373774],[-81.41247148,30.88575057],[-81.42857547,30.83633559],[-81.43083359,30.83115533],[-81.44012865,30.82136826],[-81.44692553,30.81038946],[-81.45528545,30.79092964],[-81.46005941,30.76991184],[-81.46106339,30.75368404],[-81.45946843,30.74197931],[-81.44970552,30.71968552],[-81.44412158,30.70971284],[-81.44871802,30.70935165],[-81.45997822,30.71043266],[-81.46446538,30.71104369],[-81.47259764,30.71331076],[-81.47575508,30.71475296],[-81.48378714,30.72389003],[-81.48733253,30.72607966],[-81.48953684,30.72609865],[-81.50721576,30.72293467],[-81.51611598,30.72223465],[-81.52141722,30.72253466],[-81.53115583,30.7242176],[-81.53336468,30.72343201],[-81.53424642,30.72096975],[-81.53451539,30.71793602],[-81.53381136,30.71205476],[-81.53514683,30.70970093],[-81.5383911,30.70865452],[-81.54159611,30.71006097],[-81.54468043,30.71396838],[-81.54609726,30.71702901],[-81.54930099,30.71829051],[-81.55256504,30.71697289],[-81.55614801,30.71374892],[-81.56070914,30.71168741],[-81.56346255,30.71342229],[-81.56379753,30.71774799],[-81.56841288,30.71897782],[-81.5714199,30.72163484],[-81.57371938,30.72233468],[-81.58681977,30.72373362],[-81.58929104,30.72283788],[-81.59384048,30.71847946],[-81.5971078,30.71932506],[-81.59609362,30.72461503],[-81.5964535,30.72724918],[-81.6008773,30.72944259],[-81.60429195,30.72893779],[-81.60601639,30.72621868],[-81.60582539,30.71968972],[-81.60761894,30.7163717],[-81.61065698,30.7162156],[-81.61304538,30.7204503],[-81.61506678,30.72268963],[-81.62113967,30.72253864],[-81.62354393,30.72467975],[-81.62112857,30.72883237],[-81.62082464,30.73161967],[-81.62436671,30.73633843],[-81.62832952,30.73539295],[-81.6291405,30.72872411],[-81.63069192,30.72809354],[-81.63284421,30.72876094],[-81.63504809,30.73327468],[-81.63805721,30.73336663],[-81.64191399,30.72892088],[-81.64613668,30.72758966],[-81.64902446,30.72749764],[-81.65313441,30.72979817],[-81.65409166,30.73309303],[-81.65150567,30.740677],[-81.65232938,30.74310015],[-81.65463211,30.74438345],[-81.6598859,30.74217854],[-81.66269033,30.74303897],[-81.66354576,30.74572834],[-81.65977575,30.74944135],[-81.6608364,30.75319212],[-81.66334505,30.75440047],[-81.66984356,30.75166768],[-81.67843446,30.75106869],[-81.68309421,30.74849138],[-81.68235563,30.74548607],[-81.67930625,30.74474646],[-81.67246767,30.74843678],[-81.66907344,30.74498653],[-81.66883637,30.74251375],[-81.67012277,30.74023404],[-81.6728239,30.73893349],[-81.68009132,30.74159865],[-81.68842656,30.74148064],[-81.69104842,30.74327923],[-81.69241434,30.74763599],[-81.69477795,30.74841254],[-81.702468,30.74543852],[-81.70911406,30.74797454],[-81.71992707,30.74463254],[-81.72930182,30.74825384],[-81.73284255,30.75048529],[-81.73295663,30.75201637],[-81.73135492,30.75400702],[-81.73234109,30.75529494],[-81.74199724,30.75907],[-81.74274572,30.76058797],[-81.7421424,30.76195371],[-81.74038874,30.76359939],[-81.7407544,30.76500608],[-81.74403848,30.7663947],[-81.75003841,30.76710969],[-81.7548798,30.76869982],[-81.75853029,30.77108214],[-81.76046833,30.77465322],[-81.76172079,30.77569676],[-81.76963674,30.77711458],[-81.77130012,30.77632335],[-81.77035424,30.7734817],[-81.77246651,30.77123942],[-81.77348127,30.76699639],[-81.77156725,30.76515837],[-81.77194766,30.76380992],[-81.78215045,30.76133949],[-81.78352475,30.76246456],[-81.78258674,30.7660726],[-81.78669913,30.76980195],[-81.78367795,30.77287913],[-81.79258427,30.78547616],[-81.79441714,30.78700222],[-81.79660644,30.7856193],[-81.79674844,30.78305419],[-81.79845351,30.78224922],[-81.80239916,30.78719604],[-81.80744948,30.79011764],[-81.81921242,30.78990966],[-81.82370188,30.78682935],[-81.82849123,30.78935453],[-81.83924321,30.78659854],[-81.84177613,30.78785249],[-81.83969301,30.79119667],[-81.84118529,30.79226744],[-81.84563813,30.7907195],[-81.85350841,30.79462664],[-81.86373868,30.79427366],[-81.86826345,30.79284842],[-81.87040861,30.79481849],[-81.87035462,30.79748215],[-81.87619038,30.79980366],[-81.88149327,30.79991568],[-81.88482039,30.81152811],[-81.88910014,30.81355899],[-81.89149663,30.81675165],[-81.89102263,30.82246971],[-81.89290686,30.82551147],[-81.89485144,30.82516554],[-81.90144318,30.82992036],[-81.90482192,30.82827497],[-81.90726828,30.82555468],[-81.90671651,30.82339057],[-81.90408932,30.82041036],[-81.90453156,30.81774196],[-81.91091593,30.81612361],[-81.91872817,30.81749165],[-81.92705044,30.81756766],[-81.93280918,30.82040902],[-81.93621152,30.82541652],[-81.93697735,30.82850987],[-81.93878766,30.82883456],[-81.94369479,30.82597949],[-81.94950062,30.82786543],[-81.95570398,30.82274995],[-81.9639262,30.8180994],[-81.96273741,30.81363618],[-81.96243935,30.80844024],[-81.96449904,30.80745139],[-81.96172134,30.80099311],[-81.96289656,30.79584616],[-81.96661982,30.79391403],[-81.96995346,30.78907555],[-81.97082544,30.78385563],[-81.97344074,30.77882707],[-81.97772178,30.77663453],[-81.9834237,30.77812277],[-81.9921001,30.782995],[-81.99497309,30.78607199],[-82.00475464,30.79138774],[-82.00805266,30.79205155],[-82.01250505,30.78933131],[-82.01586764,30.79158904],[-82.0187522,30.78800059],[-82.02197106,30.78823158],[-82.02375734,30.78526278],[-82.02326747,30.78269346],[-82.01795832,30.77494324],[-82.01844716,30.77275996],[-82.01515875,30.7719721],[-82.01137316,30.76259962],[-82.01886239,30.75657343],[-82.01883739,30.75459397],[-82.02373025,30.75350577],[-82.02714031,30.75112673],[-82.0318848,30.75047452],[-82.03480089,30.75444765],[-82.03677198,30.75443266],[-82.03866348,30.75108655],[-82.0396324,30.74772685],[-82.03941939,30.73719368],[-82.04479035,30.72848075],[-82.04445452,30.72615294],[-82.04003785,30.72458605],[-82.03915251,30.72317851],[-82.03756133,30.71864],[-82.03853428,30.71591813],[-82.03680242,30.71303335],[-82.03642437,30.70658462],[-82.04301226,30.69825677],[-82.04141835,30.69359206],[-82.04353949,30.68473346],[-82.05043028,30.67626572],[-82.04847147,30.66894741],[-82.04699238,30.66592623],[-82.04717742,30.66290358],[-82.04884145,30.66067755],[-82.04950534,30.65554839],[-82.04611287,30.65176798],[-82.04226967,30.64945285],[-82.03959345,30.64330936],[-82.03909037,30.64113201],[-82.03993933,30.63714421],[-82.03760766,30.63327175],[-82.03392569,30.62960378],[-82.02849748,30.62182948],[-82.02653938,30.61330306],[-82.02733635,30.6067263],[-82.02693989,30.60615407],[-82.01650203,30.60248512],[-82.0157066,30.6017047],[-82.01210746,30.59377338],[-82.00808942,30.57701824],[-82.00547534,30.5634948],[-82.01321448,30.55009055],[-82.01835941,30.53118381],[-82.01886638,30.52382819],[-82.01698858,30.51935867],[-82.01582449,30.51816658],[-82.01476839,30.51300908],[-82.01589042,30.49549861],[-82.01822032,30.49208475],[-82.0172954,30.48763814],[-82.01698039,30.4787789],[-82.01777748,30.4750805],[-82.02373247,30.46728851],[-82.02545543,30.45775475],[-82.0282105,30.44739549],[-82.03006269,30.44485222],[-82.03620151,30.4384594],[-82.03720734,30.43451809],[-82.03446242,30.42804828],[-82.03400337,30.42235666],[-82.0399695,30.41427948],[-82.04116242,30.40996578],[-82.04198839,30.403266],[-82.04116243,30.39684132],[-82.03586937,30.38528718],[-82.03682343,30.37788366],[-82.04074463,30.37015727],[-82.047916,30.36326392],[-82.05006844,30.36233673],[-82.06003369,30.36032668],[-82.06853284,30.35918266],[-82.08110611,30.35880465],[-82.09468766,30.36077973],[-82.10179982,30.36533547],[-82.10141774,30.36655573],[-82.10250096,30.36782181],[-82.10483412,30.36831764],[-82.11638478,30.36733366],[-82.14328165,30.36339168],[-82.15810832,30.35991176],[-82.16175663,30.35784959],[-82.17005465,30.35892772],[-82.17150912,30.35986803],[-82.1800193,30.36862421],[-82.18379851,30.37371149],[-82.18463434,30.37716379],[-82.18639381,30.37735362],[-82.18881418,30.3765945],[-82.19294168,30.3787783],[-82.19233765,30.38456961],[-82.19651836,30.38931528],[-82.20415252,30.40132953],[-82.21029261,30.42458988],[-82.20987158,30.43281843],[-82.20648747,30.43708157],[-82.20397662,30.44450712],[-82.20482458,30.45183975],[-82.20604144,30.45550634],[-82.20752358,30.45692747],[-82.20770961,30.46050318],[-82.20461548,30.46886853],[-82.20093962,30.47443833],[-82.20141758,30.48516359],[-82.20644631,30.49187622],[-82.21285323,30.49875014],[-82.21851506,30.50418598],[-82.22502716,30.50782903],[-82.22693442,30.51028037],[-82.23037868,30.51733889],[-82.22940064,30.52082303],[-82.23075348,30.52675733],[-82.23612429,30.53115418],[-82.24040467,30.53776976],[-82.23891349,30.54542666],[-82.2344396,30.54900358],[-82.2344286,30.5565935],[-82.22826607,30.56258102],[-82.22282642,30.56559638],[-82.21731545,30.56519139],[-82.2143868,30.56695857],[-82.21484029,30.56858973],[-82.37484412,30.57900266],[-82.56923711,30.59096366],[-83.13137013,30.62358166],[-83.15617013,30.62550266],[-83.4998761,30.64566966],[-83.6116671,30.65125366],[-83.8802201,30.66583066],[-84.24990008,30.68414365],[-84.28121008,30.68525465],[-84.37490507,30.68979265],[-84.47440909,30.69279165],[-84.53937011,30.69677366],[-84.64481509,30.70199065],[-84.83632407,30.71070765],[-84.86469409,30.71154068],[-84.86975338,30.72189629],[-84.87542209,30.72749],[-84.88382226,30.7325901],[-84.8852225,30.73499051],[-84.88752345,30.74179036],[-84.89612307,30.75058998],[-84.89762262,30.75138974],[-84.90022215,30.75188965],[-84.90312163,30.75178966],[-84.90632177,30.75058961],[-84.91112252,30.7511897],[-84.9135232,30.75229001],[-84.91432357,30.75359062],[-84.91502355,30.76119044],[-84.92012478,30.76598966],[-84.91802457,30.77209028],[-84.91742463,30.77588994],[-84.9180245,30.77808949],[-84.92672442,30.79018937],[-84.92832455,30.79308961],[-84.92902462,30.79729002],[-84.92792462,30.80279001],[-84.92832456,30.80508964],[-84.93092443,30.81048839],[-84.93682551,30.81848849],[-84.93742562,30.82088893],[-84.93574655,30.83396149],[-84.93232497,30.83809019],[-84.92695726,30.83919313],[-84.92566669,30.84268498],[-84.92782536,30.84788819],[-84.93322534,30.85148717],[-84.93662574,30.85898806],[-84.93532629,30.86128786],[-84.93252575,30.86318854],[-84.93312549,30.86588737],[-84.93932562,30.87148748],[-84.93922559,30.87488838],[-84.93432568,30.88188825],[-84.93490145,30.88452717],[-84.94252614,30.88848701],[-84.9496264,30.89738634],[-84.95232642,30.90228637],[-84.95612629,30.90758619],[-84.96672734,30.91728623],[-84.96942752,30.92198656],[-84.97102744,30.92818622],[-84.97522679,30.93078582],[-84.98062791,30.93268586],[-84.98312848,30.93478534],[-84.98362861,30.93698593],[-84.98302859,30.94258616],[-84.98222857,30.94688629],[-84.9796286,30.95468619],[-84.9796286,30.95898588],[-84.98012854,30.96128559],[-84.98252833,30.96558521],[-84.98482793,30.96748488],[-84.98802758,30.96878474],[-84.99762823,30.97118465],[-84.99992848,30.97118465],[-85.00402712,30.97346701],[-85.00510646,30.97470339],[-85.0059326,30.9770398],[-85.0059356,30.97980426],[-85.00254158,30.9868993],[-85.0018206,30.99788902],[-85.00190156,31.00067966],[-85.00250099,31.00068066],[-85.00136754,31.00504438],[-84.99962759,31.00907926],[-84.99942961,31.01384272],[-85.00006135,31.01498225],[-85.00455055,31.01917944],[-85.00505257,31.02470065],[-85.00941063,31.03237774],[-85.00855361,31.04282399],[-85.00881758,31.04557277],[-85.01139349,31.05354548],[-85.01264325,31.05540112],[-85.01814925,31.05925212],[-85.02857464,31.0745827],[-85.02833458,31.07685123],[-85.02606965,31.08418],[-85.02973749,31.09616248],[-85.03283347,31.10056945],[-85.03561644,31.10819136],[-85.03708009,31.10974998],[-85.04051397,31.11158192],[-85.05017878,31.11891478],[-85.05286776,31.11948777],[-85.05467834,31.1208172],[-85.06107354,31.1342246],[-85.06243153,31.13951758],[-85.06402937,31.14249428],[-85.07018229,31.14867919],[-85.07662924,31.15692614],[-85.07780187,31.15788783],[-85.08358235,31.15962867],[-85.09210661,31.16029169],[-85.10020848,31.16548925],[-85.10044862,31.16672699],[-85.0984276,31.17777008],[-85.09850859,31.18015258],[-85.10205309,31.18473294],[-85.1044242,31.18564859],[-85.10650368,31.18530351],[-85.10751757,31.18645052],[-85.10813461,31.19563706],[-85.10696454,31.20269345],[-85.10563229,31.20459582],[-85.09977129,31.20975182],[-85.0987056,31.21128636],[-85.0987086,31.21951118],[-85.09676465,31.22565101],[-85.09884548,31.23252343],[-85.10076639,31.23481232],[-85.10247348,31.23785948],[-85.10426153,31.24186859],[-85.10618353,31.24807659],[-85.10915044,31.25460839],[-85.11171245,31.25802141],[-85.11235356,31.25957967],[-85.11326264,31.26434309],[-85.1119846,31.2679872],[-85.1119066,31.27247682],[-85.11254744,31.27437734],[-85.11454958,31.27630147],[-85.11460262,31.27733333],[-85.11276324,31.28003788],[-85.11030974,31.28173423],[-85.09910786,31.2841662],[-85.09316132,31.28968878],[-85.08977553,31.29502646],[-85.0876966,31.30405315],[-85.08740559,31.31122334],[-85.0844705,31.31619449],[-85.08377761,31.31821017],[-85.08415359,31.32831257],[-85.0889845,31.33429146],[-85.08941271,31.33603329],[-85.08781147,31.33798157],[-85.08706458,31.34031725],[-85.0858656,31.35019006],[-85.08591959,31.35314544],[-85.08741367,31.35442665],[-85.09099073,31.35442665],[-85.09179243,31.35520633],[-85.09262061,31.35747383],[-85.09216858,31.36457632],[-85.08691148,31.37447451],[-85.08243255,31.38454036],[-85.08040452,31.39393249],[-85.07864246,31.39636057],[-85.07762759,31.39888026],[-85.07738861,31.40284384],[-85.07997963,31.41047188],[-85.07981955,31.41173244],[-85.07674755,31.41597145],[-85.07552455,31.42476141],[-85.0739793,31.42717981],[-85.07268952,31.42827947],[-85.06908325,31.42762042],[-85.06697123,31.42859497],[-85.06587659,31.43058632],[-85.0655556,31.43954295],[-85.06595659,31.44297884],[-85.06670456,31.44728568],[-85.06926957,31.45347169],[-85.07162263,31.46838412],[-85.06568844,31.48412264],[-85.06210643,31.48801764],[-85.05892449,31.49598951],[-85.05295243,31.50651861],[-85.04844636,31.51368473],[-85.04564341,31.51681366],[-85.04498756,31.51823034],[-85.04455769,31.52090756],[-85.04765047,31.52375035],[-85.04826466,31.52601207],[-85.04719747,31.52867154],[-85.04298446,31.53520057],[-85.04181456,31.53775434],[-85.04130662,31.540987],[-85.04188256,31.54468363],[-85.04254835,31.54595224],[-85.04569927,31.54870616],[-85.05083944,31.5555504],[-85.05187455,31.55787064],[-85.05293253,31.56288955],[-85.05796164,31.57083972],[-85.05772057,31.57306238],[-85.05528563,31.57709228],[-85.05541857,31.57869563],[-85.05844161,31.58368969],[-85.0581106,31.59334314],[-85.05640659,31.60096318],[-85.05597765,31.60517761],[-85.05731496,31.60671182],[-85.05969695,31.60726082],[-85.06055362,31.60822357],[-85.06041959,31.61127136],[-85.05833149,31.61454651],[-85.0575286,31.61688321],[-85.05747461,31.61862378],[-85.05817042,31.62022634],[-85.05953505,31.62171594],[-85.06762889,31.62526587],[-85.07383018,31.62956607],[-85.0800301,31.63686598],[-85.0845044,31.63902512],[-85.08536662,31.6421859],[-85.08517458,31.64410131],[-85.08226824,31.65036702],[-85.07851467,31.65168587],[-85.07863358,31.65330862],[-85.07992612,31.65528592],[-85.08782967,31.65786477],[-85.09243004,31.65996494],[-85.10943142,31.67746433],[-85.11263145,31.6851644],[-85.11393115,31.68686402],[-85.12233111,31.69126399],[-85.12553156,31.69496452],[-85.1268316,31.70896497],[-85.12653159,31.71676423],[-85.12573144,31.71886463],[-85.12223144,31.72276463],[-85.11913158,31.73096427],[-85.11893162,31.73266388],[-85.12393151,31.74756353],[-85.12663148,31.75246249],[-85.12923274,31.7586631],[-85.12563155,31.76446341],[-85.12523165,31.76706276],[-85.12633129,31.76886217],[-85.14043228,31.77966215],[-85.14193286,31.78196305],[-85.13713229,31.78836381],[-85.13293248,31.79236363],[-85.13223262,31.79516205],[-85.1328326,31.7988619],[-85.1329326,31.80806215],[-85.13153259,31.81306218],[-85.13133261,31.81756179],[-85.13431677,31.82460817],[-85.1326217,31.82683326],[-85.13308444,31.82866523],[-85.13593214,31.83046104],[-85.1392324,31.83416032],[-85.14183268,31.83926088],[-85.14133248,31.84106161],[-85.13833244,31.84416164],[-85.13773261,31.84586116],[-85.13803258,31.85126167],[-85.14023254,31.85526058],[-85.14073266,31.85746113],[-85.14013234,31.85876181],[-85.13743217,31.86066193],[-85.13583248,31.86246158],[-85.1337325,31.87006154],[-85.12883248,31.87636056],[-85.1284326,31.87756019],[-85.1284326,31.87965982],[-85.12933251,31.88245954],[-85.13163241,31.88675936],[-85.13373248,31.88955945],[-85.13433265,31.89145998],[-85.13413244,31.89216073],[-85.13293162,31.89306134],[-85.12113092,31.89326135],[-85.11703106,31.89286136],[-85.11403171,31.89336126],[-85.11203125,31.89476088],[-85.11063168,31.89686024],[-85.11155967,31.90125421],[-85.10977661,31.90414332],[-85.10983159,31.90805931],[-85.11273247,31.90985824],[-85.11313274,31.91185959],[-85.10913086,31.91436014],[-85.10243109,31.91736004],[-85.10133152,31.91865953],[-85.10023154,31.92405942],[-85.0995313,31.92525982],[-85.09823091,31.92626013],[-85.0918311,31.92886005],[-85.08643125,31.93595986],[-85.08473097,31.93736008],[-85.0789316,31.94015978],[-85.0789316,31.94145855],[-85.08243145,31.94535738],[-85.08683162,31.95775784],[-85.08673158,31.95915837],[-85.08573126,31.96075887],[-85.08323071,31.96245925],[-85.07393052,31.96415928],[-85.07023088,31.96565914],[-85.06783033,31.96735882],[-85.0659306,31.97115827],[-85.0659306,31.97245778],[-85.06683044,31.97475738],[-85.06993148,31.97835742],[-85.07093169,31.98165811],[-85.06833159,31.9867573],[-85.06803159,31.99335724],[-85.06454548,32.00248954],[-85.06344227,32.00414084],[-85.05507636,32.01071477],[-85.05381666,32.01350211],[-85.05476965,32.01740705],[-85.05367026,32.02066321],[-85.05014111,32.02109323],[-85.04931191,32.02269368],[-85.05625457,32.0283354],[-85.05646561,32.03181917],[-85.05462862,32.03669415],[-85.05484059,32.03881379],[-85.05533449,32.04057943],[-85.05803149,32.04375543],[-85.05883165,32.04665601],[-85.05663159,32.05415519],[-85.05643161,32.0580549],[-85.05683164,32.05975505],[-85.05418059,32.0679852],[-85.05408561,32.07020971],[-85.05549255,32.0726566],[-85.05581464,32.07443913],[-85.0532334,32.0806047],[-85.051162,32.08252808],[-85.04707819,32.084348],[-85.04551276,32.08686708],[-85.04955152,32.09536156],[-85.05377856,32.10768369],[-85.05504656,32.11367069],[-85.0591815,32.12515253],[-85.06154155,32.12967262],[-85.06206166,32.13248621],[-85.06114532,32.1340658],[-85.05875001,32.13601906],[-85.04786598,32.14203407],[-85.04559418,32.14375892],[-85.03399033,32.15634875],[-85.03033735,32.16172773],[-85.02658424,32.16610486],[-85.01464929,32.17688281],[-85.01306625,32.17911286],[-85.01126797,32.18049408],[-85.00853165,32.18190425],[-84.99592949,32.18485329],[-84.97372858,32.19155326],[-84.96682875,32.1939532],[-84.96462913,32.19515299],[-84.96172978,32.19865021],[-84.96322934,32.20224915],[-84.96692851,32.20444965],[-84.96942771,32.20444965],[-84.97232775,32.20354864],[-84.97462863,32.20364968],[-84.9802306,32.20775039],[-84.9802306,32.21005132],[-84.97873032,32.21255079],[-84.97212885,32.2182522],[-84.96742802,32.21935239],[-84.96142776,32.21805234],[-84.95632805,32.21785235],[-84.94945104,32.21851235],[-84.93932806,32.21795235],[-84.93012748,32.2190523],[-84.92822783,32.21985216],[-84.92542818,32.22155195],[-84.92292865,32.22475134],[-84.92352863,32.22975118],[-84.92262841,32.23175166],[-84.92062813,32.23395198],[-84.91632829,32.23655188],[-84.91272879,32.24334993],[-84.91392807,32.24514886],[-84.91722669,32.24594852],[-84.92032664,32.24404855],[-84.92302787,32.24454778],[-84.92412857,32.24564847],[-84.92442865,32.24979758],[-84.92301533,32.25082354],[-84.91732662,32.24905032],[-84.91009814,32.24833437],[-84.90722769,32.24905123],[-84.90408835,32.25083886],[-84.90145529,32.257425],[-84.89813927,32.25860937],[-84.89229623,32.25827336],[-84.88917555,32.25923296],[-84.88908163,32.26091054],[-84.89396017,32.26584507],[-84.90402394,32.27374789],[-84.91112791,32.27694788],[-84.92287319,32.28533208],[-84.93380111,32.29825899],[-84.93868073,32.3007068],[-84.98951452,32.31931472],[-85.00187498,32.32201382],[-85.00710455,32.32836152],[-85.00809763,32.33667716],[-85.00458338,32.34519676],[-84.98677922,32.35905888],[-84.98346755,32.36318647],[-84.98324366,32.36512157],[-84.98517241,32.36706132],[-84.98629974,32.36966607],[-84.98409112,32.37352314],[-84.98028204,32.37438739],[-84.97727406,32.37384339],[-84.97433103,32.37457915],[-84.97196393,32.37769796],[-84.97381892,32.37987177],[-84.97935409,32.38070364],[-84.98628295,32.3803346],[-84.98855575,32.38408092],[-84.98597936,32.38966577],[-84.98338644,32.39176252],[-84.97836202,32.39049841],[-84.97639416,32.39102637],[-84.97177318,32.39060037],[-84.96873162,32.39145796],[-84.96876358,32.39300817],[-84.97388294,32.39521589],[-84.97989938,32.40009624],[-84.98109964,32.40283286],[-84.97943247,32.41224481],[-84.97183096,32.41624508],[-84.96343147,32.42254471],[-84.96303165,32.42424393],[-84.96703249,32.43534248],[-84.97183209,32.44284186],[-84.98383165,32.44564175],[-84.99353217,32.45074203],[-84.99533249,32.45324247],[-84.9980326,32.46174281],[-84.99823261,32.46984229],[-84.99523259,32.47524232],[-84.99483261,32.48604185],[-84.99673347,32.49234141],[-84.99833366,32.49414162],[-84.99750664,32.50072773],[-84.99983355,32.50434057],[-85.00153355,32.51474059],[-85.0071013,32.52386717],[-85.0083968,32.52487479],[-85.01378919,32.52610688],[-85.01619237,32.53112626],[-85.02023843,32.53474731],[-85.02204657,32.54004372],[-85.02251045,32.54292197],[-85.03207224,32.54542791],[-85.03484235,32.55199517],[-85.04055609,32.55564301],[-85.05692737,32.57124127],[-85.05967322,32.57674097],[-85.06753617,32.57954495],[-85.07640047,32.59466447],[-85.08028958,32.60357672],[-85.08076959,32.61015182],[-85.0822415,32.61626343],[-85.08361705,32.61779894],[-85.08536101,32.61853492],[-85.08729541,32.62046931],[-85.08944269,32.62542897],[-85.08853538,32.62787479],[-85.08472523,32.63047289],[-85.08236682,32.63383405],[-85.08363583,32.63597138],[-85.09133588,32.63403462],[-85.09659764,32.63466572],[-85.10038925,32.63711711],[-85.10533891,32.64483514],[-85.10033814,32.65013596],[-85.09633687,32.65283614],[-85.0897372,32.655636],[-85.08848474,32.65775809],[-85.0935374,32.6697333],[-85.104038,32.67963292],[-85.11263804,32.68343294],[-85.11473844,32.68563336],[-85.11703856,32.6920327],[-85.11928061,32.70396592],[-85.11900162,32.71005668],[-85.12273969,32.71572679],[-85.12083948,32.72293261],[-85.1150394,32.72883169],[-85.11316862,32.73281323],[-85.11333058,32.73575064],[-85.11479628,32.73810315],[-85.11855072,32.74081574],[-85.12409245,32.7416927],[-85.13219693,32.74440986],[-85.13658537,32.74843627],[-85.14256876,32.76068207],[-85.13738321,32.76906896],[-85.13439018,32.77057848],[-85.13088413,32.76956346],[-85.12219123,32.77335355],[-85.12622,32.77918776],[-85.12993479,32.77964774],[-85.13467385,32.78390379],[-85.13928635,32.7849199],[-85.14055951,32.78970053],[-85.14190384,32.79181947],[-85.14577127,32.79111357],[-85.15191404,32.79410295],[-85.16213828,32.80423619],[-85.16794073,32.81161176],[-85.16607951,32.81763145],[-85.16410575,32.82128002],[-85.16801776,32.82920306],[-85.16465231,32.8347918],[-85.16058093,32.83825013],[-85.15743246,32.8394403],[-85.15458509,32.83980622],[-85.15390656,32.84101837],[-85.15338963,32.84486489],[-85.15425649,32.84747548],[-85.15588537,32.8499173],[-85.15984218,32.85494406],[-85.1623104,32.85647757],[-85.16431737,32.85618172],[-85.16675979,32.85473907],[-85.16806297,32.85286181],[-85.17009902,32.85249562],[-85.17712768,32.85389375],[-85.17935416,32.85526804],[-85.1844015,32.86131646],[-85.1848896,32.86335486],[-85.1849156,32.86894427],[-85.1841334,32.87052366],[-85.18474135,32.87052566],[-85.18874258,32.88972677],[-85.23237958,33.10807678],[-85.30444058,33.48288378],[-85.35740358,33.75010378],[-85.37742758,33.85604678],[-85.40591956,34.00009969],[-85.40674956,34.00231369],[-85.42822359,34.11439683],[-85.42947159,34.12509582],[-85.47045158,34.32823876],[-85.51393158,34.52519178],[-85.51707558,34.54259778],[-85.52726258,34.58868277],[-85.53432858,34.62508177],[-85.56141758,34.75007877],[-85.58314658,34.86037078],[-85.59516458,34.9241708],[-85.59878259,34.94491485],[-85.59938659,34.95176585],[-85.60516686,34.98467937],[-85.46671299,34.98297335]],[[-85.59938341,34.95176615],[-85.59877941,34.94491515],[-85.59516142,34.9241712],[-85.58314342,34.86037122],[-85.56141442,34.75007923],[-85.53432542,34.62508223],[-85.52725942,34.58868323],[-85.51707242,34.54259822],[-85.51392842,34.52519222],[-85.47044842,34.32823924],[-85.42946841,34.12509618],[-85.42822041,34.11439717],[-85.40674644,34.00231431],[-85.40591644,34.00010031],[-85.37742442,33.85604722],[-85.35740042,33.75010422],[-85.30443742,33.48288422],[-85.23237642,33.10807722],[-85.18873942,32.88972723],[-85.18473865,32.87052834],[-85.1841286,32.87052634],[-85.1849124,32.86894373],[-85.1848864,32.86335514],[-85.1843985,32.86131754],[-85.17935184,32.85526996],[-85.17712632,32.85389625],[-85.17009898,32.85249838],[-85.16806503,32.85286419],[-85.16676221,32.85474093],[-85.16431863,32.85618428],[-85.1623096,32.85648043],[-85.15983982,32.85494594],[-85.15588263,32.8499187],[-85.15425351,32.84747652],[-85.15338637,32.84486511],[-85.15390344,32.84101763],[-85.15458291,32.83980378],[-85.15743154,32.8394377],[-85.16057907,32.83824787],[-85.16464969,32.8347902],[-85.16801424,32.82920294],[-85.16410225,32.82127998],[-85.16607649,32.81763055],[-85.16793727,32.81161224],[-85.16213572,32.80423781],[-85.15191196,32.79410505],[-85.14577073,32.79111643],[-85.14190216,32.79182253],[-85.14055649,32.78970147],[-85.13928365,32.7849221],[-85.13467215,32.78390621],[-85.12993321,32.77965026],[-85.126218,32.77919024],[-85.12218677,32.77335245],[-85.13088387,32.76956054],[-85.13438982,32.77057552],[-85.13738079,32.76906704],[-85.14256524,32.76068193],[-85.13658263,32.74843773],[-85.13219507,32.74441214],[-85.12409155,32.7416953],[-85.11854928,32.74081826],[-85.11479372,32.73810485],[-85.11332742,32.73575136],[-85.11316538,32.73281277],[-85.1150366,32.72883031],[-85.12083652,32.72293139],[-85.12273631,32.71572721],[-85.11899838,32.71005732],[-85.11927739,32.70396608],[-85.11703544,32.6920333],[-85.11473556,32.68563464],[-85.11263596,32.68343506],[-85.104036,32.67963508],[-85.0935346,32.6697347],[-85.08848126,32.65775791],[-85.0897348,32.655634],[-85.09633513,32.65283386],[-85.10033586,32.65013404],[-85.10533509,32.64483486],[-85.10038675,32.63711889],[-85.09659636,32.63466828],[-85.09133612,32.63403738],[-85.08363417,32.63597462],[-85.08236318,32.63383395],[-85.08472277,32.63047111],[-85.08853262,32.62787321],[-85.08943931,32.62542903],[-85.08729259,32.62047069],[-85.08535899,32.61853708],[-85.08361495,32.61780106],[-85.0822385,32.61626457],[-85.08076641,32.61015218],[-85.08028642,32.60357728],[-85.07639753,32.59466553],[-85.06753383,32.57954705],[-85.05967078,32.57674303],[-85.05692463,32.57124273],[-85.04055391,32.55564499],[-85.03483965,32.55199683],[-85.03206976,32.54543009],[-85.02250755,32.54292403],[-85.02204343,32.54004428],[-85.02023557,32.53474869],[-85.01618963,32.53112774],[-85.01378681,32.52610912],[-85.0083952,32.52487721],[-85.0070987,32.52386883],[-85.00153045,32.51474141],[-84.99983045,32.50434143],[-84.99750336,32.50072827],[-84.99833034,32.49414238],[-84.99673053,32.49234259],[-84.99482939,32.48604215],[-84.99522941,32.47524168],[-84.99822939,32.46984171],[-84.9980294,32.46174319],[-84.99532951,32.45324353],[-84.99352983,32.45074397],[-84.98383035,32.44564425],[-84.97182991,32.44284414],[-84.96702951,32.43534352],[-84.96302835,32.42424407],[-84.96342853,32.42254329],[-84.97182904,32.41624292],[-84.97942953,32.41224319],[-84.98109636,32.40283314],[-84.97989662,32.40009776],[-84.97388106,32.39521811],[-84.96876042,32.39300983],[-84.96872838,32.39145604],[-84.97177282,32.39059763],[-84.97639384,32.39102363],[-84.97836198,32.39049559],[-84.98338556,32.39175948],[-84.98597664,32.38966423],[-84.98855225,32.38408108],[-84.98628105,32.3803374],[-84.97935391,32.38070636],[-84.97381708,32.37987423],[-84.97196007,32.37769804],[-84.97432897,32.37457685],[-84.97727394,32.37384061],[-84.98028196,32.37438461],[-84.98408888,32.37352086],[-84.98629626,32.36966593],[-84.98516959,32.36706268],[-84.98324034,32.36512243],[-84.98346445,32.36318553],[-84.98677678,32.35905712],[-85.00458062,32.34519524],[-85.00809437,32.33667684],[-85.00710145,32.32836248],[-85.00187302,32.32201618],[-84.98951348,32.31931728],[-84.93867927,32.3007092],[-84.93379889,32.29826101],[-84.92287081,32.28533392],[-84.91112609,32.27695012],[-84.90402206,32.27375011],[-84.89395783,32.26584693],[-84.88907837,32.26091146],[-84.88917245,32.25923104],[-84.89229577,32.25827064],[-84.89813873,32.25860663],[-84.90145271,32.257423],[-84.90408565,32.25083714],[-84.90722631,32.24904877],[-84.91009786,32.24833163],[-84.91732738,32.24904768],[-84.92301467,32.25082046],[-84.92442535,32.24979642],[-84.92412543,32.24564953],[-84.92302613,32.24455022],[-84.92032736,32.24405145],[-84.91722731,32.24595148],[-84.91392593,32.24515114],[-84.91272521,32.24335007],[-84.91632571,32.23655012],[-84.92062587,32.23395002],[-84.92262559,32.23175034],[-84.92352537,32.22975082],[-84.92292535,32.22475066],[-84.92542582,32.22155005],[-84.92822617,32.21984984],[-84.93012652,32.2190497],[-84.93932794,32.21794965],[-84.94945096,32.21850965],[-84.95632795,32.21784965],[-84.96142824,32.21804966],[-84.96742798,32.21934961],[-84.97212715,32.2182498],[-84.97872768,32.21254921],[-84.9802274,32.21005068],[-84.9802274,32.20775161],[-84.97462737,32.20365232],[-84.97232825,32.20355136],[-84.96942829,32.20445235],[-84.96692749,32.20445235],[-84.96322666,32.20225085],[-84.96172622,32.19864979],[-84.96462687,32.19515101],[-84.96682725,32.1939508],[-84.97372742,32.19155074],[-84.99592851,32.18485071],[-85.00853035,32.18190175],[-85.01126603,32.18049192],[-85.01306375,32.17911114],[-85.01464671,32.17688119],[-85.02658176,32.16610314],[-85.03033465,32.16172627],[-85.03398767,32.15634725],[-85.04559182,32.14375708],[-85.04786402,32.14203193],[-85.05874799,32.13601694],[-85.06114268,32.1340642],[-85.06205834,32.13248579],[-85.06153845,32.12967338],[-85.0591785,32.12515347],[-85.05504344,32.11367131],[-85.05377544,32.10768431],[-85.04954848,32.09536244],[-85.04550924,32.08686692],[-85.04707581,32.084346],[-85.05116,32.08252592],[-85.0532306,32.0806033],[-85.05581136,32.07443887],[-85.05548945,32.0726574],[-85.05408239,32.07021029],[-85.05417741,32.0679848],[-85.05682836,32.05975495],[-85.05642839,32.0580551],[-85.05662841,32.05415481],[-85.05882835,32.04665599],[-85.05802851,32.04375657],[-85.05533151,32.04058057],[-85.05483741,32.03881421],[-85.05462538,32.03669385],[-85.05646239,32.03181883],[-85.05625143,32.0283366],[-85.04930809,32.02269432],[-85.05013889,32.02109077],[-85.05366774,32.02066079],[-85.05476635,32.01740695],[-85.05381334,32.01350189],[-85.05507364,32.01071323],[-85.06343973,32.00413916],[-85.06454252,32.00248846],[-85.06802841,31.99335676],[-85.06832841,31.9867567],[-85.07092831,31.98165789],[-85.06992852,31.97835858],[-85.06682756,31.97475862],[-85.0659274,31.97245822],[-85.0659274,31.97115773],[-85.06782767,31.96735718],[-85.07022912,31.96565686],[-85.07392948,31.96415672],[-85.08322929,31.96245675],[-85.08572874,31.96075713],[-85.08672842,31.95915763],[-85.08682838,31.95775816],[-85.08242855,31.94535862],[-85.0789284,31.94145945],[-85.0789284,31.94015822],[-85.08472903,31.93735792],[-85.08642875,31.93595814],[-85.0918289,31.92885795],[-85.09822909,31.92625787],[-85.0995287,31.92525818],[-85.10022846,31.92405858],[-85.10132848,31.91865847],[-85.10242891,31.91735796],[-85.10912914,31.91435786],[-85.11312926,31.91185841],[-85.11272953,31.90985976],[-85.10982841,31.90806069],[-85.10977339,31.90414268],[-85.11155633,31.90125379],[-85.11062832,31.89685976],[-85.11202875,31.89475912],[-85.11403029,31.89335874],[-85.11703094,31.89285864],[-85.12113108,31.89325865],[-85.13293038,31.89305866],[-85.13412956,31.89215927],[-85.13432935,31.89146002],[-85.13372952,31.88956055],[-85.13162959,31.88676064],[-85.12932949,31.88246046],[-85.1284294,31.87966018],[-85.1284294,31.87755981],[-85.12882952,31.87635944],[-85.1337295,31.87006046],[-85.13582952,31.86246042],[-85.13742983,31.86066007],[-85.14012966,31.85876019],[-85.14072934,31.85746087],[-85.14022946,31.85526142],[-85.13802942,31.85126233],[-85.13772939,31.84586084],[-85.13832956,31.84416036],[-85.14132952,31.84106039],[-85.14182932,31.83926112],[-85.1392296,31.83416168],[-85.13592986,31.83046296],[-85.13308156,31.82866677],[-85.1326183,31.82683274],[-85.13431323,31.82460783],[-85.13132939,31.81756221],[-85.13152941,31.81306182],[-85.1329294,31.80806185],[-85.1328294,31.7988621],[-85.13222938,31.79516195],[-85.13292952,31.79236237],[-85.13712971,31.78836219],[-85.14192914,31.78196295],[-85.14042972,31.77966385],[-85.12632871,31.76886383],[-85.12522835,31.76706324],[-85.12562845,31.76446259],[-85.12922926,31.7586629],[-85.12662852,31.75246351],[-85.12392849,31.74756447],[-85.11892838,31.73266412],[-85.11912842,31.73096373],[-85.12222856,31.72276337],[-85.12572856,31.71886337],[-85.12652841,31.71676377],[-85.1268284,31.70896503],[-85.12552844,31.69496548],[-85.12232889,31.69126601],[-85.11392885,31.68686598],[-85.11262855,31.6851656],[-85.10942858,31.67746567],[-85.09242796,31.65996706],[-85.08782833,31.65786723],[-85.07992388,31.65528808],[-85.07863042,31.65330938],[-85.07851133,31.65168413],[-85.08226576,31.65036498],[-85.08517142,31.64410069],[-85.08536338,31.6421861],[-85.0845016,31.63902688],[-85.0800279,31.63686802],[-85.07382782,31.62956793],[-85.06762711,31.62526813],[-85.05953295,31.62171806],[-85.05816758,31.62022766],[-85.05747139,31.61862422],[-85.0575254,31.61688279],[-85.05832851,31.61454549],[-85.06041641,31.61127064],[-85.06055038,31.60822443],[-85.05969505,31.60726318],[-85.05731304,31.60671418],[-85.05597435,31.60517839],[-85.05640341,31.60096282],[-85.0581074,31.59334286],[-85.05843839,31.58369031],[-85.05541543,31.57869637],[-85.05528237,31.57709172],[-85.05771743,31.57306162],[-85.05795836,31.57084028],[-85.05292947,31.56289045],[-85.05187145,31.55787136],[-85.05083656,31.5555516],[-85.04569673,31.54870784],[-85.04254565,31.54595376],[-85.04187944,31.54468437],[-85.04130338,31.540987],[-85.04181144,31.53775366],[-85.04298154,31.53519943],[-85.04719453,31.52867046],[-85.04826134,31.52601193],[-85.04764753,31.52375165],[-85.04455431,31.52090844],[-85.04498444,31.51822966],[-85.04564059,31.51681234],[-85.04844364,31.51368327],[-85.05294957,31.50651739],[-85.05892151,31.49598849],[-85.06210357,31.48801636],[-85.06568556,31.48412136],[-85.07161937,31.46838388],[-85.06926643,31.45347231],[-85.06670144,31.44728632],[-85.06595341,31.44297916],[-85.0655524,31.43954305],[-85.06587341,31.43058568],[-85.06696877,31.42859303],[-85.06908275,31.42761758],[-85.07268848,31.42827653],[-85.0739767,31.42717819],[-85.07552145,31.42476059],[-85.07674445,31.41597055],[-85.07981645,31.41173156],[-85.07997637,31.41047212],[-85.07738539,31.40284416],[-85.07762441,31.39887974],[-85.07863954,31.39635943],[-85.08040148,31.39393151],[-85.08242945,31.38453964],[-85.08690852,31.37447349],[-85.09216542,31.36457568],[-85.09261739,31.35747417],[-85.09178957,31.35520767],[-85.09098927,31.35442935],[-85.08741233,31.35442935],[-85.08591641,31.35314656],[-85.0858624,31.35018994],[-85.08706142,31.34031675],[-85.08780853,31.33798043],[-85.08940929,31.33603271],[-85.0889815,31.33429254],[-85.08415041,31.32831343],[-85.08377439,31.31820983],[-85.0844675,31.31619351],[-85.08740241,31.31122266],[-85.0876934,31.30405285],[-85.08977247,31.29502554],[-85.09315868,31.28968722],[-85.09910614,31.2841638],[-85.11030826,31.28173177],[-85.11276076,31.28003612],[-85.11459938,31.27733267],[-85.11454642,31.27630253],[-85.11254456,31.27437866],[-85.1119034,31.27247718],[-85.1119814,31.2679868],[-85.11325936,31.26434291],[-85.11235044,31.25958033],[-85.11170955,31.25802259],[-85.10914756,31.25460961],[-85.10618047,31.24807741],[-85.10425847,31.24186941],[-85.10247052,31.23786052],[-85.10076361,31.23481368],[-85.09884252,31.23252457],[-85.09676135,31.22565099],[-85.0987054,31.21951082],[-85.0987024,31.21128564],[-85.09976871,31.20975018],[-85.10562971,31.20459418],[-85.10696146,31.20269255],[-85.10813139,31.19563694],[-85.10751443,31.18645148],[-85.10650232,31.18530649],[-85.1044238,31.18565141],[-85.10205091,31.18473506],[-85.09850541,31.18015342],[-85.0984244,31.17776992],[-85.10044538,31.16672701],[-85.10020552,31.16549075],[-85.09210539,31.16029431],[-85.08358165,31.15963133],[-85.07780013,31.15789017],[-85.07662676,31.15692786],[-85.07017971,31.14868081],[-85.06402663,31.14249572],[-85.06242847,31.13951842],[-85.06107046,31.1342254],[-85.05467566,31.1208188],[-85.05286624,31.11949023],[-85.05017722,31.11891722],[-85.04051203,31.11158408],[-85.03707791,31.10975202],[-85.03561356,31.10819264],[-85.03283053,31.10057055],[-85.02973451,31.09616352],[-85.02606635,31.08418],[-85.02833142,31.07685077],[-85.02857136,31.0745833],[-85.01814675,31.05925388],[-85.01264075,31.05540288],[-85.01139051,31.05354652],[-85.00881442,31.04557323],[-85.00855039,31.04282401],[-85.00940737,31.03237826],[-85.00504943,31.02470135],[-85.00454745,31.01918056],[-85.00005865,31.01498375],[-84.99942639,31.01384328],[-84.99962441,31.00907874],[-85.00136446,31.00504362],[-85.00249701,31.00068334],[-85.00189844,31.00068234],[-85.0018174,30.99788898],[-85.00253842,30.9868987],[-85.0059324,30.97980374],[-85.0059294,30.9770402],[-85.00510354,30.97470461],[-85.00402488,30.97346899],[-84.99992752,30.97118735],[-84.99762777,30.97118735],[-84.98802642,30.96878726],[-84.98482607,30.96748712],[-84.98252567,30.96558679],[-84.98012546,30.96128641],[-84.9796254,30.95898612],[-84.9796254,30.95468581],[-84.98222543,30.94688571],[-84.98302541,30.94258584],[-84.98362539,30.93698607],[-84.98312552,30.93478666],[-84.98062609,30.93268814],[-84.97522521,30.93078818],[-84.97102456,30.92818778],[-84.96942448,30.92198744],[-84.96672466,30.91728777],[-84.95612371,30.90758781],[-84.95232358,30.90228763],[-84.9496236,30.89738766],[-84.94252386,30.88848899],[-84.93489855,30.88452883],[-84.93432232,30.88188775],[-84.93922241,30.87488762],[-84.93932238,30.87148852],[-84.93312251,30.86588863],[-84.93252225,30.86318746],[-84.93532371,30.86128614],[-84.93662226,30.85898794],[-84.93322266,30.85148883],[-84.92782264,30.84788981],[-84.92566331,30.84268502],[-84.92695474,30.83919087],[-84.93232303,30.83808781],[-84.93574345,30.83396051],[-84.93742238,30.82088907],[-84.93682249,30.81848951],[-84.93092157,30.81048961],[-84.92832144,30.80509036],[-84.92792138,30.80278999],[-84.92902138,30.79728998],[-84.92832145,30.79309039],[-84.92672158,30.79019063],[-84.9180215,30.77809051],[-84.91742137,30.77589006],[-84.91802143,30.77208972],[-84.92012122,30.76599034],[-84.91502045,30.76119156],[-84.91432043,30.75359138],[-84.9135208,30.75229199],[-84.91112148,30.7511923],[-84.90632223,30.75059239],[-84.90312237,30.75179234],[-84.90022185,30.75189235],[-84.89762138,30.75139226],[-84.89612093,30.75059202],[-84.88752055,30.74179164],[-84.8852195,30.73499149],[-84.88381974,30.7325919],[-84.87541991,30.727492],[-84.86975062,30.72189771],[-84.86469191,30.71154332],[-84.83632393,30.71071035],[-84.64481491,30.70199335],[-84.53936989,30.69677634],[-84.47440891,30.69279435],[-84.37490493,30.68979535],[-84.28120992,30.68525735],[-84.24989992,30.68414635],[-83.8802199,30.66583334],[-83.6116669,30.65125634],[-83.4998759,30.64567234],[-83.15616987,30.62550534],[-83.13136987,30.62358434],[-82.56923689,30.59096634],[-82.37484388,30.57900534],[-82.21483771,30.56859227],[-82.2143832,30.56695743],[-82.21731455,30.56518861],[-82.22282558,30.56559362],[-82.22826393,30.56257898],[-82.2344254,30.5565925],[-82.2344364,30.54900242],[-82.23891051,30.54542534],[-82.24040133,30.53777024],[-82.23612171,30.53115582],[-82.23075052,30.52675867],[-82.22939736,30.52082297],[-82.23037532,30.51733911],[-82.22693158,30.51028163],[-82.22502484,30.50783097],[-82.21851294,30.50418802],[-82.21285077,30.49875186],[-82.20644369,30.49187778],[-82.20141442,30.48516441],[-82.20093638,30.47443767],[-82.20461252,30.46886747],[-82.20770639,30.46050282],[-82.20752042,30.45692853],[-82.20603856,30.45550766],[-82.20482142,30.45184025],[-82.20397338,30.44450688],[-82.20648453,30.43708043],[-82.20986842,30.43281757],[-82.21028939,30.42459012],[-82.20414948,30.40133047],[-82.19651564,30.38931672],[-82.19233435,30.38457039],[-82.19293832,30.3787797],[-82.18881382,30.3765975],[-82.18639419,30.37735638],[-82.18463166,30.37716621],[-82.18379549,30.37371251],[-82.1800167,30.36862579],[-82.17150688,30.35986997],[-82.17005335,30.35893028],[-82.16175737,30.35785241],[-82.15810968,30.35991424],[-82.14328235,30.36339432],[-82.11638522,30.36733634],[-82.10483388,30.36832036],[-82.10249904,30.36782419],[-82.10141426,30.36655627],[-82.10179618,30.36533653],[-82.09468634,30.36078227],[-82.08110589,30.35880735],[-82.06853316,30.35918534],[-82.06003431,30.36032932],[-82.05006956,30.36233927],[-82.047918,30.36326608],[-82.04074737,30.37015873],[-82.03682657,30.37788434],[-82.03587263,30.38528682],[-82.04116557,30.39684068],[-82.04199161,30.403266],[-82.04116558,30.40996622],[-82.0399725,30.41428052],[-82.03400663,30.42235734],[-82.03446558,30.42804772],[-82.03721066,30.43451791],[-82.03620449,30.4384606],[-82.03006531,30.44485378],[-82.0282135,30.44739651],[-82.02545857,30.45775525],[-82.02373553,30.46728949],[-82.01778052,30.4750815],[-82.01698361,30.4787791],[-82.0172986,30.48763786],[-82.01822368,30.49208525],[-82.01589358,30.49549939],[-82.01477161,30.51300892],[-82.01582751,30.51816542],[-82.01699142,30.51935733],[-82.01886962,30.52382781],[-82.01836259,30.53118419],[-82.01321752,30.55009145],[-82.00547866,30.5634952],[-82.00809258,30.57701776],[-82.01211054,30.59377262],[-82.0157094,30.6017033],[-82.01650397,30.60248288],[-82.02694211,30.60615193],[-82.02733965,30.6067257],[-82.02654262,30.61330294],[-82.02850052,30.62182852],[-82.03392831,30.62960222],[-82.03761034,30.63327025],[-82.03994267,30.63714379],[-82.03909363,30.64113199],[-82.03959655,30.64330864],[-82.04227233,30.64945115],[-82.04611513,30.65176602],[-82.04950866,30.65554761],[-82.04884455,30.66067845],[-82.04718058,30.66290442],[-82.04699562,30.66592577],[-82.04847453,30.66894659],[-82.05043372,30.67626628],[-82.04354251,30.68473454],[-82.04142165,30.69359194],[-82.04301574,30.69825723],[-82.03642763,30.70658538],[-82.03680558,30.71303265],[-82.03853772,30.71591787],[-82.03756467,30.71864],[-82.03915549,30.72317749],[-82.04004015,30.72458395],[-82.04445748,30.72615106],[-82.04479365,30.72848125],[-82.03942261,30.73719432],[-82.0396356,30.74772715],[-82.03866652,30.75108745],[-82.03677402,30.75443534],[-82.03479911,30.75445035],[-82.0318832,30.75047748],[-82.02714169,30.75112927],[-82.02373175,30.75350823],[-82.01884061,30.75459603],[-82.01886561,30.75657457],[-82.01137684,30.76260038],[-82.01516125,30.7719699],[-82.01845084,30.77275804],[-82.01796168,30.77494276],[-82.02327053,30.78269254],[-82.02376066,30.78526322],[-82.02197294,30.78823442],[-82.0187538,30.78800341],[-82.01586836,30.79159296],[-82.01250495,30.78933469],[-82.00805334,30.79205445],[-82.00475336,30.79139026],[-81.99497091,30.78607401],[-81.9920979,30.782997],[-81.9834223,30.77812523],[-81.97772222,30.77663747],[-81.97344326,30.77882893],[-81.97082856,30.78385637],[-81.96995654,30.78907645],[-81.96662218,30.79391597],[-81.96289944,30.79584784],[-81.96172466,30.80099289],[-81.96450296,30.80745261],[-81.96244265,30.80844176],[-81.96274059,30.81363582],[-81.9639298,30.8181006],[-81.95570602,30.82275205],[-81.94950138,30.82786857],[-81.94369521,30.82598251],[-81.93878834,30.82883744],[-81.93697465,30.82851213],[-81.93620848,30.82541748],[-81.93280682,30.82041098],[-81.92704956,30.81757034],[-81.91872783,30.81749435],[-81.91091607,30.81612639],[-81.90453444,30.81774404],[-81.90409268,30.82040964],[-81.90671949,30.82338943],[-81.90727172,30.82555532],[-81.90482408,30.82827703],[-81.90144282,30.82992364],[-81.89485056,30.82516846],[-81.89290514,30.82551453],[-81.89101937,30.82247029],[-81.89149337,30.81675235],[-81.88909786,30.81356101],[-81.88481761,30.81152989],[-81.88149073,30.79991832],[-81.87618962,30.79980634],[-81.87035138,30.79748385],[-81.87040539,30.79481951],[-81.86826255,30.79285158],[-81.86373932,30.79427634],[-81.85350759,30.79462936],[-81.84563787,30.7907225],[-81.84118471,30.79227056],[-81.83968899,30.79119733],[-81.84177187,30.78785351],[-81.83924279,30.78660146],[-81.82849077,30.78935747],[-81.82370212,30.78683265],[-81.81921358,30.78991234],[-81.80744852,30.79012036],[-81.80239684,30.78719796],[-81.79845249,30.78225278],[-81.79675156,30.78305581],[-81.79660956,30.7856207],[-81.79441686,30.78700578],[-81.79258173,30.78547784],[-81.78367405,30.77287887],[-81.78669487,30.76980205],[-81.78258326,30.7660734],[-81.78352125,30.76246544],[-81.78214955,30.76134251],[-81.77195034,30.76381208],[-81.77157075,30.76515763],[-81.77348473,30.76699561],[-81.77246949,30.77124058],[-81.77035776,30.7734823],[-81.77130388,30.77632465],[-81.76963726,30.77711742],[-81.76171921,30.77569924],[-81.76046567,30.77465478],[-81.75852771,30.77108386],[-81.7548782,30.76870218],[-81.75003759,30.76711231],[-81.74403752,30.7663973],[-81.7407516,30.76500792],[-81.74038526,30.76359861],[-81.7421396,30.76195229],[-81.74274228,30.76058803],[-81.74199476,30.759072],[-81.73233891,30.75529706],[-81.73135108,30.75400698],[-81.73295337,30.75201563],[-81.73283945,30.75048671],[-81.72930018,30.74825616],[-81.71992693,30.74463546],[-81.70911394,30.74797746],[-81.702468,30.74544148],[-81.69477805,30.74841546],[-81.69241166,30.74763801],[-81.69104558,30.74328077],[-81.68842544,30.74148336],[-81.68009068,30.74160135],[-81.6728241,30.73893651],[-81.67012523,30.74023596],[-81.66883963,30.74251425],[-81.66907656,30.74498547],[-81.67246833,30.74843322],[-81.67930575,30.74474354],[-81.68235837,30.74548393],[-81.68309779,30.74849262],[-81.67843554,30.75107131],[-81.66984444,30.75167032],[-81.66334495,30.75440353],[-81.6608336,30.75319388],[-81.65977225,30.74944065],[-81.66354224,30.74572766],[-81.66268767,30.74304103],[-81.6598861,30.74218146],[-81.65463189,30.74438655],[-81.65232662,30.74310185],[-81.65150233,30.740677],[-81.65408834,30.73309297],[-81.65313159,30.72979983],[-81.64902354,30.72750036],[-81.64613732,30.72759234],[-81.64191601,30.72892312],[-81.63805879,30.73336937],[-81.63504591,30.73327732],[-81.63284179,30.72876306],[-81.63069208,30.72809646],[-81.6291435,30.72872589],[-81.62833248,30.73539505],[-81.62436529,30.73634157],[-81.62082136,30.73162033],[-81.62112543,30.72883163],[-81.62354007,30.72468025],[-81.62113833,30.72254136],[-81.61506522,30.72269237],[-81.61304262,30.7204517],[-81.61065502,30.7162184],[-81.60762106,30.7163743],[-81.60582861,30.71969028],[-81.60601961,30.72621932],[-81.60429405,30.72894021],[-81.6008767,30.72944541],[-81.5964505,30.72725082],[-81.59609038,30.72461497],[-81.5971042,30.71932694],[-81.59384152,30.71848254],[-81.58929296,30.72284012],[-81.58682023,30.72373638],[-81.57371862,30.72233732],[-81.5714181,30.72163716],[-81.56841112,30.71898018],[-81.56379447,30.71775001],[-81.56345945,30.71342371],[-81.56070886,30.71169059],[-81.55614999,30.71375108],[-81.55256696,30.71697511],[-81.54930101,30.71829349],[-81.54609474,30.71703099],[-81.54467757,30.71396962],[-81.54159389,30.71006303],[-81.5383909,30.70865748],[-81.53514917,30.70970307],[-81.53381464,30.71205524],[-81.53451861,30.71793598],[-81.53424958,30.72097025],[-81.53336732,30.72343399],[-81.53115617,30.7242204],[-81.52141678,30.72253734],[-81.51611602,30.72223735],[-81.50721624,30.72293733],[-81.48953716,30.72610135],[-81.48733147,30.72608234],[-81.48378486,30.72389197],[-81.47575292,30.71475504],[-81.47259636,30.71331324],[-81.46446462,30.71104631],[-81.45997778,30.71043534],[-81.44871798,30.70935435],[-81.44412642,30.70971516],[-81.44970848,30.71968448],[-81.45947157,30.74197869],[-81.46106661,30.75368396],[-81.46006259,30.76991216],[-81.45528855,30.79093036],[-81.44692847,30.81039054],[-81.44013135,30.82136974],[-81.43083641,30.83115667],[-81.42857853,30.83633641],[-81.41247452,30.88575143],[-81.4040806,30.90373826],[-81.4034106,30.95791386],[-81.40848527,30.97771656],[-81.41582435,30.97719069],[-81.42010662,30.97407522],[-81.42692784,30.95661365],[-81.4473895,30.95673066],[-81.4480505,30.96550967],[-81.45356837,30.96557166],[-81.4668142,30.97090858],[-81.47232007,30.96989779],[-81.47578844,30.96597437],[-81.48696703,30.96960089],[-81.49365278,30.97752779],[-81.49058733,30.98495289],[-81.46929875,30.99602919],[-81.46096737,30.99914296],[-81.45779645,31.01025969],[-81.45144476,31.01551626],[-81.4349215,31.01780557],[-81.43470844,31.01464164],[-81.43247447,31.0129924],[-81.42473266,31.0136793],[-81.42047531,31.01670383],[-81.41512452,31.02671844],[-81.4012686,31.07278117],[-81.4012106,31.08614293],[-81.40373357,31.1071147],[-81.40952477,31.12061115],[-81.39967791,31.13411432],[-81.38774346,31.13443434],[-81.37588995,31.14033809],[-81.36581328,31.14794584],[-81.36079244,31.15590359],[-81.35488141,31.16720465],[-81.33111223,31.19695587],[-81.31590002,31.20915404],[-81.3030653,31.21687948],[-81.29569722,31.21504946],[-81.29046948,31.21769183],[-81.28913757,31.22548728],[-81.2828435,31.24433048],[-81.27686325,31.25473492],[-81.26955378,31.25874163],[-81.27123446,31.26589327],[-81.27953549,31.2717433],[-81.28286358,31.29063477],[-81.28761664,31.31053703],[-81.28292462,31.32649109],[-81.28595357,31.34971972],[-81.2904695,31.36149251],[-81.29427202,31.36859649],[-81.26861422,31.38300994],[-81.26180451,31.39356849],[-81.25861751,31.40442549],[-81.24691237,31.42278471],[-81.20488441,31.47312466],[-81.18964441,31.50358865],[-81.17934347,31.51629257],[-81.17872669,31.51820192],[-81.18076341,31.52245034],[-81.18656917,31.52918406],[-81.19825142,31.53703156],[-81.20418921,31.53607276],[-81.21351819,31.52815078],[-81.21794779,31.52728266],[-81.22854723,31.52698165],[-81.23668026,31.52919038],[-81.24374859,31.51889537],[-81.25144267,31.50569921],[-81.26289553,31.49578147],[-81.26772828,31.49700266],[-81.27873407,31.4975367],[-81.28231285,31.50440319],[-81.27766006,31.50951505],[-81.26388133,31.51584593],[-81.25881095,31.5290593],[-81.26343738,31.53093066],[-81.27105322,31.53107264],[-81.27631808,31.5252748],[-81.29518822,31.52153437],[-81.29826082,31.53350572],[-81.28970296,31.5372461],[-81.27653975,31.54846428],[-81.25920688,31.55033426],[-81.2542186,31.55594158],[-81.24069898,31.55231441],[-81.21606586,31.55841619],[-81.20320328,31.56971382],[-81.19558188,31.58043139],[-81.18724228,31.58005727],[-81.18790037,31.57276622],[-81.18255962,31.56179872],[-81.17875737,31.55815344],[-81.17186583,31.55896326],[-81.1603654,31.57043669],[-81.14997148,31.59347653],[-81.12884676,31.63143901],[-81.13397559,31.64095669],[-81.1345516,31.6619919],[-81.13640961,31.67483197],[-81.13560958,31.68349125],[-81.1311389,31.69577338],[-81.13939439,31.69991563],[-81.14936862,31.69930267],[-81.15188684,31.69840995],[-81.15462283,31.69387297],[-81.16108402,31.69139951],[-81.18630412,31.70150796],[-81.19529022,31.7138391],[-81.20357414,31.71944772],[-81.19278464,31.73324663],[-81.17403976,31.72748836],[-81.16066975,31.72814536],[-81.13844791,31.72093542],[-81.1306348,31.72269322],[-81.11197106,31.73721901],[-81.09509609,31.74914499],[-81.07917118,31.76268491],[-81.07037727,31.77137482],[-81.04637225,31.80087084],[-81.0359145,31.81036462],[-81.03472568,31.8164227],[-81.03980901,31.82299884],[-81.04793953,31.82487949],[-81.05094461,31.82238226],[-81.05231196,31.8190474],[-81.06211688,31.82106979],[-81.06728296,31.82612487],[-81.07581356,31.82903008],[-81.07617964,31.83613264],[-81.06279122,31.84474091],[-81.05907158,31.8501064],[-81.05859761,31.85781084],[-81.06525716,31.87709643],[-81.04154767,31.87619934],[-81.03140686,31.87293108],[-81.02840401,31.8681413],[-81.01447735,31.86747532],[-81.00031648,31.85674542],[-80.99269081,31.85764227],[-80.97143514,31.87794195],[-80.94729504,31.89621102],[-80.93014789,31.90806975],[-80.94135931,31.91298262],[-80.95446918,31.91176663],[-80.96849496,31.91582085],[-80.98362456,31.93167348],[-80.98433771,31.9401462],[-80.97239264,31.9412713],[-80.94849275,31.95723055],[-80.94939881,31.96132181],[-80.94274217,31.96374241],[-80.9325208,31.96192716],[-80.93027743,31.9567053],[-80.92800456,31.93853339],[-80.92135142,31.93873434],[-80.89768777,31.94906618],[-80.8818969,31.95668412],[-80.8628152,31.96934692],[-80.85941956,31.97382044],[-80.85843051,31.98426298],[-80.8472993,31.98755004],[-80.84191429,32.00264407],[-80.84037966,32.00304498],[-80.84091859,32.01162385],[-80.84345746,32.02364619],[-80.85272448,32.0287831],[-80.85505485,32.02546198],[-80.85911016,32.02369185],[-80.86620827,32.01937578],[-80.8759545,32.01675645],[-80.8907439,32.03072782],[-80.90667834,32.03479193],[-80.9076583,32.03814981],[-80.92102754,32.03998871],[-80.92508603,32.04193795],[-80.95388103,32.07014094],[-80.95956955,32.07285271],[-80.97191547,32.0746317],[-80.98054178,32.07783482],[-80.98351019,32.07954805],[-80.98684643,32.08411539],[-80.99213934,32.0949142],[-80.9995569,32.10043287],[-81.00430532,32.10236564],[-81.01101451,32.10204867],[-81.01735378,32.09878405],[-81.0216217,32.09168217],[-81.02626112,32.08812786],[-81.03812506,32.08373251],[-81.04354353,32.08610271],[-81.05955164,32.08862173],[-81.07430666,32.09738374],[-81.08827199,32.09992998],[-81.08697578,32.10396763],[-81.08948542,32.1062263],[-81.09124627,32.11088691],[-81.09497616,32.11181963],[-81.10332455,32.11113568],[-81.10670332,32.10969635],[-81.1089408,32.11162476],[-81.11113468,32.11200374],[-81.11536824,32.1147041],[-81.1172356,32.11760466],[-81.1172266,32.1198052],[-81.11524366,32.12550404],[-81.1161295,32.12867849],[-81.11994464,32.13399768],[-81.11913558,32.14210425],[-81.11833547,32.14440356],[-81.11623716,32.14720198],[-81.1122356,32.14930675],[-81.1122376,32.1508033],[-81.11429858,32.15201769],[-81.11796964,32.1523307],[-81.12111739,32.15450322],[-81.12213861,32.15730381],[-81.12203561,32.16180252],[-81.12313494,32.16290084],[-81.128435,32.16440086],[-81.12974783,32.16593283],[-81.12813535,32.16910277],[-81.12118957,32.17492443],[-81.11900876,32.17467022],[-81.11774682,32.17116038],[-81.11384049,32.17126034],[-81.11113345,32.17270382],[-81.11023574,32.17679947],[-81.11193341,32.17800053],[-81.11392934,32.17760275],[-81.11638095,32.17616739],[-81.12045377,32.17829234],[-81.11983555,32.18120237],[-81.11793562,32.18530121],[-81.11823553,32.18920009],[-81.12155559,32.19041411],[-81.12158562,32.19220413],[-81.11623052,32.19300029],[-81.11411855,32.19392284],[-81.11401765,32.19544728],[-81.11589017,32.1964405],[-81.11980184,32.19515461],[-81.12206241,32.19549985],[-81.12315153,32.20132854],[-81.12828416,32.20863301],[-81.13408498,32.21145892],[-81.1367286,32.21366844],[-81.1367186,32.21626669],[-81.13843624,32.21925506],[-81.1431394,32.22172962],[-81.15083662,32.22119461],[-81.15215579,32.22232247],[-81.14806083,32.22378317],[-81.14481439,32.22599479],[-81.14363574,32.22926583],[-81.14577221,32.23234207],[-81.15238019,32.23629906],[-81.15588451,32.24096849],[-81.15658866,32.24391012],[-81.15559633,32.24602283],[-81.15289479,32.24780819],[-81.14710809,32.2495651],[-81.14573187,32.25152299],[-81.14833582,32.25509792],[-81.14751923,32.25651295],[-81.14506338,32.25775088],[-81.14473374,32.25877274],[-81.14664061,32.26102258],[-81.14660359,32.26276651],[-81.14533667,32.26399441],[-81.14020625,32.26357937],[-81.13839108,32.26423508],[-81.13693172,32.26611524],[-81.13764042,32.26849222],[-81.13957572,32.26975476],[-81.14174848,32.27021292],[-81.14192674,32.27174316],[-81.13557622,32.27247345],[-81.13348948,32.26979779],[-81.13253248,32.27024685],[-81.13212754,32.27274745],[-81.1300011,32.27579709],[-81.12795383,32.2764675],[-81.12524755,32.27503635],[-81.1234265,32.27505233],[-81.12327765,32.27697439],[-81.12591927,32.27875513],[-81.12716264,32.28078573],[-81.12696654,32.28269864],[-81.12572075,32.28365725],[-81.12223978,32.28424324],[-81.11986862,32.28620355],[-81.12002058,32.28993954],[-81.12336351,32.29384346],[-81.12391865,32.2964111],[-81.12265759,32.29950925],[-81.12233461,32.30539485],[-81.12293445,32.30729433],[-81.12497815,32.30915715],[-81.12777944,32.30721464],[-81.13152382,32.30727567],[-81.13305408,32.3090111],[-81.13084942,32.3109827],[-81.12975367,32.31396901],[-81.13165363,32.3195049],[-81.1306497,32.32540754],[-81.13175789,32.32636697],[-81.13375145,32.32428943],[-81.13629523,32.32499792],[-81.13792789,32.3286624],[-81.13575229,32.33028184],[-81.13391735,32.33331475],[-81.13138291,32.33587618],[-81.12895745,32.33645306],[-81.12861763,32.33862293],[-81.12943624,32.34155055],[-81.13401385,32.34120758],[-81.13529817,32.34298802],[-81.13935433,32.3450791],[-81.14151333,32.35032311],[-81.14379411,32.35152747],[-81.14731638,32.35012616],[-81.14724641,32.34749358],[-81.14522986,32.34584413],[-81.14598129,32.34501656],[-81.1486725,32.34532058],[-81.15183353,32.34302229],[-81.15219269,32.3414416],[-81.15483851,32.34154963],[-81.15735646,32.33999866],[-81.15983311,32.33996264],[-81.16062375,32.3417491],[-81.15983291,32.34297641],[-81.1567386,32.34277839],[-81.15505458,32.34416558],[-81.15484162,32.34955649],[-81.15537151,32.35003149],[-81.16009655,32.34895048],[-81.16160978,32.35041967],[-81.16049964,32.35364407],[-81.1609994,32.35590395],[-81.16386374,32.35664878],[-81.1671256,32.35871733],[-81.1671256,32.36103999],[-81.17382548,32.36270896],[-81.17393473,32.36354689],[-81.16899732,32.36512002],[-81.16790773,32.36830381],[-81.16921822,32.37013509],[-81.17379121,32.37309708],[-81.17575924,32.37581112],[-81.1788599,32.37808887],[-81.18184721,32.37934742],[-81.17849553,32.38446946],[-81.17731765,32.38978292],[-81.17871443,32.39364433],[-81.18535932,32.40006223],[-81.1899113,32.4070652],[-81.19493223,32.41148813],[-81.20550871,32.42361169],[-81.20504964,32.42547897],[-81.20844483,32.43700263],[-81.19964554,32.44159278],[-81.19943663,32.44419263],[-81.20105589,32.4462217],[-81.20556196,32.44649871],[-81.20666777,32.44809288],[-81.20449718,32.45278017],[-81.2032854,32.45299448],[-81.19878264,32.44852172],[-81.19748668,32.44914075],[-81.19796966,32.45387854],[-81.196363,32.45513084],[-81.19429742,32.45352338],[-81.19224417,32.45364028],[-81.19161683,32.45518766],[-81.19455985,32.45777368],[-81.19372825,32.45967806],[-81.18860308,32.4612271],[-81.18695395,32.46356588],[-81.18864963,32.46530952],[-81.19153692,32.46481464],[-81.19482955,32.46508469],[-81.20003005,32.46798397],[-81.21191514,32.47899305],[-81.21681619,32.48280309],[-81.22499619,32.49188509],[-81.23358651,32.49848734],[-81.23425551,32.5027463],[-81.2376593,32.50511716],[-81.23868563,32.50698375],[-81.23841255,32.51019266],[-81.23670765,32.5114033],[-81.23295511,32.51169227],[-81.23214968,32.51333712],[-81.23342136,32.51796197],[-81.23545664,32.51854447],[-81.23737019,32.5171298],[-81.24019717,32.51636354],[-81.24191332,32.51717408],[-81.24312023,32.52023084],[-81.24479842,32.52053452],[-81.24686009,32.51855682],[-81.24955889,32.51785562],[-81.25288268,32.51832873],[-81.26603091,32.52731089],[-81.27242926,32.53042105],[-81.27417526,32.53377306],[-81.27990648,32.53659117],[-81.28005277,32.53749593],[-81.27624316,32.5385591],[-81.27480361,32.54114328],[-81.27495658,32.54482051],[-81.27573991,32.5456608],[-81.27906078,32.54631677],[-81.28073252,32.54763735],[-81.28103567,32.54967836],[-81.2787617,32.55234032],[-81.27923949,32.55458937],[-81.28132481,32.55646276],[-81.28327051,32.55678055],[-81.28424149,32.55602634],[-81.28471948,32.55294237],[-81.28646724,32.55147374],[-81.28887961,32.55116156],[-81.28996383,32.5521797],[-81.28834561,32.55591221],[-81.28846859,32.55845579],[-81.28957438,32.56173917],[-81.29128933,32.56273756],[-81.29311095,32.56239201],[-81.29115833,32.55722003],[-81.29176061,32.55532717],[-81.29482842,32.5535797],[-81.29669142,32.5533916],[-81.29786756,32.55409028],[-81.29795962,32.55582837],[-81.29548262,32.55907438],[-81.29558957,32.56181623],[-81.29795539,32.56302462],[-81.30059267,32.56284167],[-81.30523563,32.56151368],[-81.3218071,32.55953863],[-81.32860565,32.56109075],[-81.33319066,32.56349776],[-81.33624258,32.56423774],[-81.35076156,32.57016673],[-81.35479777,32.57107078],[-81.35832282,32.57363054],[-81.3578044,32.57519079],[-81.35369974,32.57791156],[-81.35411946,32.57990923],[-81.3577494,32.58211758],[-81.36016695,32.58177678],[-81.36293586,32.57730393],[-81.36520294,32.57657058],[-81.3669515,32.57701798],[-81.36711166,32.57860948],[-81.36359482,32.58179133],[-81.36450217,32.58403271],[-81.36838654,32.58421968],[-81.36982042,32.58504718],[-81.37028567,32.5867001],[-81.36888175,32.58975093],[-81.3697582,32.59123],[-81.37157031,32.59201662],[-81.37396106,32.59180673],[-81.37569296,32.58947286],[-81.37817303,32.58881658],[-81.3809998,32.58965081],[-81.38933925,32.59543512],[-81.39386629,32.60233918],[-81.40646545,32.61304131],[-81.40751842,32.61658222],[-81.4084417,32.61718575],[-81.41122306,32.61772882],[-81.41296774,32.62040086],[-81.41251664,32.62156712],[-81.41308849,32.6248023],[-81.41811757,32.62834835],[-81.41843263,32.63470446],[-81.41701509,32.63614801],[-81.41476145,32.63744137],[-81.41340985,32.63736929],[-81.41152156,32.63290762],[-81.41025914,32.63139331],[-81.40819774,32.63130838],[-81.40273708,32.63703098],[-81.40363487,32.63792378],[-81.41182827,32.63938185],[-81.4125548,32.64152338],[-81.41181673,32.6421573],[-81.40510961,32.6426913],[-81.39459019,32.64957093],[-81.39303477,32.65154319],[-81.39381936,32.65349017],[-81.39831456,32.65630567],[-81.4052741,32.65651568],[-81.40719457,32.66051868],[-81.40730164,32.66156031],[-81.40664696,32.66251629],[-81.40450387,32.66264142],[-81.40325271,32.65946502],[-81.40034223,32.65848953],[-81.39751561,32.66021368],[-81.39754559,32.66259035],[-81.4039146,32.66687635],[-81.4039156,32.67064223],[-81.40103065,32.67749412],[-81.4017925,32.68117442],[-81.40432205,32.68376095],[-81.40663572,32.68486227],[-81.40583367,32.69046063],[-81.40749342,32.69233135],[-81.40961903,32.69704448],[-81.41087331,32.69685888],[-81.41054332,32.69251098],[-81.4124041,32.69209336],[-81.4135782,32.69547067],[-81.4166503,32.69550466],[-81.41888223,32.69621095],[-81.42059729,32.69983308],[-81.42262445,32.70085965],[-81.42673602,32.70086565],[-81.42750687,32.70224219],[-81.42456351,32.70532957],[-81.42410075,32.70755941],[-81.42645998,32.70901655],[-81.425928,32.71003843],[-81.42215309,32.70974344],[-81.42119528,32.71197899],[-81.42003931,32.71242436],[-81.41667166,32.71228438],[-81.41512176,32.71366939],[-81.41576145,32.71588132],[-81.42045365,32.71984649],[-81.42033953,32.72105179],[-81.41876937,32.72185238],[-81.41091651,32.7212084],[-81.40998965,32.7218636],[-81.41007552,32.72309477],[-81.41559165,32.7235297],[-81.41777058,32.72507336],[-81.41781661,32.72658225],[-81.41675378,32.72876189],[-81.41827954,32.73092155],[-81.41854375,32.73258687],[-81.41703492,32.73308648],[-81.41467177,32.73208141],[-81.41251804,32.7324332],[-81.41159682,32.73385201],[-81.41387385,32.73747706],[-81.41267103,32.73908415],[-81.40760299,32.74033516],[-81.40575049,32.74254456],[-81.40493361,32.74555913],[-81.40501759,32.7482835],[-81.40586678,32.74914268],[-81.41066188,32.74931465],[-81.41860382,32.74798949],[-81.41983881,32.74979694],[-81.41848627,32.75218988],[-81.4167334,32.75327743],[-81.41371399,32.75283437],[-81.41156855,32.75311829],[-81.40836542,32.75468686],[-81.40800201,32.75615249],[-81.40956249,32.75602969],[-81.41226193,32.75468947],[-81.41403986,32.75542227],[-81.4118228,32.76312146],[-81.41401249,32.76451998],[-81.4166259,32.76053589],[-81.41776641,32.76022047],[-81.41890303,32.76113176],[-81.41735757,32.76333442],[-81.41709768,32.76608724],[-81.42201935,32.76836563],[-81.42911326,32.76790363],[-81.43194153,32.76891008],[-81.43208366,32.77054959],[-81.42985468,32.77213028],[-81.42258505,32.77299935],[-81.41860137,32.77273538],[-81.41735421,32.77333697],[-81.41445768,32.77814919],[-81.4147234,32.77920307],[-81.4161682,32.77979059],[-81.42333108,32.77851061],[-81.42685579,32.7794548],[-81.43007933,32.78177019],[-81.43123688,32.7841413],[-81.42997712,32.78523683],[-81.42628945,32.78266236],[-81.42392963,32.78272833],[-81.42224164,32.78398657],[-81.42236453,32.78574595],[-81.42758572,32.786943],[-81.42742654,32.78832062],[-81.42500001,32.79033506],[-81.41970168,32.79322769],[-81.41988041,32.79485519],[-81.42297982,32.79399663],[-81.42523534,32.79418876],[-81.42634849,32.7988784],[-81.42829409,32.800832],[-81.4268957,32.80224039],[-81.42274009,32.80199142],[-81.42224374,32.80312692],[-81.4263277,32.80992784],[-81.42598214,32.8110777],[-81.42377243,32.81051552],[-81.41975329,32.81373183],[-81.41849853,32.81566445],[-81.41798572,32.81819552],[-81.41858463,32.81867764],[-81.42058444,32.81864966],[-81.42435367,32.81617751],[-81.42709508,32.81686887],[-81.42823673,32.81858384],[-81.42795431,32.81938102],[-81.4269373,32.81970634],[-81.42304197,32.81974834],[-81.42195373,32.82146613],[-81.42248937,32.82289117],[-81.42952636,32.82714517],[-81.42994503,32.82824692],[-81.42810114,32.82868537],[-81.42367438,32.82830839],[-81.42182922,32.82926595],[-81.42062169,32.83122319],[-81.4216155,32.83517744],[-81.42647602,32.84077189],[-81.43480639,32.84353635],[-81.4375052,32.84016158],[-81.43995108,32.84036073],[-81.44288367,32.84584683],[-81.44228063,32.84858698],[-81.4426724,32.85010606],[-81.44486593,32.85096548],[-81.45119753,32.84792316],[-81.45174056,32.84476395],[-81.45402903,32.84419859],[-81.460724,32.84603713],[-81.46021208,32.84740359],[-81.4555614,32.84650984],[-81.45706262,32.85038882],[-81.45691858,32.85260433],[-81.45301863,32.85963625],[-81.45336263,32.86384728],[-81.4513687,32.86716516],[-81.45339124,32.87387862],[-81.45721335,32.87379464],[-81.46055721,32.87516],[-81.46187937,32.87754929],[-81.46505166,32.88089454],[-81.46713664,32.88060083],[-81.46804063,32.87667386],[-81.47037607,32.87626561],[-81.4759189,32.87763982],[-81.47944679,32.88108168],[-81.47710136,32.88746986],[-81.4717032,32.8904405],[-81.46710406,32.88900046],[-81.46593541,32.88945255],[-81.46827901,32.89227606],[-81.46465646,32.89599963],[-81.46407075,32.89781372],[-81.46592504,32.89988792],[-81.46897798,32.90108151],[-81.47161423,32.90000423],[-81.47064729,32.89504253],[-81.47214202,32.8938121],[-81.47553592,32.89672287],[-81.48081357,32.8986131],[-81.48086661,32.90021835],[-81.47937558,32.9023334],[-81.47918562,32.90563767],[-81.48144572,32.9088948],[-81.48000978,32.91344362],[-81.48129871,32.91458367],[-81.48705052,32.9147707],[-81.48725966,32.91785188],[-81.48444027,32.91882602],[-81.48319985,32.92180163],[-81.48960488,32.92703784],[-81.49206804,32.92782289],[-81.49509299,32.93159482],[-81.49982992,32.93261281],[-81.50242856,32.93535249],[-81.50271763,32.93868829],[-81.49956757,32.94372238],[-81.49944766,32.9449874],[-81.50401712,32.94809003],[-81.50861046,32.95255036],[-81.5100106,32.95732583],[-81.5100476,32.96096987],[-81.51134864,32.96672104],[-81.51080337,32.96852592],[-81.50883893,32.96936954],[-81.50784546,32.96885479],[-81.50756645,32.96559162],[-81.50502523,32.96356224],[-81.50136935,32.96291544],[-81.49983146,32.96381679],[-81.49783854,32.9730114],[-81.49473765,32.97899719],[-81.49550567,32.9835343],[-81.4943466,32.9850844],[-81.49433061,32.98625959],[-81.49599747,32.98829443],[-81.49642164,32.98961494],[-81.49613947,32.99091374],[-81.49225336,32.99351081],[-81.49145858,32.99543729],[-81.49119866,32.99782349],[-81.49273782,32.99910679],[-81.49983109,33.00065385],[-81.50063169,33.00195482],[-81.50023148,33.00345559],[-81.49875394,33.00506618],[-81.49190029,33.00669509],[-81.49142072,33.00807784],[-81.49225406,33.00934083],[-81.49663771,33.01022276],[-81.49976919,33.01225307],[-81.50203116,33.01511203],[-81.50405334,33.01625157],[-81.50567877,33.01597284],[-81.50740355,33.0115374],[-81.50821709,33.01052572],[-81.51069106,33.01031355],[-81.51157079,33.01228317],[-81.50892046,33.01566559],[-81.50822172,33.01750991],[-81.51028313,33.02123186],[-81.51133386,33.02146358],[-81.51371476,33.02057261],[-81.5160734,33.02083168],[-81.51838626,33.02158497],[-81.51907694,33.02319656],[-81.51759439,33.02399239],[-81.51402424,33.02366438],[-81.51169104,33.02450709],[-81.51058775,33.02580526],[-81.51124634,33.02778503],[-81.51323144,33.02854469],[-81.51963255,33.0291797],[-81.522654,33.03078794],[-81.52845246,33.03564532],[-81.52878762,33.03687191],[-81.52843965,33.03988167],[-81.5291429,33.04081068],[-81.53071959,33.04086264],[-81.53549775,33.03848756],[-81.53878993,33.03918381],[-81.54008246,33.04061239],[-81.54213645,33.04691836],[-81.54375882,33.04855773],[-81.54652131,33.04883657],[-81.55178514,33.04338876],[-81.55314614,33.04319461],[-81.56194881,33.04584281],[-81.56611036,33.04879191],[-81.56504372,33.0496953],[-81.56034511,33.05003727],[-81.55893966,33.05292114],[-81.55940051,33.05490348],[-81.56399295,33.06084275],[-81.56568667,33.0610476],[-81.56698836,33.06040025],[-81.56694743,33.05959768],[-81.56456477,33.0580399],[-81.56301394,33.05580971],[-81.56631066,33.05342847],[-81.56989004,33.05449958],[-81.57190535,33.0539855],[-81.57324526,33.05490281],[-81.57131102,33.05687305],[-81.57282957,33.05863437],[-81.57704464,33.05724834],[-81.57833445,33.05893671],[-81.57450684,33.06004989],[-81.57491232,33.06179764],[-81.58025285,33.06176065],[-81.58099633,33.06269751],[-81.57716162,33.06433582],[-81.57718858,33.06593789],[-81.57874989,33.06619361],[-81.58310408,33.06495827],[-81.5838057,33.0670211],[-81.58297688,33.06857476],[-81.58436173,33.06990066],[-81.58741066,33.06994166],[-81.59085679,33.07273477],[-81.59251547,33.07306032],[-81.59264343,33.06990917],[-81.59358656,33.06949423],[-81.59602589,33.07269167],[-81.6009486,33.07281367],[-81.60324455,33.07441833],[-81.60329967,33.07509085],[-81.59899193,33.07668313],[-81.59683647,33.07855966],[-81.59650269,33.07989278],[-81.6013208,33.08704746],[-81.60253282,33.08680585],[-81.60358563,33.08457726],[-81.60683501,33.08171592],[-81.61069602,33.07994445],[-81.61290459,33.08102322],[-81.61294461,33.08398155],[-81.60953432,33.08687779],[-81.60828773,33.08902208],[-81.60996637,33.09300922],[-81.61165788,33.09425786],[-81.61499427,33.09554962],[-81.63223173,33.09395067],[-81.63723185,33.09295065],[-81.64233335,33.09315066],[-81.64643384,33.09455083],[-81.65843384,33.10315083],[-81.67183375,33.1077498],[-81.67703372,33.11064878],[-81.69693426,33.11654965],[-81.70463463,33.11644864],[-81.71113495,33.1216499],[-81.72173508,33.12644996],[-81.72433522,33.12945012],[-81.72953501,33.13374895],[-81.74453631,33.14214911],[-81.74633625,33.14604898],[-81.75003588,33.14734885],[-81.75413616,33.15054907],[-81.7631365,33.1594484],[-81.76443645,33.16554818],[-81.76763628,33.16724809],[-81.76813672,33.16824897],[-81.76673674,33.17144892],[-81.77243695,33.18094926],[-81.77173491,33.18155],[-81.76863409,33.17845018],[-81.76613575,33.17785058],[-81.76493689,33.17954895],[-81.76693648,33.18204844],[-81.7677367,33.18464813],[-81.76593608,33.18784922],[-81.76283552,33.1882493],[-81.76063645,33.18924887],[-81.75953652,33.19474753],[-81.75693684,33.19784814],[-81.75823623,33.20024702],[-81.76163602,33.20174693],[-81.76353646,33.20364737],[-81.76530351,33.20950153],[-81.76723654,33.21274658],[-81.76793649,33.21634633],[-81.77403578,33.22114577],[-81.77773491,33.2218446],[-81.78013392,33.22114589],[-81.78103313,33.21984703],[-81.77763341,33.21534741],[-81.77753339,33.21134655],[-81.77893402,33.20984586],[-81.78453477,33.20814564],[-81.79023641,33.20844567],[-81.79823631,33.21164563],[-81.80393623,33.21134564],[-81.80649099,33.21212487],[-81.80793759,33.21374553],[-81.80813759,33.21944676],[-81.80923737,33.2221462],[-81.81173683,33.22384583],[-81.81963654,33.22664473],[-81.82793701,33.22874485],[-81.83173723,33.23354512],[-81.8379369,33.23834487],[-81.84653716,33.24174497],[-81.8486383,33.24504519],[-81.85293868,33.24874352],[-81.8525665,33.25141078],[-81.84982641,33.25292239],[-81.8451363,33.25254638],[-81.84003749,33.25464589],[-81.83983769,33.2561444],[-81.8415366,33.25724369],[-81.84473658,33.25744369],[-81.84633742,33.25844421],[-81.8481377,33.26454516],[-81.84691099,33.26660034],[-81.843861,33.26662235],[-81.84266772,33.26452286],[-81.8407983,33.26327825],[-81.83845313,33.26285322],[-81.83743459,33.26184568],[-81.83643467,33.25944589],[-81.8344081,33.25837964],[-81.82883731,33.26204585],[-81.82833775,33.26304498],[-81.82888813,33.26407783],[-81.83053955,33.26437954],[-81.83335142,33.26228463],[-81.83533701,33.26234368],[-81.83603769,33.26354483],[-81.83523761,33.26654511],[-81.83553763,33.27144546],[-81.83266655,33.27429055],[-81.83252169,33.2755553],[-81.83350096,33.27607039],[-81.83633535,33.27444374],[-81.83914559,33.2738975],[-81.84413755,33.27884346],[-81.84453755,33.28294339],[-81.84619154,33.28432355],[-81.8515831,33.28354262],[-81.86073703,33.28584285],[-81.86333775,33.2892438],[-81.86163763,33.29374414],[-81.86203766,33.29694439],[-81.86003681,33.29914533],[-81.85253514,33.29934537],[-81.85033525,33.29644552],[-81.84873798,33.29674501],[-81.84963773,33.29954422],[-81.84603783,33.30434309],[-81.84763719,33.30714198],[-81.85173392,33.30874388],[-81.85365249,33.31032452],[-81.85606288,33.30985084],[-81.85759869,33.30711317],[-81.86053472,33.30494215],[-81.8620589,33.30248086],[-81.86392989,33.30203439],[-81.86463764,33.30334278],[-81.86403762,33.30784295],[-81.86493751,33.31184246],[-81.86653683,33.31374166],[-81.86924628,33.31376665],[-81.8758347,33.30744221],[-81.87943616,33.30234155],[-81.88123834,33.30254179],[-81.88193851,33.30544251],[-81.88463884,33.30924297],[-81.88153772,33.31404316],[-81.88253727,33.31704182],[-81.8852367,33.31744159],[-81.89053679,33.31484154],[-81.89253846,33.31534196],[-81.89273868,33.3167435],[-81.89003839,33.31894374],[-81.88916286,33.32109159],[-81.89102345,33.32248953],[-81.8955372,33.32164058],[-81.89858939,33.32290407],[-81.89927274,33.32541737],[-81.8969386,33.32764251],[-81.8969386,33.33054145],[-81.89956937,33.33281625],[-81.90063632,33.33502915],[-81.90195402,33.33587432],[-81.90363524,33.33484141],[-81.90261134,33.33025785],[-81.90413069,33.32728515],[-81.90603541,33.32604133],[-81.90612841,33.32161926],[-81.9090913,33.31998178],[-81.91213724,33.31914052],[-81.91373896,33.32004148],[-81.91293831,33.32174288],[-81.9091384,33.32394283],[-81.90813883,33.32714143],[-81.91883856,33.33344127],[-81.91893062,33.33496034],[-81.91633847,33.33864256],[-81.9155134,33.34077873],[-81.91424375,33.34184027],[-81.91013778,33.34234327],[-81.90843871,33.34384244],[-81.90893147,33.34626722],[-81.91017447,33.34700963],[-81.913024,33.34688469],[-81.9149357,33.34374118],[-81.91927819,33.34033601],[-81.92346087,33.34489674],[-81.92681683,33.34528262],[-81.93273675,33.34353965],[-81.93723747,33.34363966],[-81.93973857,33.34494023],[-81.93983862,33.34774141],[-81.93481367,33.35376034],[-81.93531451,33.35678833],[-81.94473829,33.36404017],[-81.94673864,33.36733974],[-81.94633852,33.37064071],[-81.94373759,33.37234132],[-81.93963645,33.37254138],[-81.93463626,33.36894124],[-81.93063435,33.36816645],[-81.92573841,33.37114081],[-81.92483876,33.37413965],[-81.93086248,33.38007539],[-81.93508648,33.39724235],[-81.93810905,33.39992897],[-81.94447728,33.40367311],[-81.9456307,33.4058349],[-81.94489438,33.40796282],[-81.94314942,33.40903541],[-81.94078159,33.40874331],[-81.93476575,33.40679736],[-81.93139041,33.40695733],[-81.92945501,33.40775709],[-81.92476548,33.4124206],[-81.92385765,33.4104608],[-81.92127512,33.40859814],[-81.91774979,33.40720141],[-81.91236794,33.40809122],[-81.91049745,33.41031261],[-81.9096307,33.41260295],[-81.9107662,33.41503388],[-81.92106863,33.41741775],[-81.92489395,33.41930591],[-81.93174345,33.42450528],[-81.93230969,33.42658718],[-81.93079915,33.42903505],[-81.92832645,33.4299113],[-81.92071651,33.43098729],[-81.91697302,33.43259308],[-81.91428343,33.43529666],[-81.91312763,33.43833313],[-81.91353356,33.44127362],[-81.91481339,33.44349732],[-81.91943741,33.44909735],[-81.92633737,33.46293627],[-81.92943704,33.46583596],[-81.93413665,33.46833575],[-81.94173757,33.47003573],[-81.96703763,33.48063476],[-81.97353746,33.48263471],[-81.98063759,33.48403473],[-81.98593905,33.48653495],[-81.98933943,33.49003535],[-81.99093962,33.49423484],[-81.99038362,33.50075881],[-81.99193947,33.50443447],[-82.00133922,33.52013405],[-82.00763937,33.52333412],[-82.01003943,33.5304343],[-82.01153895,33.53173389],[-82.01983892,33.53503388],[-82.0234396,33.53793442],[-82.0234396,33.54073346],[-82.0282389,33.54493285],[-82.0330241,33.54645291],[-82.03489645,33.54915742],[-82.0373764,33.55466132],[-82.04633601,33.56382891],[-82.04895943,33.56486868],[-82.05494351,33.56538069],[-82.05772796,33.56677291],[-82.06903997,33.57538092],[-82.07310464,33.57750875],[-82.08748849,33.58061271],[-82.09412876,33.5827408],[-82.09635307,33.58406899],[-82.09881726,33.58635717],[-82.10624103,33.59563588],[-82.10937628,33.59657965],[-82.11580866,33.59659565],[-82.12038412,33.59488386],[-82.1258632,33.5907398],[-82.12907989,33.58992362],[-82.13352348,33.5905337],[-82.14287284,33.59427684],[-82.14881719,33.59809107],[-82.15106144,33.60095539],[-82.15335838,33.60631824],[-82.15628898,33.60862893],[-82.15833165,33.60970875],[-82.17617269,33.61377376],[-82.17985503,33.61594396],[-82.18914216,33.62372107],[-82.19658446,33.63058135],[-82.20118762,33.64689792],[-82.1997486,33.65761106],[-82.19984859,33.66175739],[-82.20980423,33.66927512],[-82.21082747,33.67060343],[-82.21316649,33.6772105],[-82.21865029,33.68629815],[-82.22568514,33.69143305],[-82.23457751,33.70021541],[-82.23540155,33.70437962],[-82.23719366,33.70787984],[-82.23575463,33.71439001],[-82.23731255,33.72189265],[-82.23875956,33.72520566],[-82.23949863,33.72933004],[-82.23909967,33.7308719],[-82.24324544,33.74011539],[-82.24540952,33.74292549],[-82.24747349,33.75259037],[-82.25559579,33.75987474],[-82.26004162,33.76042971],[-82.26404539,33.76284218],[-82.26502041,33.76574123],[-82.26771966,33.76764971],[-82.27044557,33.7679117],[-82.2776821,33.772031],[-82.28408812,33.77878002],[-82.28865269,33.78163375],[-82.29246799,33.78240461],[-82.2949842,33.78186657],[-82.29748002,33.78297293],[-82.29901046,33.78447437],[-82.29960262,33.7864829],[-82.29886561,33.79316602],[-82.29928158,33.79893866],[-82.30021433,33.8006262],[-82.30345494,33.80326189],[-82.31243726,33.80715403],[-82.31435134,33.8111102],[-82.32188822,33.81677611],[-82.32448114,33.82003201],[-82.33782999,33.82715493],[-82.34619995,33.8338279],[-82.3511857,33.83613978],[-82.36878075,33.8423088],[-82.37330206,33.84474897],[-82.3797721,33.85109501],[-82.38497389,33.85442688],[-82.39052773,33.8571608],[-82.39573593,33.85908687],[-82.40219795,33.86465489],[-82.40558546,33.86602269],[-82.4083529,33.86631863],[-82.42061789,33.86374863],[-82.42488844,33.86413168],[-82.42916488,33.86584286],[-82.43350413,33.86900604],[-82.4386451,33.87391801],[-82.44050379,33.87512181],[-82.44810975,33.8775418],[-82.45510612,33.88164902],[-82.45939213,33.88638503],[-82.46991406,33.89283698],[-82.48011206,33.90189598],[-82.49293015,33.90975304],[-82.49611037,33.9134583],[-82.5035854,33.92604734],[-82.5076413,33.93145521],[-82.51295109,33.93696799],[-82.52451563,33.94335874],[-82.52674116,33.94376365],[-82.53411065,33.94364966],[-82.5397695,33.94154971],[-82.54312807,33.94094761],[-82.55449775,33.94381778],[-82.55683621,33.94535208],[-82.56458346,33.95580943],[-82.56570158,33.95868174],[-82.56620258,33.96477065],[-82.56907832,33.96988619],[-82.57667023,33.97589912],[-82.57885243,33.97863037],[-82.58046059,33.98213273],[-82.58057261,33.98514023],[-82.57961435,33.9872608],[-82.57588336,33.98995379],[-82.57525075,33.99143289],[-82.57624913,33.99300792],[-82.58339479,33.99528481],[-82.58623516,33.99715005],[-82.58855344,33.99976737],[-82.5926755,34.01036752],[-82.5954986,34.01586472],[-82.5955356,34.02047915],[-82.59379063,34.02673605],[-82.59419352,34.02886546],[-82.59600909,34.03092898],[-82.60018492,34.03298389],[-82.60741515,34.03807005],[-82.61061241,34.04145733],[-82.61293336,34.04678421],[-82.61915634,34.0513152],[-82.62038554,34.05391661],[-82.62140745,34.05801726],[-82.62464223,34.0602601],[-82.62696417,34.06345602],[-82.63097237,34.06552661],[-82.63543739,34.06508861],[-82.64051918,34.06788204],[-82.64376043,34.07230538],[-82.64566264,34.0760458],[-82.64522153,34.07904659],[-82.64318036,34.08095174],[-82.64026067,34.08654115],[-82.64164248,34.09208938],[-82.64883192,34.09912784],[-82.65423395,34.10063285],[-82.65603407,34.10252997],[-82.65885027,34.10396107],[-82.66032329,34.1068961],[-82.66185213,34.10775301],[-82.66688051,34.11359045],[-82.66827852,34.11978352],[-82.67522125,34.12977813],[-82.67873081,34.1323918],[-82.6862909,34.13445283],[-82.69038697,34.1382919],[-82.69215231,34.13898463],[-82.69553006,34.13881365],[-82.69975845,34.13931669],[-82.70414083,34.14100584],[-82.71533414,34.14820204],[-82.71746044,34.15054537],[-82.7233135,34.16589451],[-82.72541038,34.16977331],[-82.7304164,34.17532632],[-82.73177457,34.17803966],[-82.73219461,34.18134696],[-82.73169961,34.1907349],[-82.73254553,34.19451856],[-82.74165455,34.20970859],[-82.74238164,34.21376613],[-82.74035763,34.21863217],[-82.74050656,34.22001154],[-82.74400451,34.22440648],[-82.74435569,34.22592527],[-82.74208265,34.22896232],[-82.74349357,34.23989469],[-82.74443158,34.24200372],[-82.74472163,34.24631145],[-82.74308959,34.24798249],[-82.74300561,34.25138054],[-82.74556857,34.2540655],[-82.74582658,34.25835556],[-82.74771351,34.26070047],[-82.7485367,34.26410029],[-82.74665794,34.26640701],[-82.7539152,34.27545108],[-82.7611092,34.28039809],[-82.76232988,34.28195068],[-82.76607564,34.28206467],[-82.77168919,34.28633009],[-82.78181361,34.29791656],[-82.7817696,34.30241266],[-82.78724052,34.31077752],[-82.79016854,34.32211364],[-82.79206565,34.32675888],[-82.79123664,34.33104793],[-82.79354052,34.33829456],[-82.79470221,34.34057895],[-82.79875083,34.34190282],[-82.81285136,34.3518302],[-82.81377111,34.35393364],[-82.81564157,34.35390664],[-82.82490563,34.36041169],[-82.82672851,34.36052368],[-82.83331821,34.36395105],[-82.83480757,34.36630162],[-82.83597659,34.38090878],[-82.8366745,34.38314149],[-82.84135851,34.39013451],[-82.84199861,34.3925029],[-82.84145162,34.3989718],[-82.84744758,34.4120487],[-82.84802965,34.41832947],[-82.84690783,34.4193793],[-82.84962736,34.4256772],[-82.85401253,34.42881733],[-82.85548456,34.44166055],[-82.85682847,34.44342143],[-82.8601257,34.4528401],[-82.85883893,34.45521967],[-82.86534573,34.46031773],[-82.87184705,34.46118778],[-82.87387027,34.46446613],[-82.88117571,34.46947843],[-82.88079466,34.4718857],[-82.88739893,34.48095769],[-82.89259357,34.48118868],[-82.90155139,34.48676257],[-82.91773535,34.48416673],[-82.92073538,34.48233772],[-82.92615657,34.48164957],[-82.93082376,34.48564773],[-82.93715499,34.48638064],[-82.94398621,34.48551374],[-82.94780453,34.48207335],[-82.94822665,34.4804909],[-82.95570602,34.47889961],[-82.95854891,34.47955281],[-82.9632429,34.4843618],[-82.96424041,34.48456949],[-82.96644702,34.48234988],[-82.97491745,34.47934838],[-82.97740304,34.48175295],[-82.97974618,34.48293652],[-82.99266995,34.47907088],[-82.99527738,34.47564764],[-82.99508832,34.47248167],[-82.9991953,34.47244565],[-83.01526068,34.47777678],[-83.02931517,34.48414555],[-83.03336027,34.48308852],[-83.04358116,34.48908504],[-83.0452452,34.49118208],[-83.04876754,34.49359763],[-83.05102571,34.49352463],[-83.05286145,34.49532536],[-83.05347762,34.49726087],[-83.05310264,34.50132361],[-83.05446397,34.50288883],[-83.05784292,34.50370958],[-83.06579597,34.50103956],[-83.06945182,34.50212982],[-83.07400618,34.50546508],[-83.07737149,34.50922342],[-83.07841647,34.51308337],[-83.07984287,34.51445279],[-83.0871908,34.51593798],[-83.0868625,34.51779867],[-83.08178,34.52173705],[-83.07778376,34.52406361],[-83.07793549,34.52476437],[-83.08485588,34.53096582],[-83.09256393,34.53294257],[-83.09685786,34.5315226],[-83.1028535,34.53257289],[-83.10345257,34.5386226],[-83.10497004,34.5409408],[-83.10861912,34.54154381],[-83.11050864,34.54510879],[-83.11024968,34.54705548],[-83.1172126,34.55253763],[-83.12189477,34.55233662],[-83.12425793,34.55499692],[-83.12205376,34.55802816],[-83.12290231,34.56012805],[-83.12717628,34.5619976],[-83.12967539,34.56169771],[-83.13337584,34.55949744],[-83.1405167,34.56238519],[-83.13987764,34.56799874],[-83.14317722,34.57339804],[-83.1536775,34.57869768],[-83.15867832,34.57899773],[-83.15917867,34.58099913],[-83.15777838,34.58379972],[-83.15454661,34.58694049],[-83.15457858,34.58819707],[-83.15887743,34.5895967],[-83.1682787,34.59099674],[-83.17027962,34.59239738],[-83.17007957,34.59959904],[-83.16427685,34.60089943],[-83.16068973,34.59947578],[-83.15907882,34.60219795],[-83.15995505,34.60346283],[-83.16427866,34.60439675],[-83.16967849,34.60739666],[-83.18077786,34.60749665],[-83.18647753,34.6065967],[-83.19517858,34.60339668],[-83.19738083,34.60319648],[-83.19698068,34.60599756],[-83.19907991,34.60799683],[-83.20883129,34.61070366],[-83.21640284,34.61100964],[-83.22333517,34.60955257],[-83.22724438,34.61113466],[-83.23133957,34.61118566],[-83.23820989,34.61574187],[-83.24348298,34.61819638],[-83.24067101,34.62450633],[-83.24648237,34.62689606],[-83.24768243,34.63089525],[-83.2517822,34.63379509],[-83.25448208,34.63709494],[-83.2622825,34.64029471],[-83.27088257,34.64159472],[-83.27852135,34.6453831],[-83.27943039,34.64787021],[-83.28208272,34.64969476],[-83.28468259,34.65019473],[-83.29318408,34.65429497],[-83.30121557,34.66325951],[-83.30147856,34.66658145],[-83.30464184,34.66955977],[-83.30891693,34.67027161],[-83.31439412,34.66894257],[-83.31686433,34.66987103],[-83.31852544,34.67477233],[-83.32146403,34.67754195],[-83.32533674,34.6795158],[-83.3302842,34.6813406],[-83.33890033,34.68003758],[-83.34137416,34.68135702],[-83.342619,34.68299113],[-83.33823572,34.6871874],[-83.33863253,34.68894857],[-83.34013531,34.69148219],[-83.34314788,34.69394584],[-83.35294424,34.69705495],[-83.3539118,34.69921919],[-83.35185303,34.70169912],[-83.34790096,34.70293114],[-83.34665098,34.70422009],[-83.34978948,34.70827344],[-83.35279959,34.71744479],[-83.35341762,34.72842434],[-83.35042748,34.73268954],[-83.34907636,34.73663389],[-83.34544444,34.73845435],[-83.3389665,34.73843735],[-83.33869355,34.74206968],[-83.33271954,34.74609969],[-83.33242151,34.74898998],[-83.32631084,34.75083988],[-83.32719569,34.75459724],[-83.32589797,34.75647527],[-83.31974103,34.75700927],[-83.31894109,34.75833051],[-83.32321534,34.76057864],[-83.31932355,34.7648694],[-83.3229854,34.76609335],[-83.31897884,34.77130909],[-83.3226639,34.7776222],[-83.32121478,34.77904132],[-83.32415163,34.78747888],[-83.32386748,34.78971301],[-83.32033668,34.79068096],[-83.32051966,34.79304569],[-83.31383659,34.79683372],[-83.31378358,34.79991205],[-83.30322384,34.80220921],[-83.30118342,34.8040087],[-83.2997626,34.80788119],[-83.29979858,34.81006095],[-83.30424608,34.81102284],[-83.3066649,34.81485013],[-83.30313177,34.81874637],[-83.30056739,34.81866233],[-83.2989861,34.81755142],[-83.30000905,34.81524755],[-83.29605084,34.81311551],[-83.29464863,34.81360289],[-83.29471762,34.8157317],[-83.28995678,34.81845961],[-83.29107877,34.82319358],[-83.28865015,34.82467457],[-83.28481095,34.82304406],[-83.28227087,34.82024498],[-83.27668969,34.81689547],[-83.27179786,34.8180442],[-83.26831993,34.82112524],[-83.26963981,34.82336003],[-83.26780658,34.82613639],[-83.26734166,34.83237123],[-83.27242792,34.83471735],[-83.2687685,34.84453948],[-83.26630694,34.84904551],[-83.26088852,34.84822114],[-83.26055251,34.84522506],[-83.25568987,34.84415436],[-83.25016378,34.84459829],[-83.24859465,34.84607253],[-83.25376391,34.84805625],[-83.25257763,34.85168008],[-83.25332091,34.85592464],[-83.24693411,34.85500853],[-83.24636279,34.8565327],[-83.24828519,34.8584561],[-83.24634493,34.8600253],[-83.2480557,34.86311689],[-83.24672008,34.86700372],[-83.24325063,34.86603432],[-83.2386103,34.86545353],[-83.23787846,34.86887779],[-83.23470633,34.87074269],[-83.24046418,34.87272195],[-83.2431281,34.87739256],[-83.2399292,34.87887745],[-83.23579379,34.87789635],[-83.23201748,34.87794534],[-83.22874431,34.87970143],[-83.21994071,34.87811451],[-83.21939969,34.87876931],[-83.21988877,34.88111167],[-83.21742362,34.88238174],[-83.21750761,34.88567451],[-83.21448543,34.88847161],[-83.21274391,34.88785973],[-83.21472001,34.88384253],[-83.21198888,34.882367],[-83.20997512,34.88004427],[-83.20625366,34.87967842],[-83.20102093,34.88478918],[-83.20478979,34.89075496],[-83.2030698,34.89385674],[-83.19935668,34.892572],[-83.19859988,34.89038659],[-83.19677681,34.89073404],[-83.19757267,34.89501627],[-83.19437424,34.89956931],[-83.19164938,34.89688647],[-83.1892788,34.89725625],[-83.18087259,34.90470855],[-83.18078758,34.90960822],[-83.17508785,34.91007728],[-83.17185238,34.9136497],[-83.16908813,34.91877817],[-83.16555746,34.91942748],[-83.16068227,34.91513731],[-83.15720916,34.91493542],[-83.1564487,34.91705792],[-83.15802063,34.92011677],[-83.15770662,34.9235089],[-83.15918878,34.92883349],[-83.15623519,34.93098564],[-83.14326063,34.92475737],[-83.14062156,34.92491632],[-83.13055531,34.93093287],[-83.12988676,34.93235091],[-83.13179169,34.9353368],[-83.13164644,34.93588377],[-83.12759034,34.93849248],[-83.12661614,34.9382642],[-83.12081836,34.9330494],[-83.11908821,34.93317926],[-83.11806607,34.93595265],[-83.11280159,34.93472454],[-83.11172696,34.93586309],[-83.11692885,34.94273261],[-83.12157492,34.94252261],[-83.12387831,34.94604621],[-83.12755829,34.94948212],[-83.1248572,34.95143118],[-83.1270368,34.95377775],[-83.12658818,34.95486225],[-83.12452768,34.95504538],[-83.12034552,34.95318731],[-83.11804928,34.95295828],[-83.1149218,34.95042971],[-83.1140229,34.95091258],[-83.11469441,34.9526553],[-83.12002958,34.95747745],[-83.12011067,34.95917036],[-83.11592261,34.95914236],[-83.1159306,34.96030717],[-83.12162137,34.96276508],[-83.12211167,34.96432906],[-83.12038842,34.96840667],[-83.11540395,34.9736371],[-83.11662521,34.97531546],[-83.11563138,34.97581238],[-83.1117966,34.9755354],[-83.11085684,34.97631537],[-83.11209871,34.97940106],[-83.11127577,34.9810049],[-83.10842917,34.97968062],[-83.10576814,34.98150327],[-83.10712609,34.98322722],[-83.10337883,34.98609419],[-83.10167921,34.98658079],[-83.10286093,34.9887083],[-83.1013417,34.98994531],[-83.09896904,34.99010228],[-83.09838277,34.99112302],[-83.09883221,34.99195399],[-83.1035943,34.99383842],[-83.10252567,34.99530429],[-83.10286848,34.99725623],[-83.10955752,35.00119566],[-83.11314999,35.00124265],[-83.32276796,34.99587265],[-83.54938098,34.99249065],[-83.62018335,34.99208966],[-83.61998335,34.98659064],[-83.74989301,34.98768965],[-84.029954,34.98731965],[-84.321869,34.98840665],[-84.394903,34.98802865],[-84.6214829,34.98832765],[-84.6249329,34.98797665],[-84.73102199,34.98808665],[-84.80918401,34.98756765],[-84.83179902,34.98800265],[-84.95562299,34.98782865],[-85.21785398,34.98567365],[-85.38496698,34.98298565],[-85.46671301,34.98297065],[-85.60516314,34.98467663],[-85.59938341,34.95176615]]]}},{"type":"Feature","properties":{"part":"wire-top","base":3.048,"height":3.808},"geometry":{"type":"Polygon","coordinates":[[[-85.46671297,34.98297541],[-85.38496704,34.98299041],[-85.21785406,34.98567841],[-84.95562302,34.98783341],[-84.83179896,34.98800741],[-84.80918397,34.98757241],[-84.73102201,34.98809141],[-84.62493324,34.98798141],[-84.62148324,34.98833241],[-84.39490301,34.98803341],[-84.321869,34.98841141],[-84.02995399,34.98732441],[-83.74989298,34.98769441],[-83.61998918,34.98659545],[-83.62018918,34.99209439],[-83.54938105,34.99249541],[-83.3227681,34.99587741],[-83.11315003,35.00124741],[-83.10955569,35.0012004],[-83.10286324,34.99725895],[-83.10251977,34.99530327],[-83.10358617,34.99384047],[-83.09882793,34.99195756],[-83.09837652,34.99112296],[-83.09896536,34.99009775],[-83.10133923,34.98994069],[-83.1028541,34.98870724],[-83.10167141,34.986578],[-83.1033759,34.98609],[-83.1071187,34.98322644],[-83.10576059,34.98150231],[-83.10842856,34.9796749],[-83.11127305,34.98099819],[-83.11209266,34.97940085],[-83.11085034,34.97631407],[-83.11179448,34.97553046],[-83.11563005,34.97580751],[-83.11661739,34.97531383],[-83.11539705,34.97363674],[-83.12038341,34.96840431],[-83.12210576,34.96432885],[-83.12161654,34.96276834],[-83.11592496,34.96031009],[-83.11591692,34.95913756],[-83.12010478,34.95916556],[-83.12002401,34.9574794],[-83.11468942,34.95265777],[-83.11401617,34.95091054],[-83.11492251,34.95042368],[-83.11805183,34.95295374],[-83.12034723,34.95318268],[-83.1245288,34.9550405],[-83.12658401,34.95485783],[-83.12703044,34.95377864],[-83.12484942,34.95143053],[-83.1275502,34.94948169],[-83.12387367,34.94604899],[-83.12157167,34.94252752],[-83.11692585,34.94273752],[-83.11172003,34.93586278],[-83.11279949,34.93471911],[-83.11806229,34.93594683],[-83.11908393,34.9331748],[-83.12082061,34.93304445],[-83.12661918,34.93825997],[-83.12758914,34.93848726],[-83.13164136,34.93588104],[-83.13178571,34.9353375],[-83.12988053,34.93235122],[-83.13055067,34.9309298],[-83.14061958,34.92491166],[-83.14326194,34.92475252],[-83.15623452,34.93097984],[-83.15918249,34.92883177],[-83.15770091,34.92350926],[-83.15801488,34.92011758],[-83.15644269,34.91705821],[-83.15720505,34.91493041],[-83.16068485,34.91513269],[-83.16555936,34.91942226],[-83.16908415,34.91877403],[-83.1718475,34.91364724],[-83.17508485,34.91007275],[-83.180782,34.9096039],[-83.18086697,34.90470662],[-83.18927597,34.89725185],[-83.19165156,34.89688128],[-83.1943734,34.89956115],[-83.19756677,34.89501532],[-83.19677041,34.89073038],[-83.19860383,34.89038096],[-83.19936135,34.89256847],[-83.20306696,34.8938506],[-83.20478347,34.8907551],[-83.20101412,34.88478854],[-83.20625133,34.8796734],[-83.20997823,34.88003978],[-83.21199283,34.88236347],[-83.21472704,34.88384067],[-83.21275129,34.88785716],[-83.21448392,34.88846592],[-83.21750191,34.88567271],[-83.21741789,34.88237911],[-83.21988253,34.8811093],[-83.21939372,34.87876821],[-83.21993821,34.87810919],[-83.22874322,34.87969637],[-83.23201579,34.8779406],[-83.23579453,34.87789158],[-83.2399285,34.87887233],[-83.24312068,34.87739057],[-83.24046002,34.87272566],[-83.23469457,34.87074379],[-83.2378733,34.86887501],[-83.2386057,34.86544814],[-83.24325194,34.86602967],[-83.24671627,34.86699764],[-83.24804968,34.86311728],[-83.2463381,34.86002423],[-83.24827745,34.85845575],[-83.24635646,34.85653376],[-83.2469302,34.85500313],[-83.25331417,34.85591884],[-83.25257186,34.85167979],[-83.25375717,34.8480589],[-83.2485853,34.84607418],[-83.25016104,34.84459373],[-83.25569033,34.84414954],[-83.26055777,34.8452213],[-83.26089375,34.8482171],[-83.26630363,34.84904017],[-83.26876321,34.84453777],[-83.27242113,34.83471965],[-83.26733579,34.83237395],[-83.26780101,34.82613502],[-83.26963342,34.82335991],[-83.2683131,34.82112438],[-83.27179483,34.81803997],[-83.27669078,34.81689027],[-83.28227485,34.82024152],[-83.28481466,34.82304031],[-83.28864962,34.82466902],[-83.29107251,34.82319152],[-83.2899505,34.81845745],[-83.29471188,34.81572923],[-83.29464287,34.81359974],[-83.29605141,34.81311017],[-83.30001595,34.81524561],[-83.29899281,34.81754993],[-83.30056954,34.81865763],[-83.30312905,34.81874152],[-83.3066582,34.81484967],[-83.30424226,34.81102693],[-83.29979299,34.81006466],[-83.29975693,34.80788051],[-83.30117841,34.80400622],[-83.30322086,34.80220494],[-83.31377799,34.79990835],[-83.31383097,34.79683117],[-83.3205138,34.79304326],[-83.32033075,34.79067758],[-83.32386225,34.78970944],[-83.32414588,34.78747931],[-83.32120849,34.77904018],[-83.32265718,34.77762148],[-83.31897235,34.77130877],[-83.32297691,34.76609564],[-83.31931453,34.76487151],[-83.32320707,34.76057991],[-83.3189337,34.75833224],[-83.31973739,34.75700479],[-83.32589453,34.75647078],[-83.32718972,34.7545964],[-83.32630434,34.75083678],[-83.33241618,34.74898653],[-83.33271411,34.74609725],[-83.33868806,34.74206728],[-83.33896119,34.73843258],[-83.34544289,34.73844958],[-83.34907155,34.73663076],[-83.35042224,34.73268764],[-83.35341189,34.72842314],[-83.35279397,34.71744554],[-83.34978426,34.70827542],[-83.34664398,34.70421977],[-83.34789756,34.70292712],[-83.3518494,34.70169517],[-83.35390545,34.69921852],[-83.35293985,34.69705865],[-83.34314478,34.69394994],[-83.34013068,34.69148504],[-83.33862712,34.6889501],[-83.33822965,34.687186],[-83.34261194,34.68299068],[-83.34137007,34.68136048],[-83.33889916,34.68004259],[-83.3302835,34.68134554],[-83.32533413,34.67952004],[-83.32146038,34.67754565],[-83.31852035,34.67477469],[-83.31685962,34.66987447],[-83.3143937,34.66894763],[-83.30891718,34.67027651],[-83.30463888,34.66956413],[-83.30147305,34.6665834],[-83.30121003,34.66326124],[-83.29318026,34.65429861],[-83.28468051,34.65019921],[-83.28208017,34.64969915],[-83.27942548,34.64787299],[-83.27851659,34.64538627],[-83.27088057,34.64159925],[-83.26228073,34.64029928],[-83.25447826,34.63709868],[-83.25177797,34.63379832],[-83.24767739,34.6308979],[-83.24647753,34.62689937],[-83.24066391,34.62450871],[-83.24347597,34.61819856],[-83.23820675,34.61574585],[-83.23133757,34.6111904],[-83.22724305,34.6111394],[-83.22333456,34.60955761],[-83.2164034,34.61101443],[-83.20883025,34.61070839],[-83.19907669,34.60800095],[-83.19697476,34.60599911],[-83.19737436,34.60320185],[-83.19518005,34.60340134],[-83.1864792,34.60660128],[-83.18077836,34.60750142],[-83.16967676,34.6074014],[-83.16427633,34.60440116],[-83.15995135,34.60346695],[-83.15907239,34.60219813],[-83.16068714,34.59946949],[-83.16427739,34.60089438],[-83.17007402,34.59959536],[-83.1702739,34.59239957],[-83.16827623,34.5910012],[-83.1588759,34.5896013],[-83.154573,34.58820036],[-83.15454091,34.58693876],[-83.15777351,34.58379718],[-83.15917277,34.58099866],[-83.15867366,34.57900222],[-83.15367574,34.57870235],[-83.14317292,34.57340143],[-83.13987185,34.56799967],[-83.14051069,34.56238805],[-83.13337639,34.55950295],[-83.12967754,34.56170226],[-83.12717528,34.56200253],[-83.12289768,34.5601314],[-83.12204755,34.55802758],[-83.12425111,34.55499719],[-83.12189205,34.5523415],[-83.11721049,34.55254248],[-83.11024374,34.54705732],[-83.11050285,34.54510954],[-83.10861515,34.54154801],[-83.10496636,34.54094504],[-83.10344703,34.53862401],[-83.10284821,34.53257682],[-83.09685836,34.53152755],[-83.09256417,34.53294761],[-83.08485278,34.53097],[-83.07793022,34.5247666],[-83.07777754,34.52406145],[-83.08177646,34.52173333],[-83.0868572,34.51779631],[-83.08718444,34.51594159],[-83.0798398,34.51445707],[-83.07841127,34.5130856],[-83.07736624,34.50922547],[-83.07400202,34.50546834],[-83.06944892,34.502134],[-83.06579608,34.50104465],[-83.05784321,34.5037146],[-83.05446054,34.50289296],[-83.05309684,34.501325],[-83.0534719,34.49726132],[-83.05285632,34.49532763],[-83.0510232,34.49352947],[-83.04876562,34.49360246],[-83.04524096,34.49118532],[-83.04357705,34.48908843],[-83.03335931,34.48309376],[-83.02931458,34.48415069],[-83.01525829,34.4777811],[-82.99919425,34.47245042],[-82.99509426,34.47248638],[-82.99528312,34.47564892],[-82.99267367,34.47907483],[-82.97974555,34.48294176],[-82.97739936,34.48175665],[-82.97491587,34.47935411],[-82.96645048,34.48235382],[-82.96424249,34.48457483],[-82.96323972,34.48436604],[-82.95854569,34.47955701],[-82.95570596,34.47890453],[-82.94823141,34.4804948],[-82.94780972,34.48207565],[-82.943989,34.4855182],[-82.93715503,34.48638545],[-82.93082108,34.48565222],[-82.92615456,34.48165464],[-82.92073758,34.48234225],[-82.91773765,34.48417121],[-82.90155002,34.48676763],[-82.89259157,34.48119335],[-82.88739566,34.48096231],[-82.88078879,34.47188675],[-82.88116968,34.46948044],[-82.87386579,34.4644692],[-82.87184334,34.4611921],[-82.86534314,34.46032221],[-82.8588321,34.45522082],[-82.86011968,34.45283974],[-82.85682327,34.44342343],[-82.85547906,34.44166215],[-82.85400712,34.4288197],[-82.84962255,34.42568001],[-82.84690136,34.41937824],[-82.84802382,34.41832781],[-82.847442,34.41204976],[-82.84144589,34.39897252],[-82.84199291,34.39250326],[-82.84135318,34.39013624],[-82.83666921,34.38314329],[-82.83597098,34.38090955],[-82.83480201,34.36630296],[-82.83331394,34.36395442],[-82.82672671,34.36052834],[-82.8249034,34.36041632],[-82.81563956,34.35391143],[-82.81376719,34.35393845],[-82.81284657,34.35183303],[-82.79874791,34.34190698],[-82.79469794,34.34058266],[-82.79353516,34.33829612],[-82.79123086,34.33104817],[-82.79205983,34.3267593],[-82.79016309,34.32211492],[-82.78723516,34.31077921],[-82.78176393,34.30241386],[-82.78180793,34.29791811],[-82.77168498,34.2863333],[-82.76607338,34.28206937],[-82.76232677,34.28195535],[-82.76110496,34.28040132],[-82.75391097,34.27545433],[-82.74665109,34.26640699],[-82.74853068,34.26409926],[-82.74770819,34.26070235],[-82.74582101,34.25835712],[-82.74556302,34.25406728],[-82.74299991,34.25138217],[-82.74308397,34.24798075],[-82.74471586,34.24630986],[-82.74442598,34.24200471],[-82.74348802,34.23989579],[-82.74207681,34.22896119],[-82.74434971,34.22592432],[-82.74399917,34.22440833],[-82.74050105,34.22001318],[-82.74035188,34.21863157],[-82.74237584,34.21376567],[-82.74164909,34.20971005],[-82.73254012,34.19452011],[-82.73169393,34.19073524],[-82.73218893,34.18134711],[-82.73176903,34.17804086],[-82.73041146,34.17532872],[-82.72540549,34.16977576],[-82.72330821,34.16589623],[-82.71745535,34.1505476],[-82.71533011,34.14820544],[-82.7041379,34.14100994],[-82.69975685,34.13932131],[-82.69552984,34.13881843],[-82.69215122,34.13898946],[-82.69038353,34.1382958],[-82.68628771,34.13445696],[-82.67872795,34.13239603],[-82.67521683,34.12978119],[-82.66827315,34.11978521],[-82.66687518,34.11359239],[-82.66184814,34.1077565],[-82.66031874,34.10689927],[-82.65884578,34.10396435],[-82.65603028,34.10253361],[-82.65423058,34.10063692],[-82.64882866,34.09913194],[-82.64163724,34.09209156],[-82.64025476,34.08654063],[-82.64317555,34.08094912],[-82.64521613,34.07904451],[-82.64565684,34.0760465],[-82.64375539,34.07230758],[-82.64051502,34.06788544],[-82.63543601,34.06509353],[-82.63097107,34.06553153],[-82.62696005,34.06345948],[-82.62463789,34.06026327],[-82.62140232,34.05801987],[-82.6203801,34.05391799],[-82.6191516,34.05131804],[-82.61292855,34.046787],[-82.61060742,34.04145969],[-82.60741108,34.0380734],[-82.60018166,34.0329878],[-82.59600523,34.03093259],[-82.59418815,34.02886736],[-82.59378487,34.02673587],[-82.59552994,34.02047862],[-82.59549295,34.01586572],[-82.5926702,34.01036921],[-82.58854835,33.99976959],[-82.58623107,33.99715341],[-82.58339199,33.99528901],[-82.57624514,33.99301174],[-82.57524457,33.99143327],[-82.57587855,33.989951],[-82.57960958,33.98725797],[-82.58056692,33.98513942],[-82.58045497,33.98213369],[-82.57884738,33.97863259],[-82.57666589,33.97590222],[-82.56907366,33.96988904],[-82.56619701,33.96477188],[-82.56569599,33.95868266],[-82.5645783,33.95581146],[-82.55683194,33.94535532],[-82.55449511,33.94382209],[-82.54312783,33.94095252],[-82.53977125,33.94155427],[-82.53411189,33.9436544],[-82.5267406,33.94376842],[-82.5245134,33.9433632],[-82.51294725,33.93697156],[-82.5076367,33.93145799],[-82.50358046,33.92604968],[-82.49610552,33.91346077],[-82.49292609,33.90975644],[-82.48010831,33.90189957],[-82.46991031,33.89284057],[-82.45938813,33.88638847],[-82.45510216,33.88165249],[-82.44810709,33.87754604],[-82.440501,33.87512601],[-82.43864122,33.8739215],[-82.43350014,33.86900943],[-82.42916176,33.86584688],[-82.42488688,33.86413633],[-82.42061828,33.86375346],[-82.40835324,33.86632347],[-82.40558384,33.86602732],[-82.4021946,33.86465882],[-82.39573265,33.85909086],[-82.39052515,33.85716505],[-82.38497074,33.85443084],[-82.3797682,33.8510985],[-82.37329831,33.8447526],[-82.36877811,33.84231304],[-82.35118324,33.83614408],[-82.34619659,33.83383178],[-82.3378265,33.82715871],[-82.32447711,33.8200355],[-82.32188392,33.81677926],[-82.3143466,33.81111302],[-82.31243281,33.80715746],[-82.30345161,33.8032658],[-82.30020964,33.80062901],[-82.299276,33.79893985],[-82.29885993,33.79316595],[-82.2995969,33.78648326],[-82.29900529,33.78447661],[-82.29747642,33.78297672],[-82.29498349,33.78187163],[-82.29246803,33.78240952],[-82.28865025,33.78163816],[-82.28408416,33.77878348],[-82.27767822,33.77203454],[-82.27044355,33.7679163],[-82.26771733,33.76765427],[-82.26501544,33.76574394],[-82.26404048,33.76284508],[-82.26003944,33.76043426],[-82.25559301,33.7598792],[-82.24746822,33.7525926],[-82.24540415,33.74292728],[-82.24324036,33.74011755],[-82.23909378,33.73087226],[-82.23949288,33.72932989],[-82.23875405,33.72520685],[-82.23730707,33.72189389],[-82.23574888,33.71438998],[-82.23718779,33.7078804],[-82.23539608,33.70438097],[-82.23457218,33.70021749],[-82.22568111,33.69143641],[-82.21864574,33.68630114],[-82.21316122,33.67721227],[-82.21082228,33.67060544],[-82.20979989,33.66927824],[-82.19984298,33.66175955],[-82.19974294,33.65761084],[-82.20118189,33.64689821],[-82.1965793,33.63058365],[-82.18913807,33.62372436],[-82.17985139,33.61594763],[-82.17617025,33.61377814],[-82.15832936,33.60971316],[-82.15628551,33.60863272],[-82.15335351,33.60632093],[-82.15105635,33.60095754],[-82.14881299,33.59809436],[-82.14286988,33.59428093],[-82.13352178,33.59053829],[-82.12908027,33.5899285],[-82.12586604,33.59074405],[-82.12038723,33.5948879],[-82.11580986,33.59660042],[-82.10937529,33.59658441],[-82.10623738,33.59563984],[-82.0988128,33.58636011],[-82.09634929,33.58407257],[-82.09412607,33.58274504],[-82.08748677,33.58061726],[-82.07310239,33.57751318],[-82.06903655,33.57538474],[-82.05772458,33.56677676],[-82.0549417,33.56538532],[-82.0489579,33.56487334],[-82.04633245,33.56383276],[-82.03737144,33.55466373],[-82.03489133,33.54915947],[-82.03302022,33.54645677],[-82.02823571,33.54493692],[-82.02343394,33.54073538],[-82.02343394,33.53793646],[-82.01983567,33.53503785],[-82.0115356,33.53173782],[-82.01003438,33.53043676],[-82.00763454,33.52333723],[-82.0013349,33.52013741],[-81.99193426,33.50443635],[-81.99037789,33.50075947],[-81.9909339,33.49423541],[-81.98933437,33.49003766],[-81.98593535,33.48653866],[-81.98063552,33.48403921],[-81.97353584,33.48263928],[-81.96703539,33.48063914],[-81.94173556,33.47004021],[-81.93413436,33.46834016],[-81.92943336,33.46583963],[-81.92633253,33.46293885],[-81.91943242,33.44909965],[-81.91480849,33.44349973],[-81.91352805,33.44127497],[-81.91312187,33.43833266],[-81.91427838,33.43529432],[-81.91696942,33.43258927],[-81.92071471,33.43098272],[-81.92832486,33.4299067],[-81.93079508,33.42903133],[-81.93230371,33.42658654],[-81.93173833,33.42450781],[-81.92489059,33.41930977],[-81.92106641,33.41742217],[-81.91076197,33.41503784],[-81.9096247,33.41260312],[-81.91049233,33.41031046],[-81.91236463,33.40808691],[-81.91775052,33.40719643],[-81.92127822,33.40859411],[-81.92386241,33.41045796],[-81.9247673,33.41241142],[-81.92945145,33.40775325],[-81.93138895,33.40695263],[-81.93476664,33.40679255],[-81.94078303,33.40873868],[-81.94314795,33.40903042],[-81.94488949,33.40795993],[-81.94562469,33.40583525],[-81.94447276,33.40367626],[-81.93810534,33.3999326],[-81.93508126,33.39724464],[-81.93085724,33.38007755],[-81.92483255,33.37414088],[-81.92573343,33.37113796],[-81.93063312,33.36816133],[-81.93463888,33.36893686],[-81.9396384,33.37253651],[-81.94373551,33.37233665],[-81.94633314,33.3706382],[-81.94673284,33.36734065],[-81.94473372,33.3640431],[-81.93530918,33.35679069],[-81.93480776,33.35375914],[-81.9398329,33.34773997],[-81.93973301,33.34494294],[-81.9372358,33.34364439],[-81.93273764,33.34354443],[-81.92681742,33.34528749],[-81.9234578,33.34490119],[-81.91927751,33.34034305],[-81.91494029,33.34374409],[-81.91302755,33.34688931],[-81.9101728,33.34701447],[-81.90892628,33.34626997],[-81.90843266,33.34384089],[-81.91013503,33.34233879],[-81.91424109,33.34183578],[-81.91550845,33.34077616],[-81.91633328,33.33864059],[-81.91892489,33.33495915],[-81.91883305,33.33344384],[-81.90813236,33.32714343],[-81.90913346,33.32393991],[-81.91293368,33.32173978],[-81.91373202,33.32004331],[-81.91213639,33.31914576],[-81.90909378,33.3199861],[-81.90613402,33.32162186],[-81.90604102,33.32604369],[-81.90413531,33.32728816],[-81.90261722,33.33025839],[-81.90364146,33.33484349],[-81.90195395,33.33588026],[-81.90063166,33.33503215],[-81.89956454,33.3328189],[-81.89693294,33.33054339],[-81.89693294,33.32764071],[-81.89926658,33.32541605],[-81.89858448,33.32290735],[-81.89553649,33.32164559],[-81.89102185,33.32249471],[-81.88915629,33.32109304],[-81.89003348,33.31894112],[-81.89273273,33.31674173],[-81.89253329,33.31534563],[-81.89053753,33.31484669],[-81.88523776,33.31744658],[-81.88253278,33.31704599],[-81.88153165,33.31404259],[-81.88463233,33.30924308],[-81.88193316,33.30544425],[-81.8812336,33.30254607],[-81.87943912,33.30234668],[-81.8758393,33.30744501],[-81.86924882,33.31377143],[-81.86653389,33.31374639],[-81.86493218,33.31184437],[-81.8640319,33.30784313],[-81.86463184,33.30334356],[-81.86392675,33.30204008],[-81.86206279,33.30248488],[-81.86053925,33.30494514],[-81.85760331,33.3071161],[-81.85606683,33.30985495],[-81.85365075,33.31032975],[-81.85173066,33.30874785],[-81.84763297,33.30714558],[-81.84603137,33.30434278],[-81.84963162,33.29954344],[-81.84873098,33.29674144],[-81.85033789,33.29644015],[-81.85253818,33.29934053],[-81.86003395,33.29914064],[-81.8620318,33.29694301],[-81.86163188,33.29374365],[-81.86333156,33.2892445],[-81.8607334,33.28584691],[-81.85158275,33.2835475],[-81.84618963,33.28432866],[-81.84453208,33.28294554],[-81.84413206,33.27884537],[-81.83914351,33.27390279],[-81.83633766,33.27444818],[-81.8335011,33.27607608],[-81.83251572,33.27555778],[-81.83266108,33.27428861],[-81.83553187,33.27144382],[-81.83523192,33.26654471],[-81.83603173,33.26354543],[-81.83533343,33.26234834],[-81.83335348,33.26228946],[-81.83054115,33.2643847],[-81.82888414,33.26408197],[-81.82833158,33.26304504],[-81.82883267,33.26204286],[-81.83440774,33.25837384],[-81.83643936,33.25944274],[-81.83743958,33.26184327],[-81.8384562,33.26284891],[-81.84080078,33.26327383],[-81.84267225,33.26451981],[-81.84386455,33.26661757],[-81.84690749,33.2665956],[-81.8481317,33.2645446],[-81.84633241,33.25844701],[-81.84473453,33.25744833],[-81.84153449,33.25724833],[-81.83983171,33.25614653],[-81.84003222,33.25464276],[-81.84513525,33.25254151],[-81.84982497,33.25291749],[-81.85256119,33.25140802],[-81.85293275,33.24874522],[-81.8486337,33.24504804],[-81.84653306,33.24174861],[-81.83793371,33.23834887],[-81.83173289,33.23354823],[-81.82793343,33.22874892],[-81.81963463,33.22664922],[-81.8117339,33.22384996],[-81.80923254,33.22214904],[-81.80813196,33.21944762],[-81.80793198,33.21374718],[-81.80648748,33.21212886],[-81.80393541,33.21135045],[-81.79823521,33.21165046],[-81.79023497,33.20845037],[-81.78453559,33.20815045],[-81.77893747,33.20984988],[-81.77753909,33.21134815],[-81.77763903,33.21534597],[-81.78103975,33.21984692],[-81.78013775,33.22114981],[-81.77773524,33.22184954],[-81.77403304,33.22115013],[-81.76793122,33.2163487],[-81.7672311,33.21274806],[-81.76529818,33.2095032],[-81.7635313,33.2036496],[-81.76163241,33.20175071],[-81.75823189,33.20025048],[-81.75693034,33.19784763],[-81.75953115,33.19474567],[-81.76063133,33.18924579],[-81.76283369,33.18824472],[-81.76593226,33.1878449],[-81.7677307,33.18464766],[-81.76693125,33.18205042],[-81.7649302,33.17954911],[-81.76613311,33.177845],[-81.7686373,33.178446],[-81.77173523,33.18154293],[-81.77243007,33.18094835],[-81.76673058,33.17144921],[-81.76813064,33.16824908],[-81.76763176,33.16725131],[-81.76443132,33.16555108],[-81.7631312,33.15945051],[-81.75413207,33.15055237],[-81.75003277,33.14735292],[-81.74633184,33.14605259],[-81.74453168,33.14215224],[-81.72953143,33.13375266],[-81.72433092,33.12945324],[-81.72173127,33.12645364],[-81.7111316,33.12165379],[-81.70463241,33.11645343],[-81.69693334,33.11655442],[-81.67703118,33.11065308],[-81.6718311,33.10775403],[-81.65843087,33.10315495],[-81.64643087,33.09455496],[-81.64233212,33.09315538],[-81.63723238,33.09295543],[-81.63223269,33.09395537],[-81.61499333,33.0955545],[-81.61165477,33.09426189],[-81.60996153,33.09301198],[-81.60828161,33.08902179],[-81.60952965,33.086875],[-81.61293892,33.08397961],[-81.61289897,33.08102598],[-81.61069594,33.07994992],[-81.6068385,33.08171974],[-81.60359048,33.08457988],[-81.60253699,33.08680991],[-81.60131797,33.08705291],[-81.59649671,33.07989356],[-81.59683127,33.07855733],[-81.59898864,33.07667914],[-81.60329376,33.07508784],[-81.60323907,33.07442069],[-81.60094648,33.07281838],[-81.59602274,33.07269636],[-81.59358459,33.06950047],[-81.59264897,33.0699121],[-81.59252089,33.07306627],[-81.59085399,33.07273911],[-81.58740834,33.06994639],[-81.58435914,33.06990539],[-81.58297023,33.0685756],[-81.58379969,33.06702074],[-81.58310027,33.06496438],[-81.57875028,33.06619852],[-81.57718299,33.06594182],[-81.57715591,33.06433292],[-81.58098809,33.0626957],[-81.58024984,33.06176543],[-81.57490766,33.06180244],[-81.57450034,33.06004674],[-81.5783258,33.05893419],[-81.57704238,33.0572542],[-81.57282756,33.05864014],[-81.57130387,33.05687286],[-81.57323727,33.05490348],[-81.57190411,33.05399079],[-81.5698899,33.05450459],[-81.56631186,33.05343388],[-81.56302121,33.05581073],[-81.56456911,33.05803671],[-81.56695297,33.05959527],[-81.56699416,33.0604029],[-81.56568784,33.06105255],[-81.5639896,33.06084716],[-81.55939517,33.05490531],[-81.55893379,33.05292065],[-81.56034119,33.05003278],[-81.56504117,33.04969071],[-81.56610202,33.04879222],[-81.56194595,33.04584701],[-81.55314563,33.04319951],[-81.55178818,33.04339315],[-81.54652374,33.04884161],[-81.54375592,33.04856223],[-81.54213132,33.04692062],[-81.5400773,33.04061454],[-81.53878663,33.03918802],[-81.53549863,33.03849265],[-81.53072103,33.04086745],[-81.52913972,33.04081534],[-81.52843383,33.03988284],[-81.5287819,33.03687222],[-81.52844731,33.03564772],[-81.52265045,33.03079168],[-81.51963061,33.0291843],[-81.5132299,33.02854933],[-81.5112416,33.02778845],[-81.51058157,33.02580434],[-81.51168736,33.02450324],[-81.51402338,33.02365951],[-81.51759302,33.02398748],[-81.51907008,33.02319459],[-81.51838181,33.02158862],[-81.51607199,33.02083633],[-81.51371561,33.02057751],[-81.51133435,33.02146861],[-81.51027913,33.0212359],[-81.50821565,33.01751023],[-81.50891531,33.01566351],[-81.51156448,33.01228257],[-81.5106873,33.01031866],[-81.5082203,33.01053023],[-81.50740868,33.01153952],[-81.50568312,33.01597695],[-81.50405215,33.01625663],[-81.50202707,33.01511546],[-81.49976499,33.01225636],[-81.49663521,33.01022715],[-81.49225032,33.00934497],[-81.49141463,33.00807841],[-81.49189574,33.00669123],[-81.49875061,33.00506202],[-81.50022624,33.00345351],[-81.50062572,33.00195547],[-81.49982723,33.00065792],[-81.49273492,32.99911107],[-81.49119279,32.99782529],[-81.49145301,32.99543627],[-81.49224855,32.99350794],[-81.49613428,32.99091112],[-81.49641584,32.98961515],[-81.49599227,32.98829646],[-81.49432493,32.98626104],[-81.49434096,32.985083],[-81.49549977,32.98353324],[-81.49473182,32.97899652],[-81.49783309,32.97301],[-81.49982631,32.963814],[-81.50136812,32.96291036],[-81.50502796,32.96355786],[-81.50757193,32.96558943],[-81.5078509,32.96885201],[-81.50883919,32.96936409],[-81.51079852,32.96852266],[-81.51134285,32.96672089],[-81.51004195,32.96097034],[-81.51000495,32.95732643],[-81.5086053,32.95255261],[-81.50401317,32.94809347],[-81.49944179,32.94498952],[-81.49956202,32.94372103],[-81.50271187,32.93868727],[-81.50242305,32.9353543],[-81.49982668,32.93261702],[-81.4950895,32.93159899],[-81.49206436,32.92782681],[-81.48960178,32.92704194],[-81.48319331,32.92180293],[-81.48443577,32.91882242],[-81.48725379,32.91784877],[-81.48704516,32.91477529],[-81.4812962,32.91458836],[-81.4800035,32.91344497],[-81.48143965,32.9088955],[-81.47917989,32.90563885],[-81.47937,32.90233199],[-81.48086091,32.90021711],[-81.48080802,32.89861628],[-81.47553267,32.89672688],[-81.47214194,32.89381882],[-81.47065334,32.8950442],[-81.47162049,32.90000696],[-81.46897804,32.90108678],[-81.46592137,32.89989174],[-81.46406456,32.89781472],[-81.46465131,32.8959974],[-81.46827192,32.89227584],[-81.46592689,32.88945061],[-81.46710384,32.88899531],[-81.47170249,32.8904352],[-81.47709656,32.88746682],[-81.47944046,32.8810828],[-81.47591571,32.87764399],[-81.47037583,32.87627052],[-81.46804547,32.87667788],[-81.46714145,32.88060498],[-81.46504932,32.8808997],[-81.46187453,32.87755181],[-81.46055293,32.87516354],[-81.45721212,32.87379943],[-81.45338686,32.87388348],[-81.45136269,32.8671646],[-81.45335688,32.8638463],[-81.45301288,32.85963535],[-81.45691299,32.85260315],[-81.45705691,32.85038945],[-81.45555293,32.84650333],[-81.46020826,32.84739797],[-81.46071692,32.8460402],[-81.45402894,32.84420357],[-81.45174564,32.84476766],[-81.45120273,32.84792614],[-81.44486619,32.85097084],[-81.44266746,32.85010938],[-81.44227486,32.84858705],[-81.44287778,32.84584743],[-81.43994727,32.84036521],[-81.43750802,32.84016659],[-81.43480855,32.84354218],[-81.42647242,32.84077581],[-81.42161021,32.83517942],[-81.42061573,32.83122251],[-81.42182492,32.82926259],[-81.42367304,32.82830349],[-81.42810064,32.82868054],[-81.42993786,32.82824368],[-81.42952154,32.82714811],[-81.42248454,32.82289411],[-81.42194762,32.82146566],[-81.42303855,32.81974361],[-81.42693623,32.81970159],[-81.42794969,32.81937741],[-81.42823062,32.81858441],[-81.42709126,32.81687287],[-81.42435484,32.81618278],[-81.42058642,32.81865439],[-81.4185824,32.81868244],[-81.41797964,32.81819721],[-81.41849312,32.81566286],[-81.41974874,32.81372889],[-81.42377091,32.81051016],[-81.42597811,32.8110717],[-81.4263217,32.8099284],[-81.42223758,32.80312721],[-81.42273625,32.80198641],[-81.42689322,32.80223547],[-81.42828671,32.800832],[-81.42634323,32.79888052],[-81.42523061,32.79419314],[-81.42298045,32.79400147],[-81.41987543,32.79486158],[-81.41969574,32.79322526],[-81.42499645,32.79033133],[-81.4274211,32.78831844],[-81.42757963,32.78694654],[-81.42235912,32.78574965],[-81.42223583,32.78398454],[-81.4239274,32.78272363],[-81.4262914,32.78265755],[-81.4299767,32.78523035],[-81.43123024,32.78414023],[-81.43007462,32.78177306],[-81.42685299,32.77945904],[-81.42333079,32.77851553],[-81.41616748,32.77979558],[-81.41471844,32.77920635],[-81.41445174,32.77814853],[-81.41734993,32.77333355],[-81.41860007,32.77273051],[-81.42258487,32.77299457],[-81.42985228,32.77212576],[-81.4320778,32.77054751],[-81.43193613,32.76891333],[-81.42911233,32.76790847],[-81.42201811,32.76837048],[-81.41709175,32.76608993],[-81.41735203,32.76333294],[-81.41889587,32.7611326],[-81.41776496,32.76022588],[-81.41662978,32.76053982],[-81.41401428,32.76452711],[-81.41181643,32.76312337],[-81.41403329,32.75542486],[-81.41226218,32.75469487],[-81.40956428,32.75603433],[-81.40799491,32.75615783],[-81.4083604,32.75468381],[-81.41156662,32.75311373],[-81.41371403,32.75282954],[-81.41673199,32.75327239],[-81.41848177,32.75218676],[-81.41983242,32.74979715],[-81.41860093,32.74799482],[-81.41066231,32.74931943],[-81.40586403,32.74914735],[-81.40501198,32.74828527],[-81.40492793,32.74555866],[-81.40574522,32.74254258],[-81.4075995,32.74033106],[-81.41266739,32.73908009],[-81.41386732,32.73747685],[-81.41159039,32.73385197],[-81.41251435,32.73242895],[-81.41467259,32.73207643],[-81.41703521,32.73308126],[-81.41853756,32.7325838],[-81.41827409,32.73092314],[-81.41674748,32.72876228],[-81.41781092,32.72658137],[-81.41776499,32.72507562],[-81.41558936,32.7235343],[-81.41007015,32.72309913],[-81.40998383,32.72186149],[-81.4109147,32.72120346],[-81.41876805,32.72184749],[-81.42033412,32.72104899],[-81.42044781,32.7198483],[-81.41575633,32.71588373],[-81.41511554,32.71366801],[-81.41666933,32.71227951],[-81.42003821,32.71241955],[-81.42119076,32.71197549],[-81.42214925,32.70973836],[-81.42592446,32.71003337],[-81.42645298,32.70901813],[-81.42409457,32.7075615],[-81.42455818,32.70532755],[-81.42750025,32.70224153],[-81.42673243,32.70087041],[-81.42262287,32.70086441],[-81.42059274,32.69983633],[-81.41887789,32.69621466],[-81.41664924,32.69550941],[-81.41357395,32.69547538],[-81.41240022,32.69209916],[-81.41054926,32.69251458],[-81.41087928,32.69686283],[-81.4096154,32.69704985],[-81.40748841,32.69233366],[-81.40582778,32.69046195],[-81.40662965,32.68486485],[-81.40431835,32.68376466],[-81.40178719,32.68117647],[-81.40102482,32.6774937],[-81.40390994,32.67064141],[-81.40390894,32.66687864],[-81.39753996,32.66259265],[-81.39750992,32.66021127],[-81.40034143,32.65848413],[-81.40325726,32.65946142],[-81.40450786,32.66263641],[-81.40664356,32.66251172],[-81.40729585,32.66155923],[-81.40718901,32.6605198],[-81.40527022,32.65652033],[-81.39831259,32.65631037],[-81.39381456,32.6534931],[-81.39302852,32.65154251],[-81.39458599,32.64956765],[-81.40510744,32.6426867],[-81.41181414,32.64215272],[-81.41254845,32.64152203],[-81.41182377,32.63938591],[-81.4036318,32.6379281],[-81.40272974,32.63703106],[-81.40819513,32.63130351],[-81.41026218,32.63138867],[-81.41152664,32.63290542],[-81.41341392,32.63736474],[-81.41475987,32.63743652],[-81.41701124,32.63614445],[-81.41842688,32.63470283],[-81.41811202,32.62835065],[-81.41308321,32.62480478],[-81.41251085,32.62156671],[-81.4129616,32.62040135],[-81.41121932,32.61773298],[-81.40843922,32.61719016],[-81.4075134,32.61658497],[-81.40646034,32.61304374],[-81.39386172,32.60234207],[-81.38933482,32.59543822],[-81.38099698,32.58965502],[-81.37817293,32.5888216],[-81.37569665,32.58947688],[-81.37396439,32.59181122],[-81.37156922,32.5920215],[-81.36975396,32.59123352],[-81.36887557,32.58975117],[-81.37027976,32.58669976],[-81.36981541,32.58505007],[-81.36838464,32.58422435],[-81.36449804,32.58403728],[-81.36358838,32.58179017],[-81.36710581,32.57860778],[-81.36694619,32.57702159],[-81.36520315,32.57657561],[-81.36293989,32.57730772],[-81.36017066,32.58178109],[-81.357748,32.5821226],[-81.35411429,32.57991196],[-81.35369358,32.57790958],[-81.35779945,32.57518801],[-81.3583164,32.57363217],[-81.35479506,32.5710751],[-81.35075958,32.57017121],[-81.33624054,32.5642422],[-81.33318833,32.56350215],[-81.32860336,32.56109516],[-81.32180674,32.55954348],[-81.30523695,32.56151833],[-81.30059383,32.56284637],[-81.29795402,32.56302949],[-81.29558402,32.56181896],[-81.2954769,32.55907305],[-81.29795389,32.55582707],[-81.29786204,32.55409282],[-81.29668993,32.55339655],[-81.29483046,32.55358429],[-81.29176553,32.55533011],[-81.29116423,32.55721992],[-81.2931182,32.56239551],[-81.29128816,32.56274266],[-81.28956949,32.56174211],[-81.28846297,32.55845654],[-81.28833991,32.55591146],[-81.28995736,32.55218075],[-81.28887745,32.55116665],[-81.28646993,32.5514782],[-81.28472484,32.55294459],[-81.28424683,32.55602867],[-81.28327224,32.55678568],[-81.28132194,32.55646714],[-81.27923422,32.5545916],[-81.2787557,32.55233918],[-81.28102978,32.54967709],[-81.28072716,32.54763965],[-81.27905802,32.54632111],[-81.27573669,32.54566505],[-81.27495099,32.54482223],[-81.27479791,32.5411423],[-81.27623907,32.53855522],[-81.28004653,32.53749265],[-81.27990125,32.53659411],[-81.27417081,32.53377639],[-81.27242482,32.5304244],[-81.26602769,32.52731482],[-81.25288027,32.51833322],[-81.24955927,32.5178605],[-81.24686329,32.51856098],[-81.24480048,32.52053976],[-81.24311588,32.52023493],[-81.24190865,32.51717733],[-81.24019656,32.51636871],[-81.23737304,32.51713403],[-81.23545791,32.51854987],[-81.23341656,32.51796562],[-81.23214376,32.51333671],[-81.23295118,32.51168779],[-81.23670536,32.5113987],[-81.23840708,32.51019032],[-81.23867988,32.50698463],[-81.2376547,32.50512014],[-81.23425019,32.50274878],[-81.23358117,32.49848968],[-81.22499199,32.49188831],[-81.21681198,32.4828063],[-81.21191112,32.47899641],[-81.20002634,32.46798761],[-81.1948276,32.46508932],[-81.19153721,32.46481945],[-81.18864741,32.46531476],[-81.18694706,32.46356631],[-81.18859926,32.4612232],[-81.19372385,32.45967433],[-81.19455332,32.45777482],[-81.19161036,32.45518886],[-81.19224003,32.45363575],[-81.19429947,32.45351849],[-81.196363,32.45512435],[-81.19796379,32.45387663],[-81.19748074,32.44913811],[-81.19878392,32.44851563],[-81.20328753,32.45298924],[-81.20449302,32.45277604],[-81.20666151,32.4480933],[-81.20555857,32.44650327],[-81.20105273,32.44622628],[-81.19943086,32.44419393],[-81.19964009,32.44159002],[-81.20843835,32.43700041],[-81.20504384,32.42547907],[-81.20550266,32.4236128],[-81.19492789,32.4114912],[-81.1899067,32.40706803],[-81.18535465,32.40006496],[-81.17870937,32.39364669],[-81.17731183,32.3897832],[-81.17849013,32.38446783],[-81.18183941,32.37934946],[-81.17885672,32.37809286],[-81.17575486,32.37581423],[-81.17378693,32.37310032],[-81.16921392,32.37013831],[-81.16790161,32.36830449],[-81.16899266,32.36511641],[-81.17392863,32.36354374],[-81.17382026,32.36271263],[-81.16711994,32.36104355],[-81.16711994,32.3587197],[-81.16386112,32.35665309],[-81.16099446,32.35590765],[-81.16049384,32.35364383],[-81.16160349,32.35042083],[-81.1600946,32.34895586],[-81.15536971,32.35003683],[-81.15483589,32.3495583],[-81.155049,32.34416352],[-81.15673648,32.34277348],[-81.15982969,32.34297143],[-81.16061755,32.34174874],[-81.1598292,32.33996745],[-81.15735836,32.34000339],[-81.15484024,32.34155447],[-81.15219732,32.34144655],[-81.15183872,32.34302481],[-81.14867427,32.34532559],[-81.14598379,32.34502165],[-81.14523741,32.34584366],[-81.14725202,32.34749153],[-81.14732211,32.35012914],[-81.14379373,32.35153289],[-81.14150863,32.35032625],[-81.13934964,32.34508227],[-81.13529404,32.34299148],[-81.13401084,32.34121259],[-81.12943186,32.34155566],[-81.12861188,32.33862317],[-81.12895233,32.33644933],[-81.13137969,32.335872],[-81.13391259,32.33331211],[-81.13574773,32.33027887],[-81.13792122,32.328661],[-81.13629088,32.32500173],[-81.13375339,32.32429498],[-81.13175828,32.32637414],[-81.1306437,32.32540918],[-81.13164786,32.31950524],[-81.12974777,32.31396897],[-81.1308444,32.31098024],[-81.13304672,32.30901074],[-81.13152093,32.30728038],[-81.12778142,32.30721944],[-81.12497762,32.30916369],[-81.12292934,32.30729669],[-81.12232892,32.30539537],[-81.12265197,32.29950836],[-81.12391282,32.29641074],[-81.12335817,32.29384537],[-81.12001499,32.28994115],[-81.11986288,32.28620162],[-81.12223702,32.28423885],[-81.1257181,32.28365284],[-81.12696109,32.28269638],[-81.12715686,32.28078669],[-81.12591479,32.27875821],[-81.12327181,32.27697655],[-81.1234212,32.27504762],[-81.12524915,32.27503158],[-81.12795443,32.2764622],[-81.12999721,32.27579325],[-81.13212209,32.27274586],[-81.13252725,32.27024385],[-81.13349132,32.26979147],[-81.13557899,32.27246833],[-81.14192058,32.27173906],[-81.14174324,32.27021673],[-81.13957319,32.26975914],[-81.13763541,32.26849497],[-81.13692563,32.26611438],[-81.13838727,32.26423127],[-81.14020535,32.26357452],[-81.14533431,32.26398943],[-81.14659797,32.2627647],[-81.14663492,32.26102407],[-81.14472758,32.25877367],[-81.14505851,32.25774778],[-81.14751488,32.25650959],[-81.14832938,32.25509819],[-81.14572526,32.25152303],[-81.14710425,32.24956121],[-81.15289201,32.24780398],[-81.15559163,32.24601989],[-81.15658279,32.24390968],[-81.15587917,32.24097029],[-81.152376,32.23630239],[-81.14576794,32.23234536],[-81.1436296,32.22926644],[-81.14480948,32.22599201],[-81.14805789,32.22377904],[-81.15214592,32.22232082],[-81.15083444,32.22119953],[-81.14313799,32.2217345],[-81.13843186,32.21925837],[-81.13671294,32.21626778],[-81.13672294,32.21367042],[-81.13408151,32.21146273],[-81.12828005,32.20863651],[-81.12314611,32.20133018],[-81.12205744,32.19550393],[-81.11980241,32.19515953],[-81.11588957,32.19644581],[-81.11401182,32.19544982],[-81.11411308,32.19391987],[-81.11622868,32.19299573],[-81.1215799,32.19220014],[-81.12154998,32.19041725],[-81.11823011,32.1892033],[-81.11792989,32.18530046],[-81.11983008,32.18120107],[-81.12044752,32.17829468],[-81.11638113,32.17617308],[-81.11393168,32.17760717],[-81.11193195,32.17800572],[-81.11022958,32.17680133],[-81.11112833,32.17270091],[-81.11383877,32.17125562],[-81.11775098,32.17115551],[-81.11901313,32.17466592],[-81.12118756,32.17491939],[-81.12813058,32.16910005],[-81.12974137,32.16593343],[-81.12843147,32.16440489],[-81.12313163,32.16290493],[-81.12202991,32.16180422],[-81.12213293,32.15730448],[-81.12111248,32.15450599],[-81.11796737,32.15233529],[-81.11429654,32.15202231],[-81.11223195,32.15080578],[-81.11222994,32.14930411],[-81.11623306,32.14719852],[-81.11833027,32.14440158],[-81.11912999,32.14210337],[-81.11993885,32.13399882],[-81.1161242,32.1286803],[-81.11523781,32.1255039],[-81.11722095,32.1198045],[-81.11722994,32.11760586],[-81.11536385,32.11470727],[-81.11113228,32.11200819],[-81.10893797,32.11162913],[-81.10670218,32.10970218],[-81.10332615,32.11114034],[-81.0949756,32.11182446],[-81.09124179,32.11089076],[-81.08948041,32.10622877],[-81.0869695,32.10396894],[-81.08826497,32.09993358],[-81.07430433,32.09738819],[-81.05954938,32.08862622],[-81.04354166,32.08610726],[-81.03812485,32.08373778],[-81.02626424,32.0881319],[-81.02162628,32.0916851],[-81.0173581,32.09878741],[-81.01101625,32.10205336],[-81.00430418,32.10237046],[-80.99955373,32.10043687],[-80.99213461,32.09491703],[-80.98684137,32.08411755],[-80.983506,32.07955141],[-80.98053902,32.07783899],[-80.97191382,32.07463629],[-80.95956762,32.07285726],[-80.95387738,32.07014468],[-80.92508238,32.04194167],[-80.92102562,32.03999327],[-80.9076537,32.038154],[-80.90667361,32.0347957],[-80.89074073,32.03073199],[-80.87595272,32.01676193],[-80.86621085,32.01938009],[-80.85911313,32.02369591],[-80.8550589,32.02546558],[-80.85272633,32.02878982],[-80.84345231,32.02364904],[-80.84091296,32.01162439],[-80.84037378,32.00304153],[-80.84190974,32.00264028],[-80.84729471,31.98754635],[-80.85842517,31.98425951],[-80.85941404,31.97381888],[-80.86281095,31.96934368],[-80.88189372,31.95668016],[-80.89768506,31.949062],[-80.92134994,31.93872962],[-80.92800964,31.93852847],[-80.93028298,31.95670423],[-80.93252505,31.96192305],[-80.94274158,31.96373744],[-80.94939242,31.96131895],[-80.94848656,31.9572286],[-80.97239039,31.94126672],[-80.98433168,31.94014197],[-80.98361904,31.93167531],[-80.96849157,31.91582491],[-80.95446854,31.91177148],[-80.94135822,31.91298751],[-80.93013768,31.90807064],[-80.94729135,31.89620741],[-80.97143111,31.87793859],[-80.99268795,31.85763779],[-81.00031831,31.8567404],[-81.01447965,31.86747066],[-81.02840752,31.8681367],[-81.03141088,31.87292727],[-81.04154884,31.87619461],[-81.06524952,31.87709138],[-81.05859191,31.8578114],[-81.059066,31.850105],[-81.0627869,31.8447377],[-81.07617386,31.83613037],[-81.07580806,31.82903334],[-81.06727957,31.82612885],[-81.06211377,31.82107406],[-81.05231563,31.81905306],[-81.05094953,31.82238487],[-81.04794118,31.82488481],[-81.03980544,31.82300295],[-81.03471974,31.81642375],[-81.0359092,31.81036243],[-81.04636782,31.80086786],[-81.07037277,31.77137192],[-81.07916701,31.76268169],[-81.09509225,31.74914149],[-81.11196732,31.73721544],[-81.13063198,31.72268892],[-81.13844823,31.72093042],[-81.16067064,31.72814055],[-81.1740406,31.72748355],[-81.19278238,31.73324087],[-81.20356659,31.71944872],[-81.19528591,31.71384229],[-81.18630017,31.70151165],[-81.16108396,31.69140477],[-81.15462697,31.69387661],[-81.15189094,31.69841366],[-81.14936996,31.69930736],[-81.13939302,31.69992048],[-81.13113219,31.69577556],[-81.13560399,31.68349036],[-81.13640392,31.67483207],[-81.13454595,31.66199225],[-81.13396996,31.64095778],[-81.12884053,31.63143898],[-81.14996626,31.59347467],[-81.16036045,31.57043424],[-81.1718629,31.5589588],[-81.17875961,31.55814836],[-81.1825645,31.56179618],[-81.18790612,31.57276545],[-81.18724836,31.58005278],[-81.19557877,31.58042648],[-81.20319875,31.56971092],[-81.21606282,31.55841198],[-81.24069905,31.55230943],[-81.25421648,31.55593601],[-81.25920378,31.5503298],[-81.2765371,31.54845976],[-81.28969956,31.53724222],[-81.29825438,31.53350317],[-81.29518391,31.52154012],[-81.27632134,31.52527904],[-81.27105597,31.53107745],[-81.26343603,31.5309354],[-81.25880405,31.52906179],[-81.26387664,31.51584266],[-81.2776563,31.50951135],[-81.28230632,31.50440252],[-81.27873028,31.49754129],[-81.26772729,31.49700738],[-81.26289719,31.49578687],[-81.25144736,31.50570199],[-81.24375358,31.51889761],[-81.23668287,31.5291961],[-81.22854643,31.52698643],[-81.21794853,31.5272874],[-81.21352106,31.5281551],[-81.204192,31.53607715],[-81.19824993,31.53703665],[-81.18656504,31.52918738],[-81.18075842,31.52245267],[-81.17872073,31.51820221],[-81.17933826,31.51629055],[-81.18963942,31.50358636],[-81.20487943,31.47312234],[-81.24690754,31.42278221],[-81.25861218,31.40442376],[-81.26179919,31.39356676],[-81.26860991,31.38300663],[-81.29426489,31.36859477],[-81.29046421,31.36149423],[-81.28594801,31.34972072],[-81.28291889,31.32649077],[-81.28761084,31.31053692],[-81.282858,31.29063559],[-81.27953021,31.27174578],[-81.2712293,31.26589584],[-81.26954749,31.2587394],[-81.27685884,31.25473166],[-81.28283819,31.24432879],[-81.28913202,31.22548629],[-81.29046426,31.21768891],[-81.29569644,31.2150443],[-81.30306425,31.21687425],[-81.31589641,31.20915036],[-81.33110788,31.19695279],[-81.35487643,31.16720235],[-81.36078735,31.15590151],[-81.36580875,31.14794286],[-81.37588659,31.14033423],[-81.38774183,31.13442962],[-81.39967469,31.13410965],[-81.40951852,31.12061061],[-81.40372801,31.10711576],[-81.40120494,31.08614317],[-81.40126295,31.07278057],[-81.41511915,31.02671687],[-81.42047068,31.01670089],[-81.42473034,31.01367472],[-81.43247634,31.01298745],[-81.43471395,31.01463938],[-81.43492679,31.01780001],[-81.45144207,31.01551181],[-81.45779133,31.01025725],[-81.46096252,30.99913956],[-81.4692961,30.99602497],[-81.49058264,30.98494973],[-81.49364648,30.97752854],[-81.4869634,30.96960481],[-81.47579042,30.96598012],[-81.47232335,30.96990206],[-81.4668135,30.97091358],[-81.45356705,30.9655764],[-81.44804519,30.96551437],[-81.44738419,30.95673539],[-81.42693193,30.95661843],[-81.4201115,30.97407796],[-81.41582666,30.97719531],[-81.40848079,30.97772166],[-81.40340494,30.95791435],[-81.40407495,30.90373734],[-81.41246915,30.88574992],[-81.42857313,30.83633496],[-81.43083142,30.8311543],[-81.44012658,30.82136713],[-81.44692328,30.81038863],[-81.45528308,30.79092909],[-81.46005696,30.76991159],[-81.46106093,30.75368411],[-81.45946603,30.7419798],[-81.44970325,30.71968632],[-81.44411787,30.70971105],[-81.44871804,30.70934957],[-81.45997855,30.71043062],[-81.46446597,30.71104167],[-81.47259862,30.71330886],[-81.47575673,30.71475136],[-81.4837889,30.72388855],[-81.48733335,30.7260776],[-81.48953659,30.72609658],[-81.50721539,30.72293262],[-81.51611595,30.72223258],[-81.52141755,30.72253261],[-81.53115558,30.72421544],[-81.53336267,30.72343048],[-81.53424399,30.72096937],[-81.53451293,30.71793604],[-81.53380885,30.71205439],[-81.53514504,30.7096993],[-81.53839125,30.70865226],[-81.5415978,30.71005938],[-81.54468262,30.71396742],[-81.54609919,30.71702749],[-81.54930098,30.71828822],[-81.55256356,30.7169712],[-81.55614649,30.71374726],[-81.56070936,30.71168496],[-81.56346493,30.71342121],[-81.56379987,30.71774645],[-81.56841422,30.71897601],[-81.57142128,30.72163306],[-81.57371996,30.72233266],[-81.58681941,30.7237315],[-81.58928956,30.72283617],[-81.59383968,30.71847709],[-81.59711057,30.71932361],[-81.59609609,30.72461508],[-81.5964558,30.72724792],[-81.60087777,30.72944042],[-81.60429035,30.72893593],[-81.60601392,30.72621819],[-81.60582292,30.7196893],[-81.60761732,30.71636972],[-81.61065849,30.71621345],[-81.61304748,30.72044922],[-81.61506797,30.72268754],[-81.6211407,30.72253654],[-81.62354688,30.72467938],[-81.62113097,30.72883294],[-81.62082717,30.73161916],[-81.62436781,30.73633602],[-81.62832724,30.73539135],[-81.6291382,30.72872276],[-81.63069179,30.7280913],[-81.63284607,30.72875932],[-81.63504976,30.73327267],[-81.63805599,30.73336452],[-81.64191244,30.72891916],[-81.64613619,30.72758761],[-81.64902516,30.72749555],[-81.65313656,30.7297969],[-81.6540942,30.73309307],[-81.65150822,30.740677],[-81.65233149,30.74309885],[-81.65463229,30.74438107],[-81.65988575,30.74217629],[-81.66269237,30.7430374],[-81.66354847,30.74572885],[-81.65977842,30.7494419],[-81.66083854,30.75319077],[-81.66334513,30.75439813],[-81.66984289,30.75166565],[-81.67843364,30.75106667],[-81.68309147,30.74849042],[-81.68235352,30.74548771],[-81.67930664,30.74474871],[-81.67246717,30.74843951],[-81.66907106,30.74498735],[-81.66883387,30.74251336],[-81.67012088,30.74023257],[-81.67282375,30.73893119],[-81.68009181,30.74159657],[-81.68842741,30.74147857],[-81.69105059,30.74327806],[-81.6924164,30.74763445],[-81.69477787,30.74841029],[-81.70246799,30.74543625],[-81.70911416,30.74797231],[-81.71992717,30.74463031],[-81.72930309,30.74825205],[-81.73284493,30.75048421],[-81.73295914,30.75201695],[-81.73135786,30.75400705],[-81.73234277,30.75529332],[-81.74199914,30.75906846],[-81.74274836,30.76058793],[-81.74214453,30.7619548],[-81.74039141,30.76359998],[-81.74075655,30.76500468],[-81.74403923,30.7663927],[-81.75003904,30.76710768],[-81.75488102,30.768698],[-81.75853228,30.77108082],[-81.76047038,30.77465201],[-81.76172201,30.77569487],[-81.76963634,30.77711239],[-81.77129724,30.77632234],[-81.77035154,30.77348124],[-81.77246422,30.77123852],[-81.77347863,30.76699698],[-81.77156457,30.76515893],[-81.7719456,30.76380827],[-81.78215114,30.76133717],[-81.78352744,30.76246388],[-81.78258942,30.76607199],[-81.78670239,30.76980187],[-81.78368095,30.77287932],[-81.79258622,30.78547488],[-81.79441736,30.7869995],[-81.79660404,30.78561824],[-81.79674605,30.78305295],[-81.79845428,30.78224648],[-81.80240094,30.78719456],[-81.80745022,30.79011556],[-81.81921152,30.78990761],[-81.82370169,30.78682681],[-81.82849159,30.78935228],[-81.83924352,30.7865963],[-81.84177939,30.78785171],[-81.8396961,30.79119617],[-81.84118574,30.79226505],[-81.84563832,30.7907172],[-81.85350903,30.79462455],[-81.86373819,30.79427161],[-81.86826414,30.792846],[-81.87041108,30.7948177],[-81.8703571,30.79748086],[-81.87619096,30.79980161],[-81.88149521,30.79991365],[-81.88482253,30.81152676],[-81.88910188,30.81355745],[-81.89149914,30.81675112],[-81.89102513,30.82246928],[-81.89290817,30.82550912],[-81.89485212,30.82516331],[-81.90144346,30.82991783],[-81.90482026,30.82827339],[-81.90726564,30.82555419],[-81.90671422,30.82339144],[-81.90408675,30.82041091],[-81.90452934,30.81774036],[-81.91091582,30.81612148],[-81.91872844,30.81748959],[-81.92705112,30.8175656],[-81.93281098,30.82040752],[-81.93621384,30.82541577],[-81.93697943,30.82850813],[-81.93878713,30.82883235],[-81.94369446,30.82597717],[-81.94950003,30.82786302],[-81.95570243,30.82274834],[-81.96392344,30.81809847],[-81.96273497,30.81363646],[-81.96243683,30.80843907],[-81.96449602,30.80745046],[-81.96171881,30.80099328],[-81.96289435,30.79584488],[-81.966618,30.79391255],[-81.96995109,30.78907486],[-81.97082306,30.78385506],[-81.9734388,30.77882564],[-81.97772145,30.77663228],[-81.98342476,30.77812089],[-81.99210179,30.78299346],[-81.99497477,30.78607044],[-82.00475562,30.79138582],[-82.00805213,30.79204931],[-82.01250512,30.78932871],[-82.0158671,30.79158603],[-82.01875097,30.78799843],[-82.02196962,30.7882294],[-82.02375479,30.78526245],[-82.02326511,30.78269416],[-82.01795574,30.77494361],[-82.01844433,30.77276143],[-82.01515684,30.77197379],[-82.01137033,30.76259904],[-82.01885993,30.75657256],[-82.01883491,30.75459238],[-82.0237291,30.75350389],[-82.02713926,30.75112478],[-82.03188602,30.75047226],[-82.03480225,30.75444557],[-82.03677043,30.75443061],[-82.03866116,30.75108585],[-82.03962994,30.74772662],[-82.03941693,30.73719319],[-82.04478782,30.72848036],[-82.04445226,30.72615438],[-82.04003609,30.72458767],[-82.03915022,30.72317929],[-82.03755877,30.71863999],[-82.03853165,30.71591832],[-82.03679999,30.71303389],[-82.03642188,30.70658404],[-82.04300958,30.69825642],[-82.04141583,30.69359214],[-82.04353719,30.68473264],[-82.05042765,30.6762653],[-82.04846912,30.66894803],[-82.0469899,30.66592659],[-82.047175,30.66290294],[-82.04883907,30.66067685],[-82.04950279,30.65554898],[-82.04611114,30.65176947],[-82.04226762,30.64945416],[-82.03959108,30.64330992],[-82.03908787,30.64113203],[-82.03993677,30.63714452],[-82.0376056,30.6332729],[-82.03392368,30.62960498],[-82.02849515,30.62183022],[-82.0265369,30.61330315],[-82.02733383,30.60672676],[-82.02693818,30.60615571],[-82.01650055,30.60248684],[-82.01570446,30.60170577],[-82.01210509,30.59377395],[-82.00808701,30.57701861],[-82.00547279,30.56349448],[-82.01321215,30.55008986],[-82.01835697,30.53118352],[-82.0188639,30.52382849],[-82.01698641,30.5193597],[-82.01582218,30.51816747],[-82.01476592,30.5130092],[-82.015888,30.495498],[-82.01821775,30.49208437],[-82.01729295,30.48763835],[-82.01697793,30.47877874],[-82.01777515,30.47507972],[-82.02373012,30.46728777],[-82.02545301,30.45775437],[-82.02820819,30.4473947],[-82.03006068,30.44485103],[-82.03619924,30.43845849],[-82.03720479,30.43451823],[-82.03445999,30.4280487],[-82.03400086,30.42235613],[-82.0399672,30.41427868],[-82.04115999,30.40996543],[-82.04198592,30.40326601],[-82.04116002,30.39684181],[-82.03586686,30.38528746],[-82.03682103,30.37788313],[-82.04074252,30.37015616],[-82.04791446,30.36326226],[-82.05006758,30.36233478],[-82.06003321,30.36032465],[-82.06853261,30.3591806],[-82.08110628,30.35880258],[-82.09468867,30.36077778],[-82.10180261,30.36533466],[-82.10142041,30.36655531],[-82.10250243,30.36782],[-82.1048343,30.36831554],[-82.11638445,30.36733162],[-82.1432811,30.36338967],[-82.15810728,30.35990986],[-82.16175605,30.35784742],[-82.17005565,30.35892576],[-82.17151084,30.35986653],[-82.1800213,30.36862301],[-82.18380083,30.37371071],[-82.1846364,30.37716192],[-82.18639352,30.37735151],[-82.18881446,30.37659221],[-82.19294426,30.37877722],[-82.19234018,30.38456901],[-82.19652044,30.38931417],[-82.20415484,30.4013288],[-82.21029508,30.4245897],[-82.209874,30.4328191],[-82.20648973,30.43708245],[-82.20397911,30.44450731],[-82.204827,30.45183937],[-82.20604366,30.45550533],[-82.20752599,30.45692665],[-82.20771208,30.46050345],[-82.20461775,30.46886935],[-82.2009421,30.47443882],[-82.20142001,30.48516296],[-82.20644832,30.49187503],[-82.21285512,30.49874882],[-82.21851669,30.50418441],[-82.22502894,30.50782754],[-82.22693661,30.5102794],[-82.23038125,30.51733872],[-82.22940315,30.52082307],[-82.23075574,30.5267563],[-82.23612627,30.53115291],[-82.24040723,30.5377694],[-82.23891578,30.54542768],[-82.23444205,30.54900447],[-82.23443105,30.55659427],[-82.2282677,30.56258259],[-82.22282705,30.5655985],[-82.21731614,30.56519351],[-82.21438957,30.56695944],[-82.21484227,30.56858779],[-82.3748443,30.5790006],[-82.56923729,30.59096159],[-83.13137033,30.6235796],[-83.15617033,30.6255006],[-83.49987626,30.64566759],[-83.61166725,30.65125159],[-83.88022025,30.66582859],[-84.2499002,30.68414159],[-84.2812102,30.68525259],[-84.37490519,30.68979059],[-84.47440922,30.69278959],[-84.53937027,30.69677159],[-84.64481523,30.70198859],[-84.83632418,30.71070559],[-84.86469576,30.71153867],[-84.86975551,30.7218952],[-84.87542377,30.72748847],[-84.8838242,30.73258873],[-84.8852248,30.73498977],[-84.88752567,30.74178938],[-84.89612472,30.75058841],[-84.89762358,30.7513878],[-84.90022238,30.75188757],[-84.90312106,30.75178762],[-84.90632143,30.75058748],[-84.91112331,30.75118771],[-84.91352503,30.7522885],[-84.91432598,30.75359005],[-84.91502594,30.76118958],[-84.92012752,30.76598913],[-84.91802698,30.7720907],[-84.91742712,30.77588984],[-84.91802681,30.7780887],[-84.92672659,30.79018839],[-84.92832693,30.79308902],[-84.9290271,30.79729005],[-84.92792711,30.80279004],[-84.92832694,30.8050891],[-84.93092663,30.81048745],[-84.93682782,30.81848771],[-84.9374281,30.82088883],[-84.93574892,30.83396224],[-84.93232645,30.83809201],[-84.92695919,30.83919486],[-84.92566927,30.84268494],[-84.92782744,30.84788694],[-84.93322739,30.85148591],[-84.93662841,30.85898815],[-84.93532827,30.86128917],[-84.93252843,30.86318938],[-84.93312777,30.8658864],[-84.9393281,30.87148669],[-84.93922803,30.87488897],[-84.93432826,30.88188864],[-84.93490366,30.88452589],[-84.94252788,30.88848548],[-84.94962855,30.89738532],[-84.95232859,30.9022854],[-84.95612826,30.90758494],[-84.96672939,30.91728506],[-84.96942986,30.92198588],[-84.97102964,30.92818501],[-84.97522801,30.93078401],[-84.9806293,30.93268411],[-84.98313075,30.93478433],[-84.98363109,30.93698583],[-84.98303103,30.94258642],[-84.98223097,30.94688673],[-84.97963106,30.95468647],[-84.97963106,30.95898569],[-84.9801309,30.96128495],[-84.98253036,30.96558399],[-84.98482937,30.96748317],[-84.98802847,30.96878281],[-84.99762859,30.97118259],[-84.99992922,30.97118259],[-85.00402884,30.97346549],[-85.00510869,30.97470246],[-85.00593506,30.9770395],[-85.00593806,30.97980466],[-85.00254401,30.98689975],[-85.00182306,30.99788905],[-85.00190396,31.00067759],[-85.00250404,31.00067859],[-85.00136991,31.00504495],[-84.99963003,31.00907966],[-84.99943209,31.0138423],[-85.00006342,31.0149811],[-85.00455294,31.01917858],[-85.00505499,31.0247001],[-85.00941312,31.03237734],[-85.00855607,31.04282398],[-85.00882001,31.04557241],[-85.01139578,31.05354469],[-85.01264516,31.05539977],[-85.01815116,31.05925077],[-85.02857715,31.07458223],[-85.02833701,31.07685158],[-85.02607219,31.08418],[-85.02973978,31.09616168],[-85.03283574,31.10056861],[-85.03561865,31.10819039],[-85.03708175,31.10974843],[-85.04051546,31.11158027],[-85.05017997,31.1189129],[-85.05286894,31.11948589],[-85.0546804,31.12081597],[-85.06107589,31.134224],[-85.06243387,31.13951693],[-85.06403147,31.14249317],[-85.07018426,31.14867796],[-85.07663115,31.15692481],[-85.0778032,31.15788604],[-85.08358288,31.15962664],[-85.09210753,31.16028969],[-85.10021074,31.16548811],[-85.10045111,31.16672698],[-85.09843007,31.17777021],[-85.09851102,31.18015194],[-85.10205476,31.18473131],[-85.1044245,31.18564644],[-85.10650473,31.18530123],[-85.10751998,31.18644978],[-85.10813707,31.19563714],[-85.10696691,31.20269415],[-85.10563426,31.20459707],[-85.09977326,31.20975307],[-85.09870806,31.21128692],[-85.09871106,31.21951145],[-85.09676719,31.22565102],[-85.09884775,31.23252255],[-85.10076852,31.23481127],[-85.10247574,31.23785867],[-85.10426387,31.24186797],[-85.10618587,31.24807596],[-85.10915265,31.25460746],[-85.11171468,31.25802051],[-85.11235595,31.25957916],[-85.11326515,31.26434322],[-85.11198705,31.26798752],[-85.11190906,31.27247655],[-85.11254965,31.27437633],[-85.11455199,31.27630065],[-85.1146051,31.27733384],[-85.11276515,31.28003924],[-85.11031088,31.28173612],[-85.09910919,31.28416805],[-85.09316334,31.28968998],[-85.08977787,31.29502715],[-85.08769904,31.30405339],[-85.08740802,31.31122386],[-85.0844728,31.31619524],[-85.08378007,31.31821043],[-85.08415602,31.3283119],[-85.08898681,31.33429064],[-85.08941532,31.33603374],[-85.08781374,31.33798246],[-85.087067,31.34031762],[-85.08586806,31.35019015],[-85.08592203,31.35314458],[-85.0874147,31.35442459],[-85.09099185,31.35442459],[-85.09179463,31.35520531],[-85.09262309,31.35747358],[-85.09217101,31.36457681],[-85.08691375,31.3744753],[-85.08243493,31.38454091],[-85.08040686,31.39393324],[-85.0786447,31.39636146],[-85.07763002,31.39888065],[-85.07739109,31.40284361],[-85.07998212,31.4104717],[-85.07982194,31.41173312],[-85.07674993,31.41597214],[-85.07552694,31.42476204],[-85.0739813,31.42718105],[-85.07269032,31.42828173],[-85.06908362,31.42762261],[-85.06697312,31.42859645],[-85.06587903,31.4305868],[-85.06555806,31.43954288],[-85.06595903,31.44297859],[-85.06670696,31.44728518],[-85.06927197,31.4534712],[-85.07162514,31.46838431],[-85.06569065,31.48412361],[-85.06210863,31.48801863],[-85.05892677,31.49599028],[-85.05295462,31.50651953],[-85.04844843,31.51368584],[-85.04564558,31.51681468],[-85.04498996,31.51823086],[-85.04456027,31.52090687],[-85.04765272,31.52374936],[-85.04826721,31.52601218],[-85.04719973,31.52867237],[-85.04298669,31.53520143],[-85.04181696,31.53775485],[-85.04130909,31.540987],[-85.04188495,31.54468307],[-85.04255042,31.54595107],[-85.04570121,31.54870488],[-85.05084165,31.55554947],[-85.05187693,31.55787009],[-85.05293488,31.56288887],[-85.05796415,31.5708393],[-85.05772297,31.57306296],[-85.05528812,31.5770927],[-85.05542099,31.57869507],[-85.05844408,31.58368923],[-85.05811305,31.59334337],[-85.05640902,31.60096346],[-85.05598017,31.60517701],[-85.05731643,31.60671002],[-85.05969841,31.60725902],[-85.06055611,31.60822292],[-85.06042202,31.61127192],[-85.05833378,31.6145473],[-85.05753104,31.61688353],[-85.05747708,31.61862344],[-85.0581726,31.62022533],[-85.05953667,31.62171432],[-85.06763025,31.62526414],[-85.07383199,31.62956465],[-85.08003179,31.63686441],[-85.08450656,31.63902378],[-85.0853691,31.64218576],[-85.08517699,31.64410178],[-85.08227015,31.65036859],[-85.07851723,31.65168721],[-85.07863599,31.65330803],[-85.07992784,31.65528427],[-85.08783071,31.6578629],[-85.09243164,31.65996332],[-85.10943359,31.67746331],[-85.11263367,31.68516349],[-85.11393292,31.68686251],[-85.12233281,31.69126245],[-85.12553395,31.69496377],[-85.12683406,31.70896492],[-85.12653404,31.71676459],[-85.12573365,31.71886559],[-85.12223366,31.72276559],[-85.11913399,31.73096469],[-85.11893411,31.73266369],[-85.12393382,31.74756281],[-85.12663376,31.75246171],[-85.12923541,31.75866326],[-85.12563393,31.76446404],[-85.12523419,31.76706238],[-85.12633327,31.76886089],[-85.14043423,31.77966086],[-85.14193571,31.78196312],[-85.13713426,31.78836505],[-85.13293475,31.79236458],[-85.13223511,31.79516212],[-85.13283505,31.79886175],[-85.13293506,31.80806238],[-85.13153504,31.81306246],[-85.13133508,31.81756147],[-85.13431949,31.82460843],[-85.13262431,31.82683366],[-85.13308665,31.82866404],[-85.1359339,31.83045956],[-85.13923454,31.83415928],[-85.14183525,31.83926068],[-85.14133474,31.84106254],[-85.13833466,31.84416263],[-85.13773508,31.84586142],[-85.13803501,31.85126117],[-85.14023489,31.85525995],[-85.1407352,31.85746132],[-85.1401344,31.85876305],[-85.13743397,31.86066336],[-85.13583476,31.86246247],[-85.13373479,31.87006236],[-85.12883474,31.87636143],[-85.12843506,31.87756047],[-85.12843506,31.87965955],[-85.12933483,31.88245885],[-85.13163458,31.88675838],[-85.13373476,31.88955862],[-85.13433518,31.89145996],[-85.13413465,31.89216184],[-85.13293258,31.89306339],[-85.12113081,31.89326342],[-85.11703116,31.89286345],[-85.1140328,31.89336318],[-85.11203317,31.89476222],[-85.11063425,31.89686061],[-85.11156224,31.90125454],[-85.10977907,31.90414381],[-85.10983403,31.90805826],[-85.11273473,31.90985707],[-85.11313541,31.91186049],[-85.10913217,31.91436189],[-85.10243275,31.91736164],[-85.10133384,31.91866035],[-85.1002339,31.92406006],[-85.0995333,31.92526108],[-85.0982323,31.92626186],[-85.0918328,31.92886165],[-85.08643317,31.93596117],[-85.08473247,31.93736174],[-85.07893406,31.94016098],[-85.07893406,31.94145786],[-85.08243368,31.94535643],[-85.08683409,31.9577576],[-85.086734,31.95915894],[-85.0857332,31.96076021],[-85.0832318,31.96246116],[-85.07393133,31.96416125],[-85.07023222,31.96566089],[-85.06783236,31.96736008],[-85.06593306,31.97115869],[-85.06593306,31.97245745],[-85.06683266,31.97475643],[-85.06993374,31.97835652],[-85.07093427,31.98165828],[-85.06833402,31.98675776],[-85.06803403,31.9933576],[-85.06454774,32.00249037],[-85.06344423,32.00414213],[-85.05507846,32.01071595],[-85.05381921,32.01350229],[-85.05477217,32.01740713],[-85.05367218,32.02066506],[-85.05014282,32.02109511],[-85.04931484,32.02269319],[-85.05625697,32.02833448],[-85.05646809,32.03181944],[-85.05463111,32.03669439],[-85.05484302,32.03881346],[-85.05533677,32.04057856],[-85.05803377,32.04375457],[-85.05883417,32.04665602],[-85.05663404,32.05415549],[-85.05643407,32.05805474],[-85.05683416,32.05975512],[-85.05418304,32.06798551],[-85.05408809,32.07020928],[-85.05549492,32.07265598],[-85.05581716,32.07443933],[-85.05323555,32.08060578],[-85.05116353,32.08252974],[-85.04708001,32.08434952],[-85.04551546,32.08686719],[-85.04955384,32.09536089],[-85.05378096,32.10768323],[-85.05504895,32.1136702],[-85.05918381,32.12515181],[-85.06154393,32.12967203],[-85.0620642,32.13248653],[-85.06114733,32.13406704],[-85.05875155,32.13602068],[-85.04786749,32.14203571],[-85.04559598,32.14376033],[-85.03399238,32.1563499],[-85.03033942,32.16172885],[-85.02658614,32.16610617],[-85.01465126,32.17688406],[-85.01306818,32.17911418],[-85.01126945,32.18049574],[-85.00853263,32.18190616],[-84.99593023,32.18485526],[-84.97372946,32.19155519],[-84.96682989,32.19395503],[-84.96463087,32.1951545],[-84.96173252,32.19865052],[-84.9632314,32.20224784],[-84.96692929,32.20444759],[-84.96942728,32.20444759],[-84.97232738,32.20354655],[-84.97462961,32.20364765],[-84.98023306,32.20774945],[-84.98023306,32.21005181],[-84.97873234,32.21255201],[-84.97213014,32.21825404],[-84.96742804,32.21935453],[-84.96142739,32.21805439],[-84.95632814,32.21785442],[-84.9494511,32.21851443],[-84.93932815,32.21795443],[-84.93012822,32.2190543],[-84.92822911,32.21985393],[-84.92542998,32.2215534],[-84.92293118,32.22475186],[-84.92353113,32.22975146],[-84.92263058,32.23175268],[-84.92062986,32.23395348],[-84.91633026,32.23655323],[-84.91273153,32.24334982],[-84.91392972,32.24514711],[-84.91722622,32.24594626],[-84.92032609,32.24404634],[-84.92302922,32.24454591],[-84.92413097,32.24564767],[-84.92443117,32.24979848],[-84.92301584,32.2508259],[-84.91732604,32.24905234],[-84.91009835,32.24833647],[-84.90722875,32.24905312],[-84.90409041,32.25084018],[-84.90145726,32.25742654],[-84.89813969,32.25861146],[-84.89229658,32.25827546],[-84.88917793,32.25923443],[-84.88908413,32.26090984],[-84.89396195,32.26584365],[-84.90402538,32.2737462],[-84.91112929,32.27694616],[-84.92287501,32.28533067],[-84.93380281,32.29825744],[-84.93868186,32.30070496],[-84.98951533,32.31931276],[-85.00187648,32.32201201],[-85.00710693,32.32836078],[-85.00810013,32.33667741],[-85.0045855,32.34519793],[-84.9867811,32.35906024],[-84.98346994,32.36318719],[-84.9832462,32.36512091],[-84.98517457,32.36706027],[-84.9863024,32.36966618],[-84.98409285,32.37352489],[-84.98028211,32.37438951],[-84.97727416,32.37384552],[-84.9743326,32.37458091],[-84.9719669,32.37769789],[-84.97382033,32.37986988],[-84.97935423,32.38070157],[-84.9862844,32.38033245],[-84.98855844,32.38408081],[-84.98598146,32.38966694],[-84.9833871,32.39176484],[-84.97836204,32.39050057],[-84.97639441,32.39102847],[-84.97177344,32.39060247],[-84.96873411,32.39145944],[-84.96876601,32.3930069],[-84.97388438,32.39521419],[-84.97990148,32.40009508],[-84.98110217,32.40283264],[-84.97943474,32.41224606],[-84.97183244,32.41624674],[-84.96343371,32.42254579],[-84.96303418,32.42424383],[-84.96703476,32.43534168],[-84.97183375,32.4428401],[-84.98383265,32.44563984],[-84.99353397,32.45074054],[-84.99533477,32.45324165],[-84.99803505,32.46174252],[-84.99823508,32.46984272],[-84.99523503,32.47524281],[-84.99483507,32.48604163],[-84.99673573,32.4923405],[-84.9983362,32.49414103],[-84.99750917,32.5007273],[-84.99983592,32.50433992],[-85.00153592,32.51473996],[-85.00710328,32.5238659],[-85.00839802,32.52487293],[-85.01379101,32.52610515],[-85.01619448,32.53112513],[-85.02024063,32.53474626],[-85.02204898,32.5400433],[-85.02251267,32.54292039],[-85.03207414,32.54542625],[-85.03484442,32.5519939],[-85.04055777,32.55564149],[-85.05692948,32.57124016],[-85.0596751,32.5767394],[-85.06753797,32.57954335],[-85.07640273,32.59466365],[-85.08029201,32.60357629],[-85.08077203,32.61015155],[-85.08224379,32.61626256],[-85.08361867,32.61779731],[-85.08536257,32.61853326],[-85.08729757,32.62046826],[-85.08944528,32.62542892],[-85.08853751,32.627876],[-85.08472712,32.63047427],[-85.08236962,32.63383414],[-85.0836371,32.63596891],[-85.09133569,32.63403251],[-85.09659863,32.63466375],[-85.10039116,32.63711574],[-85.10534184,32.64483536],[-85.10033989,32.65013742],[-85.09633821,32.65283789],[-85.08973903,32.65563754],[-85.0884874,32.65775822],[-85.09353956,32.66973223],[-85.10403954,32.67963127],[-85.11263963,32.68343131],[-85.11474066,32.68563238],[-85.11704096,32.69203224],[-85.11928307,32.7039658],[-85.1190041,32.71005618],[-85.12274229,32.71572648],[-85.12084175,32.72293354],[-85.11504154,32.72883276],[-85.11317109,32.73281357],[-85.11333301,32.73575009],[-85.11479823,32.73810184],[-85.11855182,32.74081381],[-85.12409314,32.74169071],[-85.13219836,32.74440812],[-85.13658748,32.74843514],[-85.14257147,32.76068217],[-85.13738507,32.76907043],[-85.13439047,32.77058074],[-85.13088432,32.7695657],[-85.12219465,32.77335438],[-85.12622152,32.77918586],[-85.12993599,32.7796458],[-85.13467516,32.78390195],[-85.13928842,32.78491822],[-85.14056184,32.7896998],[-85.14190514,32.79181712],[-85.14577167,32.79111138],[-85.15191564,32.79410134],[-85.16214025,32.80423495],[-85.16794338,32.81161139],[-85.16608184,32.81763215],[-85.16410842,32.82128006],[-85.16802046,32.82920314],[-85.16465433,32.83479302],[-85.16058235,32.83825185],[-85.15743316,32.8394423],[-85.15458675,32.8398081],[-85.15390896,32.84101894],[-85.15339212,32.84486472],[-85.15425878,32.84747469],[-85.15588746,32.84991622],[-85.15984399,32.85494261],[-85.16231101,32.85647539],[-85.16431641,32.85617977],[-85.16675794,32.85473763],[-85.1680614,32.85285998],[-85.17009904,32.8524935],[-85.17712873,32.85389184],[-85.17935594,32.85526658],[-85.18440381,32.86131562],[-85.18489205,32.86335465],[-85.18491806,32.86894468],[-85.18413708,32.87052161],[-85.18474341,32.8705236],[-85.188745,32.88972642],[-85.232382,33.10807644],[-85.304443,33.48288345],[-85.357406,33.75010345],[-85.37743,33.85604645],[-85.40592195,34.0000992],[-85.40675196,34.00231321],[-85.42822602,34.11439656],[-85.42947402,34.12509555],[-85.47045399,34.3282384],[-85.513934,34.52519143],[-85.517078,34.54259743],[-85.527265,34.58868241],[-85.534331,34.62508142],[-85.56142,34.75007841],[-85.583149,34.86037045],[-85.59516701,34.92417048],[-85.59878503,34.94491463],[-85.59938903,34.95176562],[-85.60516971,34.98468147],[-85.46671297,34.98297541]],[[-85.59938097,34.95176638],[-85.59877697,34.94491537],[-85.59515899,34.92417152],[-85.583141,34.86037155],[-85.561412,34.75007959],[-85.534323,34.62508258],[-85.527257,34.58868359],[-85.51707,34.54259857],[-85.513926,34.52519257],[-85.47044601,34.3282396],[-85.42946598,34.12509645],[-85.42821798,34.11439744],[-85.40674404,34.00231479],[-85.40591405,34.0001008],[-85.377422,33.85604755],[-85.357398,33.75010455],[-85.304435,33.48288455],[-85.232374,33.10807756],[-85.188737,32.88972758],[-85.18473659,32.8705304],[-85.18412492,32.87052839],[-85.18490994,32.86894332],[-85.18488395,32.86335535],[-85.18439619,32.86131838],[-85.17935006,32.85527142],[-85.17712527,32.85389816],[-85.17009896,32.8525005],[-85.1680666,32.85286602],[-85.16676406,32.85474237],[-85.16431959,32.85618623],[-85.16230899,32.85648261],[-85.15983801,32.85494739],[-85.15588054,32.84991978],[-85.15425122,32.84747731],[-85.15338388,32.84486528],[-85.15390104,32.84101706],[-85.15458125,32.8398019],[-85.15743084,32.8394357],[-85.16057765,32.83824615],[-85.16464767,32.83478898],[-85.16801154,32.82920286],[-85.16409958,32.82127994],[-85.16607416,32.81762985],[-85.16793462,32.81161261],[-85.16213375,32.80423905],[-85.15191036,32.79410666],[-85.14577033,32.79111862],[-85.14190086,32.79182488],[-85.14055416,32.7897022],[-85.13928158,32.78492378],[-85.13467084,32.78390805],[-85.12993201,32.7796522],[-85.12621648,32.77919214],[-85.12218335,32.77335162],[-85.13088368,32.7695583],[-85.13438953,32.77057326],[-85.13737893,32.76906557],[-85.14256253,32.76068183],[-85.13658052,32.74843886],[-85.13219364,32.74441388],[-85.12409086,32.74169729],[-85.11854818,32.74082019],[-85.11479177,32.73810616],[-85.11332499,32.73575191],[-85.11316291,32.73281243],[-85.11503446,32.72882924],[-85.12083425,32.72293046],[-85.12273371,32.71572752],[-85.1189959,32.71005782],[-85.11927493,32.7039662],[-85.11703304,32.69203376],[-85.11473334,32.68563562],[-85.11263437,32.68343669],[-85.10403446,32.67963673],[-85.09353244,32.66973577],[-85.0884786,32.65775778],[-85.08973297,32.65563246],[-85.09633379,32.65283211],[-85.10033411,32.65013258],[-85.10533216,32.64483464],[-85.10038484,32.63712026],[-85.09659537,32.63467025],[-85.09133631,32.63403949],[-85.0836329,32.63597709],[-85.08236038,32.63383386],[-85.08472088,32.63046973],[-85.08853049,32.627872],[-85.08943672,32.62542908],[-85.08729043,32.62047174],[-85.08535743,32.61853874],[-85.08361333,32.61780269],[-85.08223621,32.61626544],[-85.08076397,32.61015245],[-85.08028399,32.60357771],[-85.07639527,32.59466635],[-85.06753203,32.57954865],[-85.0596689,32.5767446],[-85.05692252,32.57124384],[-85.04055223,32.55564651],[-85.03483758,32.5519981],[-85.03206786,32.54543175],[-85.02250533,32.54292561],[-85.02204102,32.5400447],[-85.02023337,32.53474974],[-85.01618752,32.53112887],[-85.01378499,32.52611085],[-85.00839398,32.52487907],[-85.00709672,32.5238701],[-85.00152808,32.51474204],[-84.99982808,32.50434208],[-84.99750083,32.5007287],[-84.9983278,32.49414297],[-84.99672827,32.4923435],[-84.99482693,32.48604237],[-84.99522697,32.47524119],[-84.99822692,32.46984128],[-84.99802695,32.46174348],[-84.99532723,32.45324435],[-84.99352803,32.45074546],[-84.98382935,32.44564616],[-84.97182825,32.4428459],[-84.96702724,32.43534432],[-84.96302582,32.42424417],[-84.96342629,32.42254221],[-84.97182756,32.41624126],[-84.97942726,32.41224194],[-84.98109383,32.40283336],[-84.97989452,32.40009892],[-84.97387962,32.39521981],[-84.96875799,32.3930111],[-84.96872589,32.39145456],[-84.97177256,32.39059553],[-84.97639359,32.39102153],[-84.97836196,32.39049343],[-84.9833849,32.39175716],[-84.98597454,32.38966306],[-84.98854956,32.38408119],[-84.9862796,32.38033955],[-84.97935377,32.38070843],[-84.97381567,32.37987612],[-84.9719571,32.37769811],[-84.9743274,32.37457509],[-84.97727384,32.37383848],[-84.98028189,32.37438249],[-84.98408715,32.37351911],[-84.9862936,32.36966582],[-84.98516743,32.36706373],[-84.9832378,32.36512309],[-84.98346206,32.36318481],[-84.9867749,32.35905576],[-85.0045785,32.34519407],[-85.00809187,32.33667659],[-85.00709907,32.32836322],[-85.00187152,32.32201799],[-84.98951267,32.31931924],[-84.93867814,32.30071104],[-84.93379719,32.29826256],[-84.92286899,32.28533533],[-84.91112471,32.27695184],[-84.90402062,32.2737518],[-84.89395605,32.26584835],[-84.88907587,32.26091216],[-84.88917007,32.25922957],[-84.89229542,32.25826854],[-84.89813831,32.25860454],[-84.90145074,32.25742146],[-84.90408359,32.25083582],[-84.90722525,32.24904688],[-84.91009765,32.24832953],[-84.91732796,32.24904566],[-84.92301416,32.2508181],[-84.92442283,32.24979552],[-84.92412303,32.24565033],[-84.92302478,32.24455209],[-84.92032791,32.24405366],[-84.91722778,32.24595374],[-84.91392428,32.24515289],[-84.91272247,32.24335018],[-84.91632374,32.23654877],[-84.92062414,32.23394852],[-84.92262342,32.23174932],[-84.92352287,32.22975054],[-84.92292282,32.22475014],[-84.92542402,32.2215486],[-84.92822489,32.21984807],[-84.93012578,32.2190477],[-84.93932785,32.21794757],[-84.9494509,32.21850757],[-84.95632786,32.21784758],[-84.96142861,32.21804761],[-84.96742796,32.21934747],[-84.97212586,32.21824796],[-84.97872566,32.21254799],[-84.98022494,32.21005019],[-84.98022494,32.20775255],[-84.97462639,32.20365435],[-84.97232862,32.20355345],[-84.96942872,32.20445441],[-84.96692671,32.20445441],[-84.9632246,32.20225216],[-84.96172348,32.19864948],[-84.96462513,32.1951495],[-84.96682611,32.19394897],[-84.97372654,32.19154881],[-84.99592777,32.18484874],[-85.00852937,32.18189984],[-85.01126455,32.18049026],[-85.01306182,32.17910982],[-85.01464474,32.17687994],[-85.02657986,32.16610183],[-85.03033258,32.16172515],[-85.03398562,32.1563461],[-85.04559002,32.14375567],[-85.04786251,32.14203029],[-85.05874645,32.13601532],[-85.06114067,32.13406296],[-85.0620558,32.13248547],[-85.06153607,32.12967397],[-85.05917619,32.12515419],[-85.05504105,32.1136718],[-85.05377304,32.10768477],[-85.04954616,32.09536311],[-85.04550654,32.08686681],[-85.04707399,32.08434448],[-85.05115847,32.08252426],[-85.05322845,32.08060222],[-85.05580884,32.07443867],[-85.05548708,32.07265802],[-85.05407991,32.07021072],[-85.05417496,32.06798449],[-85.05682584,32.05975488],[-85.05642593,32.05805526],[-85.05662596,32.05415451],[-85.05882583,32.04665598],[-85.05802623,32.04375743],[-85.05532923,32.04058144],[-85.05483498,32.03881454],[-85.05462289,32.03669361],[-85.05645991,32.03181856],[-85.05624903,32.02833752],[-85.04930516,32.02269481],[-85.05013718,32.02108889],[-85.05366582,32.02065894],[-85.05476383,32.01740687],[-85.05381079,32.01350171],[-85.05507154,32.01071205],[-85.06343777,32.00413787],[-85.06454026,32.00248763],[-85.06802597,31.9933564],[-85.06832598,31.98675624],[-85.07092573,31.98165772],[-85.06992626,31.97835948],[-85.06682534,31.97475957],[-85.06592494,31.97245855],[-85.06592494,31.97115731],[-85.06782564,31.96735592],[-85.07022778,31.96565511],[-85.07392867,31.96415475],[-85.0832282,31.96245484],[-85.0857268,31.96075579],[-85.086726,31.95915706],[-85.08682591,31.9577584],[-85.08242632,31.94535957],[-85.07892594,31.94146014],[-85.07892594,31.94015702],[-85.08472753,31.93735626],[-85.08642683,31.93595683],[-85.0918272,31.92885635],[-85.0982277,31.92625614],[-85.0995267,31.92525692],[-85.1002261,31.92405794],[-85.10132616,31.91865765],[-85.10242725,31.91735636],[-85.10912783,31.91435611],[-85.11312659,31.91185751],[-85.11272727,31.90986093],[-85.10982597,31.90806174],[-85.10977093,31.90414219],[-85.11155376,31.90125346],[-85.11062575,31.89685939],[-85.11202683,31.89475778],[-85.1140292,31.89335682],[-85.11703084,31.89285655],[-85.12113119,31.89325658],[-85.13292942,31.89305661],[-85.13412735,31.89215816],[-85.13432682,31.89146004],[-85.13372724,31.88956138],[-85.13162742,31.88676162],[-85.12932717,31.88246115],[-85.12842694,31.87966045],[-85.12842694,31.87755953],[-85.12882726,31.87635857],[-85.13372721,31.87005964],[-85.13582724,31.86245953],[-85.13742803,31.86065864],[-85.1401276,31.85875895],[-85.1407268,31.85746068],[-85.14022711,31.85526205],[-85.13802699,31.85126283],[-85.13772692,31.84586058],[-85.13832734,31.84415937],[-85.14132726,31.84105946],[-85.14182675,31.83926132],[-85.13922746,31.83416272],[-85.1359281,31.83046444],[-85.13307935,31.82866796],[-85.13261569,31.82683234],[-85.13431051,31.82460757],[-85.13132692,31.81756253],[-85.13152696,31.81306154],[-85.13292694,31.80806162],[-85.13282695,31.79886225],[-85.13222689,31.79516188],[-85.13292725,31.79236142],[-85.13712774,31.78836095],[-85.14192629,31.78196288],[-85.14042777,31.77966514],[-85.12632673,31.76886511],[-85.12522581,31.76706362],[-85.12562607,31.76446196],[-85.12922659,31.75866274],[-85.12662624,31.75246429],[-85.12392618,31.74756519],[-85.11892589,31.73266431],[-85.11912601,31.73096331],[-85.12222634,31.72276241],[-85.12572635,31.71886241],[-85.12652596,31.71676341],[-85.12682594,31.70896508],[-85.12552605,31.69496623],[-85.12232719,31.69126755],[-85.11392708,31.68686749],[-85.11262633,31.68516651],[-85.10942641,31.67746669],[-85.09242636,31.65996868],[-85.08782729,31.6578691],[-85.07992216,31.65528973],[-85.07862801,31.65330997],[-85.07850877,31.65168279],[-85.08226385,31.65036341],[-85.08516901,31.64410022],[-85.0853609,31.64218624],[-85.08449944,31.63902822],[-85.08002621,31.63686959],[-85.07382601,31.62956935],[-85.06762575,31.62526986],[-85.05953133,31.62171968],[-85.0581654,31.62022867],[-85.05746892,31.61862456],[-85.05752296,31.61688247],[-85.05832622,31.6145447],[-85.06041398,31.61127008],[-85.06054789,31.60822508],[-85.05969359,31.60726498],[-85.05731157,31.60671598],[-85.05597183,31.60517899],[-85.05640098,31.60096254],[-85.05810495,31.59334263],[-85.05843592,31.58369077],[-85.05541301,31.57869693],[-85.05527988,31.5770913],[-85.05771503,31.57306104],[-85.05795585,31.5708407],[-85.05292712,31.56289113],[-85.05186907,31.55787191],[-85.05083435,31.55555253],[-85.04569479,31.54870912],[-85.04254358,31.54595493],[-85.04187705,31.54468493],[-85.04130091,31.540987],[-85.04180904,31.53775315],[-85.04297931,31.53519857],[-85.04719227,31.52866963],[-85.04825879,31.52601182],[-85.04764528,31.52375264],[-85.04455173,31.52090913],[-85.04498204,31.51822914],[-85.04563842,31.51681132],[-85.04844157,31.51368216],[-85.05294738,31.50651647],[-85.05891923,31.49598772],[-85.06210137,31.48801537],[-85.06568335,31.48412039],[-85.07161686,31.46838369],[-85.06926403,31.4534728],[-85.06669904,31.44728682],[-85.06595097,31.44297941],[-85.06554994,31.43954312],[-85.06587097,31.4305852],[-85.06696688,31.42859155],[-85.06908238,31.42761539],[-85.07268768,31.42827427],[-85.0739747,31.42717695],[-85.07551906,31.42475996],[-85.07674207,31.41596986],[-85.07981406,31.41173088],[-85.07997388,31.4104723],[-85.07738291,31.40284439],[-85.07762198,31.39887935],[-85.0786373,31.39635854],[-85.08039914,31.39393076],[-85.08242707,31.38453909],[-85.08690625,31.3744727],[-85.09216299,31.36457519],[-85.09261491,31.35747442],[-85.09178737,31.35520869],[-85.09098815,31.35443141],[-85.0874113,31.35443141],[-85.08591397,31.35314742],[-85.08585994,31.35018985],[-85.087059,31.34031638],[-85.08780626,31.33797954],[-85.08940668,31.33603226],[-85.08897919,31.33429336],[-85.08414798,31.3283141],[-85.08377193,31.31820957],[-85.0844652,31.31619276],[-85.08739998,31.31122214],[-85.08769096,31.30405261],[-85.08977013,31.29502485],[-85.09315666,31.28968602],[-85.09910481,31.28416195],[-85.11030712,31.28172988],[-85.11275885,31.28003476],[-85.1145969,31.27733216],[-85.11454401,31.27630335],[-85.11254235,31.27437967],[-85.11190094,31.27247745],[-85.11197895,31.26798648],[-85.11325685,31.26434278],[-85.11234805,31.25958084],[-85.11170732,31.25802349],[-85.10914535,31.25461054],[-85.10617813,31.24807804],[-85.10425613,31.24187003],[-85.10246826,31.23786133],[-85.10076148,31.23481473],[-85.09884025,31.23252545],[-85.09675881,31.22565098],[-85.09870294,31.21951055],[-85.09869994,31.21128508],[-85.09976674,31.20974893],[-85.10562774,31.20459293],[-85.10695909,31.20269185],[-85.10812893,31.19563686],[-85.10751202,31.18645222],[-85.10650127,31.18530877],[-85.1044235,31.18565356],[-85.10204924,31.18473669],[-85.09850298,31.18015406],[-85.09842193,31.17776979],[-85.10044289,31.16672702],[-85.10020326,31.16549189],[-85.09210447,31.16029631],[-85.08358112,31.15963336],[-85.0777988,31.15789196],[-85.07662485,31.15692919],[-85.07017774,31.14868204],[-85.06402453,31.14249683],[-85.06242613,31.13951907],[-85.06106811,31.134226],[-85.0546736,31.12082003],[-85.05286506,31.11949211],[-85.05017603,31.1189191],[-85.04051054,31.11158573],[-85.03707625,31.10975357],[-85.03561135,31.10819361],[-85.03282826,31.10057139],[-85.02973222,31.09616432],[-85.02606381,31.08418],[-85.02832899,31.07685042],[-85.02856885,31.07458377],[-85.01814484,31.05925523],[-85.01263884,31.05540423],[-85.01138822,31.05354731],[-85.00881199,31.04557359],[-85.00854793,31.04282402],[-85.00940488,31.03237866],[-85.00504701,31.0247019],[-85.00454506,31.01918142],[-85.00005658,31.0149849],[-84.99942391,31.0138437],[-84.99962197,31.00907834],[-85.00136209,31.00504305],[-85.00249396,31.00068541],[-85.00189604,31.00068441],[-85.00181494,30.99788895],[-85.00253599,30.98689825],[-85.00592994,30.97980334],[-85.00592694,30.9770405],[-85.00510131,30.97470554],[-85.00402316,30.97347051],[-84.99992678,30.97118941],[-84.99762741,30.97118941],[-84.98802553,30.96878919],[-84.98482463,30.96748883],[-84.98252364,30.96558801],[-84.9801231,30.96128705],[-84.97962294,30.95898631],[-84.97962294,30.95468553],[-84.98222303,30.94688527],[-84.98302297,30.94258558],[-84.98362291,30.93698617],[-84.98312325,30.93478767],[-84.9806247,30.93268989],[-84.97522399,30.93078999],[-84.97102236,30.92818899],[-84.96942214,30.92198812],[-84.96672261,30.91728894],[-84.95612174,30.90758906],[-84.95232141,30.9022886],[-84.94962145,30.89738868],[-84.94252212,30.88849052],[-84.93489634,30.88453011],[-84.93431974,30.88188736],[-84.93921997,30.87488703],[-84.9393199,30.87148931],[-84.93312023,30.8658896],[-84.93251957,30.86318662],[-84.93532173,30.86128483],[-84.93661959,30.85898785],[-84.93322061,30.85149009],[-84.92782056,30.84789106],[-84.92566073,30.84268506],[-84.92695281,30.83918914],[-84.93232155,30.83808599],[-84.93574108,30.83395976],[-84.9374199,30.82088917],[-84.93682018,30.81849029],[-84.93091937,30.81049055],[-84.92831906,30.8050909],[-84.92791889,30.80278996],[-84.9290189,30.79728995],[-84.92831907,30.79309098],[-84.92671941,30.79019161],[-84.91801919,30.7780913],[-84.91741888,30.77589016],[-84.91801902,30.7720893],[-84.92011848,30.76599087],[-84.91501806,30.76119242],[-84.91431802,30.75359195],[-84.91351897,30.7522935],[-84.91112069,30.75119429],[-84.90632257,30.75059452],[-84.90312294,30.75179438],[-84.90022162,30.75189443],[-84.89762042,30.7513942],[-84.89611928,30.75059359],[-84.88751833,30.74179262],[-84.8852172,30.73499223],[-84.8838178,30.73259327],[-84.87541823,30.72749353],[-84.86974849,30.7218988],[-84.86469024,30.71154533],[-84.83632382,30.71071241],[-84.64481477,30.70199541],[-84.53936973,30.69677841],[-84.47440878,30.69279641],[-84.37490481,30.68979741],[-84.2812098,30.68525941],[-84.2498998,30.68414841],[-83.88021975,30.66583541],[-83.61166675,30.65125841],[-83.49987574,30.64567441],[-83.15616967,30.6255074],[-83.13136967,30.6235864],[-82.56923671,30.59096841],[-82.3748437,30.5790074],[-82.21483573,30.56859421],[-82.21438043,30.56695656],[-82.21731386,30.56518649],[-82.22282495,30.5655915],[-82.2282623,30.56257741],[-82.23442295,30.55659173],[-82.23443395,30.54900153],[-82.23890822,30.54542432],[-82.24039877,30.5377706],[-82.23611973,30.53115709],[-82.23074826,30.5267597],[-82.22939485,30.52082293],[-82.23037275,30.51733928],[-82.22692939,30.5102826],[-82.22502306,30.50783246],[-82.21851131,30.50418959],[-82.21284888,30.49875318],[-82.20644168,30.49187897],[-82.20141199,30.48516504],[-82.2009339,30.47443718],[-82.20461025,30.46886665],[-82.20770392,30.46050255],[-82.20751801,30.45692935],[-82.20603634,30.45550867],[-82.204819,30.45184063],[-82.20397089,30.44450669],[-82.20648227,30.43707955],[-82.209866,30.4328169],[-82.21028692,30.4245903],[-82.20414716,30.4013312],[-82.19651356,30.38931783],[-82.19233182,30.38457099],[-82.19293574,30.37878078],[-82.18881354,30.37659979],[-82.18639448,30.37735849],[-82.1846296,30.37716808],[-82.18379317,30.37371329],[-82.1800147,30.36862699],[-82.17150516,30.35987147],[-82.17005235,30.35893224],[-82.16175795,30.35785458],[-82.15811072,30.35991614],[-82.1432829,30.36339633],[-82.11638555,30.36733838],[-82.1048337,30.36832246],[-82.10249757,30.367826],[-82.10141159,30.36655669],[-82.10179339,30.36533734],[-82.09468533,30.36078422],[-82.08110572,30.35880942],[-82.06853339,30.3591874],[-82.06003479,30.36033135],[-82.05007042,30.36234122],[-82.04791954,30.36326774],[-82.04074948,30.37015984],[-82.03682897,30.37788487],[-82.03587514,30.38528654],[-82.04116798,30.39684019],[-82.04199408,30.40326599],[-82.04116801,30.40996657],[-82.0399748,30.41428132],[-82.03400914,30.42235787],[-82.03446801,30.4280473],[-82.03721321,30.43451777],[-82.03620676,30.43846151],[-82.03006732,30.44485497],[-82.02821581,30.4473973],[-82.02546099,30.45775563],[-82.02373788,30.46729023],[-82.01778285,30.47508228],[-82.01698607,30.47877926],[-82.01730105,30.48763765],[-82.01822625,30.49208563],[-82.015896,30.4955],[-82.01477408,30.5130088],[-82.01582982,30.51816453],[-82.01699359,30.5193563],[-82.0188721,30.52382751],[-82.01836503,30.53118448],[-82.01321985,30.55009214],[-82.00548121,30.56349552],[-82.00809499,30.57701739],[-82.01211291,30.59377205],[-82.01571154,30.60170223],[-82.01650545,30.60248116],[-82.02694382,30.60615029],[-82.02734217,30.60672524],[-82.0265451,30.61330285],[-82.02850285,30.62182778],[-82.03393032,30.62960102],[-82.0376124,30.6332691],[-82.03994523,30.63714348],[-82.03909613,30.64113197],[-82.03959892,30.64330808],[-82.04227438,30.64944984],[-82.04611686,30.65176453],[-82.04951121,30.65554702],[-82.04884693,30.66067915],[-82.047183,30.66290506],[-82.0469981,30.66592541],[-82.04847688,30.66894597],[-82.05043635,30.6762667],[-82.04354481,30.68473536],[-82.04142417,30.69359186],[-82.04301842,30.69825758],[-82.03643012,30.70658596],[-82.03680801,30.71303211],[-82.03854035,30.71591768],[-82.03756723,30.71864001],[-82.03915778,30.72317671],[-82.04004191,30.72458233],[-82.04445974,30.72614962],[-82.04479618,30.72848164],[-82.03942507,30.73719481],[-82.03963806,30.74772738],[-82.03866884,30.75108815],[-82.03677557,30.75443739],[-82.03479775,30.75445243],[-82.03188198,30.75047974],[-82.02714274,30.75113122],[-82.0237329,30.75351011],[-82.01884309,30.75459762],[-82.01886807,30.75657544],[-82.01137967,30.76260096],[-82.01516316,30.77196821],[-82.01845367,30.77275657],[-82.01796426,30.77494239],[-82.02327289,30.78269184],[-82.02376321,30.78526355],[-82.02197438,30.7882366],[-82.01875503,30.78800557],[-82.0158689,30.79159597],[-82.01250488,30.78933729],[-82.00805387,30.79205669],[-82.00475238,30.79139218],[-81.99496923,30.78607556],[-81.99209621,30.78299854],[-81.98342124,30.77812711],[-81.97772255,30.77663972],[-81.9734452,30.77883036],[-81.97083094,30.78385694],[-81.96995891,30.78907714],[-81.966624,30.79391745],[-81.96290165,30.79584912],[-81.96172719,30.80099272],[-81.96450598,30.80745354],[-81.96244517,30.80844293],[-81.96274303,30.81363554],[-81.96393256,30.81810153],[-81.95570757,30.82275366],[-81.94950197,30.82787098],[-81.94369554,30.82598483],[-81.93878887,30.82883965],[-81.93697257,30.82851387],[-81.93620616,30.82541823],[-81.93280502,30.82041248],[-81.92704888,30.8175724],[-81.91872756,30.81749641],[-81.91091618,30.81612852],[-81.90453666,30.81774564],[-81.90409525,30.82040909],[-81.90672178,30.82338856],[-81.90727436,30.82555581],[-81.90482574,30.82827861],[-81.90144254,30.82992617],[-81.89484988,30.82517069],[-81.89290383,30.82551688],[-81.89101687,30.82247072],[-81.89149086,30.81675288],[-81.88909612,30.81356255],[-81.88481547,30.81153124],[-81.88148879,30.79992035],[-81.87618904,30.79980839],[-81.8703489,30.79748514],[-81.87040292,30.7948203],[-81.86826186,30.792854],[-81.86373981,30.79427839],[-81.85350697,30.79463145],[-81.84563768,30.7907248],[-81.84118426,30.79227295],[-81.8396859,30.79119783],[-81.84176861,30.78785429],[-81.83924248,30.7866037],[-81.82849041,30.78935972],[-81.82370231,30.78683519],[-81.81921448,30.78991439],[-81.80744778,30.79012244],[-81.80239506,30.78719944],[-81.79845172,30.78225552],[-81.79675395,30.78305705],[-81.79661196,30.78562176],[-81.79441664,30.7870085],[-81.79257978,30.78547912],[-81.78367105,30.77287868],[-81.78669161,30.76980213],[-81.78258058,30.76607401],[-81.78351856,30.76246612],[-81.78214886,30.76134483],[-81.7719524,30.76381373],[-81.77157343,30.76515707],[-81.77348737,30.76699502],[-81.77247178,30.77124148],[-81.77036046,30.77348276],[-81.77130676,30.77632566],[-81.76963766,30.77711961],[-81.76171799,30.77570113],[-81.76046362,30.77465599],[-81.75852572,30.77108518],[-81.75487698,30.768704],[-81.75003696,30.76711432],[-81.74403677,30.7663993],[-81.74074945,30.76500932],[-81.74038259,30.76359802],[-81.74213747,30.7619512],[-81.74273964,30.76058807],[-81.74199286,30.75907354],[-81.73233723,30.75529868],[-81.73134814,30.75400695],[-81.73295086,30.75201505],[-81.73283707,30.75048779],[-81.72929891,30.74825795],[-81.71992683,30.74463769],[-81.70911384,30.74797969],[-81.70246801,30.74544375],[-81.69477813,30.74841771],[-81.6924096,30.74763955],[-81.69104341,30.74328194],[-81.68842459,30.74148543],[-81.68009019,30.74160343],[-81.67282425,30.73893881],[-81.67012712,30.74023743],[-81.66884213,30.74251464],[-81.66907894,30.74498465],[-81.67246883,30.74843049],[-81.67930536,30.74474129],[-81.68236048,30.74548229],[-81.68310053,30.74849358],[-81.67843636,30.75107333],[-81.66984511,30.75167235],[-81.66334487,30.75440587],[-81.66083146,30.75319523],[-81.65976958,30.7494401],[-81.66353953,30.74572715],[-81.66268563,30.7430426],[-81.65988625,30.74218371],[-81.65463171,30.74438893],[-81.65232451,30.74310315],[-81.65149978,30.740677],[-81.6540858,30.73309293],[-81.65312944,30.7298011],[-81.64902284,30.72750245],[-81.64613781,30.72759439],[-81.64191756,30.72892484],[-81.63806001,30.73337148],[-81.63504424,30.73327933],[-81.63283993,30.72876468],[-81.63069221,30.7280987],[-81.6291458,30.72872724],[-81.62833476,30.73539665],[-81.62436419,30.73634398],[-81.62081883,30.73162084],[-81.62112303,30.72883106],[-81.62353712,30.72468062],[-81.6211373,30.72254346],[-81.61506403,30.72269446],[-81.61304052,30.72045278],[-81.61065351,30.71622055],[-81.60762268,30.71637628],[-81.60583108,30.7196907],[-81.60602208,30.72621981],[-81.60429565,30.72894207],[-81.60087623,30.72944758],[-81.5964482,30.72725208],[-81.59608791,30.72461492],[-81.59710143,30.71932839],[-81.59384232,30.71848491],[-81.58929444,30.72284183],[-81.58682059,30.7237385],[-81.57371804,30.72233934],[-81.57141672,30.72163894],[-81.56840978,30.71898199],[-81.56379213,30.71775155],[-81.56345707,30.71342479],[-81.56070864,30.71169304],[-81.55615151,30.71375274],[-81.55256844,30.7169768],[-81.54930102,30.71829578],[-81.54609281,30.71703251],[-81.54467538,30.71397058],[-81.5415922,30.71006462],[-81.53839075,30.70865974],[-81.53515096,30.7097047],[-81.53381715,30.71205561],[-81.53452107,30.71793596],[-81.53425201,30.72097063],[-81.53336933,30.72343552],[-81.53115642,30.72422256],[-81.52141645,30.72253939],[-81.51611605,30.72223942],[-81.50721661,30.72293938],[-81.48953741,30.72610342],[-81.48733065,30.7260844],[-81.4837831,30.72389345],[-81.47575127,30.71475664],[-81.47259538,30.71331514],[-81.46446403,30.71104833],[-81.45997745,30.71043738],[-81.44871796,30.70935643],[-81.44413013,30.70971695],[-81.44971075,30.71968368],[-81.45947397,30.7419782],[-81.46106907,30.75368389],[-81.46006504,30.76991241],[-81.45529092,30.79093091],[-81.44693072,30.81039137],[-81.44013342,30.82137087],[-81.43083858,30.8311577],[-81.42858087,30.83633704],[-81.41247685,30.88575208],[-81.40408305,30.90373866],[-81.40341306,30.95791365],[-81.40848721,30.97771434],[-81.41582334,30.97718869],[-81.4201045,30.97407404],[-81.42692607,30.95661157],[-81.44739181,30.95672861],[-81.44805281,30.96550763],[-81.45356895,30.9655696],[-81.4668145,30.97090642],[-81.47231865,30.96989594],[-81.47578758,30.96597188],[-81.4869686,30.96959919],[-81.49365552,30.97752746],[-81.49058936,30.98495427],[-81.4692999,30.99603103],[-81.46096948,30.99914444],[-81.45779867,31.01026075],[-81.45144593,31.01551819],[-81.43491921,31.01780799],[-81.43470605,31.01464262],[-81.43247366,31.01299455],[-81.42473366,31.01368128],[-81.42047732,31.01670511],[-81.41512685,31.02671913],[-81.40127105,31.07278143],[-81.40121306,31.08614283],[-81.40373599,31.10711424],[-81.40952748,31.12061139],[-81.39967931,31.13411635],[-81.38774417,31.13443638],[-81.37589141,31.14033977],[-81.36581525,31.14794714],[-81.36079465,31.15590449],[-81.35488357,31.16720565],[-81.33111412,31.19695721],[-81.31590159,31.20915564],[-81.30306575,31.21688175],[-81.29569756,31.2150517],[-81.29047174,31.21769309],[-81.28913998,31.22548771],[-81.28284581,31.24433121],[-81.27686516,31.25473634],[-81.26955651,31.2587426],[-81.2712367,31.26589216],[-81.27953779,31.27174222],[-81.282866,31.29063441],[-81.28761916,31.31053708],[-81.28292711,31.32649123],[-81.28595599,31.34971928],[-81.29047179,31.36149177],[-81.29427511,31.36859723],[-81.26861609,31.38301137],[-81.26180681,31.39356924],[-81.25861982,31.40442624],[-81.24691446,31.42278579],[-81.20488657,31.47312566],[-81.18964658,31.50358964],[-81.17934574,31.51629345],[-81.17872927,31.51820179],[-81.18076558,31.52244933],[-81.18657096,31.52918262],[-81.19825207,31.53702935],[-81.204188,31.53607085],[-81.21351694,31.5281489],[-81.21794747,31.5272806],[-81.22854757,31.52697957],[-81.23667913,31.5291879],[-81.24374642,31.51889439],[-81.25144064,31.50569801],[-81.26289481,31.49577913],[-81.26772871,31.49700062],[-81.27873572,31.49753471],[-81.28231568,31.50440348],[-81.2776617,31.50951665],[-81.26388336,31.51584734],[-81.25881395,31.52905821],[-81.26343797,31.5309286],[-81.27105203,31.53107055],[-81.27631666,31.52527296],[-81.29519009,31.52153188],[-81.29826362,31.53350683],[-81.28970444,31.53724778],[-81.2765409,31.54846624],[-81.25920822,31.5503362],[-81.25421952,31.55594399],[-81.24069895,31.55231657],[-81.21606718,31.55841802],[-81.20320525,31.56971508],[-81.19558323,31.58043352],[-81.18723964,31.58005922],[-81.18789788,31.57276655],[-81.1825575,31.56179982],[-81.17875639,31.55815564],[-81.1718671,31.5589652],[-81.16036755,31.57043776],[-81.14997374,31.59347733],[-81.12884947,31.63143902],[-81.13397804,31.64095622],[-81.13455405,31.66199175],[-81.13641208,31.67483193],[-81.13561201,31.68349164],[-81.13114181,31.69577244],[-81.13939498,31.69991352],[-81.14936804,31.69930064],[-81.15188506,31.69840834],[-81.15462103,31.69387139],[-81.16108404,31.69139723],[-81.18630583,31.70150635],[-81.19529209,31.71383771],[-81.20357741,31.71944728],[-81.19278562,31.73324913],[-81.1740394,31.72749045],[-81.16066936,31.72814745],[-81.13844777,31.72093758],[-81.13063602,31.72269508],[-81.11197268,31.73722056],[-81.09509775,31.74914651],[-81.07917299,31.76268631],[-81.07037923,31.77137608],[-81.04637418,31.80087214],[-81.0359168,31.81036557],[-81.03472826,31.81642225],[-81.03981056,31.82299705],[-81.04793882,31.82487719],[-81.05094247,31.82238113],[-81.05231037,31.81904494],[-81.06211823,31.82106794],[-81.06728443,31.82612315],[-81.07581594,31.82902866],[-81.07618214,31.83613363],[-81.0627931,31.8447423],[-81.059074,31.850107],[-81.05860009,31.8578106],[-81.06526048,31.87709862],[-81.04154716,31.87620139],[-81.03140512,31.87293273],[-81.02840248,31.8681433],[-81.01447635,31.86747734],[-81.00031569,31.8567476],[-80.99269205,31.85764421],[-80.97143689,31.87794341],[-80.94729665,31.89621259],[-80.93015232,31.90806936],[-80.94135978,31.91298049],[-80.95446946,31.91176452],[-80.96849643,31.91581909],[-80.98362696,31.93167269],[-80.98434032,31.94014803],[-80.97239361,31.94127328],[-80.94849544,31.9572314],[-80.94940158,31.96132305],[-80.94274242,31.96374456],[-80.93251895,31.96192895],[-80.93027502,31.95670577],[-80.92800236,31.93853553],[-80.92135206,31.93873638],[-80.89768894,31.949068],[-80.88189828,31.95668584],[-80.86281705,31.96934832],[-80.85942196,31.97382112],[-80.85843283,31.98426449],[-80.84730129,31.98755165],[-80.84191626,32.00264572],[-80.84038222,32.00304647],[-80.84092104,32.01162361],[-80.84345969,32.02364496],[-80.85272367,32.02878018],[-80.8550531,32.02546042],[-80.85910887,32.02369009],[-80.86620715,32.01937391],[-80.87595528,32.01675407],[-80.89074527,32.03072601],[-80.90668039,32.0347903],[-80.9076603,32.038148],[-80.92102838,32.03998673],[-80.92508762,32.04193633],[-80.95388262,32.07013932],[-80.95957038,32.07285074],[-80.97191618,32.07462971],[-80.98054298,32.07783301],[-80.983512,32.07954659],[-80.98684863,32.08411445],[-80.99214139,32.09491297],[-80.99955827,32.10043113],[-81.00430582,32.10236354],[-81.01101375,32.10204664],[-81.0173519,32.09878259],[-81.02161972,32.0916809],[-81.02625976,32.0881261],[-81.03812515,32.08373022],[-81.04354434,32.08610074],[-81.05955262,32.08861978],[-81.07430767,32.09738181],[-81.08827503,32.09992842],[-81.0869785,32.10396706],[-81.08948759,32.10622523],[-81.09124821,32.11088524],[-81.0949764,32.11181754],[-81.10332385,32.11113366],[-81.10670382,32.10969382],[-81.10894203,32.11162287],[-81.11113572,32.11200181],[-81.11537015,32.11470273],[-81.11723806,32.11760414],[-81.11722905,32.1198055],[-81.11524619,32.1255041],[-81.1161318,32.1286777],[-81.11994715,32.13399718],[-81.11913801,32.14210463],[-81.11833773,32.14440442],[-81.11623894,32.14720348],[-81.11223806,32.14930789],[-81.11224005,32.15080222],[-81.11429946,32.15201569],[-81.11797063,32.15232871],[-81.12111952,32.15450201],[-81.12214107,32.15730352],[-81.12203809,32.16180178],[-81.12313637,32.16289907],[-81.12843653,32.16439911],[-81.12975063,32.16593257],[-81.12813742,32.16910395],[-81.12119044,32.17492661],[-81.11900687,32.17467208],[-81.11774502,32.17116249],[-81.11384123,32.17126238],[-81.11113567,32.17270509],[-81.11023842,32.17679867],[-81.11193405,32.17799828],[-81.11392832,32.17760083],[-81.11638087,32.17616492],[-81.12045648,32.17829132],[-81.11983792,32.18120293],[-81.11793811,32.18530154],[-81.11823789,32.1891987],[-81.12155802,32.19041275],[-81.1215881,32.19220586],[-81.11623132,32.19300227],[-81.11412092,32.19392413],[-81.11402018,32.19544618],[-81.11589043,32.19643819],[-81.11980159,32.19515247],[-81.12206456,32.19549807],[-81.12315389,32.20132782],[-81.12828595,32.20863149],[-81.13408649,32.21145727],[-81.13673106,32.21366758],[-81.13672106,32.21626622],[-81.13843814,32.21925363],[-81.14314001,32.2217275],[-81.15083756,32.22119247],[-81.15216008,32.22232318],[-81.14806211,32.22378496],[-81.14481652,32.22599599],[-81.1436384,32.22926556],[-81.14577406,32.23234064],[-81.152382,32.23629761],[-81.15588683,32.24096771],[-81.15659121,32.24391032],[-81.15559837,32.24602411],[-81.15289599,32.24781002],[-81.14710975,32.24956679],[-81.14573474,32.25152297],[-81.14833862,32.25509781],[-81.14752112,32.25651441],[-81.14506549,32.25775222],[-81.14473642,32.25877233],[-81.14664308,32.26102193],[-81.14660603,32.2627673],[-81.14533769,32.26399657],[-81.14020665,32.26358148],[-81.13839273,32.26423673],[-81.13693437,32.26611562],[-81.13764259,32.26849103],[-81.13957681,32.26975286],[-81.14175076,32.27021127],[-81.14192942,32.27174494],[-81.13557501,32.27247567],[-81.13348868,32.26980053],[-81.13253475,32.27024815],[-81.13212991,32.27274814],[-81.13000279,32.27579875],[-81.12795357,32.2764698],[-81.12524685,32.27503842],[-81.1234288,32.27505438],[-81.12328019,32.27697345],[-81.12592121,32.27875379],[-81.12716514,32.28078531],[-81.12696891,32.28269962],[-81.1257219,32.28365916],[-81.12224098,32.28424515],[-81.11987112,32.28620438],[-81.12002301,32.28993885],[-81.12336583,32.29384263],[-81.12392118,32.29641126],[-81.12266003,32.29950964],[-81.12233708,32.30539463],[-81.12293666,32.30729331],[-81.12497838,32.30915431],[-81.12777858,32.30721256],[-81.13152507,32.30727362],[-81.13305728,32.30901126],[-81.1308516,32.31098376],[-81.12975623,32.31396903],[-81.13165614,32.31950476],[-81.1306523,32.32540682],[-81.13175772,32.32636386],[-81.13375061,32.32428702],[-81.13629712,32.32499627],[-81.13793078,32.328663],[-81.13575427,32.33028313],[-81.13391941,32.33331589],[-81.13138431,32.335878],[-81.12895967,32.33645467],[-81.12862012,32.33862283],[-81.12943814,32.34154834],[-81.13401516,32.34120541],[-81.13529996,32.34298652],[-81.13935636,32.34507773],[-81.14151537,32.35032175],[-81.14379427,32.35152511],[-81.14731389,32.35012486],[-81.14724398,32.34749447],[-81.14522659,32.34584434],[-81.14598021,32.34501435],[-81.14867173,32.34531841],[-81.15183128,32.34302119],[-81.15219068,32.34143945],[-81.15483776,32.34154753],[-81.15735564,32.33999661],[-81.1598348,32.33996055],[-81.16062645,32.34174926],[-81.15983431,32.34297857],[-81.15673952,32.34278052],[-81.155057,32.34416648],[-81.15484411,32.3495557],[-81.15537229,32.35002917],[-81.1600974,32.34894814],[-81.16161251,32.35041917],[-81.16050216,32.35364417],[-81.16100154,32.35590235],[-81.16386488,32.35664691],[-81.16712806,32.3587163],[-81.16712806,32.36103845],[-81.17382774,32.36270737],[-81.17393737,32.36354826],[-81.16899934,32.36512159],[-81.16791039,32.36830351],[-81.16922008,32.37013369],[-81.17379307,32.37309568],[-81.17576114,32.37580977],[-81.17886128,32.37808714],[-81.18185059,32.37934654],[-81.17849787,32.38447017],[-81.17732017,32.3897828],[-81.17871663,32.39364331],[-81.18536135,32.40006104],[-81.1899133,32.40706397],[-81.19493411,32.4114868],[-81.20551134,32.4236112],[-81.20505216,32.42547893],[-81.20844765,32.43700359],[-81.19964791,32.44159398],[-81.19943914,32.44419207],[-81.20105727,32.44621972],[-81.20556343,32.44649673],[-81.20667049,32.4480927],[-81.20449898,32.45278196],[-81.20328447,32.45299676],[-81.19878208,32.44852437],[-81.19748926,32.44914189],[-81.19797221,32.45387937],[-81.196363,32.45513365],[-81.19429653,32.45352551],[-81.19224597,32.45364225],[-81.19161964,32.45518714],[-81.19456268,32.45777318],[-81.19373015,32.45967967],[-81.18860474,32.4612288],[-81.18695694,32.46356569],[-81.18865059,32.46530724],[-81.19153679,32.46481255],[-81.1948304,32.46508268],[-81.20003166,32.46798239],[-81.21191688,32.47899159],[-81.21681802,32.4828017],[-81.22499801,32.49188369],[-81.23358883,32.49848632],[-81.23425781,32.50274522],[-81.2376613,32.50511586],[-81.23868812,32.50698337],[-81.23841492,32.51019368],[-81.23670864,32.5114053],[-81.23295682,32.51169421],[-81.23215224,32.51333729],[-81.23342344,32.51796038],[-81.23545609,32.51854213],[-81.23736896,32.51712797],[-81.24019744,32.51636129],[-81.24191535,32.51717267],[-81.24312212,32.52022907],[-81.24479752,32.52053224],[-81.24685871,32.51855502],[-81.24955873,32.5178535],[-81.25288373,32.51832678],[-81.26603231,32.52730918],[-81.27243118,32.5304196],[-81.27417719,32.53377161],[-81.27990875,32.53658989],[-81.28005547,32.53749735],[-81.27624493,32.53856078],[-81.27480609,32.5411437],[-81.27495901,32.54481977],[-81.27574131,32.54565895],[-81.27906198,32.54631489],[-81.28073484,32.54763635],[-81.28103822,32.54967891],[-81.2787643,32.55234082],[-81.27924178,32.5545884],[-81.28132606,32.55646086],[-81.28326976,32.55677832],[-81.28423917,32.55602533],[-81.28471716,32.55294141],[-81.28646607,32.5514718],[-81.28888055,32.55115935],[-81.28996664,32.55217925],[-81.28834809,32.55591254],[-81.28847103,32.55845546],[-81.28957651,32.56173789],[-81.29128984,32.56273534],[-81.2931078,32.56239049],[-81.29115577,32.55722008],[-81.29175847,32.55532589],[-81.29482754,32.55357771],[-81.29669207,32.55338945],[-81.29786996,32.55408918],[-81.29796211,32.55582893],[-81.2954851,32.55907495],[-81.29559198,32.56181504],[-81.29795598,32.56302251],[-81.30059217,32.56283963],[-81.30523505,32.56151167],[-81.32180726,32.55953652],[-81.32860664,32.56108884],[-81.33319167,32.56349585],[-81.33624346,32.5642358],[-81.35076242,32.57016479],[-81.35479894,32.5710689],[-81.3583256,32.57362983],[-81.35780655,32.57519199],[-81.35370242,32.57791242],[-81.35412171,32.57990804],[-81.35775,32.5821154],[-81.36016534,32.58177491],[-81.36293411,32.57730228],[-81.36520285,32.57656839],[-81.36695381,32.57701641],[-81.36711419,32.57861022],[-81.36359762,32.58179183],[-81.36450396,32.58403072],[-81.36838736,32.58421765],[-81.36982259,32.58504593],[-81.37028824,32.58670024],[-81.36888443,32.58975083],[-81.36976004,32.59122848],[-81.37157078,32.5920145],[-81.37395961,32.59180478],[-81.37569135,32.58947112],[-81.37817307,32.5888144],[-81.38100102,32.58964898],[-81.38934118,32.59543378],[-81.39386828,32.60233793],[-81.40646766,32.61304026],[-81.4075206,32.61658103],[-81.40844278,32.61718384],[-81.41122468,32.61772702],[-81.4129704,32.62040065],[-81.41251915,32.62156729],[-81.41309079,32.62480122],[-81.41811998,32.62834735],[-81.41843512,32.63470517],[-81.41701676,32.63614955],[-81.41476213,32.63744348],[-81.41340808,32.63737126],[-81.41151936,32.63290858],[-81.41025782,32.63139533],[-81.40819887,32.63131049],[-81.40274026,32.63703094],[-81.4036362,32.6379219],[-81.41183023,32.63938009],[-81.41255755,32.64152397],[-81.41181786,32.64215928],[-81.40511056,32.6426933],[-81.39459201,32.64957235],[-81.39303748,32.65154349],[-81.39382144,32.6534889],[-81.39831541,32.65630363],[-81.40527578,32.65651367],[-81.40719699,32.6605182],[-81.40730415,32.66156077],[-81.40664844,32.66251828],[-81.40450214,32.66264359],[-81.40325074,32.65946658],[-81.40034257,32.65849187],[-81.39751808,32.66021473],[-81.39754804,32.66258935],[-81.40391706,32.66687536],[-81.40391806,32.67064259],[-81.40103318,32.6774943],[-81.40179481,32.68117353],[-81.40432365,32.68375934],[-81.40663835,32.68486115],[-81.40583622,32.69046005],[-81.40749559,32.69233034],[-81.4096206,32.69704215],[-81.41087072,32.69685717],[-81.41054074,32.69250942],[-81.41240578,32.69209084],[-81.41358005,32.69546862],[-81.41665076,32.69550259],[-81.41888411,32.69620934],[-81.42059926,32.69983167],[-81.42262513,32.70085759],[-81.42673757,32.70086359],[-81.42750975,32.70224247],[-81.42456582,32.70533045],[-81.42410343,32.7075585],[-81.42646302,32.70901587],[-81.42592954,32.71004063],[-81.42215475,32.70974564],[-81.42119724,32.71198051],[-81.42003979,32.71242645],[-81.41667267,32.71228649],[-81.41512446,32.71366999],[-81.41576367,32.71588027],[-81.42045619,32.7198457],[-81.42034188,32.72105301],[-81.41876995,32.72185451],[-81.4109173,32.72121054],[-81.40999217,32.72186451],[-81.41007785,32.72309287],[-81.41559264,32.7235277],[-81.41777301,32.72507238],[-81.41781908,32.72658263],[-81.41675652,32.72876172],[-81.41828191,32.73092086],[-81.41854644,32.7325882],[-81.41703479,32.73308874],[-81.41467141,32.73208357],[-81.41251965,32.73243505],[-81.41159961,32.73385203],[-81.41387668,32.73747715],[-81.41267261,32.73908591],[-81.4076045,32.74033694],[-81.40575278,32.74254542],[-81.40493607,32.74555934],[-81.40502002,32.74828273],[-81.40586797,32.74914065],[-81.41066169,32.74931257],[-81.41860507,32.74798718],[-81.41984158,32.74979685],[-81.41848823,32.75219124],[-81.41673401,32.75327961],[-81.41371397,32.75283646],[-81.41156938,32.75312027],[-81.4083676,32.75468819],[-81.40800509,32.75615017],[-81.40956172,32.75602767],[-81.41226182,32.75468713],[-81.41404271,32.75542114],[-81.41182557,32.76312063],[-81.41401172,32.76451689],[-81.41662422,32.76053418],[-81.41776704,32.76021812],[-81.41890613,32.7611314],[-81.41735997,32.76333506],[-81.41710025,32.76608607],[-81.42201989,32.76836352],[-81.42911367,32.76790153],[-81.43194387,32.76890867],[-81.4320862,32.77055049],[-81.42985572,32.77213224],[-81.42258513,32.77300143],[-81.41860193,32.77273749],[-81.41735607,32.77333845],[-81.41446026,32.77814947],[-81.41472556,32.77920165],[-81.41616852,32.77978842],[-81.42333121,32.77850847],[-81.42685701,32.77945296],[-81.43008138,32.78176894],[-81.43123976,32.78414177],[-81.4299773,32.78523965],[-81.4262886,32.78266445],[-81.4239306,32.78273037],[-81.42224417,32.78398746],[-81.42236688,32.78574435],[-81.42758837,32.78694146],[-81.4274289,32.78832156],[-81.42500155,32.79033667],[-81.41970426,32.79322874],[-81.41988257,32.79485242],[-81.42297955,32.79399453],[-81.42523739,32.79418686],[-81.42635077,32.79887748],[-81.42829729,32.800832],[-81.42689678,32.80224253],[-81.42274175,32.80199359],[-81.42224642,32.80312679],[-81.4263303,32.8099276],[-81.42598389,32.8110803],[-81.42377309,32.81051784],[-81.41975526,32.81373311],[-81.41850088,32.81566514],[-81.41798836,32.81819479],[-81.4185856,32.81867556],[-81.42058358,32.81864761],[-81.42435316,32.81617522],[-81.42709674,32.81686713],[-81.42823938,32.81858359],[-81.42795631,32.81938259],[-81.42693777,32.81970841],[-81.42304345,32.81975039],[-81.42195638,32.82146634],[-81.42249146,32.82288989],[-81.42952846,32.82714389],[-81.42994814,32.82824832],[-81.42810136,32.82868746],[-81.42367496,32.82831051],[-81.42183108,32.82926741],[-81.42062427,32.83122349],[-81.42161779,32.83517658],[-81.42647758,32.84077019],[-81.43480545,32.84353382],[-81.43750398,32.84015941],[-81.43995273,32.84035879],[-81.44288622,32.84584657],[-81.44228314,32.84858695],[-81.44267454,32.85010462],[-81.44486581,32.85096316],[-81.45119527,32.84792186],[-81.45173836,32.84476234],[-81.45402906,32.84419643],[-81.46072708,32.8460358],[-81.46021374,32.84740603],[-81.45556507,32.84651267],[-81.45706509,32.85038855],[-81.45692101,32.85260485],[-81.45302112,32.85963665],[-81.45336512,32.8638477],[-81.45137131,32.8671654],[-81.45339314,32.87387652],[-81.45721388,32.87379257],[-81.46055907,32.87515846],[-81.46188147,32.87754819],[-81.46505268,32.8808923],[-81.46713455,32.88059902],[-81.46803853,32.87667212],[-81.47037617,32.87626348],[-81.47592029,32.87763801],[-81.47944954,32.8810812],[-81.47710344,32.88747118],[-81.47170351,32.8904428],[-81.46710416,32.88900269],[-81.46593911,32.88945339],[-81.46828208,32.89227616],[-81.46465869,32.8960006],[-81.46407344,32.89781328],[-81.46592663,32.89988626],[-81.46897796,32.90107922],[-81.47161151,32.90000304],[-81.47064466,32.8950418],[-81.47214206,32.89380918],[-81.47553733,32.89672112],[-81.48081598,32.89861172],[-81.48086909,32.90021889],[-81.479378,32.90233401],[-81.47918811,32.90563715],[-81.48144835,32.9088945],[-81.4800125,32.91344303],[-81.4812998,32.91458164],[-81.48705284,32.91476871],[-81.48726221,32.91785323],[-81.48444223,32.91882758],[-81.48320269,32.92180107],[-81.48960622,32.92703606],[-81.49206964,32.92782119],[-81.4950945,32.93159301],[-81.49983132,32.93261098],[-81.50243095,32.9353517],[-81.50272013,32.93868873],[-81.49956998,32.94372297],[-81.49945021,32.94498648],[-81.50401883,32.94808853],[-81.5086127,32.95254939],[-81.51001305,32.95732557],[-81.51005005,32.96096966],[-81.51135115,32.96672111],[-81.51080548,32.96852734],[-81.50883881,32.96937191],[-81.5078431,32.96885599],[-81.50756407,32.96559257],[-81.50502404,32.96356414],[-81.50136988,32.96291764],[-81.49983369,32.963818],[-81.49784091,32.973012],[-81.49474018,32.97899748],[-81.49550823,32.98353476],[-81.49434904,32.985085],[-81.49433307,32.98625896],[-81.49599973,32.98829354],[-81.49642416,32.98961485],[-81.49614172,32.99091488],[-81.49225545,32.99351206],[-81.49146099,32.99543773],[-81.49120121,32.99782271],[-81.49273908,32.99910493],[-81.49983277,33.00065208],[-81.50063428,33.00195453],[-81.50023376,33.00345649],[-81.49875539,33.00506798],[-81.49190226,33.00669677],[-81.49142337,33.00807759],[-81.49225568,33.00933903],[-81.49663879,33.01022085],[-81.49977101,33.01225164],[-81.50203293,33.01511054],[-81.50405385,33.01624937],[-81.50567688,33.01597105],[-81.50740132,33.01153648],[-81.5082157,33.01052377],[-81.5106927,33.01031134],[-81.51157352,33.01228343],[-81.50892269,33.01566649],[-81.50822435,33.01750977],[-81.51028487,33.0212301],[-81.51133365,33.02146139],[-81.51371439,33.02057049],[-81.51607401,33.02082967],[-81.51838819,33.02158338],[-81.51907992,33.02319741],[-81.51759498,33.02399452],[-81.51402462,33.02366649],[-81.51169264,33.02450876],[-81.51059043,33.02580566],[-81.5112484,33.02778355],[-81.5132321,33.02854267],[-81.51963339,33.0291777],[-81.52265555,33.03078632],[-81.52845469,33.03564428],[-81.5287901,33.03687178],[-81.52844217,33.03988116],[-81.52914428,33.04080866],[-81.53071897,33.04086055],[-81.53549737,33.03848535],[-81.53879137,33.03918198],[-81.5400847,33.04061146],[-81.54213868,33.04691738],[-81.54376008,33.04855577],[-81.54652026,33.04883439],[-81.55178382,33.04338685],[-81.55314637,33.04319249],[-81.56195005,33.04584099],[-81.56611398,33.04879178],[-81.56504483,33.04969729],[-81.56034681,33.05003922],[-81.55894221,33.05292135],[-81.55940283,33.05490269],[-81.5639944,33.06084084],[-81.56568616,33.06104545],[-81.56698584,33.0603991],[-81.56694503,33.05959873],[-81.56456289,33.05804129],[-81.56301079,33.05580927],[-81.56631014,33.05342612],[-81.5698901,33.05449741],[-81.57190589,33.05398321],[-81.57324873,33.05490252],[-81.57131413,33.05687314],[-81.57283044,33.05863186],[-81.57704562,33.0572458],[-81.5783382,33.05893781],[-81.57450966,33.06005126],[-81.57491434,33.06179556],[-81.58025416,33.06175857],[-81.58099991,33.0626983],[-81.57716409,33.06433708],[-81.57719101,33.06593618],[-81.57874972,33.06619148],[-81.58310573,33.06495562],[-81.58380831,33.06702126],[-81.58297977,33.0685744],[-81.58436286,33.06989861],[-81.58741166,33.06993961],[-81.59085801,33.07273289],[-81.59251311,33.07305773],[-81.59264103,33.0699079],[-81.59358741,33.06949153],[-81.59602726,33.07268964],[-81.60094952,33.07281162],[-81.60324693,33.07441731],[-81.60330224,33.07509216],[-81.59899336,33.07668486],[-81.59683873,33.07856067],[-81.59650529,33.07989244],[-81.60132203,33.08704509],[-81.60253101,33.08680409],[-81.60358352,33.08457612],[-81.6068335,33.08171426],[-81.61069606,33.07994208],[-81.61290703,33.08102202],[-81.61294708,33.08398239],[-81.60953635,33.086879],[-81.60829039,33.08902221],[-81.60996847,33.09300802],[-81.61165923,33.09425611],[-81.61499467,33.0955475],[-81.63223131,33.09394863],[-81.63723162,33.09294857],[-81.64233388,33.09314862],[-81.64643513,33.09454904],[-81.65843513,33.10314905],[-81.6718349,33.10774797],[-81.67703482,33.11064692],[-81.69693466,33.11654758],[-81.70463559,33.11644657],[-81.7111364,33.12164821],[-81.72173673,33.12644836],[-81.72433708,33.12944876],[-81.72953657,33.13374734],[-81.74453832,33.14214776],[-81.74633816,33.14604741],[-81.75003723,33.14734708],[-81.75413793,33.15054763],[-81.7631388,33.15944749],[-81.76443868,33.16554692],[-81.76763824,33.16724669],[-81.76813936,33.16824892],[-81.76673942,33.17144879],[-81.77243993,33.18094965],[-81.77173477,33.18155307],[-81.7686327,33.178452],[-81.76613689,33.177853],[-81.7649398,33.17954889],[-81.76693875,33.18204758],[-81.7677393,33.18464834],[-81.76593774,33.1878511],[-81.76283631,33.18825128],[-81.76063867,33.18925021],[-81.75953885,33.19474833],[-81.75693966,33.19784837],[-81.75823811,33.20024552],[-81.76163759,33.20174529],[-81.7635387,33.2036464],[-81.76530582,33.2095008],[-81.7672389,33.21274594],[-81.76793878,33.2163453],[-81.77403696,33.22114387],[-81.77773476,33.22184246],[-81.78013225,33.22114419],[-81.78103025,33.21984708],[-81.77763097,33.21534803],[-81.77753091,33.21134585],[-81.77893253,33.20984412],[-81.78453441,33.20814355],[-81.79023703,33.20844363],[-81.79823679,33.21164354],[-81.80393659,33.21134355],[-81.80649252,33.21212314],[-81.80794002,33.21374482],[-81.80814004,33.21944638],[-81.80923946,33.22214496],[-81.8117381,33.22384404],[-81.81963737,33.22664278],[-81.82793857,33.22874308],[-81.83173911,33.23354377],[-81.83793829,33.23834313],[-81.84653894,33.24174339],[-81.8486403,33.24504396],[-81.85294125,33.24874278],[-81.85256881,33.25141198],[-81.84982703,33.25292451],[-81.84513675,33.25254849],[-81.84003978,33.25464724],[-81.83984029,33.25614347],[-81.84153751,33.25724167],[-81.84473747,33.25744167],[-81.84633959,33.25844299],[-81.8481403,33.2645454],[-81.84691251,33.2666024],[-81.84385945,33.26662443],[-81.84266575,33.26452419],[-81.84079722,33.26328017],[-81.8384518,33.26285509],[-81.83743242,33.26184673],[-81.83643264,33.25944726],[-81.83440826,33.25838216],[-81.82883933,33.26204714],[-81.82834042,33.26304496],[-81.82888986,33.26407603],[-81.83053885,33.2643773],[-81.83335052,33.26228254],[-81.83533857,33.26234166],[-81.83604027,33.26354457],[-81.83524008,33.26654529],[-81.83554013,33.27144618],[-81.83266892,33.27429139],[-81.83252428,33.27555422],[-81.8335009,33.27606792],[-81.83633434,33.27444182],[-81.83914649,33.27389521],[-81.84413994,33.27884263],[-81.84453992,33.28294246],[-81.84619237,33.28432134],[-81.85158325,33.2835405],[-81.8607386,33.28584109],[-81.86334044,33.2892435],[-81.86164012,33.29374435],[-81.8620402,33.29694499],[-81.86003805,33.29914736],[-81.85253382,33.29934747],[-81.85033411,33.29644785],[-81.84874102,33.29674656],[-81.84964038,33.29954456],[-81.84604063,33.30434322],[-81.84763903,33.30714042],[-81.85173534,33.30874215],[-81.85365325,33.31032225],[-81.85606117,33.30984905],[-81.85759669,33.3071119],[-81.86053275,33.30494086],[-81.86205721,33.30247912],[-81.86393125,33.30203192],[-81.86464016,33.30334244],[-81.8640401,33.30784287],[-81.86493982,33.31184163],[-81.86653811,33.31373961],[-81.86924518,33.31376457],[-81.8758327,33.30744099],[-81.87943488,33.30233932],[-81.8812404,33.30253993],[-81.88194084,33.30544175],[-81.88464167,33.30924292],[-81.88154035,33.31404341],[-81.88253922,33.31704001],[-81.88523624,33.31743942],[-81.89053647,33.31483931],[-81.89254071,33.31534037],[-81.89274127,33.31674427],[-81.89004052,33.31894488],[-81.88916571,33.32109096],[-81.89102415,33.32248729],[-81.89553751,33.32163841],[-81.89859152,33.32290265],[-81.89927542,33.32541795],[-81.89694106,33.32764329],[-81.89694106,33.33054061],[-81.89957146,33.3328151],[-81.90063834,33.33502785],[-81.90195405,33.33587174],[-81.90363254,33.33484051],[-81.90260878,33.33025761],[-81.90412869,33.32728384],[-81.90603298,33.32604031],[-81.90612598,33.32161814],[-81.90909022,33.3199799],[-81.91213761,33.31913824],[-81.91374198,33.32004069],[-81.91294032,33.32174422],[-81.90914054,33.32394409],[-81.90814164,33.32714057],[-81.91884095,33.33344016],[-81.91893311,33.33496085],[-81.91634072,33.33864341],[-81.91551555,33.34077984],[-81.91424491,33.34184222],[-81.91013897,33.34234521],[-81.90844134,33.34384311],[-81.90893372,33.34626603],[-81.9101752,33.34700753],[-81.91302245,33.34688269],[-81.91493371,33.34373991],[-81.91927849,33.34033295],[-81.9234622,33.34489481],[-81.92681658,33.34528051],[-81.93273636,33.34353757],[-81.9372382,33.34363761],[-81.93974099,33.34493906],[-81.9398411,33.34774203],[-81.93481624,33.35376086],[-81.93531682,33.35678731],[-81.94474028,33.3640389],[-81.94674116,33.36733935],[-81.94634086,33.3706418],[-81.94373849,33.37234335],[-81.9396356,33.37254349],[-81.93463512,33.36894314],[-81.93063488,33.36816867],[-81.92574057,33.37114204],[-81.92484145,33.37413912],[-81.93086476,33.38007445],[-81.93508874,33.39724136],[-81.93811066,33.3999274],[-81.94447924,33.40367174],[-81.94563331,33.40583475],[-81.94489651,33.40796407],[-81.94315005,33.40903758],[-81.94078097,33.40874532],[-81.93476536,33.40679945],[-81.93139105,33.40695937],[-81.92945655,33.40775875],[-81.9247647,33.41242458],[-81.92385559,33.41046204],[-81.92127378,33.40859989],[-81.91774948,33.40720357],[-81.91236937,33.40809309],[-81.91049967,33.41031354],[-81.9096333,33.41260288],[-81.91076803,33.41503216],[-81.92106959,33.41741583],[-81.92489541,33.41930423],[-81.93174567,33.42450419],[-81.93231229,33.42658746],[-81.93080092,33.42903667],[-81.92832714,33.4299133],[-81.92071729,33.43098928],[-81.91697458,33.43259473],[-81.91428562,33.43529768],[-81.91313013,33.43833334],[-81.91353595,33.44127303],[-81.91481551,33.44349627],[-81.91943958,33.44909635],[-81.92633947,33.46293515],[-81.92943864,33.46583437],[-81.93413764,33.46833384],[-81.94173844,33.47003379],[-81.96703861,33.48063286],[-81.97353816,33.48263272],[-81.98063848,33.48403279],[-81.98594065,33.48653334],[-81.98934163,33.49003434],[-81.9909421,33.49423459],[-81.99038611,33.50075853],[-81.99194174,33.50443365],[-82.0013411,33.52013259],[-82.00764146,33.52333277],[-82.01004162,33.53043324],[-82.0115404,33.53173218],[-82.01984033,33.53503215],[-82.02344206,33.53793354],[-82.02344206,33.54073262],[-82.02824029,33.54493108],[-82.03302578,33.54645123],[-82.03489867,33.54915653],[-82.03737856,33.55466027],[-82.04633755,33.56382724],[-82.0489601,33.56486666],[-82.0549443,33.56537868],[-82.05772942,33.56677124],[-82.06904145,33.57537926],[-82.07310561,33.57750682],[-82.08748923,33.58061074],[-82.09412993,33.58273896],[-82.09635471,33.58406743],[-82.0988192,33.58635589],[-82.10624262,33.59563416],[-82.10937671,33.59657759],[-82.11580814,33.59659358],[-82.12038277,33.5948821],[-82.12586196,33.59073795],[-82.12907973,33.5899215],[-82.13352422,33.59053171],[-82.14287412,33.59427507],[-82.14881901,33.59808964],[-82.15106365,33.60095446],[-82.15336049,33.60631707],[-82.15629049,33.60862728],[-82.15833264,33.60970684],[-82.17617375,33.61377186],[-82.17985661,33.61594237],[-82.18914393,33.62371964],[-82.1965867,33.63058035],[-82.20119011,33.64689779],[-82.19975106,33.65761116],[-82.19985102,33.66175645],[-82.20980611,33.66927376],[-82.21082972,33.67060256],[-82.21316878,33.67720973],[-82.21865226,33.68629686],[-82.22568689,33.69143159],[-82.23457982,33.70021451],[-82.23540392,33.70437903],[-82.23719621,33.7078796],[-82.23575712,33.71439002],[-82.23731493,33.72189211],[-82.23876195,33.72520515],[-82.23950112,33.72933011],[-82.23910222,33.73087174],[-82.24324764,33.74011445],[-82.24541185,33.74292472],[-82.24747578,33.7525894],[-82.25559699,33.7598728],[-82.26004256,33.76042774],[-82.26404752,33.76284092],[-82.26502256,33.76574006],[-82.26772067,33.76764773],[-82.27044645,33.7679097],[-82.27768378,33.77202946],[-82.28408984,33.77877852],[-82.28865375,33.78163184],[-82.29246797,33.78240248],[-82.29498451,33.78186437],[-82.29748158,33.78297128],[-82.29901271,33.78447339],[-82.2996051,33.78648274],[-82.29886807,33.79316605],[-82.299284,33.79893815],[-82.30021636,33.80062499],[-82.30345639,33.8032602],[-82.31243919,33.80715254],[-82.3143534,33.81110898],[-82.32189008,33.81677474],[-82.32448289,33.8200305],[-82.3378315,33.82715329],[-82.34620141,33.83382622],[-82.35118676,33.83613792],[-82.36878189,33.84230696],[-82.37330369,33.8447474],[-82.3797738,33.8510935],[-82.38497526,33.85442516],[-82.39052885,33.85715895],[-82.39573735,33.85908514],[-82.4021994,33.86465318],[-82.40558616,33.86602068],[-82.40835276,33.86631653],[-82.42061772,33.86374654],[-82.42488912,33.86412967],[-82.42916624,33.86584112],[-82.43350586,33.86900457],[-82.43864678,33.8739165],[-82.440505,33.87511999],[-82.44811091,33.87753996],[-82.45510784,33.88164751],[-82.45939387,33.88638353],[-82.46991569,33.89283543],[-82.48011369,33.90189443],[-82.49293191,33.90975156],[-82.49611248,33.91345723],[-82.50358754,33.92604632],[-82.5076433,33.93145401],[-82.51295275,33.93696644],[-82.5245166,33.9433568],[-82.5267414,33.94376158],[-82.53411011,33.9436476],[-82.53976875,33.94154773],[-82.54312817,33.94094548],[-82.55449889,33.94381591],[-82.55683806,33.94535068],[-82.5645857,33.95580854],[-82.56570401,33.95868134],[-82.56620499,33.96477012],[-82.56908034,33.96988496],[-82.57667211,33.97589778],[-82.57885462,33.97862941],[-82.58046303,33.98213231],[-82.58057508,33.98514058],[-82.57961642,33.98726203],[-82.57588545,33.989955],[-82.57525343,33.99143273],[-82.57625086,33.99300626],[-82.58339601,33.99528299],[-82.58623693,33.99714859],[-82.58855565,33.99976641],[-82.5926778,34.01036679],[-82.59550105,34.01586428],[-82.59553806,34.02047938],[-82.59379313,34.02673613],[-82.59419585,34.02886464],[-82.59601077,34.03092741],[-82.60018634,34.0329822],[-82.60741692,34.0380686],[-82.61061458,34.04145631],[-82.61293545,34.046783],[-82.6191584,34.05131396],[-82.6203879,34.05391601],[-82.62140968,34.05801613],[-82.62464411,34.06025873],[-82.62696595,34.06345452],[-82.63097293,34.06552447],[-82.63543799,34.06508647],[-82.64052098,34.06788056],[-82.64376261,34.07230442],[-82.64566516,34.0760455],[-82.64522387,34.07904749],[-82.64318245,34.08095288],[-82.64026324,34.08654137],[-82.64164476,34.09208844],[-82.64883334,34.09912606],[-82.65423542,34.10063108],[-82.65603572,34.10252839],[-82.65885222,34.10395965],[-82.66032526,34.10689473],[-82.66185386,34.1077515],[-82.66688282,34.11358961],[-82.66828085,34.11978279],[-82.67522317,34.12977681],[-82.67873205,34.13238997],[-82.68629229,34.13445104],[-82.69038847,34.1382902],[-82.69215278,34.13898254],[-82.69553016,34.13881157],[-82.69975915,34.13931469],[-82.7041421,34.14100406],[-82.71533589,34.14820056],[-82.71746265,34.1505444],[-82.72331579,34.16589377],[-82.72541251,34.16977224],[-82.73041854,34.17532528],[-82.73177697,34.17803914],[-82.73219707,34.18134689],[-82.73170207,34.19073476],[-82.73254788,34.19451789],[-82.74165691,34.20970795],[-82.74238416,34.21376633],[-82.74036012,34.21863243],[-82.74050895,34.22001082],[-82.74400683,34.22440567],[-82.74435829,34.22592568],[-82.74208519,34.22896281],[-82.74349598,34.23989421],[-82.74443402,34.24200329],[-82.74472414,34.24631214],[-82.74309203,34.24798325],[-82.74300809,34.25137983],[-82.74557098,34.25406472],[-82.74582899,34.25835488],[-82.74771581,34.26069965],[-82.74853932,34.26410074],[-82.74666091,34.26640701],[-82.75391703,34.27544967],[-82.76111104,34.28039668],[-82.76233123,34.28194865],[-82.76607662,34.28206263],[-82.77169102,34.2863287],[-82.78181607,34.29791589],[-82.78177207,34.30241214],[-82.78724284,34.31077679],[-82.79017091,34.32211308],[-82.79206817,34.3267587],[-82.79123914,34.33104783],[-82.79354284,34.33829388],[-82.79470406,34.34057734],[-82.79875209,34.34190102],[-82.81285343,34.35182897],[-82.81377281,34.35393155],[-82.81564244,34.35390457],[-82.8249066,34.36040968],[-82.82672929,34.36052166],[-82.83332006,34.36394958],[-82.83480999,34.36630104],[-82.83597902,34.38090845],[-82.83667679,34.38314071],[-82.84136082,34.39013376],[-82.84200109,34.39250274],[-82.84145411,34.39897148],[-82.84745,34.41204824],[-82.84803218,34.41833019],[-82.84691064,34.41937976],[-82.84962945,34.42567599],[-82.85401488,34.4288163],[-82.85548694,34.44165985],[-82.85683073,34.44342057],[-82.86012832,34.45284026],[-82.8588419,34.45521918],[-82.86534686,34.46031579],[-82.87184866,34.4611859],[-82.87387221,34.4644648],[-82.88117832,34.46947756],[-82.88079721,34.47188525],[-82.88740034,34.48095569],[-82.89259443,34.48118665],[-82.90155198,34.48676037],[-82.91773435,34.48416479],[-82.92073442,34.48233575],[-82.92615744,34.48164736],[-82.93082492,34.48564578],[-82.93715497,34.48637855],[-82.943985,34.4855118],[-82.94780228,34.48207235],[-82.94822459,34.4804892],[-82.95570604,34.47889747],[-82.95855031,34.47955099],[-82.96324428,34.48435996],[-82.96423951,34.48456717],[-82.96644552,34.48234818],[-82.97491813,34.47934589],[-82.97740464,34.48175135],[-82.97974645,34.48293424],[-82.99266833,34.47906917],[-82.99527488,34.47564708],[-82.99508574,34.47247962],[-82.99919575,34.47244358],[-83.01526171,34.4777749],[-83.02931542,34.48414331],[-83.03336069,34.48308624],[-83.04358295,34.48908357],[-83.04524704,34.49118068],[-83.04876838,34.49359554],[-83.0510268,34.49352253],[-83.05286368,34.49532437],[-83.0534801,34.49726068],[-83.05310516,34.501323],[-83.05446546,34.50288704],[-83.05784279,34.5037074],[-83.06579592,34.50103735],[-83.06945308,34.502128],[-83.07400798,34.50546366],[-83.07737376,34.50922253],[-83.07841873,34.5130824],[-83.0798442,34.51445093],[-83.08719356,34.51593641],[-83.0868648,34.51779969],[-83.08178154,34.52173867],[-83.07778646,34.52406455],[-83.07793778,34.5247634],[-83.08485722,34.530964],[-83.09256383,34.53294039],[-83.09685764,34.53152045],[-83.10285579,34.53257118],[-83.10345497,34.53862199],[-83.10497164,34.54093896],[-83.10862085,34.54154199],[-83.11051115,34.54510846],[-83.11025226,34.54705468],[-83.11721351,34.55253552],[-83.12189595,34.5523345],[-83.12426089,34.55499681],[-83.12205645,34.55802842],[-83.12290432,34.5601266],[-83.12717672,34.56199547],[-83.12967446,34.56169574],[-83.13337561,34.55949505],[-83.14051931,34.56238395],[-83.13988015,34.56799833],[-83.14317908,34.57339657],[-83.15367826,34.57869565],[-83.15868034,34.57899578],[-83.15918123,34.58099934],[-83.15778049,34.58380082],[-83.15454909,34.58694124],[-83.154581,34.58819564],[-83.1588781,34.5895947],[-83.16827977,34.5909948],[-83.1702821,34.59239643],[-83.17008198,34.59960064],[-83.16427661,34.60090162],[-83.16069086,34.59947851],[-83.15908161,34.60219787],[-83.15995665,34.60346105],[-83.16427967,34.60439484],[-83.16967924,34.6073946],[-83.18077764,34.60749458],[-83.1864768,34.60659472],[-83.19517795,34.60339466],[-83.19738364,34.60319415],[-83.19698324,34.60599689],[-83.19908131,34.60799505],[-83.20883175,34.61070161],[-83.2164026,34.61100757],[-83.22333544,34.60955039],[-83.22724495,34.6111326],[-83.23134043,34.6111836],[-83.23821125,34.61574015],[-83.24348603,34.61819544],[-83.24067409,34.62450529],[-83.24648447,34.62689463],[-83.24768461,34.6308941],[-83.25178403,34.63379368],[-83.25448374,34.63709332],[-83.26228327,34.64029272],[-83.27088343,34.64159275],[-83.27852341,34.64538173],[-83.27943252,34.64786901],[-83.28208383,34.64969285],[-83.28468349,34.65019279],[-83.29318574,34.65429339],[-83.30121797,34.66325876],[-83.30148095,34.6665806],[-83.30464312,34.66955787],[-83.30891682,34.67026949],[-83.3143943,34.66894037],[-83.31686638,34.66986953],[-83.31852765,34.67477131],[-83.32146562,34.67754035],[-83.32533787,34.67951396],[-83.3302845,34.68133846],[-83.33890084,34.68003541],[-83.34137593,34.68135552],[-83.34262206,34.68299132],[-83.33823835,34.687188],[-83.33863488,34.6889479],[-83.34013732,34.69148096],[-83.34314922,34.69394406],[-83.35294615,34.69705335],[-83.35391455,34.69921948],[-83.3518546,34.70170083],[-83.34790244,34.70293288],[-83.34665402,34.70422023],[-83.34979174,34.70827258],[-83.35280203,34.71744446],[-83.35342011,34.72842486],[-83.35042976,34.73269036],[-83.34907845,34.73663524],[-83.34544511,34.73845642],[-83.33896881,34.73843942],[-83.33869594,34.74207072],[-83.33272189,34.74610075],[-83.33242382,34.74899147],[-83.32631366,34.75084122],[-83.32719828,34.7545976],[-83.32589947,34.75647722],[-83.31974261,34.75701121],[-83.3189443,34.75832976],[-83.32321893,34.76057809],[-83.31932747,34.76486849],[-83.32298909,34.76609236],[-83.31898165,34.77130923],[-83.32266682,34.77762252],[-83.32121751,34.77904182],[-83.32415412,34.78747869],[-83.32386975,34.78971456],[-83.32033925,34.79068242],[-83.3205222,34.79304674],[-83.31383903,34.79683483],[-83.31378601,34.79991365],[-83.30322514,34.80221106],[-83.30118559,34.80400978],[-83.29976507,34.80788149],[-83.29980101,34.81005934],[-83.30424774,34.81102107],[-83.3066678,34.81485033],[-83.30313295,34.81874848],[-83.30056646,34.81866437],[-83.29898319,34.81755207],[-83.30000605,34.81524839],[-83.29605059,34.81311783],[-83.29465113,34.81360426],[-83.29472012,34.81573277],[-83.2899595,34.81846055],[-83.29108149,34.82319448],[-83.28865038,34.82467698],[-83.28480934,34.82304569],[-83.28226915,34.82024648],[-83.27668922,34.81689773],[-83.27179917,34.81804603],[-83.2683229,34.82112562],[-83.26964258,34.82336009],[-83.26780899,34.82613698],[-83.26734421,34.83237005],[-83.27243087,34.83471635],[-83.26877079,34.84454023],[-83.26630837,34.84904783],[-83.26088625,34.8482229],[-83.26055023,34.8452267],[-83.25568967,34.84415646],[-83.25016496,34.84460027],[-83.2485987,34.84607182],[-83.25376683,34.8480551],[-83.25258014,34.85168021],[-83.25332383,34.85592716],[-83.2469358,34.85501087],[-83.24636554,34.85653224],[-83.24828855,34.85845625],[-83.2463479,34.86002577],[-83.24805832,34.86311672],[-83.24672173,34.86700636],[-83.24325006,34.86603633],[-83.2386123,34.86545586],[-83.2378807,34.86887899],[-83.23471143,34.87074221],[-83.24046598,34.87272034],[-83.24313132,34.87739343],[-83.2399295,34.87887967],[-83.23579347,34.87789842],[-83.23201821,34.8779474],[-83.22874478,34.87970363],[-83.21994179,34.87811681],[-83.21940228,34.87876979],[-83.21989147,34.8811127],[-83.21742611,34.88238289],[-83.21751009,34.88567529],[-83.21448608,34.88847408],[-83.21274071,34.88786084],[-83.21471696,34.88384333],[-83.21198717,34.88236853],[-83.20997377,34.88004622],[-83.20625467,34.8796806],[-83.20102388,34.88478946],[-83.20479253,34.8907549],[-83.20307104,34.8938594],[-83.19935465,34.89257353],[-83.19859817,34.89038904],[-83.19677959,34.89073562],[-83.19757523,34.89501668],[-83.1943746,34.89957285],[-83.19164844,34.89688872],[-83.18928003,34.89725815],[-83.18087503,34.90470938],[-83.18079,34.9096101],[-83.17508915,34.91007925],[-83.1718545,34.91365076],[-83.16908985,34.91877997],[-83.16555664,34.91942974],[-83.16068115,34.91513931],[-83.15721095,34.91493759],[-83.15645131,34.91705779],[-83.15802312,34.92011642],[-83.15770909,34.92350874],[-83.15919151,34.92883423],[-83.15623548,34.93098816],[-83.14326006,34.92475948],[-83.14062242,34.92491834],[-83.13055733,34.9309342],[-83.12988947,34.93235078],[-83.13179429,34.9353365],[-83.13164864,34.93588496],[-83.12759086,34.93849474],[-83.12661482,34.93826603],[-83.12081739,34.93305155],[-83.11909007,34.9331812],[-83.11806771,34.93595517],[-83.11280251,34.93472689],[-83.11172997,34.93586322],[-83.11693015,34.94273048],[-83.12157633,34.94252048],[-83.12388033,34.94604501],[-83.1275618,34.94948231],[-83.12486058,34.95143147],[-83.12703956,34.95377736],[-83.12658999,34.95486417],[-83.1245272,34.9550475],[-83.12034477,34.95318932],[-83.11804817,34.95296026],[-83.11492149,34.95043232],[-83.11402583,34.95091346],[-83.11469658,34.95265423],[-83.12003199,34.9574766],[-83.12011322,34.95917244],[-83.11592508,34.95914444],[-83.11593304,34.96030591],[-83.12162346,34.96276366],[-83.12211424,34.96432915],[-83.12039059,34.96840769],[-83.11540695,34.97363726],[-83.11662861,34.97531617],[-83.11563195,34.97581449],[-83.11179752,34.97553754],[-83.11085966,34.97631593],[-83.11210134,34.97940115],[-83.11127695,34.98100781],[-83.10842944,34.9796831],[-83.10577141,34.98150369],[-83.1071293,34.98322756],[-83.1033801,34.986096],[-83.10168259,34.986582],[-83.1028639,34.98870876],[-83.10134277,34.98994731],[-83.09897064,34.99010425],[-83.09838548,34.99112304],[-83.09883407,34.99195244],[-83.10359783,34.99383753],[-83.10252823,34.99530473],[-83.10287076,34.99725505],[-83.10955831,35.0011936],[-83.11314997,35.00124059],[-83.3227679,34.99587059],[-83.54938095,34.99248859],[-83.62018082,34.99208761],[-83.61998082,34.98658855],[-83.74989302,34.98768759],[-84.02995401,34.98731759],[-84.321869,34.98840459],[-84.39490299,34.98802659],[-84.62148276,34.98832559],[-84.62493276,34.98797459],[-84.73102199,34.98808459],[-84.80918403,34.98756559],[-84.83179904,34.98800059],[-84.95562298,34.98782659],[-85.21785394,34.98567159],[-85.38496696,34.98298359],[-85.46671303,34.98296859],[-85.60516029,34.98467453],[-85.59938097,34.95176638]]]}},{"type":"Feature","properties":{"part":"wire-base","base":0.0,"height":0.76},"geometry":{"type":"Polygon","coordinates":[[[-85.46671286,34.98298781],[-85.38496718,34.98300281],[-85.21785427,34.98569081],[-84.95562311,34.98784581],[-84.8317988,34.98801981],[-84.80918386,34.98758481],[-84.73102206,34.98810381],[-84.62493412,34.98799381],[-84.62148412,34.98834481],[-84.39490304,34.98804581],[-84.32186902,34.98842381],[-84.02995397,34.98733681],[-83.74989292,34.98770681],[-83.62000438,34.98660798],[-83.62020437,34.9921067],[-83.54938123,34.99250781],[-83.32276845,34.99588981],[-83.11315014,35.00125981],[-83.10955095,35.00121273],[-83.1028496,34.99726605],[-83.10250442,34.99530063],[-83.10356501,34.99384579],[-83.09881676,34.99196684],[-83.09836025,34.9911228],[-83.09895578,34.99008595],[-83.10133279,34.98992868],[-83.10283631,34.98870448],[-83.1016511,34.98657071],[-83.10336825,34.98607909],[-83.10709943,34.98322443],[-83.10574093,34.98149979],[-83.10842698,34.97966],[-83.11126596,34.98098073],[-83.11207689,34.97940031],[-83.11083343,34.9763107],[-83.11178898,34.97551762],[-83.11562659,34.97579481],[-83.11659703,34.97530959],[-83.11537908,34.97363578],[-83.12037036,34.96839819],[-83.12209035,34.96432831],[-83.12160397,34.96277685],[-83.11591028,34.96031768],[-83.1159021,34.95912506],[-83.12008943,34.95915306],[-83.12000951,34.95748449],[-83.11467641,34.95266421],[-83.11399865,34.95090525],[-83.11492435,34.95040798],[-83.11805847,34.95294192],[-83.12035168,34.95317065],[-83.12453171,34.95502777],[-83.12657317,34.95484633],[-83.12701389,34.95378094],[-83.12482914,34.95142883],[-83.12752915,34.94948055],[-83.12386159,34.94605622],[-83.12156323,34.94254032],[-83.11691805,34.94275028],[-83.11170196,34.93586199],[-83.11279403,34.93470497],[-83.11805245,34.93593167],[-83.11907279,34.93316319],[-83.12082646,34.93303157],[-83.12662712,34.93824896],[-83.12758603,34.93847366],[-83.13162816,34.93587393],[-83.13177014,34.93533929],[-83.12986431,34.932352],[-83.13053859,34.93092182],[-83.14061441,34.92489955],[-83.14326535,34.92473989],[-83.15623276,34.93096472],[-83.15916612,34.9288273],[-83.15768604,34.92351022],[-83.15799991,34.92011968],[-83.15642703,34.91705897],[-83.15719434,34.91491736],[-83.16069155,34.91512065],[-83.16556429,34.91940866],[-83.16907378,34.91876325],[-83.17183477,34.91364084],[-83.17507702,34.91006094],[-83.18076746,34.90959264],[-83.18085232,34.90470159],[-83.18926858,34.89724039],[-83.19165724,34.89686779],[-83.1943712,34.89953991],[-83.1975514,34.89501284],[-83.19675372,34.89072084],[-83.19861409,34.89036629],[-83.19937351,34.89255927],[-83.20305956,34.89383464],[-83.20476701,34.89075546],[-83.20099638,34.88478687],[-83.20624528,34.87966032],[-83.20998634,34.8800281],[-83.21200311,34.88235429],[-83.21474537,34.88383584],[-83.21277052,34.88785048],[-83.21448001,34.88845111],[-83.21748706,34.88566803],[-83.21740298,34.88237226],[-83.21986628,34.88110314],[-83.21937816,34.87876532],[-83.21993171,34.87809534],[-83.2287404,34.87968318],[-83.23201139,34.87792826],[-83.23579646,34.87787916],[-83.23992668,34.87885902],[-83.24310138,34.87738537],[-83.24044919,34.87273533],[-83.23466397,34.87074666],[-83.23785988,34.86886778],[-83.23859374,34.86543411],[-83.24325537,34.86601756],[-83.24670638,34.86698181],[-83.248034,34.8631183],[-83.2463203,34.86002143],[-83.2482573,34.85845485],[-83.24633998,34.85653653],[-83.24692001,34.8549891],[-83.25329664,34.85590375],[-83.25255684,34.85167901],[-83.25373963,34.84806579],[-83.24856096,34.84607847],[-83.2501539,34.84458185],[-83.25569153,34.84413699],[-83.26057147,34.8452115],[-83.26090737,34.84820658],[-83.26629501,34.84902626],[-83.26874943,34.84453331],[-83.27240347,34.83472564],[-83.2673205,34.83238104],[-83.26778651,34.82613144],[-83.26961678,34.82335959],[-83.26829533,34.82112213],[-83.27178695,34.81802895],[-83.2766936,34.81687674],[-83.28228521,34.82023251],[-83.28482431,34.82303052],[-83.28864825,34.82465455],[-83.29105622,34.82318615],[-83.28993414,34.81845182],[-83.29469694,34.81572279],[-83.29462787,34.81359154],[-83.29605288,34.81309624],[-83.30003391,34.81524057],[-83.29901026,34.81754604],[-83.30057513,34.81864541],[-83.30312198,34.81872888],[-83.30664075,34.81484847],[-83.3042323,34.81103758],[-83.29977841,34.8100743],[-83.29974217,34.80787872],[-83.30116535,34.80399978],[-83.30321311,34.80219382],[-83.31376342,34.79989871],[-83.31381636,34.79682451],[-83.32049855,34.79303696],[-83.3203153,34.79066877],[-83.32384861,34.78970014],[-83.32413092,34.78748044],[-83.3211921,34.77903721],[-83.32263967,34.77761961],[-83.31895545,34.77130794],[-83.3229548,34.76610159],[-83.31929102,34.76487699],[-83.32318555,34.76058321],[-83.31891445,34.75833673],[-83.3197279,34.75699316],[-83.32588556,34.7564591],[-83.32717419,34.75459422],[-83.32628743,34.75082873],[-83.33240232,34.74897755],[-83.33269998,34.74609089],[-83.33867377,34.74206103],[-83.33894737,34.73842014],[-83.34543886,34.73843718],[-83.349059,34.73662262],[-83.35040861,34.73268269],[-83.35339697,34.72842003],[-83.35277933,34.71744751],[-83.34977067,34.70828057],[-83.34662577,34.70421895],[-83.34788868,34.70291667],[-83.35183996,34.70168489],[-83.35388893,34.69921677],[-83.35292841,34.69706827],[-83.34313671,34.69396063],[-83.34011862,34.69149247],[-83.33861303,34.6889541],[-83.33821383,34.68718236],[-83.34259355,34.68298951],[-83.34135943,34.68136948],[-83.33889612,34.68005565],[-83.3302817,34.68135841],[-83.32532732,34.67953106],[-83.32145086,34.6775553],[-83.31850711,34.67478082],[-83.31684734,34.66988343],[-83.31439261,34.66896079],[-83.30891783,34.67028925],[-83.30463118,34.66957548],[-83.30145868,34.66658848],[-83.30119563,34.66326575],[-83.29317032,34.65430811],[-83.28467509,34.65021089],[-83.28207352,34.64971059],[-83.27941271,34.64788022],[-83.27850418,34.64539451],[-83.27087536,34.64161106],[-83.26227611,34.64031117],[-83.25446833,34.63710839],[-83.25176697,34.63380673],[-83.24766427,34.63090482],[-83.24646492,34.62690798],[-83.24064541,34.6245149],[-83.24345771,34.61820423],[-83.23819857,34.61575621],[-83.23133236,34.61120273],[-83.22723959,34.61115176],[-83.22333297,34.60957072],[-83.21640487,34.6110269],[-83.20882754,34.61072069],[-83.19906829,34.60801167],[-83.19695934,34.60600315],[-83.19735753,34.60321585],[-83.19518388,34.60341346],[-83.18648357,34.60661321],[-83.18077965,34.60751383],[-83.16967227,34.60741376],[-83.16427028,34.60441265],[-83.15994172,34.60347767],[-83.15905566,34.60219859],[-83.16068038,34.5994531],[-83.1642788,34.60088123],[-83.17005955,34.59958577],[-83.170259,34.59240527],[-83.16826982,34.59101284],[-83.15887193,34.5896133],[-83.15455849,34.58820892],[-83.15452606,34.58693425],[-83.15776084,34.58379055],[-83.15915741,34.58099742],[-83.15866153,34.57901392],[-83.15367119,34.5787145],[-83.14316174,34.57341024],[-83.13985677,34.56800211],[-83.14049505,34.56239547],[-83.13337782,34.55951728],[-83.12968314,34.56171411],[-83.12717268,34.56201537],[-83.12288564,34.5601401],[-83.12203138,34.55802607],[-83.12423333,34.55499789],[-83.12188495,34.55235422],[-83.11720499,34.55255513],[-83.11022828,34.54706213],[-83.11048776,34.54511151],[-83.10860481,34.54155893],[-83.10495677,34.54095609],[-83.10343261,34.53862767],[-83.10283444,34.53258707],[-83.09685966,34.53154044],[-83.09256478,34.53296073],[-83.08484473,34.5309809],[-83.07791651,34.52477242],[-83.07776134,34.5240558],[-83.08176724,34.52172362],[-83.08684339,34.51779015],[-83.08716789,34.51595099],[-83.07983181,34.5144682],[-83.07839774,34.51309141],[-83.07735257,34.50923081],[-83.07399118,34.50547684],[-83.06944136,34.5021449],[-83.06579639,34.50105789],[-83.05784398,34.50372769],[-83.05445163,34.50290369],[-83.05308173,34.50132861],[-83.05345702,34.49726248],[-83.05284296,34.49533356],[-83.05101665,34.49354209],[-83.04876063,34.49361503],[-83.04522994,34.49119376],[-83.04356635,34.48909726],[-83.03335679,34.48310739],[-83.02931304,34.48416407],[-83.01525207,34.47779236],[-82.99919152,34.47246284],[-82.99510975,34.47249864],[-82.99529807,34.47565227],[-82.99268335,34.47908509],[-82.97974394,34.4829554],[-82.97738978,34.48176627],[-82.97491175,34.47936901],[-82.96645949,34.48236408],[-82.96424788,34.48458872],[-82.96323144,34.48437709],[-82.95853728,34.47956793],[-82.95570582,34.47891735],[-82.9482438,34.48050495],[-82.94782321,34.48208165],[-82.94399627,34.48552981],[-82.93715512,34.48639797],[-82.93081409,34.48566393],[-82.92614932,34.48166784],[-82.92074332,34.48235406],[-82.91774363,34.48418287],[-82.90154644,34.48678083],[-82.89258637,34.48120554],[-82.88738714,34.48097435],[-82.8807735,34.47188947],[-82.88115399,34.46948567],[-82.87385412,34.46447719],[-82.87183369,34.46120336],[-82.86533639,34.46033386],[-82.8588143,34.45522381],[-82.860104,34.45283882],[-82.85680974,34.44342864],[-82.85546474,34.44166633],[-82.85399303,34.42882589],[-82.84961004,34.42568733],[-82.84688449,34.41937548],[-82.84800864,34.41832347],[-82.84742748,34.41205253],[-82.84143096,34.3989744],[-82.84197806,34.39250422],[-82.84133929,34.39014075],[-82.83665545,34.38314799],[-82.83595637,34.38091157],[-82.83478753,34.36630645],[-82.83330281,34.3639632],[-82.82672204,34.36054049],[-82.8248976,34.3604284],[-82.81563433,34.35392391],[-82.81375698,34.353951],[-82.8128341,34.35184042],[-82.79874031,34.34191779],[-82.79468683,34.34059233],[-82.7935212,34.33830018],[-82.79121581,34.33104881],[-82.7920447,34.32676038],[-82.79014887,34.32211826],[-82.78722122,34.31078361],[-82.78174917,34.302417],[-82.78179316,34.29792213],[-82.77167399,34.28634166],[-82.76606749,34.28208159],[-82.76231866,34.28196751],[-82.7610939,34.28040972],[-82.75389997,34.27546277],[-82.74663328,34.26640693],[-82.748515,34.26409659],[-82.74769434,34.26070725],[-82.7458065,34.25836121],[-82.74554854,34.25407191],[-82.74298507,34.25138642],[-82.74306935,34.24797619],[-82.74470083,34.24630573],[-82.7444114,34.24200729],[-82.74347358,34.23989868],[-82.74206162,34.22895823],[-82.74433414,34.22592187],[-82.74398528,34.22441315],[-82.74048672,34.22001745],[-82.74033692,34.21863001],[-82.74236073,34.21376448],[-82.74163487,34.20971386],[-82.73252603,34.19452412],[-82.73167913,34.19073613],[-82.73217417,34.18134749],[-82.73175461,34.17804399],[-82.7303986,34.17533497],[-82.72539277,34.16978215],[-82.72329445,34.16590071],[-82.7174421,34.15055343],[-82.71531959,34.14821428],[-82.70413026,34.14102064],[-82.69975266,34.13933333],[-82.69552924,34.13883088],[-82.69214838,34.13900202],[-82.69037458,34.13830596],[-82.6862794,34.13446773],[-82.67872048,34.13240702],[-82.6752053,34.12978916],[-82.66825915,34.11978963],[-82.66686133,34.11359742],[-82.66183777,34.10776558],[-82.66030689,34.10690753],[-82.65883407,34.10397288],[-82.65602041,34.10254307],[-82.6542218,34.10064753],[-82.64882015,34.09914263],[-82.6416236,34.09209722],[-82.64023938,34.08653928],[-82.64316302,34.08094231],[-82.64520208,34.07903911],[-82.64564173,34.0760483],[-82.64374228,34.0723133],[-82.64050421,34.0678943],[-82.63543242,34.06510637],[-82.63096771,34.06554434],[-82.62694932,34.06346849],[-82.62462662,34.06027151],[-82.62138897,34.05802667],[-82.62036594,34.05392158],[-82.61913924,34.05132543],[-82.61291603,34.04679428],[-82.6105944,34.04146584],[-82.60740048,34.0380821],[-82.60017316,34.03299798],[-82.59599519,34.03094201],[-82.59417417,34.0288723],[-82.59376986,34.02673542],[-82.5955152,34.02047722],[-82.59547824,34.01586832],[-82.59265641,34.01037361],[-82.5885351,33.99977538],[-82.58622045,33.99716215],[-82.58338469,33.99529994],[-82.57623475,33.99302168],[-82.5752285,33.99143425],[-82.575866,33.98994372],[-82.57959714,33.98725062],[-82.5805521,33.98513734],[-82.58044032,33.98213619],[-82.57883423,33.97863835],[-82.57665459,33.9759103],[-82.56906154,33.96989646],[-82.5661825,33.96477507],[-82.56568142,33.95868505],[-82.56456485,33.95581674],[-82.55682082,33.94536374],[-82.55448823,33.94383329],[-82.54312721,33.94096531],[-82.53977581,33.94156612],[-82.53411512,33.94366675],[-82.52673916,33.94378084],[-82.52450761,33.94337483],[-82.51293724,33.93698087],[-82.5076247,33.93146523],[-82.50356761,33.92605577],[-82.49609288,33.91346722],[-82.49291552,33.9097653],[-82.48009855,33.90190893],[-82.46990054,33.89284992],[-82.45937772,33.88639742],[-82.45509184,33.88166155],[-82.44810017,33.87755709],[-82.44049375,33.87513696],[-82.4386311,33.8739306],[-82.43348974,33.86901825],[-82.42915363,33.86585736],[-82.42488282,33.86414844],[-82.42061931,33.86376602],[-82.40835412,33.86633606],[-82.40557961,33.86603936],[-82.40218588,33.86466905],[-82.3957241,33.85910124],[-82.39051845,33.85717611],[-82.38496253,33.85444116],[-82.37975804,33.85110757],[-82.37328854,33.84476206],[-82.36877125,33.84232406],[-82.35117683,33.83615526],[-82.34618783,33.83384187],[-82.3378174,33.82716853],[-82.3244666,33.82004457],[-82.32187271,33.81678746],[-82.31433424,33.81112035],[-82.31242122,33.80716638],[-82.30344294,33.80327599],[-82.30019744,33.80063633],[-82.29926146,33.79894295],[-82.29884516,33.79316575],[-82.299582,33.78648421],[-82.29899184,33.78448245],[-82.29746707,33.78298658],[-82.29498163,33.78188482],[-82.29246813,33.78242229],[-82.28864388,33.78164962],[-82.28407384,33.77879247],[-82.2776681,33.77204375],[-82.27043829,33.76792827],[-82.26771125,33.76766617],[-82.26500249,33.76575098],[-82.26402771,33.76285263],[-82.26003375,33.76044608],[-82.25558577,33.75989083],[-82.24745449,33.7525984],[-82.24539018,33.74293193],[-82.24322714,33.74012317],[-82.23907846,33.73087321],[-82.23947791,33.72932948],[-82.23873971,33.72520995],[-82.23729278,33.72189712],[-82.23573391,33.71438991],[-82.23717248,33.70788184],[-82.23538184,33.70438449],[-82.23455832,33.70022292],[-82.22567062,33.69144516],[-82.21863391,33.68630892],[-82.21314748,33.67721688],[-82.21080877,33.67061069],[-82.20978859,33.66928636],[-82.19982838,33.66176518],[-82.19972819,33.65761027],[-82.20116696,33.64689897],[-82.19656584,33.63058964],[-82.18912743,33.62373294],[-82.1798419,33.61595717],[-82.17616392,33.61378954],[-82.15832338,33.60972464],[-82.15627647,33.60864258],[-82.15334086,33.60632794],[-82.15104308,33.60096313],[-82.14880207,33.59810294],[-82.14286216,33.59429157],[-82.13351734,33.59055024],[-82.12908126,33.58994119],[-82.12587344,33.59075512],[-82.12039535,33.59489843],[-82.11581296,33.59661282],[-82.10937271,33.5965968],[-82.10622786,33.59565014],[-82.09880117,33.58636777],[-82.09633946,33.5840819],[-82.09411908,33.58275606],[-82.08748231,33.58062909],[-82.07309653,33.57752471],[-82.06902765,33.57539468],[-82.05771579,33.56678679],[-82.05493697,33.56539738],[-82.0489539,33.56488546],[-82.04632317,33.56384279],[-82.03735853,33.55467004],[-82.03487798,33.54916483],[-82.03301012,33.54646681],[-82.0282274,33.54494753],[-82.02341921,33.54074037],[-82.02341921,33.53794175],[-82.01982721,33.5350482],[-82.01152689,33.53174807],[-82.01002122,33.53044316],[-82.00762195,33.52334532],[-82.00132366,33.52014618],[-81.99192069,33.50444123],[-81.99036298,33.50076118],[-81.990919,33.49423692],[-81.9893212,33.49004368],[-81.98592571,33.48654833],[-81.98063013,33.48405088],[-81.97353161,33.48265118],[-81.96702956,33.48065055],[-81.94173033,33.47005187],[-81.93412839,33.46835166],[-81.92942377,33.4658492],[-81.92631991,33.46294558],[-81.91941944,33.44910565],[-81.91479573,33.44350601],[-81.9135137,33.44127848],[-81.91310687,33.43833143],[-81.91426523,33.43528823],[-81.91696005,33.43257938],[-81.92071004,33.43097081],[-81.92832073,33.42989471],[-81.93078445,33.42902165],[-81.93228815,33.42658487],[-81.93172501,33.4245144],[-81.92488184,33.41931982],[-81.92106063,33.41743369],[-81.91075095,33.41504815],[-81.90960907,33.41260356],[-81.91047898,33.41030486],[-81.91235601,33.4080757],[-81.91775243,33.40718349],[-81.9212863,33.40858361],[-81.9238748,33.41045057],[-81.92477204,33.41238751],[-81.92944219,33.40774326],[-81.93138514,33.4069404],[-81.93476897,33.40678002],[-81.94078679,33.40872661],[-81.94314412,33.40901742],[-81.94487675,33.40795241],[-81.94560903,33.40583617],[-81.94446099,33.40368446],[-81.93809567,33.39994204],[-81.93506769,33.39725061],[-81.93084358,33.38008318],[-81.92481641,33.37414405],[-81.92572046,33.37113055],[-81.93062991,33.36814798],[-81.93464571,33.36892546],[-81.93964347,33.37252385],[-81.94373008,33.3723245],[-81.94631912,33.37063167],[-81.94671775,33.36734303],[-81.94472181,33.36405074],[-81.93529532,33.35679682],[-81.93479237,33.35375601],[-81.93981803,33.34773622],[-81.93971852,33.34494998],[-81.93723144,33.34365669],[-81.93273995,33.34355688],[-81.92681894,33.34530018],[-81.92344983,33.34491279],[-81.91927572,33.3403614],[-81.91495222,33.34375167],[-81.91303679,33.34690131],[-81.91016845,33.34702707],[-81.90891279,33.34627711],[-81.90841689,33.34383684],[-81.91012788,33.34232714],[-81.91423416,33.34182411],[-81.91549554,33.34076948],[-81.91631978,33.33863545],[-81.91890995,33.33495604],[-81.9188187,33.33345052],[-81.9081155,33.32714864],[-81.9091206,33.3239323],[-81.91292164,33.3217317],[-81.91371395,33.32004805],[-81.91213417,33.31915942],[-81.90910023,33.31999737],[-81.90614861,33.32162863],[-81.90605563,33.32604985],[-81.90414735,33.32729599],[-81.90263252,33.33025982],[-81.90365766,33.33484889],[-81.90195376,33.33589572],[-81.90061952,33.33503995],[-81.89955197,33.33282581],[-81.89691821,33.33054842],[-81.89691821,33.32763602],[-81.89925054,33.32541262],[-81.89857168,33.32291586],[-81.89553464,33.32165864],[-81.89101768,33.3225082],[-81.88913918,33.3210968],[-81.89002069,33.31893428],[-81.89271723,33.3167371],[-81.89251982,33.3153552],[-81.89053944,33.3148601],[-81.88524052,33.31745957],[-81.8825211,33.31705685],[-81.88151585,33.31404109],[-81.88461537,33.30924337],[-81.88191923,33.30544879],[-81.88122126,33.3025572],[-81.87944682,33.30236004],[-81.87585127,33.30745233],[-81.86925543,33.31378389],[-81.86652621,33.31375872],[-81.8649183,33.31184933],[-81.86401701,33.3078436],[-81.86461675,33.30334558],[-81.86391859,33.30205492],[-81.86207292,33.30249535],[-81.86055104,33.30495293],[-81.85761533,33.30712371],[-81.85607711,33.30986566],[-81.85364623,33.31034337],[-81.85172216,33.30875819],[-81.84762198,33.30715495],[-81.84601456,33.30434196],[-81.84961571,33.29954143],[-81.84871273,33.29673216],[-81.85034476,33.29642616],[-81.85254609,33.29932791],[-81.86002649,33.29912844],[-81.86201653,33.29693939],[-81.8616169,33.29374236],[-81.86331542,33.2892463],[-81.86072396,33.28585748],[-81.85158185,33.28356021],[-81.84618465,33.28434196],[-81.84451784,33.28295111],[-81.84411777,33.27885036],[-81.83913808,33.27391657],[-81.83634367,33.27445974],[-81.83350145,33.27609088],[-81.83250018,33.27556422],[-81.83264686,33.27428355],[-81.83551685,33.27143955],[-81.8352171,33.26654365],[-81.83601622,33.26354697],[-81.83532409,33.26236047],[-81.83335884,33.26230202],[-81.83054532,33.26439815],[-81.82887374,33.26409276],[-81.82831552,33.2630452],[-81.82882058,33.26203508],[-81.8344068,33.25835872],[-81.83645155,33.25943453],[-81.83745257,33.26183699],[-81.83846418,33.26283767],[-81.84080723,33.26326232],[-81.84268407,33.26451187],[-81.84387379,33.2666051],[-81.84689836,33.26658327],[-81.84811609,33.26454313],[-81.84631939,33.25845431],[-81.84472917,33.25746043],[-81.841529,33.25726042],[-81.83981615,33.2561521],[-81.84001848,33.25463461],[-81.8451325,33.25252884],[-81.84982122,33.25290473],[-81.85254736,33.25140082],[-81.85291729,33.24874966],[-81.8486217,33.24505545],[-81.84652238,33.24175808],[-81.8379254,33.23835928],[-81.83172162,33.23355635],[-81.82792411,33.2287595],[-81.81962963,33.2266609],[-81.81172626,33.2238607],[-81.80921998,33.22215644],[-81.8081173,33.21944986],[-81.8079174,33.21375148],[-81.80647834,33.21213926],[-81.80393327,33.21136298],[-81.79823232,33.21166303],[-81.79023121,33.20846259],[-81.78453771,33.20816298],[-81.77894645,33.20986033],[-81.77755393,33.21135232],[-81.77765367,33.21534225],[-81.78105699,33.21984664],[-81.78014773,33.22116002],[-81.7777361,33.22186241],[-81.7740259,33.22116148],[-81.76791749,33.21635487],[-81.76721692,33.21275193],[-81.76528429,33.20950755],[-81.76351785,33.20365541],[-81.761623,33.20176056],[-81.75822057,33.20025949],[-81.75691343,33.1978463],[-81.75951718,33.19474083],[-81.760618,33.18923776],[-81.76282893,33.18823279],[-81.76592229,33.18783365],[-81.7677151,33.18464642],[-81.76691762,33.18205558],[-81.76491277,33.17954953],[-81.76612624,33.17783046],[-81.76864568,33.17843512],[-81.77173608,33.18152453],[-81.77241215,33.180946],[-81.76671455,33.17144999],[-81.76811481,33.16824939],[-81.76761997,33.16725971],[-81.76441797,33.16555865],[-81.7631174,33.15945599],[-81.75412141,33.15056096],[-81.75002468,33.14736351],[-81.74632038,33.146062],[-81.74451964,33.14216039],[-81.72952211,33.13376233],[-81.72431973,33.12946137],[-81.72172134,33.12646322],[-81.71112288,33.12166392],[-81.70462662,33.11646591],[-81.69693093,33.11656685],[-81.67702456,33.11066426],[-81.67182418,33.10776505],[-81.65842311,33.10316568],[-81.64642313,33.09456569],[-81.64232891,33.09316767],[-81.63723377,33.0929679],[-81.63223521,33.09396761],[-81.61499088,33.0955672],[-81.61164666,33.0942724],[-81.60994893,33.09301917],[-81.60826565,33.08902102],[-81.60951748,33.08686772],[-81.61292412,33.08397457],[-81.61288433,33.08103316],[-81.61069571,33.07996414],[-81.60684756,33.0817297],[-81.60360311,33.0845867],[-81.60254785,33.08682049],[-81.60131061,33.08706712],[-81.59648115,33.07989559],[-81.59681773,33.07855129],[-81.59898006,33.07666878],[-81.60327835,33.07508],[-81.60322481,33.07442684],[-81.60094098,33.07283064],[-81.59601454,33.07270856],[-81.59357947,33.06951671],[-81.5926634,33.06991974],[-81.592535,33.07308177],[-81.59084669,33.07275041],[-81.5874023,33.06995871],[-81.58435238,33.0699177],[-81.58295291,33.0685778],[-81.58378405,33.0670198],[-81.58309035,33.06498027],[-81.57875129,33.06621132],[-81.57716843,33.06595207],[-81.57714105,33.06432537],[-81.58096662,33.06269097],[-81.58024201,33.06177788],[-81.57489555,33.06181492],[-81.57448343,33.06003854],[-81.57830327,33.05892763],[-81.57703651,33.05726944],[-81.57282232,33.05865517],[-81.57128525,33.05687237],[-81.57321646,33.05490521],[-81.57190089,33.05400457],[-81.56988953,33.05451764],[-81.56631497,33.05344797],[-81.56304013,33.0558134],[-81.56458039,33.05802838],[-81.5669674,33.05958901],[-81.56700925,33.06040979],[-81.56569087,33.06106544],[-81.5639809,33.06085863],[-81.55938126,33.05491005],[-81.55891848,33.05291939],[-81.56033096,33.05002108],[-81.56503452,33.04967875],[-81.56608029,33.04879303],[-81.56193849,33.04585793],[-81.5531443,33.04321228],[-81.55179611,33.04340459],[-81.54653004,33.04885474],[-81.54374834,33.04857395],[-81.54211796,33.04692648],[-81.54006384,33.04062014],[-81.53877804,33.03919898],[-81.53550091,33.03850592],[-81.53072479,33.04087998],[-81.52913144,33.04082747],[-81.52841867,33.0398859],[-81.528767,33.03687303],[-81.5284339,33.03565399],[-81.52264121,33.03080143],[-81.51962556,33.02919628],[-81.51322589,33.02856141],[-81.51122926,33.02779735],[-81.51056548,33.02580197],[-81.51167777,33.02449321],[-81.51402113,33.02364683],[-81.51758947,33.02397468],[-81.51905223,33.02318947],[-81.51837023,33.02159814],[-81.51606833,33.02084843],[-81.51371781,33.02059025],[-81.51133561,33.0214817],[-81.5102687,33.02124641],[-81.50819987,33.01751108],[-81.50890189,33.01565812],[-81.51154805,33.01228102],[-81.51067751,33.01033196],[-81.50822864,33.01054198],[-81.50742204,33.01154502],[-81.50569446,33.01598766],[-81.50404906,33.01626981],[-81.50201644,33.01512438],[-81.49975408,33.01226493],[-81.49662872,33.01023859],[-81.49224059,33.00935576],[-81.49139877,33.00807991],[-81.49188388,33.00668116],[-81.49874192,33.0050512],[-81.50021258,33.00344812],[-81.50061017,33.00195716],[-81.49981717,33.00066853],[-81.49272738,32.99912223],[-81.49117748,32.99782998],[-81.4914385,32.99543364],[-81.49223604,32.99350048],[-81.49612079,32.99090431],[-81.49640075,32.98961567],[-81.4959787,32.98830174],[-81.49431014,32.98626484],[-81.49432627,32.98507936],[-81.49548443,32.98353049],[-81.49471665,32.97899479],[-81.49781891,32.97300636],[-81.49981291,32.96380675],[-81.50136492,32.96289712],[-81.50503507,32.96354645],[-81.50758622,32.96558375],[-81.50786505,32.96884478],[-81.50883986,32.96934988],[-81.51078589,32.96851417],[-81.51132776,32.96672051],[-81.51002723,32.96097156],[-81.50999023,32.95732799],[-81.50859184,32.95255848],[-81.5040029,32.94810242],[-81.49942648,32.94499506],[-81.49954758,32.94371751],[-81.50269687,32.93868464],[-81.50240869,32.93535903],[-81.49981825,32.93262801],[-81.49508043,32.93160983],[-81.49205476,32.92783701],[-81.4895937,32.92705262],[-81.4831763,32.9218063],[-81.48442406,32.91881307],[-81.48723848,32.91784065],[-81.48703122,32.91478724],[-81.48128965,32.91460055],[-81.47998714,32.91344849],[-81.48142384,32.90889729],[-81.47916496,32.90564192],[-81.47935546,32.90232831],[-81.48084607,32.90021387],[-81.48079355,32.89862458],[-81.47552421,32.89673732],[-81.47214173,32.89383634],[-81.47066912,32.89504855],[-81.47163681,32.90001407],[-81.46897818,32.9011005],[-81.46591182,32.89990167],[-81.46404846,32.89781732],[-81.46463792,32.8959916],[-81.46825345,32.89227524],[-81.46590472,32.88944554],[-81.46710324,32.88898189],[-81.47170066,32.8904214],[-81.47708405,32.88745889],[-81.47942398,32.8810857],[-81.47590739,32.87765485],[-81.47037521,32.87628329],[-81.46805807,32.87668834],[-81.46715396,32.88061578],[-81.46504321,32.88091313],[-81.46186192,32.87755839],[-81.46054179,32.87517277],[-81.45720892,32.87381191],[-81.45337548,32.87389613],[-81.45134706,32.86716315],[-81.4533419,32.86384375],[-81.45299792,32.85963301],[-81.45689844,32.85260008],[-81.45704205,32.85039109],[-81.45553087,32.84648638],[-81.46019829,32.84738334],[-81.46069849,32.84604817],[-81.45402871,32.84421655],[-81.45175887,32.84477731],[-81.45121628,32.8479339],[-81.44486688,32.85098478],[-81.44265462,32.85011802],[-81.44225984,32.84858725],[-81.44286246,32.84584898],[-81.43993734,32.84037685],[-81.43751534,32.84017964],[-81.43481416,32.84355737],[-81.42646305,32.84078603],[-81.42159645,32.83518459],[-81.42060023,32.83122074],[-81.42181372,32.82925384],[-81.42366956,32.82829073],[-81.42809933,32.82866797],[-81.42991918,32.82823523],[-81.429509,32.82715579],[-81.42247197,32.82290178],[-81.4219317,32.82146443],[-81.42302965,32.81973131],[-81.42693343,32.81968923],[-81.42793765,32.819368],[-81.42821472,32.81858589],[-81.42708132,32.81688331],[-81.4243579,32.81619649],[-81.42059159,32.81866672],[-81.41857659,32.81869492],[-81.4179638,32.81820162],[-81.41847901,32.81565874],[-81.41973692,32.81372125],[-81.42376697,32.8104962],[-81.42596761,32.81105608],[-81.42630606,32.80992985],[-81.42222155,32.80312799],[-81.42272624,32.80197339],[-81.42688675,32.80222266],[-81.4282675,32.80083202],[-81.42632952,32.79888606],[-81.4252183,32.79420455],[-81.42298208,32.79401407],[-81.41986246,32.79487823],[-81.41968025,32.79321894],[-81.42498717,32.79032161],[-81.42740696,32.78831277],[-81.42756377,32.78695575],[-81.42234504,32.78575927],[-81.42222071,32.78397926],[-81.42392161,32.78271139],[-81.42629651,32.782645],[-81.4299756,32.78521348],[-81.43121295,32.78413744],[-81.43006235,32.78178054],[-81.42684569,32.7794701],[-81.42333004,32.77852833],[-81.41616561,32.77980859],[-81.41470553,32.77921486],[-81.41443625,32.77814683],[-81.41733878,32.77332464],[-81.41859669,32.77271786],[-81.42258441,32.7729821],[-81.42984602,32.77211399],[-81.43206256,32.77054211],[-81.4319221,32.7689218],[-81.42910989,32.76792106],[-81.42201486,32.76838313],[-81.41707631,32.76609693],[-81.41733761,32.76332911],[-81.41887723,32.76113478],[-81.41776118,32.76023997],[-81.41663988,32.76055008],[-81.41401895,32.76454565],[-81.41179984,32.76312834],[-81.41401619,32.75543161],[-81.41226283,32.75470895],[-81.40956893,32.75604641],[-81.40797641,32.75617174],[-81.40834732,32.75467588],[-81.4115616,32.75310184],[-81.41371416,32.75281697],[-81.41672832,32.75325926],[-81.41847006,32.75217863],[-81.4198158,32.74979769],[-81.41859343,32.74800871],[-81.41066345,32.74933188],[-81.40585688,32.7491595],[-81.40499739,32.74828989],[-81.40491316,32.74555742],[-81.40573151,32.74253744],[-81.40759043,32.74032038],[-81.41265789,32.73906951],[-81.41385031,32.73747631],[-81.41157367,32.73385188],[-81.41250475,32.7324179],[-81.41467473,32.73206345],[-81.41703596,32.73306769],[-81.41852143,32.73257582],[-81.41825989,32.7309273],[-81.41673106,32.7287633],[-81.41779612,32.72657908],[-81.41775044,32.72508151],[-81.4155834,32.72354628],[-81.41005619,32.72311048],[-81.40996869,32.721856],[-81.41090996,32.72119062],[-81.41876461,32.72183475],[-81.42032004,32.72104167],[-81.42043258,32.719853],[-81.41574299,32.71589003],[-81.41509933,32.71366441],[-81.41666327,32.71226685],[-81.42003535,32.71240702],[-81.421179,32.71196639],[-81.42213926,32.70972513],[-81.42591523,32.7100202],[-81.42643475,32.70902225],[-81.42407849,32.70756694],[-81.42454432,32.70532228],[-81.427483,32.70223981],[-81.42672307,32.70088279],[-81.42261877,32.7008768],[-81.42058089,32.6998448],[-81.41886662,32.69622434],[-81.41664646,32.69552177],[-81.41356287,32.69548766],[-81.41239012,32.69211425],[-81.41056473,32.69252393],[-81.41089482,32.69687312],[-81.40960595,32.69706384],[-81.40747537,32.69233968],[-81.40581245,32.69046539],[-81.40661385,32.68487157],[-81.40430871,32.68377431],[-81.40177334,32.68118182],[-81.40100965,32.67749263],[-81.40389521,32.67063928],[-81.40389421,32.6668846],[-81.39752531,32.66259867],[-81.39749511,32.660205],[-81.40033935,32.65847009],[-81.40326908,32.65945204],[-81.40451825,32.66262338],[-81.40663472,32.66249981],[-81.40728077,32.66155641],[-81.40717452,32.66052272],[-81.40526014,32.65653243],[-81.39830748,32.65632262],[-81.39380209,32.65350074],[-81.39301224,32.65154073],[-81.39457504,32.6495591],[-81.40510179,32.64267469],[-81.41180739,32.6421408],[-81.41253194,32.6415185],[-81.41181204,32.6393965],[-81.40362382,32.63793935],[-81.40271065,32.63703126],[-81.40818835,32.63129081],[-81.4102701,32.63137659],[-81.41153984,32.63289968],[-81.41342454,32.63735288],[-81.41475575,32.63742388],[-81.41700121,32.6361352],[-81.41841193,32.6346986],[-81.41809757,32.62835663],[-81.41306947,32.62481126],[-81.41249577,32.62156565],[-81.41294562,32.62040261],[-81.41120958,32.6177438],[-81.40843273,32.61720162],[-81.40750035,32.61659214],[-81.40644703,32.61305005],[-81.39384981,32.60234956],[-81.38932328,32.59544628],[-81.38098963,32.58966599],[-81.37817268,32.58883466],[-81.37570626,32.58948733],[-81.37397308,32.59182292],[-81.37156637,32.59203421],[-81.36974293,32.59124268],[-81.36885948,32.5897518],[-81.37026437,32.58669887],[-81.36980239,32.58505759],[-81.3683797,32.58423653],[-81.3644873,32.58404918],[-81.36357159,32.58178715],[-81.36709058,32.57860336],[-81.36693235,32.57703101],[-81.36520371,32.57658871],[-81.36295038,32.57731761],[-81.36018034,32.58179229],[-81.35774436,32.58213568],[-81.35410082,32.57991906],[-81.35367754,32.57790444],[-81.35778656,32.57518077],[-81.35829969,32.57363641],[-81.35478799,32.57108634],[-81.35075442,32.57018289],[-81.33623525,32.56425382],[-81.33318228,32.56351358],[-81.32859741,32.56110665],[-81.32180581,32.55955611],[-81.30524038,32.56153045],[-81.30059685,32.5628586],[-81.29795047,32.56304218],[-81.29556956,32.56182607],[-81.29546203,32.5590696],[-81.29793896,32.55582368],[-81.29784764,32.55409945],[-81.29668607,32.55340942],[-81.29483576,32.55359624],[-81.29177834,32.55533779],[-81.29117957,32.55721962],[-81.29313711,32.56240463],[-81.29128509,32.56275595],[-81.28955676,32.56174977],[-81.28844832,32.55845851],[-81.28832508,32.55590952],[-81.28994049,32.55218349],[-81.2888718,32.55117993],[-81.28647693,32.55148984],[-81.2847388,32.55295038],[-81.28426075,32.55603473],[-81.28327676,32.55679905],[-81.28131445,32.55647855],[-81.27922048,32.55459739],[-81.27874011,32.5523362],[-81.28101444,32.54967381],[-81.2807132,32.54764562],[-81.27905081,32.54633242],[-81.27572829,32.54567612],[-81.27493644,32.5448267],[-81.27478307,32.54113974],[-81.27622842,32.53854513],[-81.28003028,32.53748413],[-81.27988762,32.53660176],[-81.27415925,32.53378506],[-81.27241327,32.5304331],[-81.26601931,32.52732506],[-81.25287399,32.5183449],[-81.24956027,32.51787322],[-81.24687162,32.51857179],[-81.24480584,32.52055341],[-81.24310456,32.52024556],[-81.24189646,32.51718579],[-81.24019496,32.51638216],[-81.23738047,32.51714504],[-81.23546124,32.51856391],[-81.23340405,32.51797514],[-81.23212834,32.51333564],[-81.23294096,32.51167613],[-81.2366994,32.51138671],[-81.23839283,32.51018422],[-81.23866491,32.50698694],[-81.23764274,32.50512789],[-81.23423634,32.50275522],[-81.23356727,32.49849579],[-81.22498106,32.4918967],[-81.21680103,32.48281466],[-81.21190065,32.47900514],[-81.20001667,32.46799709],[-81.19482252,32.46510135],[-81.19153799,32.46483197],[-81.18864164,32.4653284],[-81.18692913,32.46356745],[-81.18858929,32.46121304],[-81.19371239,32.45966462],[-81.19453632,32.45777781],[-81.19159353,32.45519199],[-81.19222926,32.45362394],[-81.19430481,32.45350577],[-81.19636299,32.45510746],[-81.1979485,32.45387165],[-81.19746525,32.44913125],[-81.19878727,32.44849978],[-81.2032931,32.45297559],[-81.20448219,32.45276529],[-81.2066452,32.44809437],[-81.20554976,32.44651516],[-81.2010445,32.44623821],[-81.19941582,32.44419733],[-81.19962591,32.44158284],[-81.20842147,32.43699463],[-81.20502874,32.42547932],[-81.20548691,32.42361569],[-81.19491657,32.41149918],[-81.1898947,32.40707541],[-81.1853425,32.40007209],[-81.1786962,32.39365284],[-81.17729669,32.3897839],[-81.17847608,32.3844636],[-81.18181912,32.37935478],[-81.17884845,32.37810324],[-81.17574347,32.37582231],[-81.17377578,32.37310874],[-81.16920273,32.37014671],[-81.16788568,32.36830625],[-81.16898055,32.36510702],[-81.17391274,32.36353555],[-81.17380669,32.36272218],[-81.16710521,32.36105281],[-81.16710521,32.35872588],[-81.16385432,32.35666429],[-81.16098161,32.35591728],[-81.16047871,32.3536432],[-81.16158711,32.35042386],[-81.16008954,32.34896986],[-81.15536503,32.35005075],[-81.15482096,32.34956304],[-81.15503447,32.34415814],[-81.15673094,32.34276069],[-81.15982129,32.34295846],[-81.16060141,32.34174778],[-81.15981903,32.33998],[-81.15736329,32.34001572],[-81.15484473,32.34156706],[-81.15220939,32.34145946],[-81.15185223,32.34303137],[-81.14867888,32.34533862],[-81.14599031,32.34503489],[-81.14525706,32.34584245],[-81.14726661,32.34748617],[-81.14733706,32.35013691],[-81.14379273,32.35154699],[-81.14149641,32.35033443],[-81.13933745,32.34509052],[-81.1352833,32.34300048],[-81.13400301,32.34122562],[-81.12942044,32.34156896],[-81.12859692,32.3386238],[-81.12893899,32.33643962],[-81.13137129,32.33586112],[-81.13390021,32.33330525],[-81.13573588,32.33027115],[-81.13790387,32.32865736],[-81.13627956,32.32501163],[-81.13375845,32.32430945],[-81.1317593,32.32639281],[-81.13062809,32.32541345],[-81.13163283,32.31950612],[-81.12973239,32.31396885],[-81.13083133,32.31097383],[-81.13302755,32.3090098],[-81.13151341,32.30729266],[-81.12778658,32.30723192],[-81.12497624,32.30918071],[-81.12291604,32.30730285],[-81.1223141,32.30539671],[-81.12263736,32.29950601],[-81.12389764,32.29640978],[-81.12334428,32.29385034],[-81.12000042,32.28994534],[-81.11984794,32.28619659],[-81.12222983,32.28422742],[-81.12571118,32.28364136],[-81.12694691,32.2826905],[-81.12714182,32.28078919],[-81.12590313,32.27876623],[-81.12325662,32.27698219],[-81.12340738,32.27503534],[-81.12525332,32.27501914],[-81.12795599,32.27644838],[-81.1299871,32.27578326],[-81.13210789,32.27274173],[-81.13251365,32.27023604],[-81.13349612,32.26977503],[-81.1355862,32.27245498],[-81.14190454,32.2717284],[-81.14172959,32.27022663],[-81.13956661,32.26977053],[-81.13762236,32.26850215],[-81.13690978,32.26611214],[-81.13837737,32.26422136],[-81.14020301,32.26356187],[-81.14532816,32.26397648],[-81.14658334,32.26275997],[-81.1466201,32.26102793],[-81.14471154,32.25877608],[-81.14504585,32.25773971],[-81.14750354,32.25650086],[-81.14831261,32.25509888],[-81.14570807,32.25152315],[-81.14709427,32.24955106],[-81.15288478,32.24779299],[-81.1555794,32.24601221],[-81.15656748,32.24390854],[-81.15586527,32.24097498],[-81.15236509,32.23631108],[-81.14575682,32.23235391],[-81.14361364,32.22926802],[-81.14479669,32.22598477],[-81.14805023,32.22376831],[-81.15212023,32.22231652],[-81.15082878,32.22121237],[-81.14313433,32.22174719],[-81.13842045,32.21926699],[-81.1366982,32.2162706],[-81.13670819,32.21367556],[-81.13407248,32.21147266],[-81.12826933,32.20864561],[-81.123132,32.20133444],[-81.12204451,32.19551455],[-81.11980388,32.19517236],[-81.115888,32.19645963],[-81.11399663,32.19545641],[-81.11409884,32.19391212],[-81.1162239,32.19298385],[-81.12156499,32.19218977],[-81.12153539,32.19042543],[-81.11821599,32.18921165],[-81.11791498,32.18529852],[-81.11981583,32.1811977],[-81.12043126,32.17830078],[-81.11638159,32.17618791],[-81.1139378,32.17761869],[-81.11192814,32.17801922],[-81.11021354,32.17680618],[-81.11111501,32.17269334],[-81.11383429,32.17124333],[-81.11776181,32.17114283],[-81.1190245,32.17465473],[-81.12118235,32.17490626],[-81.12811816,32.16909296],[-81.12972455,32.165935],[-81.12842229,32.16441537],[-81.12312302,32.16291557],[-81.12201508,32.16180864],[-81.12211816,32.15730622],[-81.1210997,32.1545132],[-81.11796147,32.15234725],[-81.11429123,32.15203431],[-81.11221722,32.15081224],[-81.1122152,32.14929724],[-81.1162224,32.14718951],[-81.11831671,32.14439643],[-81.11911544,32.14210109],[-81.11992377,32.13400178],[-81.11611039,32.12868504],[-81.11522258,32.12550356],[-81.11720622,32.11980271],[-81.1172152,32.11760898],[-81.11535241,32.11471554],[-81.11112605,32.11201977],[-81.10893058,32.11164051],[-81.10669919,32.10971734],[-81.10333034,32.11115245],[-81.09497417,32.11183704],[-81.09123011,32.11090077],[-81.08946738,32.10623519],[-81.08695314,32.10397237],[-81.08824671,32.09994293],[-81.07429829,32.09739977],[-81.05954352,32.08863791],[-81.04353681,32.08611911],[-81.03812433,32.08375152],[-81.02627238,32.08814243],[-81.02163821,32.09169273],[-81.01736936,32.09879614],[-81.01102077,32.10206556],[-81.0043012,32.10238301],[-80.99954549,32.10044729],[-80.99212229,32.09492442],[-80.98682821,32.0841232],[-80.98349508,32.07956014],[-80.98053182,32.07784987],[-80.97190954,32.07464825],[-80.95956259,32.07286912],[-80.95386789,32.0701544],[-80.92507287,32.04195138],[-80.92102063,32.04000514],[-80.90764172,32.03816492],[-80.90666131,32.03480552],[-80.89073249,32.03074284],[-80.87594809,32.01677619],[-80.86621757,32.01939129],[-80.85912088,32.0237065],[-80.85506944,32.02547495],[-80.85273114,32.02880734],[-80.84343892,32.02365646],[-80.8408983,32.01162581],[-80.84035847,32.00303255],[-80.84189788,32.0026304],[-80.84728276,31.98753675],[-80.85841124,31.98425049],[-80.85939964,31.97381481],[-80.86279987,31.96933524],[-80.88188545,31.95666986],[-80.897678,31.94905112],[-80.9213461,31.93871733],[-80.92802285,31.93851567],[-80.93029745,31.95670143],[-80.93253611,31.96191235],[-80.94274003,31.96372449],[-80.94937578,31.96131149],[-80.94847046,31.95722353],[-80.97238455,31.94125479],[-80.98431598,31.94013098],[-80.98360467,31.93168005],[-80.96848276,31.91583547],[-80.95446688,31.9117841],[-80.94135539,31.91300024],[-80.93011111,31.90807297],[-80.94728175,31.89619801],[-80.97142063,31.87792986],[-80.99268051,31.85762615],[-81.00032307,31.85672732],[-81.01448566,31.86745853],[-81.02841666,31.86812472],[-81.03142132,31.87291736],[-81.04155188,31.87618232],[-81.06522964,31.87707821],[-81.05857707,31.85781285],[-81.05905147,31.85010135],[-81.06277564,31.84472933],[-81.0761588,31.83612444],[-81.07579375,31.82904184],[-81.06727073,31.82613922],[-81.06210568,31.82108515],[-81.05232517,31.81906779],[-81.05096233,31.82239165],[-81.04794548,31.82489866],[-81.03979614,31.82301365],[-81.03470428,31.81642648],[-81.03589538,31.81035674],[-81.04635628,31.80086011],[-81.07036106,31.77136438],[-81.07915615,31.7626733],[-81.09508225,31.74913236],[-81.11195757,31.73720614],[-81.13062466,31.72267774],[-81.13844905,31.7209174],[-81.16067296,31.72812802],[-81.17404279,31.72747103],[-81.19277648,31.73322586],[-81.20354692,31.71945131],[-81.19527469,31.7138506],[-81.18628989,31.70152126],[-81.16108382,31.69141844],[-81.15463777,31.6938861],[-81.15190164,31.69842332],[-81.14937345,31.69931958],[-81.13938946,31.69993313],[-81.13111472,31.69578123],[-81.13558943,31.68348804],[-81.13638912,31.67483235],[-81.13453124,31.66199314],[-81.13395531,31.64096059],[-81.12882431,31.63143889],[-81.14995269,31.59346983],[-81.16034757,31.57042787],[-81.17185528,31.55894718],[-81.17876544,31.55813516],[-81.18257719,31.56178956],[-81.18792107,31.57276347],[-81.18726419,31.58004107],[-81.19557069,31.5804137],[-81.20318697,31.56970335],[-81.21605489,31.55840102],[-81.24069922,31.55229646],[-81.25421097,31.55592152],[-81.25919572,31.55031817],[-81.27653018,31.54844801],[-81.28969071,31.53723212],[-81.29823761,31.53349653],[-81.29517268,31.52155508],[-81.27632985,31.52529009],[-81.27106313,31.53108998],[-81.26343252,31.53094773],[-81.25878608,31.52906827],[-81.26386442,31.51583414],[-81.2776465,31.50950173],[-81.28228934,31.5044008],[-81.27872042,31.49755323],[-81.26772471,31.49701968],[-81.26290152,31.4958009],[-81.25145955,31.50570922],[-81.24376659,31.51890345],[-81.23668967,31.52921097],[-81.22854435,31.52699889],[-81.21795047,31.52729975],[-81.21352853,31.52816636],[-81.20419925,31.5360886],[-81.19824604,31.5370499],[-81.18655429,31.52919602],[-81.18074544,31.52245871],[-81.17870521,31.51820298],[-81.1793247,31.51628529],[-81.18962642,31.5035804],[-81.20486647,31.4731163],[-81.24689498,31.42277569],[-81.25859833,31.40441928],[-81.26178534,31.39356224],[-81.2685987,31.38299802],[-81.29424633,31.36859028],[-81.29045044,31.36149869],[-81.28593353,31.34972332],[-81.28290396,31.32648993],[-81.28759575,31.31053664],[-81.28284349,31.29063772],[-81.27951646,31.27175226],[-81.27121586,31.26590254],[-81.26953111,31.25873358],[-81.27684736,31.25472315],[-81.28282436,31.24432438],[-81.28911758,31.22548372],[-81.29045067,31.21768131],[-81.2956944,31.21503087],[-81.30306153,31.21686065],[-81.315887,31.20914079],[-81.33109655,31.19694475],[-81.35486348,31.16719634],[-81.36077408,31.1558961],[-81.36579697,31.14793511],[-81.37587783,31.14032419],[-81.38773758,31.13441733],[-81.39966628,31.13409747],[-81.40950226,31.12060921],[-81.40371354,31.10711853],[-81.40119021,31.08614377],[-81.40124822,31.072779],[-81.41510519,31.02671278],[-81.42045862,31.01669324],[-81.42472429,31.01366279],[-81.43248121,31.01297455],[-81.43472831,31.01463349],[-81.43494058,31.01778554],[-81.45143507,31.01550021],[-81.45777799,31.0102509],[-81.4609499,30.99913072],[-81.46928921,30.99601399],[-81.49057044,30.98494151],[-81.49363008,30.97753051],[-81.48695396,30.96961504],[-81.47579556,30.96599507],[-81.47233188,30.96991319],[-81.4668117,30.9709266],[-81.45356362,30.96558876],[-81.44803135,30.96552661],[-81.44737036,30.95674771],[-81.42694257,30.95663089],[-81.42012422,30.9740851],[-81.41583267,30.97720732],[-81.40846912,30.97773493],[-81.40339019,30.9579156],[-81.40406025,30.90373493],[-81.41245515,30.88574601],[-81.42855909,30.83633118],[-81.43081841,30.83114814],[-81.44011418,30.82136033],[-81.44690976,30.81038363],[-81.45526883,30.7909258],[-81.4600423,30.7699101],[-81.46104616,30.75368449],[-81.45945159,30.74198269],[-81.44968965,30.71969111],[-81.44409559,30.70970035],[-81.44871819,30.70933711],[-81.45998057,30.71041833],[-81.46446948,30.71102959],[-81.47260449,30.71329743],[-81.47576663,30.71474178],[-81.48379941,30.72387967],[-81.48733824,30.72606524],[-81.48953512,30.72608417],[-81.50721316,30.72292034],[-81.51611575,30.72222014],[-81.52141953,30.7225203],[-81.53115406,30.72420252],[-81.53335056,30.72342133],[-81.53422942,30.7209671],[-81.53449814,30.71793621],[-81.53379378,30.71205218],[-81.53513428,30.70968949],[-81.53839218,30.70863869],[-81.54160797,30.71004986],[-81.54469577,30.71396167],[-81.54611078,30.71701836],[-81.5493009,30.71827451],[-81.55255469,30.71696103],[-81.55613739,30.7137373],[-81.56071067,30.7116703],[-81.56347919,30.71341471],[-81.56381391,30.71773719],[-81.56842228,30.71896515],[-81.57142955,30.7216224],[-81.57372343,30.72232054],[-81.58681728,30.72371877],[-81.58928068,30.72282589],[-81.59383491,30.71846288],[-81.59712715,30.71931493],[-81.59611096,30.72461536],[-81.5964696,30.72724037],[-81.60088057,30.72942742],[-81.60428073,30.72892476],[-81.6059991,30.72621523],[-81.60580811,30.71968676],[-81.60760758,30.7163578],[-81.61066753,30.71620057],[-81.61306014,30.72044274],[-81.61507511,30.72267496],[-81.62114687,30.72252399],[-81.6235646,30.72467711],[-81.62114539,30.72883634],[-81.62084229,30.7316161],[-81.62437439,30.73632157],[-81.62831361,30.73538172],[-81.62912438,30.7287146],[-81.63069101,30.72807784],[-81.63285724,30.72874957],[-81.63505978,30.73326057],[-81.63804871,30.7333519],[-81.64190314,30.72890886],[-81.64613325,30.7275753],[-81.64902935,30.72748301],[-81.65314951,30.72978925],[-81.65410944,30.73309332],[-81.65152354,30.74067701],[-81.65234416,30.74309104],[-81.65463333,30.74436678],[-81.65988485,30.74216282],[-81.66270462,30.74302796],[-81.6635647,30.74573195],[-81.65979449,30.74944516],[-81.66085139,30.75318268],[-81.6633456,30.75438407],[-81.66983884,30.7516535],[-81.67842868,30.75105458],[-81.68307502,30.74848469],[-81.6823409,30.74549755],[-81.67930898,30.74476218],[-81.67246414,30.74845587],[-81.66905675,30.74499224],[-81.66881887,30.74251105],[-81.67010956,30.74022374],[-81.67282286,30.73891733],[-81.68009476,30.74158413],[-81.68843255,30.74146609],[-81.69106361,30.74327099],[-81.69242873,30.7476252],[-81.6947774,30.74839683],[-81.70246795,30.74542262],[-81.70911475,30.74795893],[-81.7199278,30.74461691],[-81.72931066,30.74824133],[-81.73285921,30.75047772],[-81.73297415,30.7520204],[-81.73137552,30.75400722],[-81.73235285,30.75528359],[-81.74201055,30.75905926],[-81.74276418,30.76058768],[-81.74215737,30.76196132],[-81.74040741,30.76360353],[-81.74076944,30.76499626],[-81.74404368,30.76638071],[-81.7500428,30.7670956],[-81.75488836,30.7686871],[-81.75854417,30.77107289],[-81.76048266,30.7746448],[-81.7617293,30.7756835],[-81.76963395,30.77709929],[-81.77127994,30.77631633],[-81.77033532,30.7734785],[-81.77245047,30.77123316],[-81.77346275,30.76700054],[-81.77154848,30.76516228],[-81.77193326,30.76379836],[-81.78215528,30.76132327],[-81.78354359,30.76245979],[-81.78260545,30.7660683],[-81.78672196,30.7698014],[-81.78369891,30.77288049],[-81.79259792,30.78546718],[-81.79441869,30.78698316],[-81.79658964,30.78561183],[-81.79673172,30.7830455],[-81.79845893,30.78223007],[-81.8024116,30.78718568],[-81.80745466,30.79010309],[-81.81920614,30.78989531],[-81.82370056,30.78681159],[-81.82849372,30.78933878],[-81.83924542,30.78658285],[-81.84179895,30.78784701],[-81.8397146,30.79119316],[-81.84118845,30.7922507],[-81.84563948,30.79070338],[-81.85351277,30.79461201],[-81.86373523,30.79425931],[-81.86826829,30.79283145],[-81.87042591,30.79481297],[-81.87037199,30.79747307],[-81.87619444,30.79978928],[-81.88150689,30.7999015],[-81.88483535,30.81151861],[-81.88911235,30.81354819],[-81.89151417,30.81674793],[-81.89104011,30.82246665],[-81.89291607,30.82549505],[-81.89485619,30.82514992],[-81.90144512,30.8299027],[-81.90481031,30.82826391],[-81.90724982,30.82555123],[-81.90670048,30.82339667],[-81.90407133,30.82041422],[-81.90451605,30.81773078],[-81.91091515,30.8161087],[-81.91873003,30.81747721],[-81.9270552,30.81755324],[-81.93282182,30.82039849],[-81.93622779,30.82541133],[-81.9369919,30.82849769],[-81.93878399,30.82881911],[-81.94369249,30.82596324],[-81.94949649,30.82784859],[-81.95569308,30.82273869],[-81.96390686,30.81809291],[-81.96272031,30.81363813],[-81.96242168,30.80843207],[-81.96447795,30.80744486],[-81.96170357,30.80099429],[-81.96288111,30.79583719],[-81.96660712,30.79390363],[-81.96993691,30.78907074],[-81.97080875,30.78385165],[-81.97342717,30.77881709],[-81.97771947,30.77661879],[-81.98343117,30.77810958],[-81.99211192,30.78298425],[-81.99498483,30.78606115],[-82.00476149,30.79137425],[-82.00804896,30.79203593],[-82.01250554,30.78931313],[-82.01586383,30.79156797],[-82.01874361,30.78798546],[-82.02196096,30.78821634],[-82.02373948,30.78526044],[-82.023251,30.78269838],[-82.01794025,30.77494582],[-82.01842736,30.77277025],[-82.01514538,30.77198394],[-82.01135336,30.76259554],[-82.01884513,30.75656731],[-82.01882006,30.75458286],[-82.0237222,30.7534926],[-82.02713294,30.75111309],[-82.03189338,30.75045869],[-82.03481042,30.75443311],[-82.03676108,30.75441828],[-82.0386472,30.75108168],[-82.03961517,30.74772524],[-82.03940213,30.73719027],[-82.04477265,30.72847806],[-82.04443866,30.72616301],[-82.04002553,30.72459738],[-82.03913651,30.72318399],[-82.0375434,30.71863996],[-82.03851585,30.71591949],[-82.03678543,30.71303713],[-82.03640693,30.70658058],[-82.04299354,30.69825433],[-82.04140068,30.69359266],[-82.04352334,30.68472772],[-82.05041187,30.67626275],[-82.04845502,30.66895178],[-82.04697502,30.66592874],[-82.04716049,30.66289907],[-82.04882479,30.66067267],[-82.04948752,30.65555252],[-82.04610073,30.65177845],[-82.04225535,30.64946202],[-82.03957684,30.64331326],[-82.03907289,30.64113212],[-82.0399214,30.63714642],[-82.03759323,30.63327979],[-82.03391161,30.62961217],[-82.02848117,30.62183467],[-82.02652203,30.61330371],[-82.02731869,30.60672952],[-82.02692794,30.60616554],[-82.01649164,30.60249714],[-82.01569161,30.60171221],[-82.01209089,30.59377741],[-82.00807251,30.57702083],[-82.0054575,30.5634926],[-82.01319816,30.55008571],[-82.01834233,30.53118176],[-82.01884902,30.52383027],[-82.01697339,30.51936589],[-82.01580833,30.51817281],[-82.01475113,30.51300993],[-82.01587348,30.49549439],[-82.01820232,30.49208209],[-82.01727826,30.48763961],[-82.01696316,30.47877781],[-82.01776118,30.47507509],[-82.02371603,30.46728329],[-82.02543852,30.45775208],[-82.02819435,30.44738998],[-82.03004862,30.44484386],[-82.03618557,30.43845299],[-82.03718951,30.43451908],[-82.03444543,30.42805125],[-82.03398584,30.42235298],[-82.0399534,30.41427387],[-82.04114543,30.40996338],[-82.04197111,30.40326603],[-82.04114559,30.39684476],[-82.03585183,30.38528911],[-82.03680662,30.37787996],[-82.0407299,30.37014948],[-82.04790523,30.36325231],[-82.05006244,30.36232307],[-82.06003032,30.36031248],[-82.06853117,30.35916823],[-82.08110728,30.35879014],[-82.09469473,30.36076608],[-82.10181937,30.36532982],[-82.10143643,30.36655282],[-82.10251124,30.36780908],[-82.1048354,30.36830299],[-82.11638244,30.36731933],[-82.14327785,30.36337756],[-82.15810104,30.35989846],[-82.16175262,30.35783443],[-82.17006163,30.35891399],[-82.17152117,30.35985758],[-82.1800333,30.36861577],[-82.18381473,30.37370604],[-82.18464873,30.37715076],[-82.18639179,30.37733882],[-82.18881614,30.37657846],[-82.19295972,30.37877076],[-82.19235534,30.3845654],[-82.19653292,30.38930752],[-82.20416878,30.40132446],[-82.21030988,30.4245886],[-82.20988854,30.4328231],[-82.20650326,30.43708772],[-82.20399404,30.44450845],[-82.20484154,30.45183709],[-82.20605694,30.45549928],[-82.20754048,30.45692175],[-82.20772691,30.46050506],[-82.20463136,30.46887425],[-82.20095697,30.47444182],[-82.20143459,30.48515916],[-82.20646038,30.49186788],[-82.21286647,30.4987409],[-82.21852648,30.504175],[-82.22503961,30.50781863],[-82.2269497,30.5102736],[-82.23039667,30.51733769],[-82.22941821,30.52082334],[-82.23076934,30.52675014],[-82.23613814,30.53114534],[-82.24042258,30.5377672],[-82.23892952,30.5454338],[-82.23445678,30.54900979],[-82.23444578,30.5565989],[-82.2282775,30.562592],[-82.22283088,30.56561123],[-82.2173203,30.56520626],[-82.21440616,30.56696469],[-82.21485416,30.56857613],[-82.37484541,30.57898823],[-82.56923833,30.59094923],[-83.13137151,30.62356724],[-83.15617151,30.62548824],[-83.49987721,30.64565522],[-83.61166816,30.65123922],[-83.88022116,30.66581622],[-84.24990095,30.68412921],[-84.28121094,30.68524021],[-84.37490588,30.68977821],[-84.47441002,30.69277721],[-84.53937123,30.69675922],[-84.64481606,30.70197621],[-84.83632484,30.7106932],[-84.86470577,30.71152656],[-84.86976824,30.72188866],[-84.87543383,30.72747929],[-84.8838358,30.73258049],[-84.88523861,30.73498531],[-84.887539,30.7417835],[-84.8961346,30.750579],[-84.89762933,30.75137619],[-84.90022374,30.75187512],[-84.90311764,30.75177533],[-84.90631935,30.75057468],[-84.91112806,30.75117577],[-84.91353604,30.75227943],[-84.91434044,30.75358658],[-84.91504024,30.76118445],[-84.92014394,30.76598599],[-84.91804144,30.77209326],[-84.91744207,30.77588925],[-84.91804064,30.77808399],[-84.92673961,30.79018256],[-84.92834122,30.79308548],[-84.92904201,30.79729022],[-84.92794202,30.80279017],[-84.92834126,30.80508583],[-84.93093981,30.81048181],[-84.93684171,30.81848302],[-84.937443,30.8208882],[-84.93576316,30.83396672],[-84.93233535,30.83810294],[-84.92697078,30.83920524],[-84.92568478,30.84268471],[-84.92783994,30.84787946],[-84.93323971,30.8514783],[-84.93664442,30.85898868],[-84.93534013,30.86129704],[-84.93254453,30.86319438],[-84.93314147,30.86588058],[-84.93934297,30.87148194],[-84.93924266,30.87489249],[-84.93434374,30.88189094],[-84.93491697,30.88451824],[-84.94253833,30.88847634],[-84.94964142,30.89737922],[-84.95234161,30.90227957],[-84.95614011,30.90757747],[-84.96674171,30.91727802],[-84.96944389,30.92198181],[-84.97104285,30.92817781],[-84.97523532,30.93077314],[-84.98063765,30.93267361],[-84.98314437,30.93477825],[-84.98364595,30.93698521],[-84.98304566,30.94258793],[-84.98224539,30.94688937],[-84.97964579,30.95468818],[-84.97964579,30.95898457],[-84.98014504,30.96128114],[-84.98254257,30.96557671],[-84.98483795,30.96747289],[-84.9880338,30.96877121],[-84.99763073,30.97117019],[-84.99993365,30.97117019],[-85.00403916,30.97345637],[-85.00512208,30.97469686],[-85.00594979,30.97703769],[-85.00595279,30.97980706],[-85.00255859,30.98690248],[-85.0018378,30.99788924],[-85.00191834,31.00066522],[-85.00252233,31.00066623],[-85.00138409,31.0050484],[-84.99964467,31.00908205],[-84.99944693,31.01383976],[-85.00007584,31.01497418],[-85.00456725,31.01917343],[-85.00506947,31.02469685],[-85.00942808,31.03237494],[-85.00857084,31.04282391],[-85.00883459,31.04557027],[-85.01140951,31.05353993],[-85.01265665,31.05539169],[-85.01816262,31.05924267],[-85.02859224,31.07457946],[-85.02835158,31.07685371],[-85.02608741,31.08418002],[-85.02975353,31.09615688],[-85.03284931,31.10056357],[-85.03563192,31.10818452],[-85.03709176,31.10973909],[-85.0405244,31.11157036],[-85.05018712,31.11890163],[-85.05287597,31.1194746],[-85.05469275,31.12080858],[-85.06109003,31.13422035],[-85.06244794,31.13951302],[-85.06404406,31.14248651],[-85.0701961,31.14867055],[-85.07664257,31.15691688],[-85.07781118,31.15787527],[-85.08358609,31.15961444],[-85.0921131,31.16027767],[-85.10022434,31.16548124],[-85.10046602,31.16672693],[-85.09844483,31.17777099],[-85.09852563,31.1801481],[-85.10206478,31.18472154],[-85.10442632,31.1856335],[-85.106511,31.18528756],[-85.10753444,31.18644537],[-85.10815186,31.19563765],[-85.10698109,31.20269831],[-85.10564608,31.20460461],[-85.09978511,31.20976058],[-85.09872279,31.21129028],[-85.09872579,31.21951307],[-85.09678242,31.22565109],[-85.09886135,31.23251727],[-85.10078129,31.23480501],[-85.10248932,31.23785384],[-85.10427793,31.24186422],[-85.10619992,31.24807217],[-85.10916588,31.25460189],[-85.11172804,31.2580151],[-85.11237029,31.25957613],[-85.11328023,31.26434403],[-85.11200175,31.2679894],[-85.11192383,31.27247491],[-85.11256292,31.27437026],[-85.11456649,31.27629577],[-85.11462001,31.27733688],[-85.11277659,31.28004737],[-85.11031772,31.28174744],[-85.09911714,31.28417913],[-85.09317548,31.28969717],[-85.08979191,31.29503135],[-85.08771373,31.30405478],[-85.08742264,31.31122697],[-85.08448658,31.31619976],[-85.08379487,31.318212],[-85.08417061,31.32830791],[-85.08900064,31.33428571],[-85.08943103,31.33603643],[-85.0878273,31.33798775],[-85.08708154,31.34031988],[-85.0858828,31.35019068],[-85.08593667,31.35313944],[-85.08742089,31.35441219],[-85.09099859,31.35441219],[-85.0918078,31.35519917],[-85.09263794,31.35747204],[-85.09218557,31.36457977],[-85.08692739,31.37448],[-85.08244918,31.38454422],[-85.08042086,31.39393773],[-85.07865812,31.39636674],[-85.07764463,31.39888299],[-85.07740592,31.40284218],[-85.07999707,31.41047062],[-85.07983623,31.41173721],[-85.07676418,31.41597628],[-85.07554124,31.42476583],[-85.07399327,31.42718849],[-85.07269511,31.4282953],[-85.06908588,31.4276357],[-85.06698446,31.42860536],[-85.06589366,31.43058971],[-85.06557282,31.43954246],[-85.06597365,31.44297708],[-85.06672133,31.44728222],[-85.06928637,31.45346832],[-85.07164018,31.46838542],[-85.0657039,31.48412946],[-85.0621218,31.48802456],[-85.05894045,31.49599494],[-85.05296779,31.50652511],[-85.04846091,31.51369251],[-85.04565856,31.51682077],[-85.04500432,31.51823398],[-85.0445758,31.52090278],[-85.04766621,31.52374341],[-85.0482825,31.52601283],[-85.04721328,31.52867735],[-85.04300009,31.53520664],[-85.04183133,31.53775793],[-85.04132395,31.54098701],[-85.04189928,31.54467969],[-85.04256284,31.54594405],[-85.04571286,31.54869719],[-85.05085491,31.55554392],[-85.0518912,31.55786681],[-85.05294898,31.56288478],[-85.05797922,31.57083674],[-85.05773738,31.57306646],[-85.0553031,31.57709526],[-85.05543548,31.57869169],[-85.05845892,31.58368642],[-85.05812774,31.5933447],[-85.05642364,31.60096514],[-85.05599532,31.60517344],[-85.05732528,31.60669921],[-85.05970718,31.60724818],[-85.06057102,31.608219],[-85.06043661,31.61127525],[-85.0583475,31.614552],[-85.05754572,31.61688544],[-85.05749187,31.6186214],[-85.05818565,31.62021928],[-85.05954635,31.62170459],[-85.06763843,31.62525375],[-85.07384285,31.62955612],[-85.0800419,31.636855],[-85.08451947,31.63901572],[-85.08538397,31.64218487],[-85.08519149,31.64410461],[-85.0822816,31.650378],[-85.07853258,31.65169526],[-85.07865049,31.65330449],[-85.07993817,31.65527434],[-85.08783691,31.65785162],[-85.09244121,31.65995359],[-85.10944664,31.67745715],[-85.112647,31.68515802],[-85.11394351,31.68685346],[-85.12234304,31.69125321],[-85.12554832,31.69495931],[-85.12684881,31.70896464],[-85.12654869,31.71676672],[-85.12574692,31.71887138],[-85.12224693,31.72277137],[-85.1191485,31.73096721],[-85.11894905,31.73266258],[-85.12394767,31.74755849],[-85.12664742,31.75245703],[-85.12925144,31.75866422],[-85.1256482,31.76446782],[-85.12524938,31.76706015],[-85.12634516,31.76885323],[-85.14044596,31.77965308],[-85.1419528,31.78196356],[-85.13714608,31.78837251],[-85.13294836,31.79237034],[-85.13225006,31.79516258],[-85.13284978,31.79886085],[-85.13294981,31.80806377],[-85.13154971,31.81306413],[-85.13134991,31.81755955],[-85.13433579,31.82461],[-85.13263998,31.82683607],[-85.13309991,31.82865691],[-85.13594441,31.8304507],[-85.13924738,31.83415302],[-85.1418507,31.83925954],[-85.14134831,31.84106815],[-85.13834794,31.84416853],[-85.13774992,31.84586294],[-85.1380496,31.85125817],[-85.14024902,31.85525612],[-85.14075047,31.85746249],[-85.14014676,31.85877052],[-85.13744473,31.86067195],[-85.13584841,31.86246781],[-85.13374854,31.87006731],[-85.12884831,31.87636662],[-85.12844979,31.87756218],[-85.12844979,31.8796579],[-85.12934875,31.88245466],[-85.13164759,31.8867525],[-85.13374842,31.8895536],[-85.13435038,31.89145981],[-85.13414789,31.89216851],[-85.13293832,31.89307569],[-85.1211301,31.89327583],[-85.11703176,31.89287599],[-85.11403934,31.89337473],[-85.11204468,31.89477029],[-85.11064967,31.8968628],[-85.11157761,31.90125652],[-85.10979384,31.90414677],[-85.10984868,31.90805194],[-85.11274827,31.90985007],[-85.11315144,31.91186592],[-85.10914007,31.9143724],[-85.10244274,31.91737121],[-85.10134779,31.91866523],[-85.10024806,31.92406392],[-85.0995453,31.92526865],[-85.09824065,31.92627223],[-85.09184296,31.92887129],[-85.08644467,31.93596904],[-85.08474143,31.93737171],[-85.07894879,31.94016816],[-85.07894879,31.9414537],[-85.08244703,31.94535074],[-85.08684895,31.95775616],[-85.08674851,31.95916235],[-85.08574482,31.96076825],[-85.08323834,31.96247265],[-85.07393616,31.96417305],[-85.07024029,31.96567138],[-85.06784456,31.96736764],[-85.06594779,31.97116119],[-85.06594779,31.97245546],[-85.06684593,31.97475072],[-85.06994732,31.97835117],[-85.07094978,31.9816593],[-85.06834864,31.98676054],[-85.06804868,31.99335977],[-85.06456131,32.00249536],[-85.06345595,32.00414988],[-85.05509101,32.01072305],[-85.0538345,32.01350332],[-85.05478733,32.0174076],[-85.05368374,32.02067618],[-85.05015304,32.02110639],[-85.04933244,32.02269025],[-85.05627139,32.02832896],[-85.05648294,32.03182105],[-85.05464603,32.03669579],[-85.05485761,32.03881151],[-85.05535044,32.04057334],[-85.05804746,32.04374936],[-85.05884932,32.04665611],[-85.05664869,32.05415726],[-85.05644887,32.05805379],[-85.05684928,32.05975556],[-85.0541977,32.06798738],[-85.05410294,32.07020665],[-85.05550915,32.07265226],[-85.05583228,32.07444053],[-85.05324846,32.08061226],[-85.05117271,32.08253967],[-85.04709095,32.08435868],[-85.04553165,32.08686788],[-85.04956779,32.09535686],[-85.05379532,32.10768041],[-85.0550633,32.11366731],[-85.05919765,32.12514751],[-85.06155819,32.12966853],[-85.06207947,32.13248847],[-85.06115944,32.13407443],[-85.0587608,32.13603039],[-85.04787652,32.14204555],[-85.04560682,32.1437688],[-85.03400466,32.15635681],[-85.03035182,32.16173557],[-85.02659755,32.16611405],[-85.01466311,32.17689155],[-85.01307971,32.17912211],[-85.01127834,32.18050569],[-85.00853857,32.18191764],[-84.9959347,32.18486708],[-84.97373476,32.19156676],[-84.96683677,32.19396606],[-84.9646413,32.19516358],[-84.96174891,32.19865241],[-84.96324374,32.20224],[-84.96693397,32.20443519],[-84.96942464,32.20443519],[-84.97232512,32.20353404],[-84.97463545,32.2036355],[-84.98024779,32.2077438],[-84.98024779,32.21005477],[-84.97874447,32.21255929],[-84.97213792,32.21826509],[-84.96742819,32.21936737],[-84.96142519,32.21806672],[-84.95632863,32.21786685],[-84.94945145,32.21852687],[-84.93932871,32.21796688],[-84.93013267,32.21906629],[-84.92823676,32.21986457],[-84.9254408,32.22156212],[-84.92294636,32.224755],[-84.92354614,32.22975312],[-84.9226436,32.23175877],[-84.92064023,32.23396247],[-84.91634209,32.23656134],[-84.912748,32.24334919],[-84.91393961,32.2451366],[-84.91722337,32.24593267],[-84.92032277,32.24403303],[-84.92303727,32.24453471],[-84.92414538,32.24564282],[-84.92444632,32.24980386],[-84.92301887,32.25084007],[-84.91732258,32.24906448],[-84.91009964,32.24834908],[-84.90723513,32.24906446],[-84.90410278,32.2508481],[-84.90146911,32.25743578],[-84.8981422,32.25862403],[-84.8922987,32.258288],[-84.88919218,32.25924324],[-84.88909911,32.26090561],[-84.89397268,32.26583512],[-84.90403403,32.27373603],[-84.91113763,32.27693586],[-84.92288595,32.28532222],[-84.93381302,32.29824812],[-84.93868859,32.3006939],[-84.98952014,32.31930101],[-85.00188547,32.32200117],[-85.00712121,32.32835635],[-85.00811511,32.33667889],[-85.00459821,32.34520492],[-84.98679235,32.35906836],[-84.98348424,32.36319152],[-84.98326146,32.36511694],[-84.98518753,32.36705398],[-84.98631837,32.36966686],[-84.98410319,32.37353538],[-84.9802825,32.37440226],[-84.97727475,32.37385831],[-84.97434206,32.37459148],[-84.97198469,32.37769748],[-84.97382881,32.37985856],[-84.97935507,32.3806891],[-84.98629312,32.38031957],[-84.98857456,32.38408012],[-84.98599401,32.38967398],[-84.98339112,32.39177879],[-84.97836218,32.39051355],[-84.97639591,32.39104108],[-84.97177506,32.39061509],[-84.96874902,32.39146831],[-84.96878059,32.39299925],[-84.97389304,32.395204],[-84.97991414,32.40008813],[-84.98111729,32.40283133],[-84.97944831,32.41225354],[-84.97184131,32.41625669],[-84.96344721,32.42255227],[-84.96304934,32.42424319],[-84.96704843,32.4353369],[-84.97184374,32.44282957],[-84.98383865,32.44562838],[-84.99354475,32.45073159],[-84.99534846,32.45323674],[-84.99804974,32.46174076],[-84.99824987,32.46984536],[-84.99524966,32.47524575],[-84.99484986,32.48604027],[-84.99674929,32.49233505],[-84.99835146,32.4941375],[-84.9975243,32.50072478],[-84.99985015,32.504336],[-85.00155018,32.51473618],[-85.0071152,32.52385829],[-85.00840537,32.52486176],[-85.01380194,32.5260948],[-85.01620711,32.53111833],[-85.0202538,32.53473996],[-85.02206343,32.54004074],[-85.02252601,32.5429109],[-85.03208556,32.54541626],[-85.03485683,32.55198626],[-85.04056784,32.55563236],[-85.05694213,32.57123348],[-85.05968636,32.57672995],[-85.06754876,32.57953374],[-85.07641629,32.59465876],[-85.08030658,32.60357372],[-85.08078667,32.61014994],[-85.08225757,32.61625735],[-85.08362835,32.61778753],[-85.08537188,32.61852333],[-85.08731052,32.62046196],[-85.08946083,32.62542861],[-85.08855024,32.62788327],[-85.08473846,32.63048249],[-85.08238638,32.63383463],[-85.08364475,32.63595405],[-85.09133457,32.63401986],[-85.09660453,32.63465193],[-85.10040263,32.63710752],[-85.10535942,32.64483667],[-85.1003504,32.65014622],[-85.09634622,32.65284837],[-85.08975004,32.65564675],[-85.08850337,32.65775903],[-85.09355247,32.66972579],[-85.10404875,32.67962133],[-85.1126492,32.68342153],[-85.11475393,32.68562649],[-85.11705536,32.69202946],[-85.11929784,32.70396506],[-85.11901898,32.71005319],[-85.12275789,32.71572457],[-85.12085536,32.72293914],[-85.11505438,32.72883915],[-85.11318595,32.73281566],[-85.11334757,32.73574676],[-85.11480997,32.73809398],[-85.11855842,32.74080224],[-85.12409726,32.74167875],[-85.13220694,32.74439765],[-85.13660011,32.74842839],[-85.1425877,32.76068278],[-85.13739622,32.76907926],[-85.13439216,32.77059434],[-85.1308855,32.76957915],[-85.12221515,32.7733594],[-85.12623069,32.77917447],[-85.12994322,32.77963416],[-85.134683,32.78389086],[-85.13930083,32.78490814],[-85.14057578,32.78969545],[-85.14191289,32.79180302],[-85.14577412,32.79109825],[-85.15192522,32.79409168],[-85.16215205,32.80422749],[-85.16795929,32.81160915],[-85.16609577,32.81763631],[-85.16412449,32.82128029],[-85.16803667,32.82920365],[-85.16466642,32.83480036],[-85.16059089,32.83826222],[-85.15743737,32.8394543],[-85.15459673,32.83981936],[-85.15392332,32.84102237],[-85.15340708,32.84486371],[-85.15427249,32.84746992],[-85.15590004,32.84990975],[-85.15985483,32.85493394],[-85.16231469,32.85646226],[-85.16431063,32.85616803],[-85.16674685,32.85472904],[-85.16805196,32.852849],[-85.17009921,32.8524808],[-85.17713504,32.85388035],[-85.1793666,32.85525779],[-85.18441764,32.86131063],[-85.18490678,32.86335339],[-85.1849328,32.86894713],[-85.18415914,32.87050928],[-85.18475579,32.87051124],[-85.18875952,32.88972432],[-85.23239654,33.10807443],[-85.30445754,33.48288144],[-85.35742054,33.75010146],[-85.37744454,33.85604446],[-85.40593632,34.00009631],[-85.40676633,34.00231034],[-85.42824064,34.11439497],[-85.42948863,34.1250939],[-85.4704685,34.32823623],[-85.51394853,34.52518937],[-85.51709253,34.54259537],[-85.52727951,34.58868028],[-85.53434551,34.62507931],[-85.56143451,34.75007629],[-85.58316355,34.86036847],[-85.59518157,34.92416861],[-85.59879969,34.94491326],[-85.59940369,34.95176426],[-85.60518682,34.98469408],[-85.46671286,34.98298781]],[[-85.59939562,34.95176501],[-85.59879162,34.94491401],[-85.59517355,34.92416964],[-85.58315554,34.86036956],[-85.56142652,34.75007746],[-85.53433752,34.62508047],[-85.52727152,34.58868145],[-85.51708453,34.5425965],[-85.51394053,34.5251905],[-85.47046051,34.32823743],[-85.42948059,34.12509481],[-85.42823259,34.11439585],[-85.40675841,34.00231192],[-85.40592841,34.0000979],[-85.37743654,33.85604556],[-85.35741254,33.75010256],[-85.30444953,33.48288254],[-85.23238853,33.10807554],[-85.18875152,32.88972548],[-85.18474897,32.87051805],[-85.18414699,32.87051607],[-85.18492468,32.86894578],[-85.18489867,32.86335409],[-85.18441002,32.86131338],[-85.17936073,32.85526263],[-85.17713157,32.85388668],[-85.17009912,32.85248779],[-85.16805716,32.85285504],[-85.16675296,32.85473377],[-85.16431381,32.8561745],[-85.16231266,32.85646949],[-85.15984886,32.85493872],[-85.15589312,32.84991331],[-85.15426494,32.84747254],[-85.15339884,32.84486427],[-85.15391541,32.84102048],[-85.15459123,32.83981316],[-85.15743505,32.8394477],[-85.16058619,32.83825651],[-85.16465976,32.83479632],[-85.16802774,32.82920337],[-85.16411564,32.82128016],[-85.1660881,32.81763401],[-85.16795053,32.81161038],[-85.16214555,32.80423159],[-85.15191994,32.794097],[-85.14577277,32.79110548],[-85.14190862,32.79181078],[-85.1405681,32.78969785],[-85.13929399,32.7849137],[-85.13467868,32.78389697],[-85.12993924,32.77964057],[-85.12622564,32.77918074],[-85.12220386,32.77335664],[-85.13088485,32.76957175],[-85.13439123,32.77058685],[-85.13739008,32.7690744],[-85.14257876,32.76068244],[-85.13659315,32.74843211],[-85.13220222,32.74440341],[-85.12409499,32.74168533],[-85.11855478,32.74080862],[-85.11480351,32.73809831],[-85.11333955,32.73574859],[-85.11317777,32.73281451],[-85.1150473,32.72883563],[-85.12084786,32.72293606],[-85.1227493,32.71572562],[-85.11901078,32.71005484],[-85.11928971,32.70396547],[-85.11704743,32.69203099],[-85.11474662,32.68562973],[-85.11264393,32.68342692],[-85.10404368,32.6796268],[-85.09354536,32.66972933],[-85.08849457,32.65775858],[-85.08974398,32.65564167],[-85.09634181,32.6528426],[-85.10034461,32.65014138],[-85.10534974,32.64483595],[-85.10039631,32.63711205],[-85.09660128,32.63465844],[-85.09133519,32.63402683],[-85.08364054,32.63596223],[-85.08237715,32.63383436],[-85.08473221,32.63047796],[-85.08854323,32.62787927],[-85.08945227,32.62542878],[-85.08730338,32.62046543],[-85.08536675,32.6185288],[-85.08362302,32.61779291],[-85.08224998,32.61626022],[-85.08077861,32.61015083],[-85.08029856,32.60357514],[-85.07640882,32.59466145],[-85.06754282,32.57953903],[-85.05968016,32.57673515],[-85.05693516,32.57123716],[-85.0405623,32.55563738],[-85.03484999,32.55199047],[-85.03207927,32.54542176],[-85.02251866,32.54291612],[-85.02205547,32.54004215],[-85.02024655,32.53474343],[-85.01620015,32.53112208],[-85.01379592,32.5261005],[-85.00840132,32.52486791],[-85.00710863,32.52386248],[-85.00154233,32.51473826],[-84.99984231,32.50433816],[-84.99751596,32.50072617],[-84.99834306,32.49413944],[-84.99674182,32.49233805],[-84.99484172,32.48604102],[-84.9952416,32.47524413],[-84.99824172,32.46984391],[-84.99804165,32.46174173],[-84.99534092,32.45323944],[-84.99353881,32.45073652],[-84.98383534,32.44563469],[-84.97183824,32.44283537],[-84.96704091,32.43533953],[-84.96304099,32.42424354],[-84.96343978,32.4225487],[-84.97183643,32.41625121],[-84.97944083,32.41224942],[-84.98110896,32.40283205],[-84.97990717,32.40009196],[-84.97388827,32.39520961],[-84.96877256,32.39300346],[-84.96874081,32.39146343],[-84.97177417,32.39060814],[-84.97639509,32.39103414],[-84.9783621,32.3905064],[-84.98338891,32.39177111],[-84.9859871,32.3896701],[-84.98856568,32.3840805],[-84.98628832,32.38032666],[-84.97935461,32.38069597],[-84.97382414,32.3798648],[-84.97197489,32.3776977],[-84.97433685,32.37458566],[-84.97727442,32.37385127],[-84.98028228,32.37439524],[-84.9840975,32.3735296],[-84.98630957,32.36966649],[-84.98518039,32.36705744],[-84.98325306,32.36511912],[-84.98347636,32.36318914],[-84.98678616,32.35906389],[-85.00459121,32.34520107],[-85.00810686,32.33667807],[-85.00711335,32.32835879],[-85.00188052,32.32200714],[-84.98951749,32.31930748],[-84.93868488,32.30069999],[-84.9338074,32.29825325],[-84.92287992,32.28532688],[-84.91113304,32.27694153],[-84.90402927,32.27374163],[-84.89396678,32.26583982],[-84.88909086,32.26090794],[-84.88918433,32.25923839],[-84.89229753,32.25828109],[-84.89814082,32.25861711],[-84.90146259,32.25743069],[-84.90409597,32.25084374],[-84.90723162,32.24905822],[-84.91009893,32.24834214],[-84.91732449,32.2490578],[-84.9230172,32.25083227],[-84.92443798,32.2498009],[-84.92413744,32.24564549],[-84.92303283,32.24454088],[-84.9203246,32.24404036],[-84.91722494,32.24594015],[-84.91393417,32.24514239],[-84.91273893,32.24334954],[-84.91633558,32.23655688],[-84.92063452,32.23395752],[-84.92263643,32.23175541],[-84.92353787,32.2297522],[-84.922938,32.22475327],[-84.92543484,32.22155732],[-84.92823255,32.21985871],[-84.93013022,32.21905969],[-84.9393284,32.21796002],[-84.94945126,32.21852002],[-84.95632836,32.21786001],[-84.9614264,32.21805993],[-84.96742811,32.2193603],[-84.97213364,32.21825901],[-84.97873779,32.21255528],[-84.98023967,32.21005314],[-84.98023967,32.20774691],[-84.97463223,32.20364219],[-84.97232636,32.20354093],[-84.96942609,32.20444202],[-84.96693139,32.20444202],[-84.96323695,32.20224432],[-84.96173988,32.19865137],[-84.96463556,32.19515858],[-84.96683298,32.19395999],[-84.97373184,32.19156038],[-84.99593224,32.18486057],[-85.0085353,32.18191132],[-85.01127344,32.18050021],[-85.01307336,32.17911774],[-85.01465658,32.17688743],[-85.02659127,32.16610971],[-85.03034499,32.16173187],[-85.0339979,32.15635301],[-85.04560085,32.14376414],[-85.04787154,32.14204013],[-85.0587557,32.13602504],[-85.06115277,32.13407036],[-85.06207106,32.13248741],[-85.06155033,32.12967046],[-85.05919003,32.12514988],[-85.0550554,32.1136689],[-85.05378741,32.10768196],[-85.04956011,32.09535908],[-85.04552274,32.0868675],[-85.04708492,32.08435363],[-85.05116765,32.0825342],[-85.05324135,32.08060869],[-85.05582395,32.07443987],[-85.05550131,32.07265431],[-85.05409476,32.07020809],[-85.05418962,32.06798635],[-85.05684096,32.05975532],[-85.05644072,32.05805431],[-85.05664062,32.05415628],[-85.05884098,32.04665606],[-85.05803992,32.04375223],[-85.05534291,32.04057622],[-85.05484957,32.03881259],[-85.05463781,32.03669502],[-85.05647476,32.03182017],[-85.05626345,32.028332],[-85.04932275,32.02269187],[-85.05014741,32.02110017],[-85.05367738,32.02067006],[-85.05477898,32.01740734],[-85.05382608,32.01350275],[-85.0550841,32.01071914],[-85.06344949,32.00414562],[-85.06455383,32.00249261],[-85.06804061,31.99335857],[-85.06834059,31.98675901],[-85.07094124,31.98165874],[-85.06993984,31.97835412],[-85.06683862,31.97475386],[-85.06593967,31.97245656],[-85.06593967,31.97115981],[-85.06783784,31.96736348],[-85.07023584,31.9656656],[-85.0739335,31.96416655],[-85.08323474,31.96246633],[-85.08573842,31.96076382],[-85.08674052,31.95916047],[-85.08684077,31.95775695],[-85.08243968,31.94535388],[-85.07894067,31.94145599],[-85.07894067,31.9401642],[-85.08473649,31.93736622],[-85.08643834,31.9359647],[-85.09183736,31.92886598],[-85.09823605,31.92626652],[-85.09953869,31.92526448],[-85.10024026,31.9240618],[-85.10134011,31.91866254],[-85.10243724,31.91736594],[-85.10913572,31.91436661],[-85.11314261,31.91186293],[-85.11274081,31.90985392],[-85.10984061,31.90805542],[-85.10978571,31.90414514],[-85.11156914,31.90125543],[-85.11064118,31.89686159],[-85.11203834,31.89476584],[-85.11403574,31.89336837],[-85.11703143,31.89286909],[-85.12113049,31.89326899],[-85.13293516,31.89306891],[-85.1341406,31.89216483],[-85.13434201,31.89145989],[-85.1337409,31.88955637],[-85.13164043,31.88675574],[-85.12934108,31.88245696],[-85.12844167,31.87965881],[-85.12844167,31.87756124],[-85.12884083,31.87636376],[-85.13374097,31.87006459],[-85.13584089,31.86246487],[-85.1374388,31.86066722],[-85.14013996,31.85876641],[-85.14074206,31.85746185],[-85.14024124,31.85525823],[-85.13804157,31.85125982],[-85.13774175,31.8458621],[-85.13834063,31.84416528],[-85.14134083,31.84106506],[-85.14184219,31.83926017],[-85.13924031,31.83415647],[-85.13593862,31.83045558],[-85.13309261,31.82866083],[-85.13263135,31.82683474],[-85.13432681,31.82460914],[-85.13134174,31.81756061],[-85.13154163,31.81306321],[-85.13294169,31.808063],[-85.13284167,31.79886135],[-85.13224183,31.79516233],[-85.13294087,31.79236717],[-85.13713957,31.78836841],[-85.14194338,31.78196332],[-85.1404395,31.77965736],[-85.12633861,31.76885745],[-85.12524101,31.76706138],[-85.12564034,31.76446574],[-85.12924261,31.7586637],[-85.1266399,31.75245961],[-85.12394004,31.74756087],[-85.11894082,31.73266319],[-85.11914051,31.73096582],[-85.12223962,31.72276819],[-85.12573961,31.7188682],[-85.12654062,31.71676555],[-85.12684069,31.70896479],[-85.12554041,31.69496177],[-85.12233741,31.6912583],[-85.11393768,31.68685844],[-85.11263966,31.68516103],[-85.10943946,31.67746054],[-85.09243594,31.65995895],[-85.08783349,31.65785783],[-85.07993248,31.65527981],[-85.07864251,31.65330644],[-85.07852412,31.65169083],[-85.0822753,31.65037282],[-85.08518351,31.64410305],[-85.08537578,31.64218536],[-85.08451236,31.63902016],[-85.08003633,31.63686018],[-85.07383687,31.62956082],[-85.06763393,31.62525947],[-85.05954102,31.62170995],[-85.05817846,31.62022261],[-85.05748372,31.61862252],[-85.05753764,31.61688439],[-85.05833994,31.61454941],[-85.06042858,31.61127341],[-85.06056281,31.60822116],[-85.05970235,31.60725415],[-85.05732041,31.60670516],[-85.05598698,31.60517541],[-85.05641559,31.60096422],[-85.05811965,31.59334397],[-85.05845075,31.58368797],[-85.0554275,31.57869355],[-85.05529485,31.57709386],[-85.05772944,31.57306453],[-85.05797092,31.57083815],[-85.05294122,31.56288703],[-85.05188334,31.55786862],[-85.05084761,31.55554698],[-85.04570644,31.54870143],[-85.042556,31.54594792],[-85.04189138,31.54468155],[-85.04131577,31.540987],[-85.04182342,31.53775624],[-85.04299271,31.53520377],[-85.04720582,31.52867461],[-85.04827408,31.52601247],[-85.04765878,31.52374668],[-85.04456725,31.52090504],[-85.04499641,31.51823226],[-85.04565141,31.51681742],[-85.04845404,31.51368884],[-85.05296054,31.50652204],[-85.05893291,31.49599238],[-85.06211455,31.4880213],[-85.0656966,31.48412624],[-85.0716319,31.46838481],[-85.06927844,31.45346991],[-85.06671342,31.44728385],[-85.0659656,31.44297791],[-85.06556469,31.4395427],[-85.0658856,31.43058811],[-85.06697821,31.42860046],[-85.06908463,31.42762849],[-85.07269247,31.42828783],[-85.07398668,31.42718439],[-85.07553337,31.42476375],[-85.07675633,31.415974],[-85.07982836,31.41173496],[-85.07998884,31.41047121],[-85.07739775,31.40284297],[-85.07763659,31.3988817],[-85.07865073,31.39636383],[-85.08041315,31.39393525],[-85.08244133,31.3845424],[-85.08691988,31.37447741],[-85.09217755,31.36457814],[-85.09262976,31.35747289],[-85.09180054,31.35520255],[-85.09099488,31.35441902],[-85.08741748,31.35441902],[-85.08592861,31.35314227],[-85.08587468,31.35019039],[-85.08707353,31.34031863],[-85.08781983,31.33798483],[-85.08942238,31.33603495],[-85.08899302,31.33428843],[-85.08416257,31.32831011],[-85.08378672,31.31821114],[-85.08447899,31.31619727],[-85.08741459,31.31122525],[-85.08770564,31.30405401],[-85.08978417,31.29502904],[-85.0931688,31.28969321],[-85.09911276,31.28417303],[-85.11031395,31.2817412],[-85.11277029,31.28004289],[-85.1146118,31.27733521],[-85.1145585,31.27629846],[-85.11255561,31.2743736],[-85.1119157,31.27247581],[-85.11199365,31.26798836],[-85.11327192,31.26434359],[-85.11236239,31.2595778],[-85.11172068,31.25801808],[-85.10915859,31.25460496],[-85.10619218,31.24807426],[-85.10427019,31.24186628],[-85.10248184,31.2378565],[-85.10077426,31.23480846],[-85.09885386,31.23252017],[-85.09677403,31.22565105],[-85.09871768,31.21951217],[-85.09871468,31.21128843],[-85.09977858,31.20975645],[-85.10563957,31.20460046],[-85.10697328,31.20269602],[-85.10814372,31.19563737],[-85.10752648,31.1864478],[-85.10650754,31.18529509],[-85.10442532,31.18564063],[-85.10205926,31.18472692],[-85.09851758,31.18015022],[-85.0984367,31.17777056],[-85.10045781,31.16672696],[-85.10021685,31.16548502],[-85.09211003,31.16028429],[-85.08358433,31.15962116],[-85.07780679,31.1578812],[-85.07663628,31.15692125],[-85.07018958,31.14867463],[-85.06403713,31.14249018],[-85.0624402,31.13951517],[-85.06108224,31.13422236],[-85.05468595,31.12081265],[-85.05287209,31.11948082],[-85.05018318,31.11890784],[-85.04051948,31.11157582],[-85.03708625,31.10974423],[-85.03562462,31.10818775],[-85.03284183,31.10056634],[-85.02974596,31.09615953],[-85.02607903,31.08418001],[-85.02834355,31.07685254],[-85.02858393,31.07458099],[-85.01815631,31.05924713],[-85.01265032,31.05539614],[-85.01140195,31.05354255],[-85.00882656,31.04557145],[-85.0085627,31.04282395],[-85.00941984,31.03237626],[-85.00506149,31.02469864],[-85.00455937,31.01917626],[-85.000069,31.01497799],[-84.99943876,31.01384116],[-84.99963661,31.00908073],[-85.00137628,31.0050465],[-85.00251225,31.00067304],[-85.00191042,31.00067203],[-85.00182968,30.99788914],[-85.00255056,30.98690098],[-85.00594468,30.97980574],[-85.00594167,30.97703869],[-85.0051147,30.97469994],[-85.00403348,30.97346139],[-84.99993121,30.97117702],[-84.99762955,30.97117702],[-84.98803087,30.9687776],[-84.98483322,30.96747855],[-84.98253585,30.96558072],[-84.98013725,30.96128324],[-84.97963767,30.95898519],[-84.97963767,30.95468724],[-84.98223745,30.94688791],[-84.9830376,30.9425871],[-84.98363777,30.93698555],[-84.98313687,30.93478159],[-84.98063305,30.93267939],[-84.9752313,30.93077913],[-84.97103558,30.92818178],[-84.96943616,30.92198405],[-84.96673492,30.9172819],[-84.95613358,30.90758158],[-84.95233444,30.90228278],[-84.94963433,30.89738258],[-84.94253257,30.88848138],[-84.93490964,30.88452245],[-84.93433522,30.88188967],[-84.9392346,30.87489055],[-84.93933478,30.87148456],[-84.93313392,30.86588378],[-84.93253567,30.86319162],[-84.9353336,30.86129271],[-84.9366356,30.85898839],[-84.93323293,30.85148249],[-84.92783306,30.84788358],[-84.92567624,30.84268484],[-84.9269644,30.83919952],[-84.93233045,30.83809692],[-84.93575532,30.83396425],[-84.9374348,30.82088855],[-84.93683406,30.8184856],[-84.93093255,30.81048491],[-84.92833338,30.80508763],[-84.92793381,30.8027901],[-84.9290338,30.79729012],[-84.92833335,30.79308743],[-84.92673244,30.79018577],[-84.91803302,30.77808658],[-84.91743384,30.77588957],[-84.91803348,30.77209185],[-84.9201349,30.76598772],[-84.91503236,30.76118728],[-84.91433248,30.75358849],[-84.91352998,30.75228443],[-84.91112544,30.75118235],[-84.90632049,30.75058173],[-84.90311952,30.75178209],[-84.90022299,30.75188198],[-84.89762617,30.75138259],[-84.89612916,30.75058418],[-84.88753166,30.74178674],[-84.885231,30.73498776],[-84.88382941,30.73258503],[-84.87542829,30.72748435],[-84.86976123,30.72189226],[-84.86470025,30.71153322],[-84.83632447,30.71070003],[-84.6448156,30.70198303],[-84.5393707,30.69676604],[-84.47440958,30.69278403],[-84.3749055,30.68978503],[-84.28121053,30.68524703],[-84.24990054,30.68413603],[-83.88022066,30.66582303],[-83.61166766,30.65124603],[-83.49987669,30.64566204],[-83.15617086,30.62549505],[-83.13137086,30.62357405],[-82.56923776,30.59095604],[-82.3748448,30.57899504],[-82.21484761,30.56858255],[-82.21439702,30.5669618],[-82.21731801,30.56519924],[-82.22282877,30.56560422],[-82.2282721,30.56258682],[-82.23443767,30.55659635],[-82.23444867,30.54900686],[-82.23892195,30.54543043],[-82.24041413,30.53776841],[-82.2361316,30.53114951],[-82.23076185,30.52675353],[-82.22940991,30.52082319],[-82.23038818,30.51733826],[-82.22694249,30.5102768],[-82.22503373,30.50782354],[-82.21852109,30.50418018],[-82.21286022,30.49874526],[-82.20645374,30.49187182],[-82.20142656,30.48516125],[-82.20094878,30.47444017],[-82.20462387,30.46887155],[-82.20771875,30.46050417],[-82.2075325,30.45692445],[-82.20604963,30.45550261],[-82.20483353,30.45183834],[-82.20398582,30.44450782],[-82.20649581,30.43708482],[-82.20988054,30.4328209],[-82.21030173,30.42458921],[-82.2041611,30.40132685],[-82.19652604,30.38931118],[-82.19234699,30.38456739],[-82.1929512,30.37877432],[-82.18881522,30.37658603],[-82.18639274,30.37734581],[-82.18464193,30.37715691],[-82.18380707,30.37370862],[-82.18002669,30.36861975],[-82.17151548,30.35986251],[-82.17005833,30.35892047],[-82.16175451,30.35784159],[-82.15810448,30.35990474],[-82.14327964,30.36338423],[-82.11638354,30.36732609],[-82.10483479,30.3683099],[-82.10250639,30.36781509],[-82.10142761,30.36655419],[-82.10181014,30.36533249],[-82.09469139,30.36077252],[-82.08110673,30.35879699],[-82.06853196,30.35917504],[-82.06003191,30.36031918],[-82.05006527,30.36232951],[-82.04791032,30.36325779],[-82.04073685,30.37015316],[-82.03681456,30.3778817],[-82.03586011,30.3852882],[-82.04115354,30.39684313],[-82.04197927,30.40326602],[-82.04115345,30.40996451],[-82.039961,30.41427652],[-82.03399412,30.42235472],[-82.03445345,30.42804985],[-82.03719793,30.43451861],[-82.0361931,30.43845602],[-82.03005526,30.44484781],[-82.02820197,30.44739258],[-82.0254465,30.45775334],[-82.02372379,30.46728575],[-82.01776887,30.47507764],[-82.0169713,30.47877833],[-82.01728635,30.48763891],[-82.01821082,30.49208335],[-82.01588148,30.49549638],[-82.01475928,30.51300953],[-82.01581596,30.51816987],[-82.01698056,30.51936248],[-82.01885722,30.52382929],[-82.01835039,30.53118273],[-82.01320587,30.550088],[-82.00546592,30.56349363],[-82.0080805,30.57701961],[-82.01209871,30.59377551],[-82.01569869,30.60170866],[-82.01649655,30.60249147],[-82.02693358,30.60616013],[-82.02732703,30.606728],[-82.02653022,30.61330341],[-82.02848887,30.62183222],[-82.03391826,30.62960821],[-82.03760004,30.633276],[-82.03992986,30.63714538],[-82.03908114,30.64113207],[-82.03958468,30.64331142],[-82.04226211,30.64945769],[-82.04610646,30.65177351],[-82.04949593,30.65555057],[-82.04883265,30.66067497],[-82.04716848,30.6629012],[-82.04698322,30.66592755],[-82.04846278,30.66894972],[-82.05042056,30.67626415],[-82.04353096,30.68473043],[-82.04140902,30.69359238],[-82.04300237,30.69825548],[-82.03641516,30.70658249],[-82.03679345,30.71303535],[-82.03852455,30.71591885],[-82.03755186,30.71863998],[-82.03914406,30.72318141],[-82.04003135,30.72459203],[-82.04444615,30.72615825],[-82.04478101,30.72847933],[-82.03941028,30.73719188],[-82.0396233,30.747726],[-82.03865489,30.75108398],[-82.03676623,30.75442507],[-82.03480592,30.75443997],[-82.03188933,30.75046617],[-82.02713642,30.75111953],[-82.023726,30.75349882],[-82.01882824,30.7545881],[-82.01885328,30.7565702],[-82.0113627,30.76259747],[-82.01515169,30.77197835],[-82.01843671,30.77276539],[-82.01794878,30.77494461],[-82.02325877,30.78269605],[-82.02374791,30.78526154],[-82.02196573,30.78822353],[-82.01874767,30.7879926],[-82.01586563,30.79157792],[-82.0125053,30.78932171],[-82.0080507,30.7920433],[-82.00475826,30.79138062],[-81.99497929,30.78606627],[-81.99210634,30.78298932],[-81.98342764,30.77811581],[-81.97772056,30.77662622],[-81.97343357,30.7788218],[-81.97081663,30.78385353],[-81.96994472,30.78907301],[-81.96661311,30.79390854],[-81.9628884,30.79584143],[-81.96171196,30.80099373],[-81.9644879,30.80744795],[-81.96243002,30.80843593],[-81.96272838,30.81363721],[-81.96391599,30.81809597],[-81.95569823,30.82274401],[-81.94949844,30.82785654],[-81.94369357,30.82597091],[-81.93878572,30.82882641],[-81.93698503,30.82850343],[-81.93622011,30.82541378],[-81.93281585,30.82040346],[-81.92705295,30.81756004],[-81.91872916,30.81748403],[-81.91091552,30.81611574],[-81.90452337,30.81773606],[-81.90407982,30.8204124],[-81.90670805,30.82339379],[-81.90725854,30.82555286],[-81.90481579,30.82826913],[-81.9014442,30.82991104],[-81.89485395,30.82515729],[-81.89291172,30.8255028],[-81.89103186,30.8224681],[-81.89150589,30.81674969],[-81.88910659,30.81355329],[-81.88482829,30.81152309],[-81.88150046,30.79990819],[-81.87619252,30.79979607],[-81.87036379,30.79747736],[-81.87041775,30.79481557],[-81.868266,30.79283946],[-81.86373686,30.79426608],[-81.85351071,30.79461892],[-81.84563884,30.79071099],[-81.84118696,30.7922586],[-81.83970441,30.79119482],[-81.84178817,30.78784959],[-81.83924437,30.78659026],[-81.82849254,30.78934621],[-81.82370118,30.78681997],[-81.8192091,30.78990208],[-81.80745221,30.79010996],[-81.80240573,30.78719057],[-81.79845637,30.78223911],[-81.79673961,30.7830496],[-81.79659757,30.78561536],[-81.79441796,30.78699216],[-81.79259148,30.78547142],[-81.78368902,30.77287984],[-81.78671118,30.76980166],[-81.78259662,30.76607033],[-81.7835347,30.76246204],[-81.782153,30.76133093],[-81.77194005,30.76380382],[-81.77155734,30.76516043],[-81.77347149,30.76699858],[-81.77245804,30.77123611],[-81.77034425,30.77348001],[-81.77128946,30.77631964],[-81.76963527,30.77710651],[-81.76172529,30.77568976],[-81.7604759,30.77464877],[-81.75853762,30.77107726],[-81.75488432,30.7686931],[-81.75004073,30.76710225],[-81.74404123,30.76638731],[-81.74076234,30.7650009],[-81.7403986,30.76360157],[-81.7421503,30.76195773],[-81.74275547,30.76058782],[-81.74200427,30.75906433],[-81.7323473,30.75528895],[-81.73136579,30.75400712],[-81.73296588,30.7520185],[-81.73285135,30.7504813],[-81.72930649,30.74824724],[-81.71992745,30.74462429],[-81.70911443,30.7479663],[-81.70246797,30.74543013],[-81.69477766,30.74840424],[-81.69242194,30.74763029],[-81.69105644,30.74327488],[-81.68842972,30.74147296],[-81.68009314,30.74159099],[-81.67282335,30.73892496],[-81.67011579,30.7402286],[-81.66882713,30.74251232],[-81.66906463,30.74498955],[-81.67246581,30.74844686],[-81.67930769,30.74475476],[-81.68234785,30.74549213],[-81.68308408,30.74848784],[-81.67843141,30.75106124],[-81.66984107,30.75166019],[-81.66334534,30.75439181],[-81.66084431,30.75318714],[-81.65978564,30.74944336],[-81.66355576,30.74573024],[-81.66269788,30.74303316],[-81.65988534,30.74217024],[-81.65463275,30.74437465],[-81.65233718,30.74309534],[-81.6515151,30.740677],[-81.65410104,30.73309318],[-81.65314238,30.72979346],[-81.64902704,30.72748991],[-81.64613487,30.72758208],[-81.64190826,30.72891453],[-81.63805272,30.73335885],[-81.63505426,30.73326723],[-81.63285109,30.72875494],[-81.63069144,30.72808525],[-81.62913199,30.72871909],[-81.62832112,30.73538702],[-81.62437076,30.73632953],[-81.62083396,30.73161778],[-81.62113745,30.72883447],[-81.62355484,30.72467836],[-81.62114347,30.7225309],[-81.61507118,30.72268188],[-81.61305317,30.72044631],[-81.61066255,30.71620766],[-81.60761294,30.71636436],[-81.60581627,30.71968816],[-81.60600726,30.72621686],[-81.60428603,30.72893091],[-81.60087903,30.72943458],[-81.596462,30.72724453],[-81.59610277,30.72461521],[-81.59711802,30.71931971],[-81.59383754,30.71847071],[-81.58928557,30.72283155],[-81.58681845,30.72372578],[-81.57372152,30.72232721],[-81.571425,30.72162827],[-81.56841784,30.71897113],[-81.56380618,30.71774229],[-81.56347133,30.71341829],[-81.56070995,30.71167837],[-81.5561424,30.71374279],[-81.55255957,30.71696663],[-81.54930094,30.71828206],[-81.5461044,30.71702339],[-81.54468853,30.71396484],[-81.54160237,30.7100551],[-81.53839167,30.70864616],[-81.5351402,30.70969489],[-81.53380208,30.7120534],[-81.53450628,30.71793612],[-81.53423744,30.72096835],[-81.53335723,30.72342637],[-81.5311549,30.72420964],[-81.52141844,30.72252708],[-81.51611586,30.72222699],[-81.50721439,30.7229271],[-81.48953593,30.72609101],[-81.48733555,30.72607205],[-81.48379362,30.72388456],[-81.47576117,30.71474706],[-81.47260126,30.71330372],[-81.46446755,30.71103625],[-81.45997946,30.7104251],[-81.44871811,30.70934397],[-81.44410786,30.70970625],[-81.44969714,30.71968847],[-81.45945954,30.74198109],[-81.46105429,30.75368428],[-81.46005038,30.76991092],[-81.45527667,30.79092761],[-81.4469172,30.81038638],[-81.44012101,30.82136407],[-81.43082558,30.83115153],[-81.42856682,30.83633326],[-81.41246286,30.88574816],[-81.40406835,30.90373625],[-81.40339831,30.95791491],[-81.40847555,30.97772762],[-81.41582936,30.9772007],[-81.42011722,30.97408117],[-81.42693671,30.95662403],[-81.44737798,30.95674093],[-81.44803897,30.96551987],[-81.45356551,30.96558196],[-81.4668127,30.97091943],[-81.47232718,30.96990706],[-81.47579273,30.96598684],[-81.48695916,30.96960941],[-81.49363911,30.97752942],[-81.49057716,30.98494604],[-81.469293,30.99602004],[-81.46095685,30.99913559],[-81.45778533,31.0102544],[-81.45143893,31.0155066],[-81.43493299,31.01779351],[-81.4347204,31.01463673],[-81.43247853,31.01298165],[-81.42472762,31.01366936],[-81.42046526,31.01669745],[-81.41511288,31.02671503],[-81.40125633,31.07277986],[-81.40119832,31.08614344],[-81.40372151,31.10711701],[-81.40951122,31.12060999],[-81.39967091,31.13410418],[-81.38773992,31.13442409],[-81.37588266,31.14032972],[-81.36580346,31.14793938],[-81.36078139,31.15589908],[-81.35487061,31.16719965],[-81.33110279,31.19694917],[-81.31589218,31.20914606],[-81.30306303,31.21686814],[-81.29569552,31.21503827],[-81.29045816,31.2176855],[-81.28912553,31.22548514],[-81.28283198,31.2443268],[-81.27685368,31.25472784],[-81.26954013,31.25873679],[-81.27122326,31.26589885],[-81.27952404,31.27174869],[-81.28285148,31.29063654],[-81.28760406,31.3105368],[-81.28291218,31.32649039],[-81.28594151,31.34972189],[-81.29045802,31.36149623],[-81.29425655,31.36859275],[-81.26860488,31.38300276],[-81.26179296,31.39356473],[-81.25860596,31.40442175],[-81.2469019,31.42277928],[-81.20487361,31.47311963],[-81.18963358,31.50358368],[-81.17933217,31.51628819],[-81.17871376,31.51820256],[-81.18075259,31.52245538],[-81.18656021,31.52919126],[-81.19824818,31.5370426],[-81.20419526,31.5360823],[-81.21352442,31.52816016],[-81.2179494,31.52729295],[-81.2285455,31.52699203],[-81.23668593,31.52920278],[-81.24375942,31.51890023],[-81.25145284,31.50570524],[-81.26289914,31.49579317],[-81.26772613,31.49701291],[-81.27872585,31.49754665],[-81.28229869,31.50440175],[-81.2776519,31.50950703],[-81.26387115,31.51583883],[-81.25879598,31.5290647],[-81.26343446,31.53094094],[-81.27105919,31.53108308],[-81.27632516,31.52528401],[-81.29517886,31.52154684],[-81.29824684,31.53350019],[-81.28969559,31.53723768],[-81.27653399,31.54845448],[-81.25920016,31.55032457],[-81.25421401,31.5559295],[-81.24069912,31.5523036],[-81.21605926,31.55840706],[-81.20319346,31.56970752],[-81.19557514,31.58042074],[-81.18725547,31.58004752],[-81.18791284,31.57276456],[-81.1825702,31.5617932],[-81.17876223,31.55814243],[-81.17185948,31.55895358],[-81.16035467,31.57043138],[-81.14996016,31.5934725],[-81.12883325,31.63143894],[-81.13396338,31.64095904],[-81.13453934,31.66199265],[-81.13639727,31.6748322],[-81.13559745,31.68348932],[-81.13112434,31.69577811],[-81.13939142,31.69992617],[-81.14937153,31.69931285],[-81.15189575,31.698418],[-81.15463183,31.69388087],[-81.1610839,31.69141091],[-81.18629555,31.70151597],[-81.19528087,31.71384602],[-81.20355775,31.71944988],[-81.19277973,31.73323412],[-81.17404158,31.72747792],[-81.16067168,31.72813492],[-81.1384486,31.72092457],[-81.13062869,31.7226839],[-81.11196294,31.73721126],[-81.09508776,31.74913739],[-81.07916213,31.76267792],[-81.07036751,31.77136853],[-81.04636264,31.80086438],[-81.03590299,31.81035987],[-81.03471279,31.81642498],[-81.03980126,31.82300776],[-81.04794311,31.82489104],[-81.05095528,31.82238792],[-81.05231992,31.81905968],[-81.06211014,31.82107904],[-81.06727559,31.82613351],[-81.07580163,31.82903716],[-81.07616709,31.83612771],[-81.06278184,31.84473394],[-81.05905947,31.85010336],[-81.05858525,31.85781205],[-81.06524059,31.87708546],[-81.0415502,31.87618909],[-81.03141557,31.87292282],[-81.02841163,31.86813132],[-81.01448235,31.86746521],[-81.00032045,31.85673452],[-80.99268461,31.85763256],[-80.9714264,31.87793467],[-80.94728704,31.89620319],[-80.93012574,31.90807169],[-80.94135695,31.91299323],[-80.95446779,31.91177715],[-80.96848761,31.91582965],[-80.98361259,31.93167744],[-80.98432463,31.94013703],[-80.97238777,31.94126136],[-80.94847933,31.95722633],[-80.94938494,31.9613156],[-80.94274088,31.96373162],[-80.93253002,31.96191824],[-80.93028948,31.95670297],[-80.92801557,31.93852272],[-80.92134822,31.9387241],[-80.89768188,31.94905711],[-80.88189001,31.95667554],[-80.86280597,31.96933989],[-80.85940757,31.97381705],[-80.85841891,31.98425546],[-80.84728934,31.98754204],[-80.84190441,32.00263584],[-80.8403669,32.00303749],[-80.84090637,32.01162503],[-80.84344629,32.02365238],[-80.85272849,32.02879769],[-80.85506363,32.02546979],[-80.85911661,32.02370067],[-80.86621387,32.01938512],[-80.87595064,32.01676833],[-80.89073703,32.03073686],[-80.90666808,32.03480011],[-80.90764832,32.03815891],[-80.92102338,32.0399986],[-80.92507811,32.04194603],[-80.95387312,32.07014904],[-80.95956536,32.07286259],[-80.9719119,32.07464167],[-80.98053578,32.07784388],[-80.98350109,32.07955533],[-80.98683546,32.08412009],[-80.99212908,32.09492035],[-80.99955003,32.10044155],[-81.00430284,32.1023761],[-81.01101828,32.10205884],[-81.01736316,32.09879133],[-81.02163164,32.09168853],[-81.0262679,32.08813663],[-81.03812462,32.08374396],[-81.04353948,32.08611259],[-81.05954675,32.08863147],[-81.07430162,32.09739339],[-81.08825677,32.09993778],[-81.08696215,32.10397048],[-81.08947456,32.10623165],[-81.09123654,32.11089526],[-81.09497496,32.11183011],[-81.10332803,32.11114578],[-81.10670083,32.10970899],[-81.10893465,32.11163425],[-81.11112948,32.11201339],[-81.11535871,32.11471099],[-81.11722332,32.11760726],[-81.11721433,32.1198037],[-81.11523096,32.12550375],[-81.11611799,32.12868243],[-81.11993207,32.13400015],[-81.11912345,32.14210235],[-81.11832417,32.14439927],[-81.11622827,32.14719447],[-81.11222332,32.14930102],[-81.11222533,32.15080868],[-81.11429416,32.1520277],[-81.11796472,32.15234066],[-81.12110674,32.15450923],[-81.12212629,32.15730526],[-81.12202325,32.1618062],[-81.12312776,32.16290971],[-81.12842735,32.16440959],[-81.12973381,32.16593413],[-81.128125,32.16909686],[-81.12118522,32.17491349],[-81.11901824,32.17466089],[-81.11775585,32.17114981],[-81.11383675,32.1712501],[-81.11112235,32.17269751],[-81.11022238,32.17680351],[-81.11193024,32.17801178],[-81.11393443,32.17761235],[-81.11638134,32.17617975],[-81.12044022,32.17829742],[-81.11982368,32.18119955],[-81.11792319,32.18529959],[-81.11822377,32.18920705],[-81.12154342,32.19042093],[-81.1215732,32.19219548],[-81.11622653,32.19299039],[-81.11410668,32.19391639],[-81.11400499,32.19545278],[-81.11588887,32.19645202],[-81.11980307,32.19516529],[-81.12205163,32.1955087],[-81.12313977,32.20133209],[-81.12827523,32.2086406],[-81.13407746,32.21146719],[-81.13671631,32.21367273],[-81.13670632,32.21626904],[-81.13842673,32.21926224],[-81.14313635,32.2217402],[-81.1508319,32.2212053],[-81.15213438,32.22231889],[-81.14805445,32.22377422],[-81.14480374,32.22598875],[-81.14362243,32.22926715],[-81.14576294,32.2323492],[-81.1523711,32.23630629],[-81.15587292,32.2409724],[-81.15657591,32.24390917],[-81.15558613,32.24601644],[-81.15288876,32.24779904],[-81.14709977,32.24955665],[-81.14571754,32.25152308],[-81.14832184,32.2550985],[-81.14750979,32.25650567],[-81.14505282,32.25774415],[-81.14472037,32.25877475],[-81.14662826,32.2610258],[-81.1465914,32.26276258],[-81.14533155,32.26398362],[-81.1402043,32.26356884],[-81.13838283,32.26422682],[-81.13691851,32.26611338],[-81.13762954,32.2684982],[-81.13957023,32.26976426],[-81.14173711,32.27022118],[-81.14191337,32.27173427],[-81.13558223,32.27246233],[-81.13349348,32.26978408],[-81.13252114,32.27024034],[-81.13211571,32.27274401],[-81.12999267,32.27578876],[-81.12795513,32.27645599],[-81.12525102,32.27502599],[-81.12341499,32.2750421],[-81.12326499,32.27697909],[-81.12590955,32.27876182],[-81.1271501,32.28078781],[-81.12695472,32.28269374],[-81.12571499,32.28364768],[-81.12223379,32.28423372],[-81.11985617,32.28619936],[-81.12000844,32.28994304],[-81.12335193,32.2938476],[-81.123906,32.2964103],[-81.12264541,32.2995073],[-81.12232226,32.30539597],[-81.12292336,32.30729946],[-81.124977,32.30917133],[-81.12778374,32.30722505],[-81.13151755,32.3072859],[-81.13303811,32.30901032],[-81.13083853,32.31097736],[-81.12974086,32.31396891],[-81.13164111,32.31950564],[-81.13063669,32.3254111],[-81.13175874,32.32638253],[-81.13375566,32.32430148],[-81.1362858,32.32500618],[-81.13791343,32.32865937],[-81.13574241,32.3302754],[-81.13390703,32.33330903],[-81.13137591,32.33586711],[-81.12894633,32.33644496],[-81.12860516,32.33862346],[-81.12942673,32.34156164],[-81.13400732,32.34121844],[-81.13528922,32.34299552],[-81.13934416,32.34508598],[-81.14150314,32.35032993],[-81.14379328,32.35153922],[-81.14732883,32.35013263],[-81.14725857,32.34748912],[-81.14524624,32.34584312],[-81.14598672,32.3450276],[-81.14867634,32.34533144],[-81.15184479,32.34302776],[-81.15220274,32.34145235],[-81.15484226,32.34156013],[-81.15736057,32.34000893],[-81.15982463,32.33997309],[-81.1606103,32.34174831],[-81.15982591,32.3429656],[-81.15673399,32.34276773],[-81.15504247,32.3441611],[-81.15482918,32.34956043],[-81.15536761,32.35004309],[-81.16009233,32.34896215],[-81.16159613,32.35042219],[-81.16048704,32.35364355],[-81.16098869,32.35591198],[-81.16385807,32.35665812],[-81.16711333,32.35872248],[-81.16711333,32.36104771],[-81.17381416,32.36271692],[-81.17392149,32.36354006],[-81.16898722,32.36511219],[-81.16789445,32.36830528],[-81.16920889,32.37014209],[-81.17378192,32.3731041],[-81.17574974,32.37581786],[-81.178853,32.37809752],[-81.18183029,32.37935185],[-81.17848382,32.38446593],[-81.17730503,32.38978351],[-81.17870345,32.39364945],[-81.18534919,32.40006817],[-81.18990131,32.40707135],[-81.1949228,32.41149478],[-81.20549558,32.42361409],[-81.20503705,32.42547918],[-81.20843077,32.43699781],[-81.19963372,32.44158679],[-81.1994241,32.44419546],[-81.20104904,32.44623164],[-81.20555462,32.44650861],[-81.20665418,32.44809378],[-81.20448815,32.45277121],[-81.20329003,32.45298311],[-81.19878543,32.44850851],[-81.19747378,32.44913503],[-81.19795692,32.45387439],[-81.19636299,32.45511676],[-81.19430187,32.45351278],[-81.19223519,32.45363044],[-81.1916028,32.45519027],[-81.19454568,32.45777616],[-81.1937187,32.45966996],[-81.18859478,32.46121864],[-81.18693901,32.46356682],[-81.18864482,32.46532088],[-81.19153756,32.46482507],[-81.19482532,32.46509472],[-81.20002199,32.46799187],[-81.21190641,32.47900033],[-81.21680706,32.48281006],[-81.22498708,32.49189208],[-81.23357493,32.49849242],[-81.23424397,32.50275167],[-81.23764933,32.50512362],[-81.23867316,32.50698567],[-81.23840067,32.51018758],[-81.23670268,32.51139331],[-81.23294659,32.51168255],[-81.23213683,32.51333623],[-81.23341094,32.5179699],[-81.23545941,32.51855618],[-81.23737638,32.51713898],[-81.24019584,32.51637475],[-81.24190317,32.51718113],[-81.24311079,32.5202397],[-81.24480289,32.52054589],[-81.24686703,32.51856583],[-81.24955972,32.51786621],[-81.25287745,32.51833846],[-81.26602393,32.52731942],[-81.27241963,32.5304283],[-81.27416562,32.53378028],[-81.27989512,32.53659755],[-81.28003923,32.53748882],[-81.27623428,32.53855069],[-81.27479124,32.54114115],[-81.27494445,32.54482424],[-81.27573291,32.54567002],[-81.27905478,32.5463262],[-81.28072089,32.54764233],[-81.28102289,32.54967562],[-81.2787487,32.55233784],[-81.27922805,32.5545942],[-81.28131857,32.55647226],[-81.28327427,32.55679168],[-81.28425308,32.55603139],[-81.28473112,32.5529472],[-81.28647307,32.55148343],[-81.28887491,32.55117262],[-81.28994978,32.55218198],[-81.28833325,32.55591059],[-81.28845639,32.55845743],[-81.28956377,32.56174555],[-81.29128678,32.56274863],[-81.2931267,32.56239961],[-81.29117112,32.55721978],[-81.29177128,32.55533356],[-81.29483284,32.55358966],[-81.2966882,32.55340233],[-81.29785557,32.5540958],[-81.29794718,32.55582555],[-81.29547022,32.5590715],[-81.29557752,32.56182216],[-81.29795242,32.56303519],[-81.30059519,32.56285186],[-81.30523849,32.56152378],[-81.32180632,32.55954915],[-81.32860069,32.56110032],[-81.33318561,32.56350728],[-81.33623816,32.56424742],[-81.35075726,32.57017646],[-81.35479188,32.57108015],[-81.35830889,32.57363407],[-81.35779366,32.57518476],[-81.35368638,32.57790727],[-81.35410824,32.57991515],[-81.35774636,32.58212848],[-81.36017501,32.58178612],[-81.3629446,32.57731217],[-81.36520341,32.57658149],[-81.36693997,32.57702582],[-81.36709896,32.57860579],[-81.36358084,32.58178881],[-81.36449321,32.58404262],[-81.36838242,32.58422983],[-81.36980956,32.58505345],[-81.37027285,32.58669936],[-81.36886834,32.58975146],[-81.369749,32.59123764],[-81.37156794,32.59202721],[-81.37396829,32.59181648],[-81.37570097,32.58948157],[-81.37817282,32.58882747],[-81.38099368,32.58965995],[-81.38932964,32.59544184],[-81.39385637,32.60234543],[-81.40645436,32.61304657],[-81.40750754,32.61658819],[-81.4084363,32.6171953],[-81.41121494,32.61773784],[-81.41295442,32.62040192],[-81.41250407,32.62156623],[-81.41307704,32.6248077],[-81.41810553,32.62835334],[-81.41842016,32.63470093],[-81.41700674,32.6361403],[-81.41475802,32.63743084],[-81.4134187,32.63735941],[-81.41153257,32.63290284],[-81.41026574,32.63138324],[-81.40819208,32.6312978],[-81.40272117,32.63703115],[-81.40362821,32.63793315],[-81.4118185,32.63939067],[-81.41254103,32.64152044],[-81.41181111,32.64214737],[-81.4051049,32.6426813],[-81.39458107,32.64956381],[-81.39302121,32.65154171],[-81.39380896,32.65349654],[-81.39831029,32.65631588],[-81.40526569,32.65652577],[-81.4071825,32.66052111],[-81.40728908,32.66155796],[-81.40663959,32.66250637],[-81.40451253,32.66263056],[-81.40326257,32.6594572],[-81.40034049,32.65847783],[-81.39750327,32.66020845],[-81.39753338,32.66259536],[-81.40390233,32.66688132],[-81.40390332,32.67064046],[-81.401018,32.67749322],[-81.40178097,32.68117888],[-81.40431402,32.683769],[-81.40662255,32.68486787],[-81.40582089,32.69046349],[-81.40748255,32.69233636],[-81.40961115,32.69705613],[-81.41088626,32.69686745],[-81.41055621,32.69251878],[-81.41239568,32.69210594],[-81.41356897,32.6954809],[-81.41664799,32.69551496],[-81.41887283,32.69621901],[-81.42058741,32.69984014],[-81.42262103,32.70086998],[-81.42672822,32.70087597],[-81.4274925,32.70224075],[-81.42455196,32.70532518],[-81.42408734,32.70756394],[-81.42644479,32.70901999],[-81.42592031,32.71002746],[-81.42214476,32.70973241],[-81.42118548,32.7119714],[-81.42003692,32.71241392],[-81.41666661,32.71227382],[-81.41510826,32.71366639],[-81.41575033,32.71588656],[-81.42044097,32.71985041],[-81.42032779,32.7210457],[-81.4187665,32.72184177],[-81.41091257,32.72119769],[-81.40997703,32.72185902],[-81.41006388,32.72310422],[-81.41558668,32.72353968],[-81.41775845,32.72507827],[-81.41780427,32.72658034],[-81.4167401,32.72876274],[-81.41826771,32.73092501],[-81.41853031,32.73258022],[-81.41703554,32.73307517],[-81.41467355,32.7320706],[-81.41251004,32.73242399],[-81.41158288,32.73385193],[-81.41385968,32.73747661],[-81.41266312,32.73907534],[-81.40759542,32.74032626],[-81.40573906,32.74254027],[-81.40492129,32.7455581],[-81.40500542,32.74828735],[-81.40586082,32.74915281],[-81.41066282,32.74932502],[-81.41859756,32.74800107],[-81.41982496,32.74979739],[-81.41847651,32.75218311],[-81.41673034,32.75326649],[-81.41371409,32.75282389],[-81.41156436,32.75310839],[-81.40835452,32.75468025],[-81.4079866,32.75616408],[-81.40956637,32.75603976],[-81.41226247,32.7547012],[-81.41402561,32.75542789],[-81.41180898,32.7631256],[-81.41401638,32.76453544],[-81.41663432,32.76054443],[-81.41776326,32.76023221],[-81.41888749,32.76113358],[-81.41734555,32.76333122],[-81.41708481,32.76609307],[-81.42201665,32.76837616],[-81.42911123,32.76791412],[-81.43192983,32.76891713],[-81.43207096,32.77054508],[-81.42984946,32.77212047],[-81.42258466,32.77298897],[-81.41859855,32.77272483],[-81.41734492,32.77332954],[-81.41444478,32.77814777],[-81.41471264,32.77921017],[-81.41616664,32.77980143],[-81.42333045,32.77852128],[-81.42684971,32.77946401],[-81.43006911,32.78177642],[-81.43122247,32.78413898],[-81.42997621,32.78522277],[-81.4262937,32.78265191],[-81.4239248,32.78271813],[-81.42222904,32.78398217],[-81.42235279,32.78575397],[-81.4275725,32.78695067],[-81.42741475,32.78831589],[-81.42499228,32.79032696],[-81.41968878,32.79322242],[-81.4198696,32.79486906],[-81.42298118,32.79400713],[-81.42522508,32.79419827],[-81.42633707,32.79888301],[-81.42827808,32.80083201],[-81.42689031,32.80222971],[-81.42273175,32.80198056],[-81.42223038,32.80312757],[-81.42631467,32.80992905],[-81.42597339,32.81106468],[-81.42376914,32.81050389],[-81.41974343,32.81372546],[-81.41848678,32.81566101],[-81.41797252,32.81819919],[-81.41857979,32.81868804],[-81.42058875,32.81865993],[-81.42435622,32.81618894],[-81.4270868,32.81687756],[-81.42822348,32.81858508],[-81.42794428,32.81937318],[-81.42693497,32.81969604],[-81.42303455,32.81973809],[-81.42194047,32.82146511],[-81.42247889,32.82289755],[-81.42951591,32.82715156],[-81.42992947,32.82823988],[-81.42810005,32.82867489],[-81.42367148,32.82829776],[-81.42181989,32.82925866],[-81.42060877,32.83122171],[-81.42160403,32.83518175],[-81.42646821,32.8407804],[-81.43481107,32.84354901],[-81.4375113,32.84017246],[-81.43994281,32.84037044],[-81.4428709,32.84584812],[-81.44226811,32.84858714],[-81.44266169,32.85011326],[-81.4448665,32.8509771],[-81.45120882,32.84792963],[-81.45175158,32.84477199],[-81.45402883,32.8442094],[-81.46070864,32.84604378],[-81.46020378,32.8473914],[-81.45554302,32.84649571],[-81.45705023,32.85039019],[-81.45690645,32.85260177],[-81.45300616,32.8596343],[-81.45335015,32.86384515],[-81.45135567,32.86716395],[-81.45338175,32.87388917],[-81.45721068,32.87380504],[-81.46054793,32.87516769],[-81.46186886,32.87755476],[-81.46504657,32.88090573],[-81.46714707,32.88060983],[-81.46805113,32.87668258],[-81.47037555,32.87627625],[-81.47591197,32.87764887],[-81.47943306,32.8810841],[-81.47709094,32.88746325],[-81.47170167,32.890429],[-81.46710357,32.88898928],[-81.46591693,32.88944833],[-81.46826362,32.89227557],[-81.4646453,32.89599479],[-81.46405733,32.89781589],[-81.46591708,32.8998962],[-81.4689781,32.90109294],[-81.47162782,32.90001016],[-81.47066043,32.89504616],[-81.47214185,32.89382669],[-81.47552887,32.89673157],[-81.48080152,32.89862001],[-81.48085424,32.90021565],[-81.47936347,32.90233034],[-81.47917318,32.90564023],[-81.48143254,32.9088963],[-81.47999615,32.91344655],[-81.48129325,32.91459384],[-81.4870389,32.91478066],[-81.48724691,32.91784512],[-81.48443051,32.91881822],[-81.48318567,32.92180444],[-81.48959815,32.92704674],[-81.49206005,32.92783139],[-81.49508542,32.93160386],[-81.49982289,32.93262196],[-81.50241659,32.93535643],[-81.50270513,32.93868609],[-81.49955553,32.94371945],[-81.49943491,32.94499201],[-81.50400856,32.94809749],[-81.50859925,32.95255525],[-81.50999834,32.95732713],[-81.51003533,32.96097089],[-81.51133607,32.96672072],[-81.51079284,32.96851885],[-81.50883949,32.9693577],[-81.50785725,32.96884876],[-81.50757835,32.96558688],[-81.50503116,32.96355273],[-81.50136668,32.96290441],[-81.49982029,32.96381075],[-81.49782672,32.97300836],[-81.494725,32.97899575],[-81.49549288,32.983532],[-81.49433436,32.98508136],[-81.49431829,32.98626275],[-81.49598617,32.98829883],[-81.49640906,32.98961538],[-81.49612822,32.99090806],[-81.49224293,32.99350459],[-81.49144649,32.99543509],[-81.49118591,32.9978274],[-81.49273153,32.99911609],[-81.49982271,33.00066269],[-81.50061873,33.00195623],[-81.5002201,33.00345109],[-81.4987467,33.00505716],[-81.49189041,33.00668671],[-81.4914075,33.00807908],[-81.49224595,33.00934982],[-81.4966323,33.01023229],[-81.49976009,33.01226021],[-81.50202229,33.01511947],[-81.50405076,33.01626255],[-81.50568821,33.01598176],[-81.50741468,33.01154199],[-81.50822405,33.01053551],[-81.5106829,33.01032464],[-81.51155709,33.01228188],[-81.50890928,33.01566109],[-81.50820856,33.01751061],[-81.51027444,33.02124062],[-81.51133492,33.02147449],[-81.51371659,33.02058323],[-81.51607034,33.02084177],[-81.51837661,33.0215929],[-81.51906206,33.02319229],[-81.51759143,33.02398173],[-81.51402237,33.02365381],[-81.51168305,33.02449873],[-81.51057434,33.02580328],[-81.51123606,33.02779245],[-81.5132281,33.02855476],[-81.51962834,33.02918968],[-81.5226463,33.03079606],[-81.52844129,33.03565054],[-81.52877521,33.03687259],[-81.52842702,33.03988421],[-81.529136,33.04082079],[-81.53072272,33.04087308],[-81.53549965,33.03849861],[-81.53878277,33.03919295],[-81.54007125,33.04061706],[-81.54212532,33.04692325],[-81.54375251,33.04856749],[-81.54652657,33.04884751],[-81.55179175,33.04339829],[-81.55314503,33.04320525],[-81.5619426,33.04585191],[-81.56609226,33.04879259],[-81.56503818,33.04968533],[-81.56033659,33.05002752],[-81.55892691,33.05292008],[-81.55938892,33.05490744],[-81.56398569,33.06085231],[-81.5656892,33.06105834],[-81.56700094,33.06040599],[-81.56695945,33.05959246],[-81.56457417,33.05803297],[-81.56302971,33.05581193],[-81.56631326,33.05344021],[-81.56988973,33.05451045],[-81.57190267,33.05399698],[-81.57322792,33.05490426],[-81.5712955,33.05687264],[-81.5728252,33.05864689],[-81.57703975,33.05726104],[-81.57831568,33.05893124],[-81.57449275,33.06004306],[-81.57490222,33.06180804],[-81.58024632,33.06177102],[-81.58097844,33.06269357],[-81.57714923,33.06432953],[-81.57717645,33.06594642],[-81.57875073,33.06620427],[-81.58309581,33.06497152],[-81.58379266,33.06702032],[-81.58296245,33.06857659],[-81.5843561,33.06991092],[-81.58740562,33.06995193],[-81.59085071,33.07274419],[-81.59252723,33.07307323],[-81.59265546,33.06991554],[-81.59358229,33.06950777],[-81.59601906,33.07270184],[-81.60094401,33.07282389],[-81.60323266,33.07442345],[-81.60328683,33.07508432],[-81.59898478,33.07667449],[-81.59682519,33.07855462],[-81.59648972,33.07989447],[-81.60131466,33.0870593],[-81.60254187,33.08681466],[-81.60359615,33.08458294],[-81.60684257,33.08172422],[-81.61069584,33.07995631],[-81.61289239,33.08102921],[-81.61293227,33.08397735],[-81.60952418,33.08687173],[-81.60827444,33.08902144],[-81.60995587,33.09301521],[-81.61165113,33.09426661],[-81.61499223,33.0955602],[-81.63223383,33.09396087],[-81.63723301,33.09296103],[-81.64233068,33.0931609],[-81.64642739,33.09455978],[-81.65842738,33.10315977],[-81.67182799,33.10775898],[-81.67702821,33.1106581],[-81.69693226,33.11656001],[-81.70462981,33.11645904],[-81.71112768,33.12165834],[-81.7217268,33.12645794],[-81.72432589,33.12945689],[-81.72952724,33.13375701],[-81.74452627,33.1421559],[-81.74632669,33.14605682],[-81.75002913,33.14735767],[-81.75412728,33.15055623],[-81.763125,33.15945297],[-81.76442532,33.16555448],[-81.76762646,33.16725509],[-81.76812353,33.16824922],[-81.76672338,33.17144956],[-81.77242202,33.1809473],[-81.77173561,33.18153466],[-81.76864107,33.17844111],[-81.76613002,33.17783846],[-81.76492237,33.1795493],[-81.76692512,33.18205274],[-81.7677237,33.1846471],[-81.76592778,33.18783984],[-81.76283155,33.18823936],[-81.76062534,33.18924218],[-81.75952488,33.19474349],[-81.75692275,33.19784703],[-81.7582268,33.20025453],[-81.76162818,33.20175514],[-81.76352526,33.20365221],[-81.76529194,33.20950516],[-81.76722473,33.2127498],[-81.76792505,33.21635147],[-81.77402983,33.22115523],[-81.77773562,33.22185532],[-81.78014223,33.2211544],[-81.7810475,33.2198468],[-81.77764561,33.2153443],[-81.77754575,33.21135002],[-81.7789415,33.20985458],[-81.78453654,33.20815608],[-81.79023328,33.20845586],[-81.79823391,33.21165611],[-81.80393445,33.21135608],[-81.80648337,33.21213353],[-81.80792543,33.21374912],[-81.80812538,33.21944863],[-81.8092269,33.22215236],[-81.81173047,33.22385479],[-81.81963238,33.22665446],[-81.82792925,33.22875367],[-81.83172783,33.23355188],[-81.83792998,33.23835354],[-81.84652826,33.24175287],[-81.84862831,33.24505137],[-81.8529258,33.24874722],[-81.85255498,33.25140479],[-81.84982328,33.25291176],[-81.84513401,33.25253582],[-81.84002604,33.2546391],[-81.83982472,33.25614903],[-81.84153202,33.25725376],[-81.84473212,33.25745377],[-81.84632656,33.25845029],[-81.84812469,33.26454394],[-81.84690339,33.26659006],[-81.8438687,33.26661197],[-81.84267756,33.26451625],[-81.84080368,33.26326866],[-81.83845979,33.26284386],[-81.83744542,33.26184045],[-81.83644483,33.25943905],[-81.83440732,33.25836705],[-81.82882724,33.26203936],[-81.82832436,33.26304511],[-81.82887947,33.26408682],[-81.83054302,33.26439074],[-81.83335588,33.2622951],[-81.83532923,33.26235379],[-81.83602476,33.26354612],[-81.83522526,33.26654423],[-81.83552512,33.2714419],[-81.8326547,33.27428633],[-81.83250874,33.27556067],[-81.83350125,33.27608273],[-81.83634036,33.27445337],[-81.83914107,33.27390898],[-81.84412564,33.27884761],[-81.84452568,33.28294804],[-81.84618739,33.28433464],[-81.85158234,33.28355321],[-81.86072916,33.28585166],[-81.8633243,33.28924531],[-81.86162515,33.29374307],[-81.86202494,33.29694138],[-81.8600306,33.29913516],[-81.85254173,33.29933486],[-81.85034098,33.29643386],[-81.84872278,33.29673728],[-81.84962447,33.29954254],[-81.84602382,33.30434241],[-81.84762804,33.30714979],[-81.85172684,33.3087525],[-81.85364872,33.31033587],[-81.85607145,33.30985976],[-81.85760871,33.30711952],[-81.86054454,33.30494864],[-81.86206734,33.30248959],[-81.86392309,33.30204675],[-81.86462506,33.30334446],[-81.86402521,33.30784334],[-81.86492594,33.3118466],[-81.86653044,33.31375193],[-81.86925179,33.31377703],[-81.87584468,33.3074483],[-81.87944258,33.30235268],[-81.88122805,33.30255107],[-81.8819269,33.30544629],[-81.88462471,33.30924321],[-81.88152455,33.31404191],[-81.88252754,33.31705087],[-81.885239,33.31745242],[-81.89053839,33.31485272],[-81.89252724,33.31534993],[-81.89272577,33.31673965],[-81.89002773,33.31893805],[-81.8891486,33.32109473],[-81.89101998,33.32250077],[-81.89553566,33.32165146],[-81.89857873,33.32291117],[-81.89925937,33.32541451],[-81.89692633,33.3276386],[-81.89692633,33.33054565],[-81.89955889,33.33282201],[-81.90062621,33.33503565],[-81.90195386,33.33588721],[-81.90364874,33.33484591],[-81.90262409,33.33025903],[-81.90414072,33.32729168],[-81.90604758,33.32604646],[-81.90614057,33.3216249],[-81.90909668,33.31999116],[-81.91213539,33.3191519],[-81.9137239,33.32004544],[-81.91292827,33.32173615],[-81.90912768,33.32393649],[-81.90812478,33.32714577],[-81.9188266,33.33344684],[-81.91891817,33.33495775],[-81.91632721,33.33863828],[-81.91550265,33.34077316],[-81.91423798,33.34183054],[-81.91013182,33.34233356],[-81.90842557,33.34383907],[-81.90892022,33.34627318],[-81.91017085,33.34702013],[-81.9130317,33.3468947],[-81.91494565,33.3437475],[-81.91927671,33.34035129],[-81.92345422,33.3449064],[-81.9268181,33.34529319],[-81.93273868,33.34355002],[-81.93723384,33.34364992],[-81.9397265,33.3449461],[-81.93982622,33.34773828],[-81.93480085,33.35375773],[-81.93530296,33.35679344],[-81.94472837,33.36404653],[-81.94672606,33.36734172],[-81.94632684,33.37063526],[-81.94373307,33.37233119],[-81.93964067,33.37253082],[-81.93464195,33.36893174],[-81.93063168,33.36815533],[-81.9257276,33.37113463],[-81.9248253,33.3741423],[-81.9308511,33.38008008],[-81.93507516,33.39724732],[-81.938101,33.39993684],[-81.94446747,33.40367994],[-81.94561765,33.40583566],[-81.94488377,33.40795655],[-81.94314623,33.40902458],[-81.94078472,33.40873326],[-81.93476769,33.40678692],[-81.93138724,33.40694713],[-81.92944729,33.40774876],[-81.92476943,33.41240068],[-81.92386798,33.41045464],[-81.92128185,33.40858939],[-81.91775138,33.40719062],[-81.91236076,33.40808188],[-81.91048633,33.41030794],[-81.90961768,33.41260332],[-81.91075702,33.41504247],[-81.92106381,33.41742735],[-81.92488666,33.41931428],[-81.93173235,33.42451077],[-81.93229672,33.42658579],[-81.9307903,33.42902698],[-81.928323,33.42990131],[-81.92071261,33.43097737],[-81.91696521,33.43258483],[-81.91427247,33.43529158],[-81.91311513,33.43833211],[-81.9135216,33.44127655],[-81.91480276,33.44350255],[-81.91942659,33.44910235],[-81.92632686,33.46294188],[-81.92942905,33.46584393],[-81.93413168,33.46834533],[-81.94173321,33.47004545],[-81.96703278,33.48064426],[-81.97353394,33.48264462],[-81.9806331,33.48404446],[-81.98593102,33.486543],[-81.98932845,33.49004037],[-81.9909272,33.49423609],[-81.99037119,33.50076024],[-81.99192817,33.50443854],[-82.00132985,33.52014135],[-82.00762888,33.52334086],[-82.01002847,33.53043963],[-82.01153169,33.53174243],[-82.01983187,33.5350425],[-82.02342733,33.53793884],[-82.02342733,33.54073762],[-82.02823198,33.54494169],[-82.03301568,33.54646128],[-82.03488533,33.54916188],[-82.03736564,33.55466657],[-82.04632828,33.56383727],[-82.0489561,33.56487878],[-82.05493957,33.56539074],[-82.05772063,33.56678126],[-82.06903255,33.5753892],[-82.07309976,33.57751836],[-82.08748476,33.58062258],[-82.09412293,33.58274999],[-82.09634487,33.58407676],[-82.09880757,33.58636355],[-82.1062331,33.59564446],[-82.10937413,33.59658998],[-82.11581125,33.59660599],[-82.12039088,33.59489263],[-82.12586936,33.59074902],[-82.12908072,33.5899342],[-82.13351978,33.59054366],[-82.14286641,33.59428571],[-82.14880809,33.59809822],[-82.15105039,33.60096005],[-82.15334783,33.60632408],[-82.15628145,33.60863715],[-82.15832667,33.60971832],[-82.17616741,33.61378326],[-82.17984712,33.61595191],[-82.18913329,33.62372822],[-82.19657325,33.63058634],[-82.20117518,33.64689855],[-82.19973631,33.65761058],[-82.19983642,33.66176208],[-82.20979481,33.66928189],[-82.21081621,33.6706078],[-82.21315504,33.67721434],[-82.21864043,33.68630463],[-82.2256764,33.69144034],[-82.23456596,33.70021993],[-82.23538968,33.70438255],[-82.23718091,33.70788104],[-82.23574215,33.71438995],[-82.23730065,33.72189534],[-82.23874761,33.72520824],[-82.23948615,33.7293297],[-82.2390869,33.73087269],[-82.24323442,33.74012008],[-82.24539787,33.74292937],[-82.24746205,33.75259521],[-82.25558976,33.75988443],[-82.26003688,33.76043957],[-82.26403475,33.76284847],[-82.26500962,33.7657471],[-82.26771459,33.76765962],[-82.27044119,33.76792168],[-82.27767367,33.77203867],[-82.28407952,33.77878752],[-82.28864739,33.78164331],[-82.29246807,33.78241525],[-82.29498265,33.78187756],[-82.29747222,33.78298115],[-82.29899925,33.78447923],[-82.2995902,33.78648369],[-82.2988533,33.79316586],[-82.29926947,33.79894124],[-82.30020416,33.8006323],[-82.30344771,33.80327038],[-82.3124276,33.80716147],[-82.31434105,33.81111631],[-82.32187888,33.81678294],[-82.32447238,33.82003957],[-82.33782241,33.82716312],[-82.34619265,33.83383631],[-82.35118036,33.8361491],[-82.36877503,33.84231799],[-82.37329392,33.84475685],[-82.37976363,33.85110257],[-82.38496705,33.85443548],[-82.39052214,33.85717002],[-82.39572881,33.85909552],[-82.40219068,33.86466341],[-82.40558194,33.86603273],[-82.40835364,33.86632912],[-82.42061875,33.8637591],[-82.42488506,33.86414177],[-82.42915811,33.86585159],[-82.43349547,33.86901339],[-82.43863667,33.87392559],[-82.44049774,33.87513093],[-82.44810398,33.87755101],[-82.45509752,33.88165656],[-82.45938345,33.88639249],[-82.46990592,33.89284478],[-82.48010392,33.90190378],[-82.49292134,33.90976042],[-82.49609984,33.91346367],[-82.50357469,33.92605242],[-82.50763131,33.93146124],[-82.51294275,33.93697574],[-82.5245108,33.94336843],[-82.52673996,33.943774],[-82.53411334,33.94365995],[-82.5397733,33.94155959],[-82.54312755,33.94095827],[-82.55449202,33.94382712],[-82.55682694,33.9453591],[-82.56457226,33.95581383],[-82.56568944,33.95868373],[-82.56619049,33.96477331],[-82.56906821,33.96989238],[-82.57666081,33.97590585],[-82.57884147,33.97863518],[-82.58044839,33.98213481],[-82.58056026,33.98513849],[-82.57960399,33.98725467],[-82.57587291,33.98994773],[-82.57523735,33.99143371],[-82.57624047,33.99301621],[-82.58338871,33.99529392],[-82.5862263,33.99715734],[-82.5885424,33.99977219],[-82.59266401,34.01037119],[-82.59548634,34.01586689],[-82.59552332,34.02047799],[-82.59377813,34.02673567],[-82.59418187,34.02886958],[-82.59600072,34.03093683],[-82.60017784,34.03299237],[-82.60740632,34.0380773],[-82.61060157,34.04146245],[-82.61292293,34.04679027],[-82.61914604,34.05132136],[-82.62037374,34.0539196],[-82.62139632,34.05802293],[-82.62463283,34.06026697],[-82.62695523,34.06346353],[-82.63096956,34.06553728],[-82.6354344,34.0650993],[-82.64051017,34.06788942],[-82.6437495,34.07231015],[-82.64565005,34.0760473],[-82.64520982,34.07904209],[-82.64316992,34.08094606],[-82.64024785,34.08654002],[-82.64163112,34.0920941],[-82.64882483,34.09913674],[-82.65422664,34.10064169],[-82.65602585,34.10253786],[-82.65884051,34.10396818],[-82.66031341,34.10690298],[-82.66184348,34.10776058],[-82.66686896,34.11359465],[-82.66826686,34.1197872],[-82.67521165,34.12978477],[-82.67872459,34.13240097],[-82.68628398,34.1344618],[-82.69037951,34.13830037],[-82.69214994,34.1389951],[-82.69552957,34.13882402],[-82.69975497,34.13932671],[-82.70413447,34.14101475],[-82.71532538,34.14820941],[-82.7174494,34.15055022],[-82.72330203,34.16589824],[-82.72539978,34.16977863],[-82.73040568,34.17533153],[-82.73176255,34.17804227],[-82.7321823,34.18134728],[-82.73168728,34.19073564],[-82.73253379,34.19452191],[-82.7416427,34.20971176],[-82.74236905,34.21376514],[-82.74034516,34.21863087],[-82.74049462,34.22001509],[-82.74399293,34.22441049],[-82.74434271,34.22592322],[-82.74206999,34.22895986],[-82.74348153,34.23989709],[-82.74441943,34.24200587],[-82.74470911,34.24630801],[-82.7430774,34.2479787],[-82.74299325,34.25138408],[-82.74555651,34.25406936],[-82.74581449,34.25835896],[-82.74770197,34.26070455],[-82.74852364,34.26409806],[-82.74664309,34.26640696],[-82.75390603,34.27545812],[-82.76109999,34.28040509],[-82.76232313,34.28196081],[-82.76607073,34.28207486],[-82.77168004,34.28633706],[-82.7818013,34.29791991],[-82.7817573,34.30241527],[-82.7872289,34.31078119],[-82.7901567,34.32211642],[-82.79205303,34.32675979],[-82.7912241,34.33104846],[-82.79352889,34.33829794],[-82.79469295,34.34058701],[-82.7987445,34.34191184],[-82.81284097,34.35183635],[-82.8137626,34.35394409],[-82.81563721,34.35391704],[-82.8249008,34.36042175],[-82.82672461,34.3605338],[-82.83330894,34.36395837],[-82.8347955,34.36630453],[-82.83596442,34.38091046],[-82.83666303,34.3831454],[-82.84134694,34.39013827],[-82.84198624,34.39250369],[-82.84143918,34.39897336],[-82.84743548,34.41205101],[-82.848017,34.41832586],[-82.84689378,34.419377],[-82.84961693,34.4256833],[-82.85400079,34.42882248],[-82.85547262,34.44166403],[-82.85681719,34.44342577],[-82.86011264,34.45283933],[-82.8588241,34.45522217],[-82.86534011,34.46032744],[-82.87183901,34.46119716],[-82.87386054,34.46447279],[-82.88116263,34.46948279],[-82.88078192,34.47188797],[-82.88739183,34.48096772],[-82.89258923,34.48119883],[-82.90154841,34.48677356],[-82.91774034,34.48417645],[-82.92074016,34.48234756],[-82.9261522,34.48166057],[-82.93081794,34.48565748],[-82.93715507,34.48639108],[-82.94399227,34.48552342],[-82.94781578,34.48207835],[-82.94823698,34.48049936],[-82.9557059,34.47891029],[-82.95854191,34.47956191],[-82.963236,34.484371],[-82.96424491,34.48458107],[-82.96645453,34.48235843],[-82.97491402,34.4793608],[-82.97739506,34.48176097],[-82.97974483,34.48294788],[-82.99267802,34.47907944],[-82.99528983,34.47565042],[-82.99510122,34.47249189],[-82.99919302,34.472456],[-83.0152555,34.47778616],[-83.02931389,34.4841567],[-83.03335818,34.48309988],[-83.04357224,34.4890924],[-83.04523601,34.49118911],[-83.04876338,34.49360811],[-83.05102026,34.49353514],[-83.05285032,34.4953303],[-83.05346522,34.49726184],[-83.05309005,34.50132662],[-83.05445654,34.50289778],[-83.05784356,34.50372048],[-83.06579622,34.5010506],[-83.06944552,34.5021389],[-83.07399715,34.50547216],[-83.0773601,34.50922787],[-83.07840519,34.51308821],[-83.07983621,34.51446207],[-83.08717701,34.51594581],[-83.08685099,34.51779354],[-83.08177232,34.52172897],[-83.07777026,34.52405891],[-83.07792406,34.52476922],[-83.08484917,34.53097489],[-83.09256444,34.5329535],[-83.09685894,34.53153334],[-83.10284202,34.53258143],[-83.10344055,34.53862566],[-83.10496205,34.54095001],[-83.10861051,34.54155292],[-83.11049607,34.54511043],[-83.1102368,34.54705948],[-83.11720802,34.55254817],[-83.12188886,34.55234722],[-83.12424312,34.5549975],[-83.12204028,34.5580269],[-83.12289227,34.56013531],[-83.12717412,34.5620083],[-83.12968006,34.56170759],[-83.13337703,34.55950938],[-83.14050366,34.56239138],[-83.13986508,34.56800077],[-83.1431679,34.57340539],[-83.1536737,34.57870781],[-83.15866821,34.57900748],[-83.15916587,34.5809981],[-83.15776782,34.5837942],[-83.15453424,34.58693673],[-83.15456648,34.58820421],[-83.15887412,34.58960669],[-83.16827335,34.59100643],[-83.17026721,34.59240213],[-83.17006752,34.59959105],[-83.16427802,34.60088847],[-83.1606841,34.59946212],[-83.15906488,34.60219834],[-83.15994702,34.60347177],[-83.16427361,34.60440633],[-83.16967474,34.60740695],[-83.18077894,34.60750699],[-83.18648116,34.60660664],[-83.19518177,34.60340678],[-83.1973668,34.60320814],[-83.19696783,34.60600093],[-83.19907291,34.60800577],[-83.20882904,34.61071391],[-83.21640406,34.61102004],[-83.22333385,34.6095635],[-83.22724149,34.61114495],[-83.23133523,34.61119594],[-83.23820307,34.61575051],[-83.24346777,34.61820111],[-83.2406556,34.62451149],[-83.24647186,34.62690324],[-83.24767149,34.63090101],[-83.25177303,34.63380209],[-83.2544738,34.63710304],[-83.26227865,34.64030462],[-83.27087823,34.64160456],[-83.27851101,34.64538997],[-83.27941975,34.64787624],[-83.28207718,34.64970429],[-83.28467807,34.65020446],[-83.29317579,34.65430288],[-83.30120356,34.66326327],[-83.30146659,34.66658568],[-83.30463542,34.66956923],[-83.30891747,34.67028224],[-83.31439321,34.66895354],[-83.3168541,34.66987849],[-83.31851441,34.67477745],[-83.3214561,34.67754999],[-83.32533107,34.67952499],[-83.33028269,34.68135133],[-83.3388978,34.68004846],[-83.34136529,34.68136452],[-83.34260367,34.68299015],[-83.33822254,34.68718436],[-83.33862079,34.6889519],[-83.34012526,34.69148838],[-83.34314115,34.69395475],[-83.35293471,34.69706297],[-83.35389803,34.69921773],[-83.35184516,34.70169055],[-83.34789357,34.70292243],[-83.3466358,34.70421941],[-83.34977815,34.70827774],[-83.35278739,34.71744643],[-83.35340519,34.72842175],[-83.35041612,34.73268542],[-83.34906591,34.7366271],[-83.34544108,34.73844401],[-83.33895498,34.73842699],[-83.33868164,34.74206447],[-83.33270776,34.74609439],[-83.33240996,34.74898249],[-83.32629674,34.75083316],[-83.32718274,34.75459542],[-83.3258905,34.75646553],[-83.31973313,34.75699957],[-83.31892505,34.75833426],[-83.3231974,34.76058139],[-83.31930397,34.76487397],[-83.32296698,34.76609831],[-83.31896475,34.7713084],[-83.32264931,34.77762064],[-83.32120113,34.77903884],[-83.32413916,34.78747982],[-83.32385612,34.78970526],[-83.32032381,34.79067362],[-83.32050695,34.79304043],[-83.31382441,34.79682817],[-83.31377144,34.79990402],[-83.30321738,34.80219994],[-83.30117254,34.80400333],[-83.2997503,34.80787971],[-83.29978644,34.81006899],[-83.30423778,34.81103171],[-83.30665036,34.81484913],[-83.30312588,34.81873584],[-83.30057205,34.81865214],[-83.29900065,34.81754818],[-83.30002402,34.81524335],[-83.29605207,34.81310391],[-83.29463613,34.81359606],[-83.29470517,34.81572634],[-83.28994315,34.81845492],[-83.29106519,34.82318911],[-83.288649,34.82466251],[-83.284819,34.82303591],[-83.28227951,34.82023747],[-83.27669204,34.81688419],[-83.27179129,34.81803501],[-83.26830512,34.82112337],[-83.26962594,34.82335977],[-83.2677945,34.82613341],[-83.26732892,34.83237713],[-83.2724132,34.83472234],[-83.26875702,34.84453577],[-83.26629976,34.84903392],[-83.26089987,34.84821237],[-83.26056393,34.8452169],[-83.25569087,34.84414391],[-83.25015783,34.84458839],[-83.24857436,34.84607611],[-83.25374929,34.848062],[-83.25256511,34.85167944],[-83.25330629,34.85591206],[-83.24692562,34.85499683],[-83.24634906,34.856535],[-83.2482684,34.85845535],[-83.2463301,34.86002297],[-83.24804263,34.86311774],[-83.24671183,34.86699053],[-83.24325349,34.86602423],[-83.23860033,34.86544183],[-83.23786727,34.86887176],[-83.23468082,34.87074508],[-83.24045516,34.87273001],[-83.24311201,34.87738823],[-83.23992768,34.87886635],[-83.2357954,34.877886],[-83.23201381,34.87793506],[-83.22874195,34.87969044],[-83.21993529,34.87810296],[-83.21938673,34.87876691],[-83.21987523,34.88110653],[-83.2174112,34.88237603],[-83.21749524,34.88567061],[-83.21448217,34.88845927],[-83.21275993,34.88785416],[-83.21473528,34.8838385],[-83.21199745,34.88235935],[-83.20998187,34.88003453],[-83.20624861,34.87966752],[-83.20100615,34.88478779],[-83.20477608,34.89075526],[-83.20306364,34.89384343],[-83.19936681,34.89256434],[-83.19860844,34.89037437],[-83.19676291,34.89072609],[-83.19755986,34.8950142],[-83.19437241,34.89955161],[-83.19165411,34.89687522],[-83.18927264,34.8972467],[-83.18086039,34.90470436],[-83.18077547,34.90959884],[-83.17508133,34.91006744],[-83.17184178,34.91364436],[-83.16907949,34.91876919],[-83.16556157,34.91941615],[-83.16068786,34.91512728],[-83.15720024,34.91492454],[-83.15643565,34.91705855],[-83.15800815,34.92011852],[-83.15769423,34.92350969],[-83.15917513,34.92882976],[-83.15623373,34.93097305],[-83.14326347,34.92474684],[-83.14061726,34.92490622],[-83.13054524,34.93092622],[-83.12987325,34.93235157],[-83.13177872,34.9353383],[-83.13163543,34.93587785],[-83.12758774,34.93848115],[-83.12662275,34.93825502],[-83.12082324,34.93303866],[-83.11907892,34.93316959],[-83.11805787,34.93594002],[-83.11279704,34.93471275],[-83.11171191,34.93586243],[-83.11692235,34.94274325],[-83.12156788,34.94253327],[-83.12386824,34.94605224],[-83.12754074,34.94948117],[-83.12484031,34.95142977],[-83.127023,34.95377967],[-83.12657914,34.95485267],[-83.12453011,34.95503478],[-83.12034923,34.95317728],[-83.11805481,34.95294843],[-83.11492334,34.95041662],[-83.1140083,34.95090816],[-83.11468358,34.95266066],[-83.12001749,34.95748169],[-83.12009788,34.95915994],[-83.11591026,34.95913194],[-83.11591836,34.9603135],[-83.12161089,34.96277216],[-83.12209884,34.96432861],[-83.12037755,34.96840156],[-83.11538898,34.97363631],[-83.11660825,34.97531193],[-83.1156285,34.9758018],[-83.11179201,34.9755247],[-83.11084275,34.97631255],[-83.11208557,34.97940061],[-83.11126986,34.98099035],[-83.10842785,34.9796682],[-83.10575175,34.98150117],[-83.10711004,34.98322554],[-83.10337246,34.9860851],[-83.10166229,34.98657472],[-83.10284611,34.988706],[-83.10133634,34.9899353],[-83.09896106,34.99009245],[-83.09836921,34.99112289],[-83.09882291,34.99196172],[-83.10357666,34.99384286],[-83.10251287,34.99530208],[-83.10285711,34.99726214],[-83.10955356,35.00120594],[-83.11315008,35.00125299],[-83.32276826,34.99588298],[-83.54938113,34.99250098],[-83.620196,34.99209992],[-83.61999601,34.98660108],[-83.74989295,34.98769998],[-84.02995398,34.98732998],[-84.32186901,34.98841698],[-84.39490302,34.98803898],[-84.62148363,34.98833798],[-84.62493364,34.98798698],[-84.73102204,34.98809698],[-84.80918392,34.98757798],[-84.83179889,34.98801298],[-84.95562306,34.98783898],[-85.21785415,34.98568398],[-85.3849671,34.98299598],[-85.46671292,34.98298098],[-85.6051774,34.98468714],[-85.59939562,34.95176501]]]}},{"type":"Feature","properties":{"part":"path","perimeter_km":2139.2},"geometry":{"type":"LineString","coordinates":[[-85.605165,34.984678],[-85.466713,34.982972],[-85.384967,34.982987],[-85.217854,34.985675],[-84.955623,34.98783],[-84.831799,34.988004],[-84.809184,34.987569],[-84.731022,34.988088],[-84.624933,34.987978],[-84.621483,34.988329],[-84.394903,34.98803],[-84.321869,34.988408],[-84.029954,34.987321],[-83.749893,34.987691],[-83.619985,34.986592],[-83.620185,34.992091],[-83.549381,34.992492],[-83.322768,34.995874],[-83.11315,35.001244],[-83.109557,35.001197],[-83.102867,34.997257],[-83.102524,34.995304],[-83.103592,34.993839],[-83.098831,34.991955],[-83.098381,34.991123],[-83.098968,34.990101],[-83.101341,34.989944],[-83.102859,34.988708],[-83.101677,34.98658],[-83.103378,34.986093],[-83.107124,34.983227],[-83.105766,34.981503],[-83.108429,34.979679],[-83.111275,34.981003],[-83.112097,34.979401],[-83.110855,34.976315],[-83.111796,34.975534],[-83.115631,34.975811],[-83.116623,34.975315],[-83.115402,34.973637],[-83.120387,34.968406],[-83.12211,34.964329],[-83.12162,34.962766],[-83.115929,34.960308],[-83.115921,34.959141],[-83.120109,34.959169],[-83.120028,34.957478],[-83.114693,34.952656],[-83.114021,34.950912],[-83.114922,34.950428],[-83.11805,34.952957],[-83.120346,34.953186],[-83.124528,34.955044],[-83.126587,34.954861],[-83.127035,34.953778],[-83.124855,34.951431],[-83.127556,34.949482],[-83.123877,34.946047],[-83.121574,34.942524],[-83.116928,34.942734],[-83.111725,34.935863],[-83.112801,34.934723],[-83.118065,34.935951],[-83.119087,34.933178],[-83.120819,34.933048],[-83.126617,34.938263],[-83.12759,34.938491],[-83.131645,34.935883],[-83.13179,34.935337],[-83.129885,34.932351],[-83.130554,34.930932],[-83.140621,34.924915],[-83.143261,34.924756],[-83.156235,34.930984],[-83.159187,34.928833],[-83.157705,34.923509],[-83.158019,34.920117],[-83.156447,34.917058],[-83.157208,34.914934],[-83.160683,34.915136],[-83.165558,34.919426],[-83.169087,34.918777],[-83.171851,34.913649],[-83.175087,34.910076],[-83.180786,34.909607],[-83.180871,34.904708],[-83.189278,34.897255],[-83.19165,34.896885],[-83.194374,34.899567],[-83.197571,34.895016],[-83.196775,34.890733],[-83.198601,34.890385],[-83.199358,34.892571],[-83.203069,34.893855],[-83.204788,34.890755],[-83.201019,34.884789],[-83.206253,34.879677],[-83.209976,34.880043],[-83.21199,34.882366],[-83.214722,34.883842],[-83.212746,34.887859],[-83.214485,34.88847],[-83.217506,34.885674],[-83.217422,34.882381],[-83.219887,34.881111],[-83.219398,34.878769],[-83.21994,34.878113],[-83.228744,34.8797],[-83.232017,34.877944],[-83.235794,34.877895],[-83.239929,34.878876],[-83.243126,34.877392],[-83.240463,34.872723],[-83.234703,34.870743],[-83.237877,34.868877],[-83.238609,34.865452],[-83.243251,34.866033],[-83.246719,34.867002],[-83.248054,34.863117],[-83.246343,34.860025],[-83.248283,34.858456],[-83.246361,34.856533],[-83.246933,34.855007],[-83.253319,34.855923],[-83.252576,34.85168],[-83.253762,34.848057],[-83.248592,34.846073],[-83.250163,34.844597],[-83.25569,34.844153],[-83.260554,34.845224],[-83.26089,34.84822],[-83.266306,34.849044],[-83.268767,34.844539],[-83.272426,34.834718],[-83.26734,34.832372],[-83.267805,34.826136],[-83.269638,34.82336],[-83.268318,34.821125],[-83.271797,34.818043],[-83.27669,34.816894],[-83.282272,34.820244],[-83.284812,34.823043],[-83.28865,34.824673],[-83.291077,34.823193],[-83.289955,34.818459],[-83.294716,34.815731],[-83.294647,34.813602],[-83.296051,34.813114],[-83.300011,34.815247],[-83.298988,34.817551],[-83.300568,34.818661],[-83.303131,34.818745],[-83.306663,34.81485],[-83.304245,34.811024],[-83.299797,34.810062],[-83.299761,34.807881],[-83.301182,34.804008],[-83.303223,34.802208],[-83.313782,34.799911],[-83.313835,34.796833],[-83.320518,34.793045],[-83.320335,34.79068],[-83.323866,34.789712],[-83.32415,34.787479],[-83.321213,34.779041],[-83.322662,34.777622],[-83.318977,34.771309],[-83.322983,34.766094],[-83.319321,34.76487],[-83.323213,34.760579],[-83.318939,34.758331],[-83.31974,34.757008],[-83.325897,34.756474],[-83.327194,34.754597],[-83.326309,34.750839],[-83.33242,34.748989],[-83.332718,34.746099],[-83.338692,34.742069],[-83.338965,34.738436],[-83.345444,34.738453],[-83.349075,34.736633],[-83.350426,34.732689],[-83.353416,34.728424],[-83.352798,34.717445],[-83.349788,34.708274],[-83.346649,34.70422],[-83.3479,34.70293],[-83.351852,34.701698],[-83.35391,34.699219],[-83.352943,34.697056],[-83.343147,34.693947],[-83.340134,34.691483],[-83.338631,34.688949],[-83.338234,34.687187],[-83.342617,34.682991],[-83.341373,34.681358],[-83.3389,34.680039],[-83.330284,34.681342],[-83.325336,34.679517],[-83.321463,34.677543],[-83.318524,34.674773],[-83.316863,34.669872],[-83.314394,34.668944],[-83.308917,34.670273],[-83.304641,34.669561],[-83.301477,34.666582],[-83.301214,34.66326],[-83.293183,34.654296],[-83.284682,34.650196],[-83.282082,34.649696],[-83.279429,34.647871],[-83.27852,34.645384],[-83.270882,34.641596],[-83.262282,34.640296],[-83.254481,34.637096],[-83.251781,34.633796],[-83.247681,34.630896],[-83.246481,34.626897],[-83.240669,34.624507],[-83.243481,34.618197],[-83.238209,34.615743],[-83.231339,34.611187],[-83.227244,34.611136],[-83.223335,34.609554],[-83.216403,34.611011],[-83.208831,34.610705],[-83.199079,34.607998],[-83.196979,34.605998],[-83.197379,34.603198],[-83.195179,34.603398],[-83.186478,34.606598],[-83.180778,34.607498],[-83.169678,34.607398],[-83.164278,34.604398],[-83.159954,34.603464],[-83.159077,34.602198],[-83.160689,34.599474],[-83.164277,34.600898],[-83.170078,34.599598],[-83.170278,34.592398],[-83.168278,34.590998],[-83.158877,34.589598],[-83.154577,34.588198],[-83.154545,34.58694],[-83.157777,34.583799],[-83.159177,34.580999],[-83.158677,34.578999],[-83.153677,34.578699],[-83.143176,34.573399],[-83.139876,34.567999],[-83.140515,34.562386],[-83.133376,34.559499],[-83.129676,34.561699],[-83.127176,34.561999],[-83.122901,34.560129],[-83.122052,34.558028],[-83.124256,34.554997],[-83.121894,34.552338],[-83.117212,34.552539],[-83.110248,34.547056],[-83.110507,34.545109],[-83.108618,34.541545],[-83.104969,34.540942],[-83.103451,34.538623],[-83.102852,34.532574],[-83.096858,34.531524],[-83.092564,34.532944],[-83.084855,34.530967],[-83.077934,34.524765],[-83.077782,34.524063],[-83.081779,34.521736],[-83.086861,34.517798],[-83.087189,34.515939],[-83.079842,34.514454],[-83.078415,34.513084],[-83.07737,34.509224],[-83.074005,34.505466],[-83.069451,34.502131],[-83.065796,34.501041],[-83.057843,34.503711],[-83.054463,34.50289],[-83.053101,34.501324],[-83.053476,34.497261],[-83.05286,34.495326],[-83.051025,34.493526],[-83.048767,34.493599],[-83.045244,34.491183],[-83.04358,34.489086],[-83.03336,34.48309],[-83.029315,34.484147],[-83.01526,34.477778],[-82.999195,34.472447],[-82.99509,34.472483],[-82.995279,34.475648],[-82.992671,34.479072],[-82.979746,34.482938],[-82.977402,34.481754],[-82.974917,34.47935],[-82.966448,34.482351],[-82.964241,34.484571],[-82.963242,34.484363],[-82.958548,34.479554],[-82.955706,34.478901],[-82.948228,34.480492],[-82.947806,34.482074],[-82.943987,34.485515],[-82.937155,34.486382],[-82.930823,34.485649],[-82.926156,34.481651],[-82.920736,34.482339],[-82.917736,34.484168],[-82.901551,34.486764],[-82.892593,34.48119],[-82.887398,34.480959],[-82.880793,34.471886],[-82.881174,34.469479],[-82.873869,34.464467],[-82.871846,34.461189],[-82.865345,34.460319],[-82.858837,34.45522],[-82.860124,34.45284],[-82.856827,34.443422],[-82.855483,34.441661],[-82.854011,34.428818],[-82.849626,34.425678],[-82.846906,34.419379],[-82.848028,34.418329],[-82.847446,34.412049],[-82.84145,34.398972],[-82.841997,34.392503],[-82.841357,34.390135],[-82.836673,34.383142],[-82.835975,34.380909],[-82.834806,34.366302],[-82.833317,34.363952],[-82.826728,34.360525],[-82.824905,34.360413],[-82.815641,34.353908],[-82.81377,34.353935],[-82.81285,34.351831],[-82.79875,34.341904],[-82.794701,34.34058],[-82.793539,34.338295],[-82.791235,34.331048],[-82.792064,34.326759],[-82.790167,34.322114],[-82.787239,34.310778],[-82.781768,34.302413],[-82.781812,34.297917],[-82.771688,34.286331],[-82.766075,34.282066],[-82.762329,34.281952],[-82.761108,34.280399],[-82.753914,34.275452],[-82.746656,34.266407],[-82.748535,34.2641],[-82.747712,34.260701],[-82.745825,34.258356],[-82.745567,34.254066],[-82.743004,34.251381],[-82.743088,34.247982],[-82.74472,34.246311],[-82.74443,34.242004],[-82.743492,34.239895],[-82.742081,34.228962],[-82.744354,34.225925],[-82.744003,34.224407],[-82.740505,34.220012],[-82.740356,34.218632],[-82.74238,34.213766],[-82.741653,34.209709],[-82.732544,34.194519],[-82.731698,34.190735],[-82.732193,34.181347],[-82.731773,34.17804],[-82.730415,34.175327],[-82.725409,34.169774],[-82.723312,34.165895],[-82.717459,34.150546],[-82.715333,34.148203],[-82.70414,34.141007],[-82.699758,34.139318],[-82.69553,34.138815],[-82.692152,34.138986],[-82.690386,34.138293],[-82.68629,34.134454],[-82.67873,34.132393],[-82.67522,34.129779],[-82.668277,34.119784],[-82.666879,34.113591],[-82.661851,34.107754],[-82.660322,34.106897],[-82.658849,34.103962],[-82.656033,34.102531],[-82.654233,34.100634],[-82.648831,34.099129],[-82.641641,34.09209],[-82.640259,34.086541],[-82.643179,34.080951],[-82.64522,34.079046],[-82.645661,34.076046],[-82.643759,34.072306],[-82.640518,34.067883],[-82.635437,34.06509],[-82.630972,34.065528],[-82.626963,34.063457],[-82.624641,34.060261],[-82.621406,34.058018],[-82.620384,34.053917],[-82.619155,34.051316],[-82.612932,34.046785],[-82.610611,34.041458],[-82.607414,34.038071],[-82.600184,34.032985],[-82.596008,34.03093],[-82.594192,34.028866],[-82.593789,34.026736],[-82.595534,34.020479],[-82.595497,34.015865],[-82.592674,34.010368],[-82.588552,33.999768],[-82.586234,33.997151],[-82.583394,33.995286],[-82.576248,33.993009],[-82.575249,33.991433],[-82.575882,33.989953],[-82.579613,33.98726],[-82.580571,33.98514],[-82.580459,33.982133],[-82.578851,33.978631],[-82.576669,33.9759],[-82.569077,33.969887],[-82.566201,33.964771],[-82.5657,33.958682],[-82.564582,33.95581],[-82.556835,33.945353],[-82.554497,33.943819],[-82.543128,33.940949],[-82.53977,33.941551],[-82.534111,33.943651],[-82.526741,33.943765],[-82.524515,33.94336],[-82.51295,33.936969],[-82.50764,33.931456],[-82.503584,33.926048],[-82.496109,33.913459],[-82.492929,33.909754],[-82.480111,33.901897],[-82.469913,33.892838],[-82.459391,33.886386],[-82.455105,33.88165],[-82.448109,33.877543],[-82.440503,33.875123],[-82.438644,33.873919],[-82.433503,33.869007],[-82.429164,33.865844],[-82.424888,33.864133],[-82.420618,33.86375],[-82.408353,33.86632],[-82.405585,33.866024],[-82.402197,33.864656],[-82.395735,33.859088],[-82.390527,33.857162],[-82.384973,33.854428],[-82.379771,33.851096],[-82.373301,33.84475],[-82.36878,33.84231],[-82.351185,33.836141],[-82.346199,33.833829],[-82.337829,33.827156],[-82.32448,33.820033],[-82.321887,33.816777],[-82.31435,33.811111],[-82.312436,33.807155],[-82.303454,33.803263],[-82.300213,33.800627],[-82.29928,33.798939],[-82.298864,33.793166],[-82.299601,33.786483],[-82.299009,33.784475],[-82.297479,33.782974],[-82.294984,33.781868],[-82.292468,33.782406],[-82.288652,33.781635],[-82.284087,33.778781],[-82.277681,33.772032],[-82.270445,33.767913],[-82.267719,33.767651],[-82.265019,33.765742],[-82.264044,33.762843],[-82.260041,33.760431],[-82.255595,33.759876],[-82.247472,33.752591],[-82.245408,33.742926],[-82.243244,33.740116],[-82.239098,33.730872],[-82.239497,33.72933],[-82.238758,33.725206],[-82.237311,33.721893],[-82.235753,33.71439],[-82.237192,33.70788],[-82.2354,33.70438],[-82.234576,33.700216],[-82.225684,33.691434],[-82.218649,33.686299],[-82.213165,33.677211],[-82.210826,33.670604],[-82.209803,33.669276],[-82.199847,33.661758],[-82.199747,33.657611],[-82.201186,33.646898],[-82.196583,33.630582],[-82.189141,33.623722],[-82.179854,33.615945],[-82.176172,33.613775],[-82.158331,33.60971],[-82.156288,33.60863],[-82.153357,33.606319],[-82.15106,33.600956],[-82.148816,33.598092],[-82.142872,33.594278],[-82.133523,33.590535],[-82.12908,33.589925],[-82.125864,33.590741],[-82.120385,33.594885],[-82.115809,33.596597],[-82.109376,33.596581],[-82.10624,33.595637],[-82.098816,33.586358],[-82.096352,33.58407],[-82.094128,33.582742],[-82.087488,33.580614],[-82.073104,33.57751],[-82.069039,33.575382],[-82.057727,33.566774],[-82.054943,33.565382],[-82.048959,33.56487],[-82.046335,33.56383],[-82.037375,33.554662],[-82.034895,33.549158],[-82.033023,33.546454],[-82.028238,33.544934],[-82.023438,33.540734],[-82.023438,33.537935],[-82.019838,33.535035],[-82.011538,33.531735],[-82.010038,33.530435],[-82.007638,33.523335],[-82.001338,33.520135],[-81.991938,33.504435],[-81.990382,33.500759],[-81.990938,33.494235],[-81.989338,33.490036],[-81.985938,33.486536],[-81.980637,33.484036],[-81.973537,33.482636],[-81.967037,33.480636],[-81.941737,33.470037],[-81.934136,33.468337],[-81.929436,33.465837],[-81.926336,33.462937],[-81.919436,33.449098],[-81.914812,33.443498],[-81.913532,33.441274],[-81.913126,33.438333],[-81.914282,33.435296],[-81.916972,33.432592],[-81.920716,33.430986],[-81.928326,33.42991],[-81.930798,33.429034],[-81.932308,33.426587],[-81.931742,33.424506],[-81.924893,33.419307],[-81.921068,33.417419],[-81.910765,33.415035],[-81.909629,33.412603],[-81.910496,33.410312],[-81.912367,33.40809],[-81.91775,33.4072],[-81.921276,33.408597],[-81.923859,33.41046],[-81.924766,33.412418],[-81.929454,33.407756],[-81.93139,33.406956],[-81.934766,33.406796],[-81.940782,33.408742],[-81.943149,33.409034],[-81.944893,33.407962],[-81.945629,33.405835],[-81.944476,33.403674],[-81.938108,33.39993],[-81.935085,33.397243],[-81.930861,33.380076],[-81.924837,33.37414],[-81.925737,33.37114],[-81.930634,33.368165],[-81.934637,33.36894],[-81.939637,33.37254],[-81.943737,33.37234],[-81.946337,33.37064],[-81.946737,33.36734],[-81.944737,33.364041],[-81.935313,33.356789],[-81.934812,33.35376],[-81.939837,33.347741],[-81.939737,33.344941],[-81.937237,33.343641],[-81.932737,33.343541],[-81.926817,33.345284],[-81.92346,33.344898],[-81.919278,33.340338],[-81.914937,33.343742],[-81.913025,33.346886],[-81.910174,33.347011],[-81.90893,33.346268],[-81.908437,33.343842],[-81.910137,33.342342],[-81.914243,33.341839],[-81.915512,33.340778],[-81.916337,33.338642],[-81.918929,33.33496],[-81.918837,33.333442],[-81.908137,33.327142],[-81.909137,33.323942],[-81.912937,33.321742],[-81.913737,33.320042],[-81.912137,33.319142],[-81.909092,33.319983],[-81.90613,33.32162],[-81.906037,33.326042],[-81.904132,33.327286],[-81.902613,33.330258],[-81.903637,33.334842],[-81.901954,33.335876],[-81.900635,33.33503],[-81.899568,33.332817],[-81.896937,33.330542],[-81.896937,33.327642],[-81.899271,33.325417],[-81.898588,33.322905],[-81.895537,33.321642],[-81.891023,33.322491],[-81.889161,33.321092],[-81.890037,33.318943],[-81.892737,33.316743],[-81.892537,33.315343],[-81.890537,33.314843],[-81.885237,33.317443],[-81.882536,33.317043],[-81.881536,33.314043],[-81.884637,33.309243],[-81.881937,33.305443],[-81.881237,33.302543],[-81.879437,33.302343],[-81.875836,33.307443],[-81.869247,33.313768],[-81.866536,33.313743],[-81.864936,33.311843],[-81.864036,33.307843],[-81.864636,33.303343],[-81.863929,33.302036],[-81.86206,33.302482],[-81.860536,33.304943],[-81.8576,33.307114],[-81.856064,33.309852],[-81.853652,33.310326],[-81.851733,33.308745],[-81.847636,33.307143],[-81.846036,33.304343],[-81.849636,33.299544],[-81.848736,33.296744],[-81.850336,33.296444],[-81.852536,33.299344],[-81.860036,33.299144],[-81.862036,33.296944],[-81.861636,33.293744],[-81.863336,33.289244],[-81.860736,33.285844],[-81.851583,33.283544],[-81.846191,33.284325],[-81.844536,33.282944],[-81.844136,33.278844],[-81.839145,33.273899],[-81.836336,33.274445],[-81.833501,33.276072],[-81.83252,33.275556],[-81.832665,33.27429],[-81.835536,33.271445],[-81.835236,33.266545],[-81.836036,33.263545],[-81.835336,33.262345],[-81.833352,33.262286],[-81.83054,33.264381],[-81.828887,33.264079],[-81.828336,33.263045],[-81.828836,33.262045],[-81.834408,33.258378],[-81.836436,33.259445],[-81.837436,33.261845],[-81.838454,33.262852],[-81.840799,33.263277],[-81.842669,33.264522],[-81.843862,33.266621],[-81.84691,33.266599],[-81.848136,33.264545],[-81.846336,33.258445],[-81.844736,33.257445],[-81.841536,33.257245],[-81.839836,33.256145],[-81.840036,33.254645],[-81.845136,33.252545],[-81.849826,33.252921],[-81.852565,33.25141],[-81.852937,33.248744],[-81.848637,33.245046],[-81.846536,33.241746],[-81.837936,33.238346],[-81.831736,33.233546],[-81.827936,33.228746],[-81.819636,33.226646],[-81.811736,33.223847],[-81.809236,33.222147],[-81.808136,33.219447],[-81.807936,33.213746],[-81.80649,33.212126],[-81.803936,33.211347],[-81.798236,33.211647],[-81.790236,33.208447],[-81.784535,33.208147],[-81.778935,33.209847],[-81.777535,33.211347],[-81.777635,33.215347],[-81.781035,33.219847],[-81.780135,33.221147],[-81.777735,33.221846],[-81.774035,33.221147],[-81.767935,33.216347],[-81.767235,33.212747],[-81.765302,33.209502],[-81.763535,33.203648],[-81.761635,33.201748],[-81.758235,33.200248],[-81.756935,33.197848],[-81.759535,33.194747],[-81.760635,33.189248],[-81.762835,33.188248],[-81.765935,33.187848],[-81.767735,33.184648],[-81.766935,33.182049],[-81.764935,33.179549],[-81.766135,33.177849],[-81.768635,33.178449],[-81.771735,33.181548],[-81.772435,33.180949],[-81.766735,33.171449],[-81.768135,33.168249],[-81.767635,33.167249],[-81.764435,33.165549],[-81.763135,33.159449],[-81.754135,33.15055],[-81.750035,33.14735],[-81.746335,33.14605],[-81.744535,33.14215],[-81.729534,33.13375],[-81.724334,33.129451],[-81.721734,33.126451],[-81.711134,33.121651],[-81.704634,33.11645],[-81.696934,33.116551],[-81.677033,33.11065],[-81.671833,33.107751],[-81.658433,33.103152],[-81.646433,33.094552],[-81.642333,33.093152],[-81.637232,33.092952],[-81.632232,33.093952],[-81.614994,33.095551],[-81.611657,33.094259],[-81.609965,33.09301],[-81.608286,33.089022],[-81.609533,33.086877],[-81.612943,33.083981],[-81.612903,33.081024],[-81.610696,33.079946],[-81.606836,33.081717],[-81.603587,33.084578],[-81.602534,33.086807],[-81.60132,33.087049],[-81.596501,33.079893],[-81.596835,33.078559],[-81.598991,33.076682],[-81.603298,33.07509],[-81.603243,33.074419],[-81.600948,33.072815],[-81.596025,33.072693],[-81.593586,33.069496],[-81.592645,33.06991],[-81.592517,33.073062],[-81.590856,33.072736],[-81.58741,33.069943],[-81.584361,33.069902],[-81.582975,33.068575],[-81.583804,33.067021],[-81.583103,33.06496],[-81.57875,33.066195],[-81.577187,33.065939],[-81.57716,33.064335],[-81.580994,33.062697],[-81.580252,33.061762],[-81.574911,33.061799],[-81.574505,33.060049],[-81.578332,33.058936],[-81.577044,33.05725],[-81.572829,33.058636],[-81.571309,33.056873],[-81.573243,33.054903],[-81.571905,33.053987],[-81.56989,33.054501],[-81.566311,33.05343],[-81.563016,33.05581],[-81.564566,33.058039],[-81.566949,33.059597],[-81.56699,33.060401],[-81.565687,33.061049],[-81.563992,33.060844],[-81.559399,33.054904],[-81.558938,33.052921],[-81.560344,33.050036],[-81.565043,33.049694],[-81.566108,33.048792],[-81.561948,33.045844],[-81.553146,33.043196],[-81.551786,33.04339],[-81.546522,33.048838],[-81.543758,33.048559],[-81.542135,33.046919],[-81.540081,33.040613],[-81.538789,33.039185],[-81.535498,33.038489],[-81.53072,33.040864],[-81.529142,33.040812],[-81.528438,33.039882],[-81.528786,33.036872],[-81.528451,33.035646],[-81.522653,33.030789],[-81.519632,33.029181],[-81.513231,33.028546],[-81.511245,33.027786],[-81.510586,33.025805],[-81.51169,33.024506],[-81.514024,33.023663],[-81.517594,33.023991],[-81.519075,33.023196],[-81.518385,33.021586],[-81.516073,33.020833],[-81.513715,33.020574],[-81.511334,33.021465],[-81.510282,33.021233],[-81.50822,33.01751],[-81.508919,33.015665],[-81.511569,33.012283],[-81.51069,33.010315],[-81.508218,33.010527],[-81.507405,33.011538],[-81.50568,33.015974],[-81.504053,33.016253],[-81.50203,33.015113],[-81.499768,33.012254],[-81.496637,33.010224],[-81.492253,33.009342],[-81.491419,33.008078],[-81.491899,33.006694],[-81.498753,33.005065],[-81.50023,33.003455],[-81.50063,33.001955],[-81.49983,33.000655],[-81.492737,32.999108],[-81.491197,32.997824],[-81.491457,32.995437],[-81.492252,32.99351],[-81.496138,32.990913],[-81.49642,32.989615],[-81.495996,32.988295],[-81.494329,32.98626],[-81.494345,32.985084],[-81.495504,32.983534],[-81.494736,32.978997],[-81.497837,32.973011],[-81.49983,32.963816],[-81.501369,32.962914],[-81.505026,32.963561],[-81.507568,32.965591],[-81.507847,32.968854],[-81.508839,32.969368],[-81.510802,32.968525],[-81.511347,32.966721],[-81.510046,32.96097],[-81.510009,32.957326],[-81.508609,32.952551],[-81.504016,32.948091],[-81.499446,32.944988],[-81.499566,32.943722],[-81.502716,32.938688],[-81.502427,32.935353],[-81.499829,32.932614],[-81.495092,32.931596],[-81.492067,32.927824],[-81.489604,32.927039],[-81.483198,32.921802],[-81.484439,32.918825],[-81.487258,32.917851],[-81.487049,32.914772],[-81.481298,32.914585],[-81.480008,32.913444],[-81.481444,32.908895],[-81.479184,32.905638],[-81.479374,32.902333],[-81.480865,32.900218],[-81.480812,32.898614],[-81.475535,32.896724],[-81.472142,32.893814],[-81.470649,32.895043],[-81.471616,32.900005],[-81.468978,32.901083],[-81.465924,32.899889],[-81.464069,32.897814],[-81.464655,32.895999],[-81.468277,32.892276],[-81.465933,32.889452],[-81.467104,32.888999],[-81.471703,32.890439],[-81.4771,32.887469],[-81.479445,32.881082],[-81.475918,32.877641],[-81.470376,32.876267],[-81.468042,32.876675],[-81.467138,32.880602],[-81.465051,32.880896],[-81.461878,32.87755],[-81.460556,32.875161],[-81.457213,32.873796],[-81.45339,32.87388],[-81.451367,32.867165],[-81.453361,32.863847],[-81.453017,32.859636],[-81.456917,32.852604],[-81.457061,32.850389],[-81.455559,32.846508],[-81.460211,32.847402],[-81.460722,32.846038],[-81.454029,32.8442],[-81.451742,32.844765],[-81.451199,32.847924],[-81.444866,32.850967],[-81.442671,32.850107],[-81.442279,32.848587],[-81.442882,32.845847],[-81.43995,32.840362],[-81.437506,32.840163],[-81.434807,32.843538],[-81.426475,32.840773],[-81.421614,32.835178],[-81.42062,32.831223],[-81.421828,32.829265],[-81.423674,32.828307],[-81.428101,32.828684],[-81.429943,32.828246],[-81.429525,32.827146],[-81.422488,32.822892],[-81.421952,32.821466],[-81.423041,32.819747],[-81.426937,32.819705],[-81.427953,32.81938],[-81.428235,32.818584],[-81.427094,32.81687],[-81.424354,32.816179],[-81.420585,32.818651],[-81.418584,32.818679],[-81.417984,32.818196],[-81.418497,32.815664],[-81.419752,32.813731],[-81.423772,32.810514],[-81.425981,32.811076],[-81.426326,32.809928],[-81.422242,32.803127],[-81.422739,32.80199],[-81.426895,32.802239],[-81.428292,32.800832],[-81.426347,32.798879],[-81.425234,32.79419],[-81.42298,32.793998],[-81.419879,32.794857],[-81.4197,32.793227],[-81.424999,32.790334],[-81.427425,32.78832],[-81.427584,32.786944],[-81.422363,32.785747],[-81.42224,32.783986],[-81.423929,32.782727],[-81.42629,32.782661],[-81.429977,32.785235],[-81.431235,32.784141],[-81.430078,32.781771],[-81.426855,32.779456],[-81.423331,32.778512],[-81.416168,32.779792],[-81.414722,32.779204],[-81.414456,32.778149],[-81.417353,32.773336],[-81.418601,32.772734],[-81.422585,32.772998],[-81.429854,32.772129],[-81.432082,32.770549],[-81.43194,32.768911],[-81.429113,32.767905],[-81.422019,32.768367],[-81.417096,32.766088],[-81.417356,32.763334],[-81.418901,32.761132],[-81.417766,32.760222],[-81.416627,32.760537],[-81.414013,32.764522],[-81.411821,32.763122],[-81.414038,32.755423],[-81.412262,32.754691],[-81.409563,32.756031],[-81.408,32.756154],[-81.408364,32.754686],[-81.411568,32.753117],[-81.413714,32.752833],[-81.416733,32.753276],[-81.418485,32.752189],[-81.419837,32.749797],[-81.418603,32.747991],[-81.410662,32.749316],[-81.405866,32.749144],[-81.405016,32.748284],[-81.404932,32.745559],[-81.405749,32.742544],[-81.407602,32.740334],[-81.41267,32.739083],[-81.413872,32.737477],[-81.411595,32.733852],[-81.412517,32.732432],[-81.414672,32.73208],[-81.417035,32.733085],[-81.418542,32.732586],[-81.418278,32.730922],[-81.416752,32.728762],[-81.417815,32.726582],[-81.417769,32.725074],[-81.415591,32.723531],[-81.410074,32.723096],[-81.409988,32.721863],[-81.410916,32.721207],[-81.418769,32.721851],[-81.420338,32.721051],[-81.420452,32.719847],[-81.41576,32.715882],[-81.41512,32.713669],[-81.416671,32.712283],[-81.420039,32.712423],[-81.421194,32.711978],[-81.422152,32.709742],[-81.425927,32.710037],[-81.426458,32.709017],[-81.424099,32.70756],[-81.424562,32.705329],[-81.427505,32.702242],[-81.426735,32.700867],[-81.422624,32.700861],[-81.420596,32.699834],[-81.418881,32.696212],[-81.41665,32.695506],[-81.413577,32.695472],[-81.412403,32.692095],[-81.410545,32.692512],[-81.410875,32.69686],[-81.409618,32.697046],[-81.407492,32.692332],[-81.405832,32.690461],[-81.406634,32.684863],[-81.404321,32.683762],[-81.401791,32.681175],[-81.401029,32.677494],[-81.403914,32.670642],[-81.403913,32.666877],[-81.397544,32.662591],[-81.397514,32.660213],[-81.400342,32.658488],[-81.403254,32.659464],[-81.404505,32.66264],[-81.406646,32.662515],[-81.4073,32.66156],[-81.407193,32.660519],[-81.405273,32.656517],[-81.398314,32.656307],[-81.393818,32.653491],[-81.393033,32.651543],[-81.394589,32.64957],[-81.405109,32.64269],[-81.411816,32.642156],[-81.412553,32.641523],[-81.411827,32.639383],[-81.403634,32.637925],[-81.402735,32.637031],[-81.408197,32.631307],[-81.41026,32.631392],[-81.411523,32.632907],[-81.413411,32.637368],[-81.414761,32.63744],[-81.417014,32.636147],[-81.418431,32.634704],[-81.418116,32.628349],[-81.413087,32.624803],[-81.412515,32.621567],[-81.412966,32.620401],[-81.411222,32.61773],[-81.408441,32.617187],[-81.407517,32.616583],[-81.406464,32.613042],[-81.393865,32.60234],[-81.389338,32.595436],[-81.380999,32.589652],[-81.378173,32.588818],[-81.375694,32.589474],[-81.373962,32.591808],[-81.37157,32.592018],[-81.369757,32.591231],[-81.36888,32.589751],[-81.370284,32.5867],[-81.369819,32.585048],[-81.368386,32.584221],[-81.364501,32.584034],[-81.363593,32.581791],[-81.36711,32.578609],[-81.36695,32.577019],[-81.365203,32.576572],[-81.362937,32.577305],[-81.360168,32.581778],[-81.357749,32.582119],[-81.354118,32.57991],[-81.353698,32.577911],[-81.357803,32.57519],[-81.358321,32.573631],[-81.354797,32.571072],[-81.350761,32.570168],[-81.336242,32.564239],[-81.33319,32.563499],[-81.328605,32.561092],[-81.321807,32.55954],[-81.305236,32.561515],[-81.300593,32.562843],[-81.297955,32.563026],[-81.295588,32.561817],[-81.295481,32.559074],[-81.297958,32.555828],[-81.297866,32.554091],[-81.296691,32.553393],[-81.294829,32.553581],[-81.291762,32.555328],[-81.29116,32.55722],[-81.293113,32.562393],[-81.291289,32.562739],[-81.289573,32.56174],[-81.288467,32.558456],[-81.288344,32.555912],[-81.289962,32.55218],[-81.288879,32.551163],[-81.286468,32.551475],[-81.284721,32.552943],[-81.284243,32.556027],[-81.283271,32.556782],[-81.281324,32.556464],[-81.279238,32.55459],[-81.27876,32.55234],[-81.281034,32.549678],[-81.280731,32.547638],[-81.27906,32.546318],[-81.275739,32.545662],[-81.274955,32.544821],[-81.274802,32.541143],[-81.276242,32.538558],[-81.280051,32.537495],[-81.279905,32.536592],[-81.274174,32.533774],[-81.272428,32.530422],[-81.26603,32.527312],[-81.252882,32.51833],[-81.249559,32.517857],[-81.246861,32.518558],[-81.244799,32.520536],[-81.243119,32.520232],[-81.241912,32.517175],[-81.240197,32.516365],[-81.237371,32.517131],[-81.235457,32.518546],[-81.23342,32.517963],[-81.232148,32.513337],[-81.232954,32.511691],[-81.236707,32.511402],[-81.238411,32.510192],[-81.238684,32.506984],[-81.237658,32.505118],[-81.234254,32.502747],[-81.233585,32.498488],[-81.224995,32.491886],[-81.216815,32.482804],[-81.211914,32.478994],[-81.200029,32.467985],[-81.194829,32.465086],[-81.191537,32.464816],[-81.188649,32.465311],[-81.186952,32.463566],[-81.188602,32.461226],[-81.193727,32.459677],[-81.194558,32.457774],[-81.191615,32.455188],[-81.192243,32.453639],[-81.194298,32.453522],[-81.196363,32.455129],[-81.197968,32.453878],[-81.197485,32.44914],[-81.198783,32.44852],[-81.203286,32.452993],[-81.204496,32.452779],[-81.206666,32.448093],[-81.205561,32.4465],[-81.201055,32.446223],[-81.199435,32.444193],[-81.199644,32.441592],[-81.208443,32.437002],[-81.205048,32.425479],[-81.205507,32.423612],[-81.194931,32.411489],[-81.18991,32.407066],[-81.185358,32.400063],[-81.178713,32.393645],[-81.177316,32.389783],[-81.178494,32.384469],[-81.181845,32.379348],[-81.178859,32.37809],[-81.175758,32.375812],[-81.17379,32.373098],[-81.169217,32.370136],[-81.167906,32.368304],[-81.168996,32.365119],[-81.173933,32.363546],[-81.173824,32.36271],[-81.167124,32.361041],[-81.167124,32.358718],[-81.163863,32.35665],[-81.160998,32.355905],[-81.160498,32.353644],[-81.161608,32.35042],[-81.160096,32.348952],[-81.155371,32.350033],[-81.15484,32.349557],[-81.155053,32.344165],[-81.156738,32.342777],[-81.159832,32.342975],[-81.160622,32.341749],[-81.159832,32.339964],[-81.157357,32.34],[-81.154839,32.341551],[-81.152194,32.341443],[-81.151835,32.343023],[-81.148673,32.345322],[-81.145982,32.345018],[-81.145232,32.345844],[-81.147248,32.347493],[-81.147318,32.350127],[-81.143794,32.351529],[-81.141512,32.350324],[-81.139353,32.34508],[-81.135297,32.342989],[-81.134013,32.341209],[-81.129435,32.341552],[-81.128616,32.338623],[-81.128956,32.336452],[-81.131382,32.335875],[-81.133916,32.333314],[-81.135751,32.330281],[-81.137926,32.328662],[-81.136294,32.324999],[-81.133752,32.324291],[-81.131758,32.326369],[-81.130648,32.325408],[-81.131652,32.319505],[-81.129752,32.313969],[-81.130848,32.310982],[-81.133052,32.309011],[-81.131523,32.307277],[-81.12778,32.307216],[-81.124978,32.309159],[-81.122933,32.307295],[-81.122333,32.305395],[-81.122656,32.299509],[-81.123917,32.296411],[-81.123362,32.293844],[-81.120019,32.28994],[-81.119867,32.286203],[-81.122239,32.284242],[-81.12572,32.283656],[-81.126965,32.282698],[-81.127161,32.280786],[-81.125918,32.278756],[-81.123276,32.276975],[-81.123425,32.275051],[-81.125248,32.275035],[-81.127954,32.276466],[-81.13,32.275796],[-81.132126,32.272747],[-81.132531,32.270246],[-81.13349,32.269796],[-81.135577,32.272472],[-81.141925,32.271742],[-81.141747,32.270214],[-81.139575,32.269756],[-81.137639,32.268493],[-81.13693,32.266115],[-81.13839,32.264234],[-81.140206,32.263578],[-81.145336,32.263993],[-81.146602,32.262766],[-81.146639,32.261023],[-81.144732,32.258773],[-81.145062,32.25775],[-81.147518,32.256512],[-81.148334,32.255098],[-81.14573,32.251523],[-81.147107,32.249564],[-81.152894,32.247807],[-81.155595,32.246022],[-81.156587,32.24391],[-81.155883,32.240969],[-81.152379,32.2363],[-81.145771,32.232343],[-81.143634,32.229266],[-81.144813,32.225994],[-81.14806,32.223782],[-81.152153,32.222322],[-81.150836,32.221196],[-81.143139,32.221731],[-81.138435,32.219256],[-81.136717,32.216267],[-81.136727,32.213669],[-81.134084,32.21146],[-81.128283,32.208634],[-81.12315,32.201329],[-81.122061,32.195501],[-81.119802,32.195156],[-81.11589,32.196442],[-81.114016,32.195448],[-81.114117,32.193922],[-81.11623,32.192999],[-81.121584,32.192203],[-81.121554,32.190415],[-81.118234,32.189201],[-81.117934,32.185301],[-81.119834,32.181202],[-81.120452,32.178293],[-81.116381,32.176169],[-81.11393,32.177604],[-81.111933,32.178002],[-81.110234,32.1768],[-81.111132,32.172703],[-81.11384,32.171259],[-81.117748,32.171159],[-81.11901,32.174669],[-81.121189,32.174923],[-81.128134,32.169102],[-81.129746,32.165933],[-81.128434,32.164402],[-81.123134,32.162902],[-81.122034,32.161803],[-81.122137,32.157304],[-81.121116,32.154504],[-81.117969,32.152332],[-81.114298,32.152019],[-81.112236,32.150804],[-81.112234,32.149306],[-81.116236,32.147201],[-81.118334,32.144403],[-81.119134,32.142104],[-81.119943,32.133998],[-81.116128,32.128679],[-81.115242,32.125504],[-81.117225,32.119805],[-81.117234,32.117605],[-81.115367,32.114705],[-81.111134,32.112005],[-81.10894,32.111626],[-81.106703,32.109698],[-81.103325,32.111137],[-81.094976,32.111821],[-81.091245,32.110888],[-81.089484,32.106227],[-81.086974,32.103968],[-81.08827,32.099931],[-81.074306,32.097385],[-81.059551,32.088623],[-81.043543,32.086104],[-81.038125,32.083734],[-81.026262,32.088129],[-81.021623,32.091683],[-81.017355,32.098785],[-81.011015,32.10205],[-81.004305,32.102367],[-80.999556,32.100434],[-80.992138,32.094915],[-80.986845,32.084116],[-80.983509,32.079549],[-80.980541,32.077836],[-80.971915,32.074633],[-80.959569,32.072854],[-80.95388,32.070142],[-80.925085,32.041939],[-80.921027,32.03999],[-80.907657,32.038151],[-80.906677,32.034793],[-80.890743,32.030729],[-80.875954,32.016758],[-80.866209,32.019377],[-80.859111,32.023693],[-80.855056,32.025463],[-80.852725,32.028785],[-80.843456,32.023647],[-80.840917,32.011624],[-80.840378,32.003044],[-80.841913,32.002643],[-80.847298,31.987549],[-80.858429,31.984262],[-80.859418,31.97382],[-80.862814,31.969346],[-80.881896,31.956683],[-80.897687,31.949065],[-80.921351,31.938733],[-80.928006,31.938532],[-80.930279,31.956705],[-80.932522,31.961926],[-80.942742,31.963741],[-80.949397,31.961321],[-80.948491,31.95723],[-80.972392,31.94127],[-80.984336,31.940145],[-80.983623,31.931674],[-80.968494,31.915822],[-80.954469,31.911768],[-80.941359,31.912984],[-80.930145,31.90807],[-80.947294,31.89621],[-80.971434,31.877941],[-80.99269,31.857641],[-81.000317,31.856744],[-81.014478,31.867474],[-81.028405,31.86814],[-81.031408,31.87293],[-81.041548,31.876198],[-81.065255,31.877095],[-81.058596,31.857811],[-81.05907,31.850106],[-81.06279,31.84474],[-81.076178,31.836132],[-81.075812,31.829031],[-81.067282,31.826126],[-81.062116,31.821071],[-81.052313,31.819049],[-81.050946,31.822383],[-81.04794,31.824881],[-81.039808,31.823],[-81.034724,31.816423],[-81.035913,31.810364],[-81.046371,31.80087],[-81.070376,31.771374],[-81.07917,31.762684],[-81.095095,31.749144],[-81.11197,31.737218],[-81.130634,31.722692],[-81.138448,31.720934],[-81.16067,31.728144],[-81.17404,31.727487],[-81.192784,31.733245],[-81.203572,31.719448],[-81.195289,31.71384],[-81.186303,31.701509],[-81.161084,31.691401],[-81.154624,31.693874],[-81.151888,31.698411],[-81.149369,31.699304],[-81.139394,31.699917],[-81.131137,31.695774],[-81.135608,31.683491],[-81.136408,31.674832],[-81.13455,31.661992],[-81.133974,31.640957],[-81.128845,31.631439],[-81.14997,31.593476],[-81.160364,31.570436],[-81.171865,31.558962],[-81.178758,31.558152],[-81.182561,31.561798],[-81.187902,31.572766],[-81.187244,31.580056],[-81.195581,31.58043],[-81.203202,31.569713],[-81.216065,31.558415],[-81.240699,31.552313],[-81.254218,31.55594],[-81.259206,31.550333],[-81.276539,31.548463],[-81.289702,31.537245],[-81.298259,31.533505],[-81.295187,31.521536],[-81.276319,31.525276],[-81.271054,31.531074],[-81.263437,31.530932],[-81.258809,31.52906],[-81.26388,31.515845],[-81.277659,31.509514],[-81.282311,31.504403],[-81.278733,31.497538],[-81.267728,31.497004],[-81.262896,31.495783],[-81.251444,31.5057],[-81.24375,31.518896],[-81.236681,31.529192],[-81.228547,31.526983],[-81.217948,31.527284],[-81.213519,31.528152],[-81.20419,31.536074],[-81.198251,31.537033],[-81.186568,31.529185],[-81.180762,31.522451],[-81.178725,31.518202],[-81.179342,31.516292],[-81.189643,31.503588],[-81.204883,31.473124],[-81.246911,31.422784],[-81.258616,31.404425],[-81.261803,31.393568],[-81.268613,31.383009],[-81.29427,31.368596],[-81.290468,31.361493],[-81.285952,31.34972],[-81.282923,31.326491],[-81.287615,31.310537],[-81.282862,31.290635],[-81.279534,31.271744],[-81.271233,31.265894],[-81.269552,31.258741],[-81.276862,31.254734],[-81.282842,31.24433],[-81.289136,31.225487],[-81.290468,31.217691],[-81.295697,31.215048],[-81.303065,31.216878],[-81.315899,31.209153],[-81.331111,31.196955],[-81.35488,31.167204],[-81.360791,31.155903],[-81.365812,31.147945],[-81.375889,31.140337],[-81.387743,31.134433],[-81.399677,31.134113],[-81.409523,31.120611],[-81.403732,31.107115],[-81.401209,31.086143],[-81.401267,31.072781],[-81.415123,31.026718],[-81.420474,31.016703],[-81.424732,31.013678],[-81.432475,31.012991],[-81.43471,31.014641],[-81.434923,31.017804],[-81.451444,31.015515],[-81.457795,31.010259],[-81.460966,30.999142],[-81.469298,30.996028],[-81.490586,30.984952],[-81.493651,30.977528],[-81.486966,30.969602],[-81.475789,30.965976],[-81.472321,30.969899],[-81.466814,30.97091],[-81.453568,30.965573],[-81.448049,30.965511],[-81.447388,30.956732],[-81.426929,30.956615],[-81.420108,30.974076],[-81.415825,30.977192],[-81.408484,30.977718],[-81.403409,30.957914],[-81.404079,30.903738],[-81.412473,30.885751],[-81.428577,30.836336],[-81.430835,30.831156],[-81.44013,30.821369],[-81.446927,30.81039],[-81.455287,30.79093],[-81.460061,30.769912],[-81.461065,30.753684],[-81.45947,30.741979],[-81.449707,30.719685],[-81.444124,30.709714],[-81.448718,30.709353],[-81.459978,30.710434],[-81.464465,30.711045],[-81.472597,30.713312],[-81.475754,30.714754],[-81.483786,30.723891],[-81.487332,30.726081],[-81.489537,30.7261],[-81.507216,30.722936],[-81.516116,30.722236],[-81.521417,30.722536],[-81.531156,30.724219],[-81.533366,30.723433],[-81.534248,30.72097],[-81.534517,30.717936],[-81.533813,30.712055],[-81.535148,30.709702],[-81.538391,30.708656],[-81.541595,30.710062],[-81.544679,30.713969],[-81.546096,30.71703],[-81.549301,30.718292],[-81.552566,30.716974],[-81.556149,30.71375],[-81.560709,30.711689],[-81.563461,30.713423],[-81.563796,30.717749],[-81.568412,30.718979],[-81.571419,30.721636],[-81.573719,30.722336],[-81.58682,30.723735],[-81.589292,30.722839],[-81.593841,30.718481],[-81.597106,30.719326],[-81.596092,30.724615],[-81.596452,30.72725],[-81.600877,30.729444],[-81.604293,30.728939],[-81.606018,30.726219],[-81.605827,30.71969],[-81.60762,30.716373],[-81.610656,30.716217],[-81.613044,30.720451],[-81.615066,30.722691],[-81.621139,30.72254],[-81.623542,30.72468],[-81.621127,30.728832],[-81.620823,30.73162],[-81.624366,30.73634],[-81.628331,30.735394],[-81.629142,30.728725],[-81.630692,30.728095],[-81.632843,30.728762],[-81.635047,30.733276],[-81.638058,30.733368],[-81.641915,30.728922],[-81.646137,30.727591],[-81.649024,30.727499],[-81.653133,30.729799],[-81.65409,30.733093],[-81.651504,30.740677],[-81.652328,30.743101],[-81.654632,30.744385],[-81.659886,30.74218],[-81.662689,30.74304],[-81.663544,30.745728],[-81.659774,30.749441],[-81.660835,30.753193],[-81.663345,30.754402],[-81.669844,30.751669],[-81.678435,30.75107],[-81.683096,30.748492],[-81.682357,30.745485],[-81.679306,30.744745],[-81.672468,30.748435],[-81.669075,30.744986],[-81.668838,30.742514],[-81.670124,30.740235],[-81.672824,30.738935],[-81.680091,30.7416],[-81.688426,30.741482],[-81.691047,30.74328],[-81.692413,30.747637],[-81.694778,30.748414],[-81.702468,30.74544],[-81.709114,30.747976],[-81.719927,30.744634],[-81.729301,30.748255],[-81.732841,30.750486],[-81.732955,30.752016],[-81.731353,30.754007],[-81.73234,30.755296],[-81.741996,30.759071],[-81.742744,30.760588],[-81.742141,30.761953],[-81.740387,30.763599],[-81.740753,30.765007],[-81.744038,30.766396],[-81.750038,30.767111],[-81.754879,30.768701],[-81.758529,30.771083],[-81.760467,30.774654],[-81.76172,30.775698],[-81.769637,30.777116],[-81.771302,30.776324],[-81.770356,30.773482],[-81.772468,30.77124],[-81.773483,30.766996],[-81.771569,30.765158],[-81.771949,30.763811],[-81.78215,30.761341],[-81.783523,30.762465],[-81.782585,30.766073],[-81.786697,30.769802],[-81.783676,30.772879],[-81.792583,30.785477],[-81.794417,30.787004],[-81.796608,30.78562],[-81.79675,30.783055],[-81.798453,30.782251],[-81.802398,30.787197],[-81.807449,30.790119],[-81.819213,30.789911],[-81.823702,30.786831],[-81.828491,30.789356],[-81.839243,30.7866],[-81.841774,30.787853],[-81.839691,30.791197],[-81.841185,30.792269],[-81.845638,30.790721],[-81.853508,30.794628],[-81.863739,30.794275],[-81.868263,30.79285],[-81.870407,30.794819],[-81.870353,30.797483],[-81.87619,30.799805],[-81.881492,30.799917],[-81.884819,30.811529],[-81.889099,30.81356],[-81.891495,30.816752],[-81.891021,30.82247],[-81.892906,30.825513],[-81.894851,30.825167],[-81.901443,30.829922],[-81.904823,30.828276],[-81.90727,30.825555],[-81.906718,30.82339],[-81.904091,30.82041],[-81.904533,30.817743],[-81.910916,30.816125],[-81.918728,30.817493],[-81.92705,30.817569],[-81.932808,30.82041],[-81.93621,30.825417],[-81.936976,30.828511],[-81.938788,30.828836],[-81.943695,30.825981],[-81.949501,30.827867],[-81.955705,30.822751],[-81.963928,30.8181],[-81.962739,30.813636],[-81.962441,30.808441],[-81.964501,30.807452],[-81.961723,30.800993],[-81.962898,30.795847],[-81.966621,30.793915],[-81.969955,30.789076],[-81.970827,30.783856],[-81.973442,30.778828],[-81.977722,30.776636],[-81.983423,30.778124],[-81.992099,30.782996],[-81.994972,30.786073],[-82.004754,30.791389],[-82.008053,30.792053],[-82.012505,30.789333],[-82.015868,30.791591],[-82.018753,30.788002],[-82.021972,30.788233],[-82.023759,30.785263],[-82.023269,30.782693],[-82.01796,30.774943],[-82.018449,30.772759],[-82.01516,30.771971],[-82.011375,30.7626],[-82.018864,30.756574],[-82.018839,30.754595],[-82.023731,30.753507],[-82.027141,30.751128],[-82.031884,30.750476],[-82.0348,30.754449],[-82.036773,30.754434],[-82.038665,30.751087],[-82.039634,30.747727],[-82.039421,30.737194],[-82.044792,30.728481],[-82.044456,30.726152],[-82.040039,30.724585],[-82.039154,30.723178],[-82.037563,30.71864],[-82.038536,30.715918],[-82.036804,30.713033],[-82.036426,30.706585],[-82.043014,30.698257],[-82.04142,30.693592],[-82.043541,30.684734],[-82.050432,30.676266],[-82.048473,30.668947],[-82.046994,30.665926],[-82.047179,30.662904],[-82.048843,30.660678],[-82.049507,30.655548],[-82.046114,30.651767],[-82.042271,30.649452],[-82.039595,30.643309],[-82.039092,30.641132],[-82.039941,30.637144],[-82.037609,30.633271],[-82.033927,30.629603],[-82.028499,30.621829],[-82.026541,30.613303],[-82.027338,30.606726],[-82.026941,30.606153],[-82.016503,30.602484],[-82.015708,30.601704],[-82.012109,30.593773],[-82.008091,30.577018],[-82.005477,30.563495],[-82.013216,30.550091],[-82.018361,30.531184],[-82.018868,30.523828],[-82.01699,30.519358],[-82.015826,30.518166],[-82.01477,30.513009],[-82.015892,30.495499],[-82.018222,30.492085],[-82.017297,30.487638],[-82.016982,30.478779],[-82.017779,30.475081],[-82.023734,30.467289],[-82.025457,30.457755],[-82.028212,30.447396],[-82.030064,30.444853],[-82.036203,30.43846],[-82.037209,30.434518],[-82.034464,30.428048],[-82.034005,30.422357],[-82.039971,30.41428],[-82.041164,30.409966],[-82.04199,30.403266],[-82.041164,30.396841],[-82.035871,30.385287],[-82.036825,30.377884],[-82.040746,30.370158],[-82.047917,30.363265],[-82.050069,30.362338],[-82.060034,30.360328],[-82.068533,30.359184],[-82.081106,30.358806],[-82.094687,30.360781],[-82.101798,30.365336],[-82.101416,30.366556],[-82.1025,30.367823],[-82.104834,30.368319],[-82.116385,30.367335],[-82.143282,30.363393],[-82.158109,30.359913],[-82.161757,30.357851],[-82.170054,30.358929],[-82.171508,30.359869],[-82.180018,30.368625],[-82.183797,30.373712],[-82.184633,30.377165],[-82.186394,30.377355],[-82.188814,30.376596],[-82.19294,30.378779],[-82.192336,30.38457],[-82.196517,30.389316],[-82.204151,30.40133],[-82.210291,30.42459],[-82.20987,30.432818],[-82.206486,30.437081],[-82.203975,30.444507],[-82.204823,30.45184],[-82.20604,30.455507],[-82.207522,30.456928],[-82.207708,30.460503],[-82.204614,30.468868],[-82.200938,30.474438],[-82.201416,30.485164],[-82.206445,30.491877],[-82.212852,30.498751],[-82.218514,30.504187],[-82.225026,30.50783],[-82.226933,30.510281],[-82.230377,30.517339],[-82.229399,30.520823],[-82.230752,30.526758],[-82.236123,30.531155],[-82.240403,30.53777],[-82.238912,30.545426],[-82.234438,30.549003],[-82.234427,30.556593],[-82.228265,30.56258],[-82.222826,30.565595],[-82.217315,30.56519],[-82.214385,30.566958],[-82.214839,30.568591],[-82.374844,30.579004],[-82.569237,30.590965],[-83.13137,30.623583],[-83.15617,30.625504],[-83.499876,30.645671],[-83.611667,30.651255],[-83.88022,30.665832],[-84.2499,30.684145],[-84.28121,30.685256],[-84.374905,30.689794],[-84.474409,30.692793],[-84.53937,30.696775],[-84.644815,30.701992],[-84.836324,30.710709],[-84.864693,30.711542],[-84.869752,30.721897],[-84.875421,30.727491],[-84.883821,30.732591],[-84.885221,30.734991],[-84.887522,30.741791],[-84.896122,30.750591],[-84.897622,30.751391],[-84.900222,30.751891],[-84.903122,30.751791],[-84.906322,30.750591],[-84.911122,30.751191],[-84.913522,30.752291],[-84.914322,30.753591],[-84.915022,30.761191],[-84.920123,30.76599],[-84.918023,30.77209],[-84.917423,30.77589],[-84.918023,30.77809],[-84.926723,30.79019],[-84.928323,30.79309],[-84.929023,30.79729],[-84.927923,30.80279],[-84.928323,30.80509],[-84.930923,30.810489],[-84.936824,30.818489],[-84.937424,30.820889],[-84.935745,30.833961],[-84.932324,30.838089],[-84.926956,30.839192],[-84.925665,30.842685],[-84.927824,30.847889],[-84.933224,30.851488],[-84.936624,30.858988],[-84.935325,30.861287],[-84.932524,30.863188],[-84.933124,30.865888],[-84.939324,30.871488],[-84.939224,30.874888],[-84.934324,30.881888],[-84.9349,30.884528],[-84.942525,30.888488],[-84.949625,30.897387],[-84.952325,30.902287],[-84.956125,30.907587],[-84.966726,30.917287],[-84.969426,30.921987],[-84.971026,30.928187],[-84.975226,30.930787],[-84.980627,30.932687],[-84.983127,30.934786],[-84.983627,30.936986],[-84.983027,30.942586],[-84.982227,30.946886],[-84.979627,30.954686],[-84.979627,30.958986],[-84.980127,30.961286],[-84.982527,30.965586],[-84.984827,30.967486],[-84.988027,30.968786],[-84.997628,30.971186],[-84.999928,30.971186],[-85.004026,30.973468],[-85.005105,30.974704],[-85.005931,30.97704],[-85.005934,30.979804],[-85.00254,30.986899],[-85.001819,30.997889],[-85.0019,31.000681],[-85.002499,31.000682],[-85.001366,31.005044],[-84.999626,31.009079],[-84.999428,31.013843],[-85.00006,31.014983],[-85.004549,31.01918],[-85.005051,31.024701],[-85.009409,31.032378],[-85.008552,31.042824],[-85.008816,31.045573],[-85.011392,31.053546],[-85.012642,31.055402],[-85.018148,31.059253],[-85.028573,31.074583],[-85.028333,31.076851],[-85.026068,31.08418],[-85.029736,31.096163],[-85.032832,31.10057],[-85.035615,31.108192],[-85.037079,31.109751],[-85.040513,31.111583],[-85.050178,31.118916],[-85.052867,31.119489],[-85.054677,31.120818],[-85.061072,31.134225],[-85.06243,31.139518],[-85.064028,31.142495],[-85.070181,31.14868],[-85.076628,31.156927],[-85.077801,31.157889],[-85.083582,31.15963],[-85.092106,31.160293],[-85.100207,31.16549],[-85.100447,31.166727],[-85.098426,31.17777],[-85.098507,31.180153],[-85.102052,31.184734],[-85.104424,31.18565],[-85.106503,31.185305],[-85.107516,31.186451],[-85.108133,31.195637],[-85.106963,31.202693],[-85.105631,31.204595],[-85.09977,31.209751],[-85.098704,31.211286],[-85.098707,31.219511],[-85.096763,31.225651],[-85.098844,31.232524],[-85.100765,31.234813],[-85.102472,31.23786],[-85.10426,31.241869],[-85.106182,31.248077],[-85.109149,31.254609],[-85.111711,31.258022],[-85.112352,31.25958],[-85.113261,31.264343],[-85.111983,31.267987],[-85.111905,31.272477],[-85.112546,31.274378],[-85.114548,31.276302],[-85.114601,31.277333],[-85.112762,31.280037],[-85.110309,31.281733],[-85.099107,31.284165],[-85.09316,31.289688],[-85.089774,31.295026],[-85.087695,31.304053],[-85.087404,31.311223],[-85.084469,31.316194],[-85.083776,31.31821],[-85.084152,31.328313],[-85.088983,31.334292],[-85.089411,31.336033],[-85.08781,31.337981],[-85.087063,31.340317],[-85.085864,31.35019],[-85.085918,31.353146],[-85.087413,31.354428],[-85.09099,31.354428],[-85.091791,31.355207],[-85.092619,31.357474],[-85.092167,31.364576],[-85.08691,31.374474],[-85.082431,31.38454],[-85.080403,31.393932],[-85.078641,31.39636],[-85.077626,31.39888],[-85.077387,31.402844],[-85.079978,31.410472],[-85.079818,31.411732],[-85.076746,31.415971],[-85.075523,31.424761],[-85.073978,31.427179],[-85.072689,31.428278],[-85.069083,31.427619],[-85.06697,31.428594],[-85.065875,31.430586],[-85.065554,31.439543],[-85.065955,31.442979],[-85.066703,31.447286],[-85.069268,31.453472],[-85.071621,31.468384],[-85.065687,31.484122],[-85.062105,31.488017],[-85.058923,31.495989],[-85.052951,31.506518],[-85.048445,31.513684],[-85.045642,31.516813],[-85.044986,31.51823],[-85.044556,31.520908],[-85.047649,31.523751],[-85.048263,31.526012],[-85.047196,31.528671],[-85.042983,31.5352],[-85.041813,31.537754],[-85.041305,31.540987],[-85.041881,31.544684],[-85.042547,31.545953],[-85.045698,31.548707],[-85.050838,31.555551],[-85.051873,31.557871],[-85.052931,31.56289],[-85.05796,31.57084],[-85.057719,31.573062],[-85.055284,31.577092],[-85.055417,31.578696],[-85.05844,31.58369],[-85.058109,31.593343],[-85.056405,31.600963],[-85.055976,31.605178],[-85.057314,31.606713],[-85.059696,31.607262],[-85.060552,31.608224],[-85.060418,31.611271],[-85.05833,31.614546],[-85.057527,31.616883],[-85.057473,31.618624],[-85.058169,31.620227],[-85.059534,31.621717],[-85.067628,31.625267],[-85.073829,31.629567],[-85.080029,31.636867],[-85.084503,31.639026],[-85.085365,31.642186],[-85.085173,31.644101],[-85.082267,31.650366],[-85.078513,31.651685],[-85.078632,31.653309],[-85.079925,31.655287],[-85.087829,31.657866],[-85.092429,31.659966],[-85.10943,31.677465],[-85.11263,31.685165],[-85.11393,31.686865],[-85.12233,31.691265],[-85.12553,31.694965],[-85.12683,31.708965],[-85.12653,31.716764],[-85.12573,31.718864],[-85.12223,31.722764],[-85.11913,31.730964],[-85.11893,31.732664],[-85.12393,31.747564],[-85.12663,31.752463],[-85.129231,31.758663],[-85.12563,31.764463],[-85.12523,31.767063],[-85.12633,31.768863],[-85.140431,31.779663],[-85.141931,31.781963],[-85.137131,31.788363],[-85.132931,31.792363],[-85.132231,31.795162],[-85.132831,31.798862],[-85.132931,31.808062],[-85.131531,31.813062],[-85.131331,31.817562],[-85.134315,31.824608],[-85.13262,31.826833],[-85.133083,31.828666],[-85.135931,31.830462],[-85.139231,31.834161],[-85.141831,31.839261],[-85.141331,31.841061],[-85.138331,31.844161],[-85.137731,31.845861],[-85.138031,31.851262],[-85.140231,31.855261],[-85.140731,31.857461],[-85.140131,31.858761],[-85.137431,31.860661],[-85.135831,31.862461],[-85.133731,31.870061],[-85.128831,31.87636],[-85.128431,31.87756],[-85.128431,31.87966],[-85.129331,31.88246],[-85.131631,31.88676],[-85.133731,31.88956],[-85.134331,31.89146],[-85.134131,31.89216],[-85.132931,31.89306],[-85.121131,31.89326],[-85.117031,31.89286],[-85.114031,31.89336],[-85.11203,31.89476],[-85.11063,31.89686],[-85.111558,31.901254],[-85.109775,31.904143],[-85.10983,31.90806],[-85.112731,31.909859],[-85.113131,31.911859],[-85.10913,31.914359],[-85.10243,31.917359],[-85.10133,31.918659],[-85.10023,31.924059],[-85.09953,31.925259],[-85.09823,31.926259],[-85.09183,31.928859],[-85.08643,31.935959],[-85.08473,31.937359],[-85.07893,31.940159],[-85.07893,31.941459],[-85.08243,31.945358],[-85.08683,31.957758],[-85.08673,31.959158],[-85.08573,31.960758],[-85.08323,31.962458],[-85.07393,31.964158],[-85.07023,31.965658],[-85.067829,31.967358],[-85.065929,31.971158],[-85.065929,31.972458],[-85.066829,31.974758],[-85.06993,31.978358],[-85.07093,31.981658],[-85.06833,31.986757],[-85.06803,31.993357],[-85.064544,32.002489],[-85.063441,32.00414],[-85.055075,32.010714],[-85.053815,32.013502],[-85.054768,32.017407],[-85.053669,32.020662],[-85.05014,32.021092],[-85.04931,32.022694],[-85.056253,32.028336],[-85.056464,32.031819],[-85.054627,32.036694],[-85.054839,32.038814],[-85.055333,32.04058],[-85.05803,32.043756],[-85.05883,32.046656],[-85.05663,32.054155],[-85.05643,32.058055],[-85.05683,32.059755],[-85.054179,32.067985],[-85.054084,32.07021],[-85.055491,32.072657],[-85.055813,32.074439],[-85.053232,32.080604],[-85.051161,32.082527],[-85.047077,32.084347],[-85.045511,32.086867],[-85.04955,32.095362],[-85.053777,32.107684],[-85.055045,32.113671],[-85.05918,32.125153],[-85.06154,32.129673],[-85.06206,32.132486],[-85.061144,32.134065],[-85.058749,32.136018],[-85.047865,32.142033],[-85.045593,32.143758],[-85.033989,32.156348],[-85.030336,32.161727],[-85.026583,32.166104],[-85.014648,32.176882],[-85.013065,32.179112],[-85.011267,32.180493],[-85.008531,32.181903],[-84.995929,32.184852],[-84.973728,32.191552],[-84.966828,32.193952],[-84.964628,32.195152],[-84.961728,32.19865],[-84.963228,32.20225],[-84.966928,32.204451],[-84.969428,32.204451],[-84.972328,32.20355],[-84.974628,32.203651],[-84.980229,32.207751],[-84.980229,32.210051],[-84.978729,32.21255],[-84.972128,32.218251],[-84.967428,32.219351],[-84.961428,32.218051],[-84.956328,32.217851],[-84.949451,32.218511],[-84.939328,32.217951],[-84.930127,32.219051],[-84.928227,32.219851],[-84.925427,32.221551],[-84.922927,32.224751],[-84.923527,32.229751],[-84.922627,32.231751],[-84.920627,32.233951],[-84.916327,32.236551],[-84.912727,32.24335],[-84.913927,32.24515],[-84.917227,32.24595],[-84.920327,32.24405],[-84.923027,32.244549],[-84.924127,32.245649],[-84.924427,32.249797],[-84.923015,32.250822],[-84.917327,32.249049],[-84.910098,32.248333],[-84.907227,32.24905],[-84.904087,32.250838],[-84.901454,32.257424],[-84.898139,32.258608],[-84.892296,32.258272],[-84.889174,32.259232],[-84.88908,32.260911],[-84.893959,32.265846],[-84.904023,32.273749],[-84.911127,32.276949],[-84.922872,32.285333],[-84.9338,32.29826],[-84.93868,32.300708],[-84.989514,32.319316],[-85.001874,32.322015],[-85.007103,32.328362],[-85.008096,32.336677],[-85.004582,32.345196],[-84.986778,32.359058],[-84.983466,32.363186],[-84.983242,32.365122],[-84.985171,32.367062],[-84.986298,32.369666],[-84.98409,32.373522],[-84.980282,32.374386],[-84.977274,32.373842],[-84.97433,32.374578],[-84.971962,32.377698],[-84.973818,32.379873],[-84.979354,32.380705],[-84.986282,32.380336],[-84.988554,32.384081],[-84.985978,32.389665],[-84.983386,32.391761],[-84.978362,32.390497],[-84.976394,32.391025],[-84.971773,32.390599],[-84.96873,32.391457],[-84.968762,32.393009],[-84.973882,32.395217],[-84.979898,32.400097],[-84.981098,32.402833],[-84.979431,32.412244],[-84.97183,32.416244],[-84.96343,32.422544],[-84.96303,32.424244],[-84.967031,32.435343],[-84.971831,32.442843],[-84.983831,32.445643],[-84.993531,32.450743],[-84.995331,32.453243],[-84.998031,32.461743],[-84.998231,32.469842],[-84.995231,32.475242],[-84.994831,32.486042],[-84.996732,32.492342],[-84.998332,32.494142],[-84.997505,32.500728],[-84.999832,32.504341],[-85.001532,32.514741],[-85.0071,32.523868],[-85.008396,32.524876],[-85.013788,32.526108],[-85.016191,32.531127],[-85.020237,32.534748],[-85.022045,32.540044],[-85.022509,32.542923],[-85.032071,32.545429],[-85.034841,32.551996],[-85.040555,32.555644],[-85.056926,32.571242],[-85.059672,32.576742],[-85.067535,32.579546],[-85.076399,32.594665],[-85.080288,32.603577],[-85.080768,32.610152],[-85.08224,32.616264],[-85.083616,32.6178],[-85.08536,32.618536],[-85.087294,32.62047],[-85.089441,32.625429],[-85.088534,32.627874],[-85.084724,32.630472],[-85.082365,32.633834],[-85.083635,32.635973],[-85.091336,32.634036],[-85.096597,32.634667],[-85.100388,32.637118],[-85.105337,32.644835],[-85.100337,32.650135],[-85.096336,32.652835],[-85.089736,32.655635],[-85.088483,32.657758],[-85.093536,32.669734],[-85.104037,32.679634],[-85.112637,32.683434],[-85.114737,32.685634],[-85.117037,32.692033],[-85.119279,32.703966],[-85.119,32.710057],[-85.122738,32.715727],[-85.120838,32.722932],[-85.115038,32.728831],[-85.113167,32.732813],[-85.113329,32.735751],[-85.114795,32.738104],[-85.11855,32.740817],[-85.124092,32.741694],[-85.132196,32.744411],[-85.136584,32.748437],[-85.142567,32.760682],[-85.137382,32.769068],[-85.13439,32.770577],[-85.130884,32.769562],[-85.122189,32.773353],[-85.126219,32.779189],[-85.129934,32.779649],[-85.134673,32.783905],[-85.139285,32.784921],[-85.140558,32.789701],[-85.141903,32.791821],[-85.145771,32.791115],[-85.151913,32.794104],[-85.162137,32.804237],[-85.167939,32.811612],[-85.166078,32.817631],[-85.164104,32.82128],[-85.168016,32.829203],[-85.164651,32.834791],[-85.16058,32.838249],[-85.157432,32.839439],[-85.154584,32.839805],[-85.153905,32.841018],[-85.153388,32.844865],[-85.154255,32.847476],[-85.155884,32.849918],[-85.159841,32.854945],[-85.16231,32.856479],[-85.164318,32.856183],[-85.166761,32.85474],[-85.168064,32.852863],[-85.170099,32.852497],[-85.177127,32.853895],[-85.179353,32.855269],[-85.1844,32.861317],[-85.184888,32.863355],[-85.184914,32.868944],[-85.184131,32.870525],[-85.18474,32.870527],[-85.188741,32.889727],[-85.232378,33.108077],[-85.304439,33.482884],[-85.357402,33.750104],[-85.377426,33.856047],[-85.405918,34.0001],[-85.406748,34.002314],[-85.428222,34.114397],[-85.42947,34.125096],[-85.47045,34.328239],[-85.51393,34.525192],[-85.517074,34.542598],[-85.527261,34.588683],[-85.534327,34.625082],[-85.561416,34.750079],[-85.583145,34.860371],[-85.595163,34.924171],[-85.598781,34.944915],[-85.599385,34.951766],[-85.605165,34.984678]]}}]}