{"type":"FeatureCollection","features":[{"type":"Feature","properties":{"name":"Texas","density":98.07,"STUSPS":"TX"},"geometry":{"type":"MultiPolygon","coordinates":[[[[-94.7183,29.72885],[-94.71721,29.73211],[-94.71651,29.73352],[-94.71444,29.73299],[-94.71385,29.73145],[-94.71516,29.72979],[-94.71618,29.72778],[-94.71675,29.72769],[-94.71789,29.72812],[-94.7183,29.72885]]],[[[-94.82326,29.32392],[-94.82279,29.32547],[-94.8216,29.32703],[-94.82231,29.32962],[-94.82208,29.33335],[-94.81994,29.33946],[-94.81982,29.34112],[-94.82112,29.34277],[-94.8216,29.34526],[-94.8172,29.34837],[-94.81447,29.34961],[-94.81293,29.35137],[-94.81052,29.35213],[-94.8052,29.3494],[-94.79843,29.34492],[-94.79736,29.3434],[-94.79211,29.34109],[-94.78844,29.33749],[-94.78586,29.33505],[-94.7824,29.33391],[-94.7812,29.33247],[-94.78211,29.32987],[-94.78179,29.32402],[-94.78417,29.32102],[-94.78999,29.31615],[-94.79344,29.31407],[-94.79843,29.31242],[-94.80484,29.3121],[-94.81091,29.31262],[-94.81566,29.3121],[-94.82196,29.31324],[-94.82315,29.31656],[-94.82326,29.32392]]],[[[-94.82591,29.35265],[-94.82523,29.3538],[-94.82433,29.3539],[-94.82097,29.35267],[-94.82021,29.35156],[-94.81995,29.35017],[-94.82058,29.34908],[-94.82187,29.34845],[-94.82425,29.34892],[-94.82601,29.35173],[-94.82591,29.35265]]],[[[-94.91513,29.27345],[-94.91311,29.275],[-94.90919,29.27396],[-94.90871,29.27189],[-94.90919,29.26982],[-94.91144,29.26878],[-94.91382,29.26992],[-94.91513,29.27345]]],[[[-94.92859,29.58356],[-94.92788,29.58459],[-94.92158,29.58811],[-94.91956,29.58831],[-94.91861,29.58759],[-94.90768,29.57374],[-94.90732,29.5726],[-94.90744,29.57136],[-94.9091,29.57023],[-94.91397,29.56733],[-94.91552,29.56723],[-94.91683,29.56764],[-94.928,29.58222],[-94.92859,29.58356]]],[[[-94.92868,29.28703],[-94.92271,29.28844],[-94.91966,29.28682],[-94.92193,29.28199],[-94.92439,29.28161],[-94.92899,29.2851],[-94.92868,29.28703]]],[[[-94.97839,29.68365],[-94.97743,29.6852],[-94.97613,29.6852],[-94.97375,29.68613],[-94.97185,29.6853],[-94.96858,29.68255],[-94.96877,29.68061],[-94.96579,29.67932],[-94.95319,29.67746],[-94.94773,29.67023],[-94.94143,29.6534],[-94.94238,29.65195],[-94.95424,29.6503],[-94.95262,29.64804],[-94.95034,29.6472],[-94.94832,29.6441],[-94.94784,29.64193],[-94.94784,29.63853],[-94.94891,29.63357],[-94.9482,29.63171],[-94.94725,29.62974],[-94.94393,29.62725],[-94.94083,29.62251],[-94.93964,29.62086],[-94.93988,29.61921],[-94.94167,29.61559],[-94.94332,29.61379],[-94.94475,29.61301],[-94.94737,29.61342],[-94.95034,29.61549],[-94.95334,29.61871],[-94.95425,29.62264],[-94.95355,29.62665],[-94.95212,29.62871],[-94.95367,29.63253],[-94.95604,29.63419],[-94.95919,29.63616],[-94.96076,29.64311],[-94.96529,29.65149],[-94.96664,29.65615],[-94.96674,29.6599],[-94.96721,29.66114],[-94.96827,29.66253],[-94.96815,29.66413],[-94.96828,29.66713],[-94.96971,29.67013],[-94.97108,29.67204],[-94.97292,29.67292],[-94.97429,29.67507],[-94.97555,29.67618],[-94.9761,29.67826],[-94.97791,29.68118],[-94.97839,29.68365]]],[[[-94.99205,29.69842],[-94.98968,29.698],[-94.98671,29.6979],[-94.98564,29.69852],[-94.98278,29.69749],[-94.98017,29.69604],[-94.97993,29.69511],[-94.97934,29.69387],[-94.97601,29.69439],[-94.97518,29.69398],[-94.97506,29.69295],[-94.97328,29.6914],[-94.97328,29.69036],[-94.97375,29.68913],[-94.97518,29.68789],[-94.97957,29.6883],[-94.98207,29.69016],[-94.98457,29.69129],[-94.98552,29.69284],[-94.98718,29.69439],[-94.98884,29.69553],[-94.99075,29.69604],[-94.99241,29.6978],[-94.99205,29.69842]]],[[[-95.12215,29.09042],[-95.11989,29.09291],[-95.11466,29.09416],[-95.11014,29.09769],[-95.10705,29.10215],[-95.10064,29.11316],[-95.09695,29.11887],[-95.09303,29.12251],[-95.0884,29.12489],[-95.08317,29.12718],[-95.07948,29.12749],[-95.07592,29.12936],[-95.07128,29.13226],[-95.07116,29.13392],[-95.06831,29.13631],[-95.0638,29.13704],[-95.06071,29.13901],[-95.05809,29.14202],[-95.04621,29.14939],[-95.04359,29.15198],[-95.03979,29.15427],[-95.03551,29.15468],[-95.02814,29.15655],[-95.02422,29.16018],[-95.02541,29.16267],[-95.02363,29.169],[-95.01982,29.16849],[-95.01697,29.16849],[-95.01674,29.17212],[-95.01899,29.17564],[-95.01709,29.17751],[-95.01329,29.17876],[-95.00877,29.17782],[-95.00651,29.17979],[-95.00866,29.18291],[-95.01305,29.18509],[-95.00913,29.18571],[-95.00533,29.18509],[-95.00129,29.18695],[-94.99332,29.18882],[-94.98952,29.19058],[-94.99404,29.19577],[-94.99178,29.20034],[-94.98358,29.20117],[-94.97954,29.20283],[-94.97574,29.20148],[-94.97407,29.20241],[-94.97372,29.2049],[-94.97193,29.20698],[-94.97502,29.20884],[-94.97431,29.21123],[-94.9692,29.21351],[-94.96409,29.21154],[-94.95946,29.21019],[-94.95898,29.21289],[-94.96219,29.21642],[-94.96231,29.21922],[-94.95779,29.21942],[-94.95339,29.21828],[-94.94531,29.2215],[-94.94448,29.22378],[-94.94876,29.22865],[-94.95565,29.22938],[-94.94757,29.23301],[-94.94341,29.23571],[-94.93426,29.23259],[-94.93046,29.23488],[-94.93022,29.23871],[-94.93022,29.24348],[-94.92737,29.24659],[-94.92404,29.24722],[-94.92071,29.25053],[-94.92095,29.25344],[-94.91857,29.25572],[-94.91418,29.25841],[-94.9093,29.25987],[-94.90039,29.26495],[-94.89124,29.27054],[-94.88684,29.27065],[-94.88459,29.2721],[-94.88007,29.27272],[-94.88185,29.27925],[-94.88054,29.28267],[-94.87627,29.2863],[-94.87437,29.28993],[-94.87211,29.29065],[-94.86831,29.29045],[-94.86533,29.29169],[-94.86557,29.29335],[-94.86165,29.29552],[-94.85892,29.29521],[-94.85464,29.29708],[-94.85286,29.29905],[-94.85107,29.29925],[-94.84965,29.29749],[-94.84561,29.29843],[-94.8418,29.29915],[-94.83764,29.29977],[-94.83776,29.3012],[-94.83194,29.30205],[-94.83028,29.30133],[-94.82968,29.30029],[-94.82766,29.30091],[-94.8279,29.30464],[-94.82374,29.30589],[-94.82077,29.30962],[-94.81304,29.309],[-94.79807,29.30848],[-94.78904,29.3119],[-94.78119,29.31853],[-94.77466,29.32102],[-94.77323,29.32982],[-94.77228,29.33366],[-94.76997,29.33595],[-94.76657,29.33734],[-94.7633,29.33715],[-94.75632,29.33643],[-94.74967,29.33483],[-94.74622,29.33476],[-94.74018,29.33587],[-94.73404,29.33705],[-94.7314,29.33705],[-94.72819,29.33459],[-94.72617,29.33252],[-94.72717,29.33139],[-94.74049,29.32322],[-94.76735,29.30564],[-94.77493,29.29983],[-94.79476,29.28439],[-94.81513,29.27247],[-94.83649,29.26071],[-94.86692,29.24277],[-94.86922,29.24219],[-94.89175,29.22902],[-94.91861,29.21288],[-94.94852,29.19515],[-95.00364,29.16218],[-95.02884,29.1469],[-95.04659,29.13572],[-95.05827,29.12822],[-95.06962,29.1208],[-95.08001,29.11358],[-95.08795,29.10791],[-95.09471,29.10248],[-95.10028,29.09716],[-95.1037,29.09324],[-95.10698,29.08896],[-95.11062,29.08668],[-95.11407,29.08492],[-95.11656,29.0846],[-95.11787,29.08595],[-95.12013,29.08772],[-95.12226,29.08855],[-95.12215,29.09042]]],[[[-97.11172,27.89307],[-97.10839,27.89559],[-97.1072,27.89706],[-97.10649,27.89926],[-97.10613,27.90063],[-97.10292,27.90336],[-97.09805,27.90388],[-97.09722,27.90347],[-97.09983,27.90157],[-97.10328,27.89853],[-97.10518,27.89737],[-97.10601,27.89527],[-97.10768,27.89391],[-97.10898,27.89202],[-97.11172,27.89307]]],[[[-97.12657,27.90956],[-97.12502,27.91292],[-97.12301,27.9126],[-97.12205,27.91134],[-97.12265,27.91008],[-97.12443,27.90903],[-97.12574,27.90746],[-97.12716,27.90809],[-97.12657,27.90956]]],[[[-97.12705,27.84106],[-97.12289,27.84979],[-97.11932,27.85283],[-97.11409,27.8626],[-97.11397,27.86407],[-97.10554,27.87532],[-97.1028,27.8791],[-97.10138,27.88319],[-97.08997,27.87552],[-97.08866,27.87805],[-97.08319,27.88361],[-97.08177,27.88824],[-97.08474,27.89107],[-97.08082,27.89401],[-97.07464,27.89485],[-97.07369,27.89895],[-97.07095,27.90242],[-97.06605,27.90622],[-97.06549,27.90958],[-97.06938,27.91223],[-97.07866,27.91562],[-97.07907,27.91632],[-97.07892,27.91701],[-97.07737,27.91691],[-97.07464,27.91575],[-97.06953,27.91502],[-97.06513,27.91313],[-97.06121,27.91008],[-97.05634,27.90556],[-97.0536,27.90231],[-97.05289,27.89674],[-97.05194,27.89181],[-97.04992,27.8834],[-97.04956,27.87857],[-97.05039,27.87437],[-97.05218,27.86796],[-97.05539,27.86155],[-97.05895,27.85472],[-97.06097,27.85241],[-97.06418,27.85147],[-97.06466,27.85052],[-97.06097,27.84705],[-97.06097,27.84632],[-97.06501,27.84474],[-97.07119,27.84348],[-97.0763,27.84285],[-97.08034,27.84411],[-97.08177,27.84464],[-97.08284,27.84348],[-97.08391,27.84285],[-97.08783,27.84159],[-97.09282,27.84148],[-97.09876,27.84064],[-97.10625,27.83938],[-97.12396,27.83802],[-97.12693,27.83791],[-97.1299,27.83949],[-97.12705,27.84106]]],[[[-97.13172,27.89602],[-97.11342,27.89213],[-97.11021,27.89066],[-97.11021,27.88919],[-97.11211,27.88835],[-97.11425,27.88698],[-97.11591,27.88583],[-97.11698,27.88552],[-97.11829,27.88562],[-97.11793,27.88825],[-97.11829,27.89066],[-97.12958,27.89339],[-97.13195,27.89444],[-97.13172,27.89602]]],[[[-97.13255,27.89885],[-97.12946,27.90442],[-97.12886,27.90505],[-97.12708,27.904],[-97.1272,27.90243],[-97.12708,27.90085],[-97.12732,27.90011],[-97.1297,27.89749],[-97.13219,27.89812],[-97.13255,27.89885]]],[[[-97.14122,27.85316],[-97.13873,27.85578],[-97.13694,27.85379],[-97.13647,27.85106],[-97.13742,27.84937],[-97.14051,27.84937],[-97.14336,27.84948],[-97.14122,27.85316]]],[[[-97.15085,27.87585],[-97.14907,27.87753],[-97.14693,27.87827],[-97.14467,27.88089],[-97.14336,27.88152],[-97.14205,27.8811],[-97.14158,27.87953],[-97.14241,27.87858],[-97.14372,27.87837],[-97.14538,27.87659],[-97.1474,27.87564],[-97.14942,27.8749],[-97.15049,27.8749],[-97.15085,27.87585]]],[[[-97.16408,27.82061],[-97.15633,27.82167],[-97.15336,27.82189],[-97.14968,27.82153],[-97.14598,27.82091],[-97.14424,27.82122],[-97.14288,27.82042],[-97.14389,27.81866],[-97.14424,27.81743],[-97.14509,27.81657],[-97.14766,27.8161],[-97.15142,27.8171],[-97.15119,27.81959],[-97.1541,27.81992],[-97.1575,27.8169],[-97.16059,27.81638],[-97.16345,27.81722],[-97.16404,27.81806],[-97.16408,27.82061]]],[[[-97.17436,27.75527],[-97.17365,27.75695],[-97.17353,27.75874],[-97.1727,27.76084],[-97.17044,27.762],[-97.16866,27.7641],[-97.16711,27.76452],[-97.16486,27.76399],[-97.16486,27.76294],[-97.16604,27.76137],[-97.16676,27.75926],[-97.16854,27.75842],[-97.16854,27.75705],[-97.16759,27.75569],[-97.16842,27.75443],[-97.1702,27.75337],[-97.1727,27.75295],[-97.1746,27.7539],[-97.17436,27.75527]]],[[[-97.1903,27.81648],[-97.18543,27.8169],[-97.18198,27.81701],[-97.17985,27.81827],[-97.17854,27.81837],[-97.17747,27.81753],[-97.17747,27.81459],[-97.17889,27.81448],[-97.18555,27.8128],[-97.18781,27.8128],[-97.18876,27.81396],[-97.19292,27.81533],[-97.1903,27.81648]]],[[[-97.22025,27.81018],[-97.21625,27.81132],[-97.20898,27.81288],[-97.20409,27.81385],[-97.19928,27.81431],[-97.19683,27.81469],[-97.19637,27.81396],[-97.19732,27.81259],[-97.20052,27.81175],[-97.20266,27.81018],[-97.20441,27.80803],[-97.2073,27.80734],[-97.21467,27.80734],[-97.21713,27.8086],[-97.22049,27.80921],[-97.22025,27.81018]]],[[[-97.24005,27.83357],[-97.23856,27.83601],[-97.2343,27.83582],[-97.23,27.83151],[-97.23,27.83004],[-97.23099,27.82892],[-97.23388,27.82891],[-97.23589,27.83131],[-97.24005,27.83357]]],[[[-97.24647,27.68248],[-97.23737,27.68695],[-97.22276,27.68592],[-97.21554,27.68283],[-97.22086,27.67561],[-97.23152,27.64089],[-97.23461,27.64107],[-97.22808,27.67389],[-97.23238,27.68266],[-97.23753,27.68283],[-97.24217,27.67114],[-97.24355,27.67114],[-97.2463,27.67595],[-97.24647,27.68248]]],[[[-97.2581,26.42544],[-97.25596,26.42704],[-97.2524,26.4265],[-97.25109,26.42416],[-97.25038,26.42097],[-97.25168,26.41522],[-97.25323,26.4149],[-97.25489,26.41522],[-97.25644,26.41831],[-97.25727,26.42161],[-97.2581,26.42544]]],[[[-97.26755,27.87369],[-97.26589,27.87333],[-97.26081,27.87416],[-97.25221,27.87122],[-97.24876,27.86346],[-97.24732,27.86111],[-97.24526,27.86041],[-97.24577,27.85869],[-97.24544,27.85607],[-97.244,27.85469],[-97.23914,27.84322],[-97.23819,27.84075],[-97.239,27.8398],[-97.24509,27.84097],[-97.25808,27.86604],[-97.26132,27.86694],[-97.26732,27.869],[-97.2671,27.87144],[-97.26828,27.87274],[-97.26755,27.87369]]],[[[-97.3178,27.49456],[-97.3159,27.4991],[-97.31436,27.50299],[-97.31388,27.50542],[-97.31245,27.50711],[-97.31127,27.507],[-97.31008,27.50595],[-97.31079,27.50373],[-97.31305,27.50004],[-97.314,27.49751],[-97.31543,27.49519],[-97.31745,27.49382],[-97.3178,27.49456]]],[[[-97.31887,27.48023],[-97.31685,27.48328],[-97.31578,27.48666],[-97.31352,27.49045],[-97.31198,27.49045],[-97.30794,27.49161],[-97.30556,27.49488],[-97.30449,27.49551],[-97.30378,27.49446],[-97.30509,27.49151],[-97.30972,27.48855],[-97.31293,27.48655],[-97.31388,27.48339],[-97.31554,27.48149],[-97.31638,27.48001],[-97.31673,27.4779],[-97.3197,27.4778],[-97.31887,27.48023]]],[[[-97.32591,26.5608],[-97.30867,26.56106],[-97.27657,26.56168],[-97.27188,26.55994],[-97.27012,26.55455],[-97.26619,26.54036],[-97.2587,26.518],[-97.25098,26.49462],[-97.24562,26.4781],[-97.23806,26.45378],[-97.23041,26.42965],[-97.22372,26.40707],[-97.21789,26.38726],[-97.21114,26.35994],[-97.20165,26.32495],[-97.19536,26.29948],[-97.19287,26.29],[-97.19052,26.27753],[-97.18533,26.25292],[-97.18214,26.23716],[-97.17897,26.2193],[-97.17711,26.20655],[-97.17583,26.19563],[-97.17208,26.1684],[-97.17034,26.15652],[-97.1698,26.14855],[-97.16878,26.14112],[-97.16579,26.12083],[-97.16346,26.10579],[-97.16184,26.09579],[-97.16102,26.09114],[-97.1588,26.08266],[-97.1562,26.07373],[-97.15482,26.06988],[-97.15371,26.06758],[-97.15563,26.06798],[-97.15905,26.0696],[-97.16019,26.06994],[-97.16105,26.06866],[-97.16219,26.06721],[-97.16276,26.06712],[-97.16314,26.069],[-97.16475,26.07191],[-97.16666,26.07259],[-97.16932,26.07771],[-97.16932,26.07951],[-97.17027,26.0848],[-97.16989,26.08617],[-97.1678,26.08933],[-97.16694,26.09283],[-97.16865,26.09539],[-97.16875,26.09786],[-97.16941,26.09897],[-97.16903,26.10179],[-97.17103,26.10563],[-97.17198,26.10837],[-97.17245,26.11127],[-97.17378,26.11468],[-97.17331,26.11665],[-97.17207,26.11793],[-97.17274,26.12365],[-97.17493,26.12587],[-97.17445,26.12919],[-97.17654,26.1321],[-97.17816,26.135],[-97.17816,26.14055],[-97.17873,26.14234],[-97.1792,26.14533],[-97.18206,26.14703],[-97.18244,26.14831],[-97.18187,26.15019],[-97.1813,26.15565],[-97.18101,26.15958],[-97.18225,26.1629],[-97.18073,26.17093],[-97.17901,26.17439],[-97.17901,26.18079],[-97.18103,26.18996],[-97.18293,26.19774],[-97.18376,26.20563],[-97.18626,26.21427],[-97.18685,26.21928],[-97.18804,26.22514],[-97.18887,26.23261],[-97.19386,26.2438],[-97.19434,26.25435],[-97.19612,26.26405],[-97.19731,26.27801],[-97.20123,26.28675],[-97.20242,26.29847],[-97.20908,26.3235],[-97.21228,26.33649],[-97.22132,26.353],[-97.22548,26.36291],[-97.21953,26.36961],[-97.22203,26.37707],[-97.2288,26.38941],[-97.23451,26.39932],[-97.23629,26.40368],[-97.24151,26.40833],[-97.23777,26.41857],[-97.24372,26.42533],[-97.24306,26.43199],[-97.24699,26.44072],[-97.24404,26.44803],[-97.24765,26.46432],[-97.25313,26.48016],[-97.25807,26.48782],[-97.25611,26.49726],[-97.25714,26.50029],[-97.26065,26.50093],[-97.26251,26.507],[-97.26976,26.5079],[-97.27194,26.51199],[-97.27563,26.52485],[-97.28252,26.53612],[-97.28603,26.54716],[-97.29665,26.55084],[-97.30366,26.55361],[-97.30824,26.55761],[-97.32289,26.55717],[-97.32656,26.55879],[-97.32591,26.5608]]],[[[-97.39839,26.86789],[-97.39138,26.8839],[-97.39351,26.90637],[-97.39411,26.91538],[-97.39161,26.93699],[-97.39007,26.95002],[-97.38686,26.95723],[-97.39066,26.96369],[-97.39351,26.97131],[-97.39209,26.97714],[-97.39066,26.98847],[-97.39007,27.00372],[-97.38948,27.01716],[-97.38948,27.0305],[-97.38971,27.03993],[-97.39054,27.04564],[-97.39007,27.05062],[-97.38924,27.06808],[-97.38864,27.07887],[-97.38591,27.08469],[-97.38936,27.09337],[-97.38912,27.10172],[-97.39177,27.10874],[-97.3945,27.12397],[-97.38999,27.12947],[-97.3901,27.15157],[-97.38713,27.16553],[-97.38725,27.17462],[-97.38381,27.18773],[-97.38202,27.19333],[-97.38654,27.19714],[-97.38987,27.20496],[-97.38808,27.20644],[-97.37929,27.20961],[-97.37965,27.21944],[-97.37965,27.22673],[-97.38095,27.2355],[-97.38226,27.23941],[-97.3825,27.24617],[-97.37679,27.24755],[-97.37038,27.24977],[-97.36764,27.25505],[-97.36455,27.26382],[-97.36372,27.26804],[-97.36123,27.27258],[-97.37085,27.27871],[-97.36883,27.28124],[-97.36955,27.28811],[-97.3718,27.29402],[-97.37097,27.29878],[-97.36253,27.3049],[-97.35742,27.30553],[-97.356,27.3087],[-97.35885,27.31335],[-97.35921,27.31609],[-97.36194,27.31947],[-97.36265,27.32127],[-97.36206,27.32686],[-97.36444,27.32834],[-97.36634,27.33056],[-97.3655,27.33573],[-97.36539,27.33943],[-97.36396,27.3465],[-97.3617,27.34988],[-97.36146,27.35199],[-97.36241,27.35399],[-97.36182,27.35906],[-97.35897,27.36655],[-97.35314,27.37383],[-97.35279,27.37647],[-97.34946,27.38238],[-97.3472,27.38819],[-97.34257,27.39315],[-97.34067,27.39832],[-97.33841,27.40021],[-97.33627,27.40275],[-97.33437,27.40866],[-97.33199,27.4133],[-97.33076,27.41802],[-97.33021,27.42184],[-97.33092,27.42701],[-97.33045,27.4345],[-97.32819,27.4383],[-97.32439,27.44568],[-97.31963,27.45876],[-97.31417,27.46656],[-97.31274,27.47236],[-97.30989,27.47531],[-97.30751,27.48111],[-97.30145,27.4848],[-97.29784,27.49235],[-97.30425,27.50732],[-97.30081,27.51459],[-97.29332,27.52998],[-97.28762,27.5402],[-97.28132,27.55274],[-97.27264,27.56822],[-97.26563,27.58034],[-97.25648,27.59982],[-97.24638,27.61962],[-97.24555,27.62236],[-97.24008,27.63331],[-97.23628,27.63763],[-97.23521,27.63742],[-97.23461,27.63605],[-97.23521,27.63447],[-97.23105,27.63289],[-97.22879,27.63415],[-97.22071,27.63341],[-97.21738,27.6292],[-97.21429,27.62447],[-97.21073,27.62415],[-97.20954,27.62773],[-97.21215,27.63141],[-97.21299,27.63426],[-97.21548,27.63921],[-97.21548,27.64436],[-97.21382,27.64521],[-97.2093,27.64331],[-97.20348,27.64236],[-97.20122,27.64605],[-97.20098,27.64879],[-97.20383,27.651],[-97.203,27.65468],[-97.20158,27.65573],[-97.19706,27.65573],[-97.19706,27.66068],[-97.19813,27.67278],[-97.19682,27.68436],[-97.19397,27.68762],[-97.18993,27.69257],[-97.18696,27.69425],[-97.18411,27.69572],[-97.18233,27.69972],[-97.17828,27.70604],[-97.17698,27.70867],[-97.1727,27.71624],[-97.1689,27.72224],[-97.16854,27.72508],[-97.16521,27.73097],[-97.16212,27.7377],[-97.15951,27.74527],[-97.15868,27.75253],[-97.15238,27.76147],[-97.15154,27.76515],[-97.15119,27.76862],[-97.15,27.7703],[-97.1456,27.77241],[-97.13764,27.77419],[-97.13289,27.77556],[-97.12528,27.77924],[-97.12386,27.78166],[-97.12148,27.78513],[-97.12077,27.78934],[-97.12041,27.79207],[-97.12089,27.79869],[-97.12029,27.80594],[-97.1197,27.81015],[-97.12124,27.81572],[-97.12671,27.81971],[-97.13134,27.82266],[-97.13526,27.82329],[-97.13538,27.82455],[-97.13146,27.82686],[-97.12766,27.82812],[-97.12065,27.82886],[-97.11625,27.8298],[-97.11019,27.83128],[-97.10472,27.83233],[-97.0951,27.8338],[-97.08583,27.83537],[-97.07989,27.83737],[-97.07525,27.83947],[-97.06824,27.84021],[-97.06681,27.84105],[-97.06289,27.84178],[-97.05683,27.84199],[-97.05184,27.83884],[-97.04485,27.83447],[-97.0485,27.83181],[-97.05572,27.82515],[-97.07235,27.80707],[-97.0819,27.79616],[-97.09073,27.78589],[-97.09757,27.77733],[-97.10833,27.76311],[-97.13084,27.73111],[-97.14085,27.71669],[-97.15413,27.69687],[-97.16297,27.68248],[-97.16533,27.67737],[-97.16903,27.673],[-97.17988,27.65535],[-97.188,27.64124],[-97.19916,27.62226],[-97.20351,27.6131],[-97.21268,27.59642],[-97.22011,27.58104],[-97.22697,27.56876],[-97.23561,27.5522],[-97.24394,27.536],[-97.25732,27.51064],[-97.26832,27.48773],[-97.27507,27.47542],[-97.29142,27.43822],[-97.29606,27.42717],[-97.30364,27.40914],[-97.31201,27.38806],[-97.31889,27.3698],[-97.32491,27.35252],[-97.32951,27.33891],[-97.33825,27.31103],[-97.34742,27.27855],[-97.35025,27.2681],[-97.35719,27.24068],[-97.36099,27.22324],[-97.36539,27.19989],[-97.36729,27.18805],[-97.37055,27.16562],[-97.37348,27.13464],[-97.37555,27.11818],[-97.3769,27.10259],[-97.37827,27.07541],[-97.37906,27.04721],[-97.37919,27.03198],[-97.37886,27.01008],[-97.3781,26.99079],[-97.37694,26.97153],[-97.37613,26.9604],[-97.37457,26.94398],[-97.37086,26.91086],[-97.36839,26.8946],[-97.36359,26.86601],[-97.35672,26.83242],[-97.35045,26.80505],[-97.3443,26.77971],[-97.33757,26.7533],[-97.32848,26.72095],[-97.31216,26.66625],[-97.29617,26.61781],[-97.29125,26.60348],[-97.28482,26.58515],[-97.28039,26.57451],[-97.27765,26.56843],[-97.27756,26.56579],[-97.27877,26.56464],[-97.29445,26.56505],[-97.3083,26.56457],[-97.31005,26.56651],[-97.3099,26.57025],[-97.29343,26.57054],[-97.28686,26.57618],[-97.28749,26.58343],[-97.30312,26.5933],[-97.30902,26.60404],[-97.31211,26.61616],[-97.3215,26.63443],[-97.32899,26.64675],[-97.33101,26.6595],[-97.33588,26.66874],[-97.33968,26.67946],[-97.34812,26.70293],[-97.35703,26.72543],[-97.35929,26.73817],[-97.36713,26.75621],[-97.36511,26.7613],[-97.37498,26.7735],[-97.37997,26.7874],[-97.38139,26.79971],[-97.3909,26.81636],[-97.38876,26.83927],[-97.39423,26.85517],[-97.39839,26.86789]]],[[[-97.40564,27.29475],[-97.4041,27.30193],[-97.40291,27.30647],[-97.40208,27.31048],[-97.40053,27.3109],[-97.39911,27.30911],[-97.40029,27.30636],[-97.40136,27.30309],[-97.40243,27.29897],[-97.40315,27.29591],[-97.4035,27.29126],[-97.40434,27.29021],[-97.40564,27.29021],[-97.40564,27.29475]]],[[[-97.40659,27.31565],[-97.40434,27.31988],[-97.40291,27.32315],[-97.40065,27.32547],[-97.39958,27.32452],[-97.40053,27.3221],[-97.40231,27.3184],[-97.40386,27.31492],[-97.40481,27.31375],[-97.406,27.31354],[-97.40659,27.31565]]],[[[-97.42346,26.75218],[-97.42204,26.75175],[-97.41455,26.75292],[-97.41265,26.75186],[-97.41384,26.7491],[-97.41514,26.74687],[-97.41574,26.74294],[-97.41538,26.74072],[-97.41764,26.73997],[-97.4199,26.73997],[-97.42311,26.74072],[-97.42299,26.74485],[-97.42406,26.75048],[-97.42346,26.75218]]],[[[-106.64548,31.89867],[-106.64084,31.9046],[-106.63367,31.90979],[-106.62595,31.91223],[-106.62345,31.91403],[-106.61435,31.918],[-106.61185,31.92],[-106.62393,31.92534],[-106.62866,31.92361],[-106.62975,31.92657],[-106.62532,31.93005],[-106.62253,31.93486],[-106.62212,31.93662],[-106.62238,31.94086],[-106.62366,31.94551],[-106.61614,31.94844],[-106.6147,31.956],[-106.61771,31.95601],[-106.62282,31.95289],[-106.62512,31.95453],[-106.62553,31.95748],[-106.6243,31.96105],[-106.62045,31.9634],[-106.61937,31.96478],[-106.61875,31.96695],[-106.61957,31.97158],[-106.62187,31.97293],[-106.62322,31.97291],[-106.62647,31.97069],[-106.63011,31.97126],[-106.63819,31.97682],[-106.63953,31.98035],[-106.63649,31.98572],[-106.63118,31.98981],[-106.62357,31.991],[-106.61945,31.99473],[-106.61849,32.0005],[-106.59533,32.00078],[-106.58797,32.00075],[-106.56606,32.00076],[-106.56514,32.00074],[-106.41107,32.00133],[-106.3943,32.00148],[-106.37686,32.00117],[-106.31331,32.00151],[-106.20592,32.00176],[-106.2007,32.00178],[-106.18184,32.00205],[-106.12553,32.00253],[-105.998,32.00233],[-105.9006,32.0021],[-105.88616,32.00197],[-105.85406,32.00235],[-105.75053,32.00221],[-105.73136,32.00156],[-105.42928,32.00058],[-105.42705,32.00064],[-105.3904,32.00061],[-105.15399,32.0005],[-105.14824,32.00048],[-105.13138,32.00052],[-105.11804,32.00048],[-105.0786,32.00053],[-105.07705,32.00058],[-104.91889,32.00042],[-104.83289,32.00001],[-104.77211,31.99749],[-104.75479,31.99777],[-104.75456,32.00053],[-104.66646,32.00041],[-104.53176,32.00012],[-104.02452,32.00001],[-103.98018,32.00012],[-103.87548,32.00055],[-103.74832,32.0002],[-103.3265,32.00037],[-103.27852,32.00042],[-103.27038,32.00033],[-103.26771,32.00032],[-103.26763,32.00048],[-103.21564,32.00051],[-103.0887,32.00045],[-103.06442,32.00052],[-103.06434,32.08705],[-103.06435,32.12304],[-103.06442,32.14501],[-103.0647,32.52219],[-103.06476,32.58798],[-103.06479,32.6004],[-103.06476,32.60186],[-103.06481,32.62454],[-103.06463,32.64642],[-103.06486,32.68265],[-103.0648,32.69076],[-103.0648,32.70869],[-103.06483,32.72663],[-103.06481,32.7773],[-103.0647,32.7836],[-103.06471,32.78459],[-103.0647,32.82753],[-103.06467,32.82847],[-103.06489,32.84936],[-103.06492,32.85726],[-103.06481,32.8577],[-103.06486,32.86835],[-103.0647,32.87935],[-103.06457,32.90001],[-103.06466,32.9591],[-103.06468,32.96437],[-103.06463,32.9999],[-103.06398,33.03869],[-103.06391,33.04205],[-103.0601,33.21923],[-103.05972,33.25626],[-103.05924,33.26037],[-103.05786,33.31523],[-103.05749,33.32948],[-103.05666,33.38844],[-103.05261,33.5706],[-103.05166,33.62949],[-103.05136,33.64195],[-103.05154,33.65049],[-103.05109,33.65819],[-103.05053,33.67241],[-103.05015,33.70197],[-103.04961,33.73777],[-103.0491,33.74627],[-103.04735,33.82467],[-103.04691,33.8503],[-103.04564,33.90154],[-103.0457,33.9063],[-103.04489,33.94562],[-103.04395,33.97463],[-103.04362,34.00363],[-103.04353,34.01801],[-103.04355,34.03271],[-103.04375,34.03729],[-103.04377,34.04355],[-103.04369,34.06308],[-103.04352,34.07938],[-103.04357,34.08795],[-103.04364,34.2569],[-103.04372,34.28944],[-103.04394,34.30259],[-103.04398,34.31276],[-103.04395,34.37956],[-103.04392,34.38092],[-103.04361,34.38497],[-103.04358,34.39372],[-103.04361,34.39711],[-103.04354,34.40546],[-103.04358,34.45566],[-103.04359,34.46266],[-103.04307,34.61978],[-103.04329,34.6531],[-103.04283,34.67119],[-103.04277,34.74736],[-103.04277,34.79222],[-103.04278,34.85024],[-103.04252,34.89955],[-103.04264,35.10991],[-103.04326,35.12506],[-103.04252,35.1356],[-103.0426,35.14277],[-103.04271,35.14473],[-103.04257,35.15932],[-103.04239,35.17857],[-103.04234,35.18192],[-103.04238,35.18315],[-103.0425,35.21186],[-103.04278,35.24124],[-103.04237,35.25006],[-103.04155,35.62249],[-103.04115,35.79158],[-103.04192,35.79644],[-103.04172,35.81407],[-103.04219,35.82522],[-103.0413,35.83769],[-103.04082,36.05523],[-103.04167,36.31753],[-103.04175,36.31827],[-103.04192,36.50044],[-103.00243,36.5004],[-102.25045,36.50037],[-102.24499,36.5007],[-102.16246,36.50033],[-102.12545,36.50032],[-102.12207,36.50068],[-101.93024,36.50053],[-101.82657,36.49965],[-101.8265,36.49954],[-101.78811,36.49968],[-101.77944,36.49973],[-101.70931,36.49972],[-101.69868,36.49951],[-101.65371,36.49957],[-101.62391,36.49953],[-101.08516,36.49924],[-101.05242,36.49956],[-101.04533,36.49954],[-100.97709,36.49959],[-100.93606,36.4996],[-100.91851,36.49962],[-100.88417,36.49968],[-100.85966,36.49969],[-100.85084,36.4997],[-100.82424,36.49962],[-100.80619,36.49967],[-100.80291,36.49962],[-100.76181,36.49962],[-100.76181,36.49958],[-100.72436,36.49958],[-100.72436,36.49956],[-100.70863,36.49955],[-100.70863,36.49952],[-100.65776,36.49948],[-100.64834,36.4995],[-100.64834,36.49946],[-100.59256,36.49947],[-100.59255,36.49943],[-100.58354,36.49948],[-100.58338,36.49944],[-100.57811,36.49944],[-100.54614,36.49934],[-100.53122,36.49934],[-100.53031,36.49936],[-100.52223,36.49929],[-100.44106,36.49949],[-100.44106,36.49946],[-100.42133,36.49945],[-100.4213,36.49949],[-100.41363,36.49944],[-100.41355,36.49947],[-100.37863,36.49952],[-100.37859,36.49945],[-100.35185,36.49949],[-100.35184,36.49947],[-100.33446,36.49942],[-100.33444,36.49944],[-100.32415,36.49968],[-100.31064,36.49964],[-100.18122,36.49963],[-100.09002,36.49963],[-100.00041,36.4997],[-100.00038,35.1827],[-100.00038,34.74646],[-100.00038,34.56051],[-99.98583,34.56008],[-99.97476,34.56132],[-99.97155,34.56218],[-99.96561,34.56584],[-99.9589,34.57127],[-99.95754,34.57271],[-99.95755,34.57417],[-99.95672,34.57652],[-99.95457,34.5782],[-99.94572,34.57927],[-99.92933,34.57671],[-99.92321,34.57455],[-99.9218,34.57025],[-99.91577,34.56598],[-99.89894,34.5558],[-99.89601,34.55553],[-99.89376,34.55422],[-99.88715,34.54905],[-99.8744,34.5371],[-99.87325,34.53535],[-99.87236,34.5321],[-99.86895,34.52761],[-99.85307,34.51159],[-99.8329,34.50007],[-99.82533,34.4976],[-99.82228,34.4981],[-99.81938,34.49494],[-99.81672,34.48972],[-99.81819,34.48784],[-99.81874,34.48498],[-99.81431,34.4762],[-99.79368,34.45389],[-99.79158,34.45252],[-99.78879,34.45149],[-99.78777,34.45181],[-99.78661,34.45151],[-99.78544,34.45005],[-99.78376,34.44501],[-99.78299,34.44436],[-99.77574,34.44423],[-99.77399,34.44306],[-99.77305,34.44159],[-99.7656,34.43749],[-99.76483,34.43643],[-99.76488,34.43527],[-99.76765,34.43185],[-99.76723,34.4305],[-99.75425,34.42129],[-99.74091,34.41476],[-99.73035,34.41124],[-99.72026,34.4063],[-99.71642,34.40281],[-99.71509,34.40075],[-99.71423,34.39782],[-99.71484,34.39452],[-99.71268,34.39093],[-99.7079,34.38754],[-99.70666,34.38598],[-99.70525,34.38578],[-99.704,34.38598],[-99.70273,34.3855],[-99.70119,34.3852],[-99.69842,34.38307],[-99.69646,34.38104],[-99.69557,34.3789],[-99.69497,34.37833],[-99.6906,34.37822],[-99.68723,34.37859],[-99.68436,34.3795],[-99.68248,34.37982],[-99.67828,34.3798],[-99.67485,34.37896],[-99.67138,34.37771],[-99.66599,34.37418],[-99.66271,34.37368],[-99.65936,34.37439],[-99.65419,34.37652],[-99.64966,34.37989],[-99.64858,34.3819],[-99.64814,34.38231],[-99.64651,34.38254],[-99.64458,34.38167],[-99.64369,34.38146],[-99.64275,34.38155],[-99.64176,34.38109],[-99.63966,34.37991],[-99.63532,34.37917],[-99.63386,34.37876],[-99.63184,34.3777],[-99.63118,34.37706],[-99.6309,34.37601],[-99.6242,34.37358],[-99.62151,34.3737],[-99.61956,34.37463],[-99.61679,34.37539],[-99.61157,34.37564],[-99.61014,34.37656],[-99.60726,34.37693],[-99.60478,34.37633],[-99.60003,34.37469],[-99.59632,34.37714],[-99.59619,34.37902],[-99.59298,34.38241],[-99.58967,34.38479],[-99.5876,34.38587],[-99.58544,34.38891],[-99.58453,34.3912],[-99.58531,34.39812],[-99.58448,34.40767],[-99.58006,34.41665],[-99.57437,34.41828],[-99.5697,34.41842],[-99.5622,34.41732],[-99.55599,34.41464],[-99.54924,34.41271],[-99.52979,34.41145],[-99.52365,34.41221],[-99.51762,34.41449],[-99.51428,34.41403],[-99.5111,34.41271],[-99.50911,34.41127],[-99.50762,34.40989],[-99.5069,34.40952],[-99.50284,34.40933],[-99.49988,34.40961],[-99.49709,34.40773],[-99.4964,34.40649],[-99.4941,34.40476],[-99.49043,34.39969],[-99.48722,34.39796],[-99.47755,34.39635],[-99.47585,34.39639],[-99.47379,34.39535],[-99.47227,34.3956],[-99.47097,34.39647],[-99.47031,34.39675],[-99.46843,34.39663],[-99.46638,34.3959],[-99.46404,34.39363],[-99.46246,34.39114],[-99.46185,34.38724],[-99.46205,34.3844],[-99.46183,34.38241],[-99.46105,34.38067],[-99.4594,34.38012],[-99.45633,34.38039],[-99.45508,34.38126],[-99.455,34.38178],[-99.45547,34.3861],[-99.45473,34.38841],[-99.45423,34.38876],[-99.45265,34.38825],[-99.44534,34.37977],[-99.44367,34.37646],[-99.44239,34.37545],[-99.44194,34.37441],[-99.44106,34.37404],[-99.44067,34.37277],[-99.43827,34.37116],[-99.43757,34.37126],[-99.43647,34.37054],[-99.43497,34.3707],[-99.43346,34.37022],[-99.43104,34.37112],[-99.4309,34.372],[-99.43112,34.37399],[-99.42932,34.37583],[-99.43028,34.3788],[-99.43001,34.38102],[-99.42915,34.38285],[-99.4275,34.38514],[-99.4249,34.38582],[-99.42368,34.38566],[-99.42191,34.3842],[-99.42071,34.38039],[-99.41304,34.37701],[-99.40717,34.37261],[-99.40296,34.37348],[-99.39684,34.37942],[-99.39592,34.39573],[-99.39149,34.40563],[-99.38765,34.41198],[-99.39392,34.41527],[-99.39649,34.41729],[-99.39714,34.41941],[-99.39666,34.4212],[-99.39738,34.42326],[-99.39682,34.4247],[-99.39331,34.42761],[-99.3938,34.42901],[-99.39305,34.43192],[-99.39463,34.4327],[-99.39611,34.43497],[-99.39561,34.44038],[-99.39496,34.4421],[-99.38101,34.45694],[-99.37537,34.45884],[-99.36961,34.4587],[-99.3588,34.45586],[-99.35467,34.45186],[-99.35677,34.44654],[-99.35671,34.44214],[-99.35041,34.43708],[-99.34134,34.43106],[-99.33404,34.42754],[-99.32867,34.42238],[-99.32422,34.41446],[-99.31961,34.40887],[-99.31637,34.40821],[-99.30827,34.41001],[-99.2991,34.41423],[-99.29465,34.41537],[-99.28992,34.41473],[-99.28791,34.41403],[-99.28644,34.41302],[-99.28377,34.40956],[-99.28284,34.40748],[-99.28281,34.40546],[-99.28317,34.40295],[-99.28151,34.40146],[-99.27883,34.40026],[-99.27526,34.4001],[-99.26957,34.40191],[-99.26775,34.40496],[-99.26631,34.40548],[-99.26417,34.40515],[-99.26132,34.4035],[-99.26099,34.40175],[-99.26183,34.39868],[-99.26182,34.39504],[-99.25881,34.39208],[-99.25898,34.39124],[-99.26113,34.38956],[-99.26451,34.38808],[-99.27389,34.38758],[-99.27534,34.3866],[-99.27486,34.38492],[-99.27292,34.38355],[-99.27128,34.3816],[-99.26496,34.37876],[-99.26044,34.37808],[-99.25914,34.37681],[-99.25933,34.37362],[-99.25861,34.37265],[-99.2565,34.37223],[-99.25463,34.37242],[-99.25071,34.37545],[-99.24897,34.37598],[-99.24758,34.37555],[-99.2467,34.37469],[-99.24286,34.37268],[-99.24302,34.37114],[-99.24354,34.37071],[-99.24623,34.3699],[-99.24794,34.36849],[-99.24812,34.36743],[-99.24737,34.36599],[-99.24701,34.36478],[-99.24445,34.3637],[-99.24148,34.36454],[-99.23756,34.3667],[-99.23618,34.36517],[-99.23644,34.3636],[-99.23723,34.36272],[-99.23652,34.35857],[-99.23484,34.35644],[-99.23474,34.35498],[-99.23425,34.35346],[-99.22864,34.34856],[-99.23426,34.34087],[-99.22925,34.33652],[-99.22198,34.34002],[-99.21734,34.34152],[-99.21313,34.34037],[-99.20691,34.33828],[-99.21008,34.3377],[-99.21072,34.3363],[-99.21078,34.33098],[-99.20972,34.32494],[-99.20582,34.32008],[-99.20658,34.31696],[-99.21348,34.31067],[-99.21025,34.30094],[-99.21145,34.29275],[-99.20777,34.28382],[-99.20022,34.28115],[-99.19626,34.28146],[-99.19446,34.27188],[-99.19802,34.26272],[-99.19181,34.25644],[-99.19715,34.2443],[-99.19555,34.24006],[-99.19114,34.23234],[-99.19015,34.22966],[-99.19004,34.22719],[-99.19208,34.22219],[-99.19268,34.21883],[-99.1921,34.21669],[-99.18951,34.21431],[-99.15902,34.20888],[-99.15682,34.20721],[-99.15134,34.2076],[-99.14785,34.20944],[-99.14448,34.21333],[-99.14399,34.21476],[-99.14247,34.21541],[-99.1415,34.21666],[-99.13918,34.2176],[-99.13822,34.21916],[-99.1334,34.21966],[-99.13061,34.21941],[-99.12851,34.21877],[-99.12755,34.21799],[-99.1268,34.21711],[-99.12661,34.21533],[-99.12753,34.21377],[-99.13009,34.21219],[-99.13155,34.20935],[-99.13188,34.20738],[-99.13117,34.20574],[-99.12979,34.2044],[-99.12657,34.203],[-99.1192,34.20175],[-99.11696,34.20373],[-99.11284,34.20582],[-99.1093,34.20545],[-99.1063,34.2047],[-99.10219,34.20548],[-99.10025,34.20887],[-99.09788,34.21102],[-99.09527,34.21184],[-99.09285,34.21074],[-99.09219,34.20932],[-99.08892,34.20847],[-99.08461,34.20943],[-99.07954,34.21152],[-99.07598,34.21122],[-99.06646,34.2084],[-99.06034,34.20476],[-99.05916,34.20293],[-99.0588,34.20126],[-99.05808,34.20057],[-99.04879,34.19821],[-99.04347,34.19821],[-99.04096,34.20084],[-99.039,34.20467],[-99.03746,34.20645],[-99.03627,34.20691],[-99.01308,34.20322],[-99.00579,34.20665],[-99.00292,34.20878],[-99.00343,34.21447],[-99.00076,34.21764],[-98.99085,34.22163],[-98.98729,34.22122],[-98.98136,34.21758],[-98.97868,34.21023],[-98.97659,34.20629],[-98.97413,34.20357],[-98.969,34.2013],[-98.9663,34.20132],[-98.96247,34.20467],[-98.96209,34.20639],[-98.96231,34.21131],[-98.96079,34.21303],[-98.95848,34.21386],[-98.95251,34.21265],[-98.9504,34.21168],[-98.94022,34.20369],[-98.92815,34.19269],[-98.92746,34.19116],[-98.92313,34.18598],[-98.9207,34.18344],[-98.91833,34.18183],[-98.90935,34.1775],[-98.89215,34.17234],[-98.88896,34.16941],[-98.88604,34.16792],[-98.88133,34.16735],[-98.87629,34.16759],[-98.87485,34.16752],[-98.87292,34.16658],[-98.87154,34.16503],[-98.87121,34.16301],[-98.87223,34.16045],[-98.87495,34.15703],[-98.87487,34.15566],[-98.87327,34.1536],[-98.86812,34.14964],[-98.86255,34.14911],[-98.86012,34.14991],[-98.85842,34.15273],[-98.8579,34.15963],[-98.85732,34.16109],[-98.85559,34.16162],[-98.85418,34.16165],[-98.85167,34.16029],[-98.84966,34.1597],[-98.84777,34.15995],[-98.84473,34.15908],[-98.84354,34.15814],[-98.84219,34.15805],[-98.84068,34.1573],[-98.83668,34.15649],[-98.83335,34.15911],[-98.83213,34.16179],[-98.83111,34.16215],[-98.81527,34.1581],[-98.81295,34.15844],[-98.80681,34.1559],[-98.80441,34.15393],[-98.79976,34.14788],[-98.7962,34.14278],[-98.79202,34.14374],[-98.7884,34.14667],[-98.77943,34.14023],[-98.76557,34.13638],[-98.7618,34.13379],[-98.76056,34.13239],[-98.75949,34.12888],[-98.75965,34.12691],[-98.75704,34.12463],[-98.74929,34.12424],[-98.74197,34.12553],[-98.73946,34.12739],[-98.73723,34.13099],[-98.73682,34.13337],[-98.73547,34.13521],[-98.73429,34.13576],[-98.73043,34.13592],[-98.7285,34.13528],[-98.725,34.13546],[-98.72363,34.13519],[-98.72272,34.13528],[-98.71922,34.13638],[-98.71754,34.13645],[-98.7161,34.13595],[-98.71495,34.13485],[-98.71423,34.1334],[-98.71412,34.13214],[-98.71247,34.13116],[-98.70996,34.13155],[-98.70613,34.13499],[-98.70305,34.1359],[-98.70018,34.136],[-98.69652,34.13352],[-98.6934,34.13375],[-98.6906,34.13297],[-98.68563,34.13657],[-98.68412,34.13879],[-98.67869,34.14214],[-98.67738,34.14254],[-98.65565,34.15826],[-98.65058,34.16311],[-98.64807,34.16444],[-98.64322,34.16453],[-98.63573,34.16162],[-98.62167,34.1572],[-98.61673,34.15642],[-98.61183,34.15656],[-98.60885,34.15752],[-98.60398,34.16025],[-98.59979,34.16057],[-98.58554,34.15233],[-98.57714,34.14896],[-98.57245,34.14509],[-98.56722,34.13811],[-98.56019,34.1332],[-98.55284,34.13357],[-98.55198,34.13295],[-98.55052,34.13219],[-98.55022,34.13013],[-98.55105,34.12782],[-98.55185,34.12713],[-98.55432,34.1266],[-98.55625,34.12773],[-98.55859,34.12825],[-98.56014,34.12693],[-98.56098,34.12463],[-98.56057,34.12357],[-98.55956,34.12342],[-98.55803,34.12286],[-98.55682,34.12108],[-98.55387,34.11954],[-98.55092,34.11933],[-98.53626,34.10734],[-98.5282,34.09496],[-98.51687,34.08598],[-98.50415,34.07229],[-98.49415,34.06983],[-98.4888,34.06608],[-98.48633,34.0626],[-98.48204,34.06227],[-98.47146,34.06567],[-98.466,34.07308],[-98.46295,34.07384],[-98.45467,34.07258],[-98.44903,34.07346],[-98.44578,34.07683],[-98.44372,34.08215],[-98.44009,34.08431],[-98.42914,34.08556],[-98.42523,34.0848],[-98.42353,34.08284],[-98.41881,34.08266],[-98.41159,34.08806],[-98.4096,34.09407],[-98.41151,34.09862],[-98.41137,34.10032],[-98.40932,34.10129],[-98.40673,34.10114],[-98.40216,34.09865],[-98.39978,34.09997],[-98.39839,34.10457],[-98.39816,34.1214],[-98.40049,34.12178],[-98.40097,34.12224],[-98.39502,34.13132],[-98.38869,34.13322],[-98.38527,34.13175],[-98.38296,34.12955],[-98.38087,34.13053],[-98.37976,34.13117],[-98.37993,34.13227],[-98.38106,34.13477],[-98.38496,34.13665],[-98.38623,34.13773],[-98.38708,34.14091],[-98.38485,34.14384],[-98.38455,34.146],[-98.38165,34.1492],[-98.37691,34.15055],[-98.37446,34.15076],[-98.3705,34.15214],[-98.36749,34.15619],[-98.36562,34.15699],[-98.36402,34.15711],[-98.32545,34.15102],[-98.32258,34.14972],[-98.31875,34.14642],[-98.30021,34.13458],[-98.2939,34.13302],[-98.28032,34.13075],[-98.27688,34.13105],[-98.27299,34.13221],[-98.27156,34.13228],[-98.26897,34.13162],[-98.26729,34.13196],[-98.26622,34.13205],[-98.2617,34.13157],[-98.25795,34.12982],[-98.25647,34.12948],[-98.24795,34.13072],[-98.24101,34.1331],[-98.23104,34.13402],[-98.2236,34.12509],[-98.21646,34.12182],[-98.20371,34.11768],[-98.20007,34.11678],[-98.19146,34.11575],[-98.16912,34.11417],[-98.15741,34.12047],[-98.15435,34.12273],[-98.14275,34.13636],[-98.13677,34.14499],[-98.13082,34.15053],[-98.12338,34.15454],[-98.11451,34.15473],[-98.10946,34.15411],[-98.10194,34.14683],[-98.10056,34.14214],[-98.10317,34.13519],[-98.1005,34.13137],[-98.09202,34.13194],[-98.08975,34.12821],[-98.09066,34.12198],[-98.09242,34.11692],[-98.09512,34.11119],[-98.09933,34.1043],[-98.10431,34.0982],[-98.11942,34.08447],[-98.12104,34.08127],[-98.12021,34.07213],[-98.11803,34.06706],[-98.11459,34.06228],[-98.0991,34.04864],[-98.08384,34.04172],[-98.08381,34.03666],[-98.09237,34.03393],[-98.098,34.03824],[-98.10354,34.03853],[-98.10626,34.03415],[-98.09844,34.02392],[-98.08956,34.01927],[-98.08268,34.0108],[-98.0882,34.00548],[-98.08526,34.00326],[-98.08284,34.00241],[-98.0552,33.99584],[-98.04112,33.99346],[-98.02767,33.99336],[-98.01949,33.9938],[-98.00567,33.99596],[-97.98739,33.99982],[-97.98281,34.00195],[-97.97824,34.00539],[-97.97417,34.00672],[-97.97167,34.00543],[-97.96834,34.00053],[-97.96303,33.99424],[-97.95833,33.99085],[-97.95585,33.99014],[-97.95269,33.99011],[-97.94757,33.99105],[-97.94647,33.99073],[-97.94573,33.98984],[-97.94595,33.9884],[-97.95692,33.9585],[-97.96035,33.95193],[-97.96574,33.94739],[-97.97266,33.94453],[-97.97417,33.94283],[-97.97406,33.94029],[-97.97249,33.93791],[-97.97118,33.93713],[-97.96595,33.93619],[-97.96343,33.93624],[-97.95551,33.93819],[-97.95447,33.93777],[-97.9534,33.93644],[-97.95268,33.92948],[-97.95369,33.92437],[-97.95716,33.91445],[-97.96062,33.91035],[-97.96446,33.9074],[-97.96987,33.906],[-97.97314,33.90801],[-97.97696,33.91255],[-97.9788,33.91255],[-97.97998,33.9114],[-97.98355,33.904],[-97.98454,33.9007],[-97.98457,33.89908],[-97.98377,33.8972],[-97.97786,33.88993],[-97.97418,33.88664],[-97.96778,33.88243],[-97.95844,33.87918],[-97.95122,33.87842],[-97.94646,33.87888],[-97.94273,33.87985],[-97.9388,33.87989],[-97.93674,33.8792],[-97.90547,33.86353],[-97.89674,33.85798],[-97.88938,33.85643],[-97.8832,33.85436],[-97.87739,33.85024],[-97.87145,33.849],[-97.86576,33.84939],[-97.86093,33.85059],[-97.8495,33.85432],[-97.84326,33.85684],[-97.84158,33.85627],[-97.8388,33.85693],[-97.83433,33.85767],[-97.83087,33.86179],[-97.82618,33.86454],[-97.82211,33.86796],[-97.81902,33.86991],[-97.8192,33.87219],[-97.81924,33.87909],[-97.81643,33.88208],[-97.81399,33.88176],[-97.81251,33.88115],[-97.80977,33.8777],[-97.8075,33.8764],[-97.80542,33.87717],[-97.80263,33.87997],[-97.80144,33.88631],[-97.80166,33.89003],[-97.80198,33.89425],[-97.80114,33.89659],[-97.79776,33.89929],[-97.79369,33.89966],[-97.79078,33.89831],[-97.78981,33.89474],[-97.78802,33.89182],[-97.7847,33.89064],[-97.78234,33.89231],[-97.78007,33.89539],[-97.77968,33.89924],[-97.78034,33.90483],[-97.78607,33.91324],[-97.78607,33.91487],[-97.7851,33.91681],[-97.78218,33.91909],[-97.7797,33.91972],[-97.77553,33.91811],[-97.77267,33.91438],[-97.76377,33.91424],[-97.76022,33.91719],[-97.7594,33.91882],[-97.75983,33.92521],[-97.76266,33.93085],[-97.76277,33.9344],[-97.75296,33.93705],[-97.73848,33.93742],[-97.73655,33.93657],[-97.73372,33.93639],[-97.73227,33.93669],[-97.72529,33.94105],[-97.71677,33.94767],[-97.70968,33.955],[-97.70416,33.96334],[-97.69792,33.97733],[-97.69311,33.9837],[-97.68802,33.98661],[-97.67177,33.99137],[-97.66149,33.99082],[-97.65621,33.98949],[-97.63378,33.98126],[-97.62457,33.97585],[-97.62301,33.97395],[-97.61555,33.96956],[-97.60909,33.96809],[-97.60604,33.965],[-97.60439,33.96381],[-97.60433,33.96276],[-97.60097,33.96066],[-97.6009,33.95889],[-97.59947,33.95632],[-97.5962,33.95452],[-97.59042,33.9541],[-97.58883,33.95188],[-97.59141,33.94806],[-97.59174,33.94661],[-97.59405,33.9446],[-97.59542,33.94144],[-97.59542,33.93892],[-97.5933,33.93392],[-97.59121,33.93124],[-97.59151,33.9282],[-97.59508,33.92295],[-97.59615,33.92211],[-97.59698,33.92023],[-97.59712,33.91787],[-97.59629,33.91377],[-97.59368,33.91011],[-97.59203,33.91014],[-97.59093,33.9096],[-97.58967,33.9066],[-97.58917,33.90488],[-97.58925,33.90392],[-97.58744,33.90248],[-97.58108,33.89968],[-97.57808,33.89922],[-97.5725,33.89926],[-97.56871,33.90138],[-97.56696,33.90158],[-97.56279,33.90093],[-97.56055,33.89934],[-97.55992,33.8976],[-97.55827,33.8971],[-97.555,33.89728],[-97.55154,33.89795],[-97.54325,33.90129],[-97.53272,33.90658],[-97.52528,33.91175],[-97.51917,33.91364],[-97.50096,33.91964],[-97.49486,33.91926],[-97.4865,33.91699],[-97.46038,33.90395],[-97.45807,33.90163],[-97.45095,33.8914],[-97.45147,33.87093],[-97.45762,33.85513],[-97.46149,33.84956],[-97.46286,33.84177],[-97.45907,33.83458],[-97.45306,33.82854],[-97.44419,33.82377],[-97.42649,33.8194],[-97.41039,33.81885],[-97.37294,33.81945],[-97.36551,33.82376],[-97.35851,33.83002],[-97.34834,33.84388],[-97.3392,33.86206],[-97.33591,33.87917],[-97.33246,33.88425],[-97.32581,33.88389],[-97.32345,33.87846],[-97.33338,33.86415],[-97.33462,33.85723],[-97.32873,33.85543],[-97.32395,33.85899],[-97.31824,33.86512],[-97.31441,33.86699],[-97.30995,33.87445],[-97.30985,33.883],[-97.31014,33.88853],[-97.30557,33.88643],[-97.29423,33.87641],[-97.28598,33.86853],[-97.27911,33.86456],[-97.27535,33.86322],[-97.27561,33.85817],[-97.27031,33.85822],[-97.26509,33.86241],[-97.25662,33.86329],[-97.25423,33.86532],[-97.24921,33.8751],[-97.24618,33.90034],[-97.24495,33.90309],[-97.24209,33.90628],[-97.22652,33.91464],[-97.21092,33.91606],[-97.20614,33.91428],[-97.18546,33.9007],[-97.18085,33.8952],[-97.17961,33.89225],[-97.16663,33.84731],[-97.16682,33.8404],[-97.17163,33.83534],[-97.18137,33.83138],[-97.18625,33.83089],[-97.19369,33.83131],[-97.1997,33.82732],[-97.20351,33.82182],[-97.20494,33.81523],[-97.2057,33.80291],[-97.20049,33.7932],[-97.19081,33.78177],[-97.18772,33.76983],[-97.19282,33.76117],[-97.18533,33.7555],[-97.18184,33.75587],[-97.17219,33.73754],[-97.16315,33.72932],[-97.15507,33.72444],[-97.14939,33.72197],[-97.13753,33.71866],[-97.1261,33.71694],[-97.1211,33.71717],[-97.11326,33.7188],[-97.10894,33.72029],[-97.10452,33.72261],[-97.09715,33.72781],[-97.09409,33.73099],[-97.09107,33.73512],[-97.0862,33.74393],[-97.08469,33.75315],[-97.08461,33.75999],[-97.08522,33.76551],[-97.08785,33.7741],[-97.09392,33.78905],[-97.09524,33.79414],[-97.09477,33.79853],[-97.09211,33.8041],[-97.088,33.80875],[-97.07859,33.81276],[-97.06798,33.81448],[-97.06263,33.81608],[-97.05493,33.81641],[-97.04815,33.81746],[-97.04932,33.82979],[-97.05302,33.83388],[-97.05834,33.83676],[-97.06949,33.83941],[-97.08345,33.84046],[-97.08773,33.84196],[-97.09048,33.84484],[-97.08946,33.84985],[-97.08725,33.85345],[-97.07562,33.85866],[-97.06807,33.86046],[-97.05983,33.8584],[-97.05584,33.85574],[-97.05095,33.84657],[-97.04613,33.83956],[-97.04125,33.83776],[-97.03886,33.83826],[-97.02144,33.84638],[-97.00986,33.85976],[-96.99709,33.87102],[-96.98804,33.88601],[-96.98383,33.89095],[-96.98494,33.90487],[-96.98874,33.91847],[-96.994,33.92898],[-96.99502,33.93203],[-96.99618,33.94173],[-96.99537,33.9473],[-96.99429,33.94921],[-96.99084,33.9527],[-96.98789,33.95467],[-96.98134,33.95638],[-96.97942,33.95618],[-96.97935,33.95513],[-96.98068,33.95181],[-96.98103,33.94916],[-96.97982,33.94159],[-96.97696,33.93745],[-96.97381,33.9357],[-96.97254,33.93579],[-96.95231,33.94458],[-96.94461,33.94922],[-96.93225,33.95569],[-96.92427,33.95916],[-96.92211,33.95958],[-96.91862,33.95893],[-96.9163,33.9578],[-96.91134,33.95396],[-96.90739,33.95002],[-96.90525,33.94722],[-96.90243,33.94202],[-96.89944,33.93373],[-96.89647,33.91332],[-96.89719,33.90295],[-96.89573,33.89641],[-96.88301,33.86802],[-96.87528,33.86051],[-96.86644,33.85315],[-96.85609,33.84749],[-96.85059,33.84721],[-96.8459,33.84898],[-96.84159,33.85289],[-96.84082,33.86364],[-96.83978,33.8684],[-96.83741,33.87135],[-96.83216,33.87483],[-96.81278,33.87265],[-96.79428,33.86889],[-96.78348,33.86353],[-96.78057,33.8601],[-96.77959,33.85794],[-96.7772,33.84816],[-96.77677,33.84198],[-96.77068,33.82962],[-96.76938,33.82748],[-96.76623,33.82546],[-96.76159,33.82441],[-96.75404,33.82466],[-96.74604,33.8257],[-96.71242,33.83163],[-96.70813,33.83306],[-96.70446,33.83502],[-96.69957,33.83905],[-96.69071,33.84996],[-96.68819,33.85461],[-96.68473,33.8629],[-96.68221,33.87388],[-96.6821,33.87665],[-96.68346,33.88422],[-96.68095,33.8962],[-96.67531,33.90911],[-96.67345,33.91228],[-96.67062,33.91491],[-96.66719,33.91694],[-96.66441,33.91727],[-96.6599,33.91667],[-96.64405,33.90596],[-96.63012,33.89542],[-96.62829,33.89448],[-96.60756,33.89473],[-96.59295,33.89562],[-96.58793,33.89478],[-96.58545,33.89128],[-96.58536,33.88895],[-96.58749,33.88425],[-96.59011,33.88067],[-96.59735,33.8751],[-96.60169,33.87282],[-96.61197,33.86902],[-96.6254,33.85654],[-96.62897,33.85241],[-96.62975,33.85087],[-96.63002,33.84754],[-96.62929,33.84549],[-96.62315,33.84148],[-96.60126,33.83433],[-96.59293,33.83092],[-96.58707,33.82801],[-96.57294,33.8191],[-96.5663,33.81851],[-96.55122,33.81913],[-96.53287,33.82301],[-96.52923,33.82213],[-96.52666,33.82089],[-96.52386,33.81811],[-96.51991,33.81135],[-96.51658,33.80317],[-96.51596,33.79893],[-96.51591,33.7878],[-96.51191,33.78148],[-96.50229,33.77346],[-96.50027,33.77258],[-96.48606,33.77301],[-96.47309,33.77544],[-96.46787,33.7758],[-96.45915,33.77523],[-96.45625,33.77604],[-96.45051,33.78059],[-96.44804,33.78103],[-96.44121,33.78033],[-96.43671,33.77933],[-96.43021,33.77865],[-96.42264,33.77604],[-96.41996,33.77303],[-96.41756,33.76904],[-96.41615,33.7661],[-96.41341,33.75771],[-96.40847,33.75119],[-96.40351,33.74629],[-96.38412,33.73014],[-96.36959,33.71681],[-96.36695,33.71122],[-96.36325,33.70105],[-96.36313,33.69421],[-96.3622,33.69182],[-96.35595,33.68715],[-96.34831,33.68638],[-96.34266,33.68697],[-96.33801,33.68873],[-96.33493,33.69208],[-96.33187,33.69345],[-96.3211,33.6951],[-96.31876,33.69675],[-96.31692,33.699],[-96.30996,33.71049],[-96.30703,33.71999],[-96.3066,33.72679],[-96.30739,33.73501],[-96.3061,33.741],[-96.30301,33.75088],[-96.30171,33.75376],[-96.29653,33.76579],[-96.29371,33.76941],[-96.28825,33.77122],[-96.27785,33.77048],[-96.2699,33.76841],[-96.26788,33.76777],[-96.26359,33.76747],[-96.25751,33.76395],[-96.25557,33.76208],[-96.24823,33.75899],[-96.22902,33.74802],[-96.22052,33.74739],[-96.1999,33.75212],[-96.18655,33.75637],[-96.17806,33.76052],[-96.17463,33.7637],[-96.16945,33.77013],[-96.16276,33.78877],[-96.16125,33.79572],[-96.16111,33.80577],[-96.15918,33.81018],[-96.15636,33.81335],[-96.16194,33.81317],[-96.16699,33.8111],[-96.16883,33.80766],[-96.16975,33.8049],[-96.16883,33.8026],[-96.17037,33.79938],[-96.17515,33.80195],[-96.17734,33.80512],[-96.17896,33.81055],[-96.17589,33.81463],[-96.16481,33.8178],[-96.15666,33.81822],[-96.15077,33.81699],[-96.14879,33.8192],[-96.15163,33.83195],[-96.15015,33.83586],[-96.14807,33.8378],[-96.1389,33.83916],[-96.12295,33.83996],[-96.11817,33.83788],[-96.10999,33.8324],[-96.10407,33.83073],[-96.09936,33.83047],[-96.09745,33.83273],[-96.09764,33.83794],[-96.09915,33.84241],[-96.10079,33.84423],[-96.10135,33.84572],[-96.10147,33.84671],[-96.10009,33.84797],[-96.08463,33.84666],[-96.06392,33.84152],[-96.05536,33.83826],[-96.04883,33.83647],[-96.03719,33.84125],[-96.03137,33.84725],[-96.03116,33.85258],[-96.02944,33.85635],[-96.02694,33.8568],[-96.02391,33.85707],[-96.02117,33.85547],[-96.01954,33.8535],[-96.02178,33.84693],[-96.02324,33.84248],[-96.02139,33.84104],[-96.0196,33.84057],[-96.0053,33.84551],[-96.00163,33.8477],[-95.99835,33.85105],[-95.99586,33.85569],[-95.99519,33.85813],[-95.99452,33.86147],[-95.99808,33.86169],[-96.00134,33.8635],[-96.00444,33.86974],[-96.00341,33.87234],[-96.00119,33.87234],[-95.99862,33.87223],[-95.98919,33.86859],[-95.98425,33.8644],[-95.98373,33.86169],[-95.98396,33.85858],[-95.98551,33.85569],[-95.98425,33.85266],[-95.97216,33.85637],[-95.95265,33.85836],[-95.94428,33.85981],[-95.94127,33.86162],[-95.93663,33.87062],[-95.93533,33.8751],[-95.93356,33.87945],[-95.93245,33.88322],[-95.92956,33.885],[-95.92579,33.885],[-95.92271,33.88376],[-95.91858,33.88084],[-95.90583,33.87405],[-95.89456,33.86741],[-95.88669,33.86481],[-95.88354,33.86272],[-95.88129,33.86063],[-95.8749,33.85592],[-95.86691,33.85147],[-95.86091,33.84992],[-95.85881,33.85067],[-95.85552,33.84926],[-95.84937,33.84259],[-95.84524,33.83907],[-95.84001,33.83649],[-95.83752,33.83564],[-95.83195,33.83516],[-95.82824,33.83605],[-95.82279,33.83876],[-95.82078,33.84056],[-95.81936,33.84278],[-95.81898,33.84446],[-95.81952,33.84844],[-95.82068,33.85075],[-95.82167,33.85544],[-95.82167,33.85663],[-95.81762,33.85902],[-95.80515,33.8613],[-95.80084,33.86121],[-95.78987,33.85769],[-95.78789,33.85634],[-95.78239,33.85105],[-95.77988,33.85133],[-95.7759,33.84731],[-95.77056,33.84527],[-95.76359,33.84682],[-95.75746,33.85004],[-95.75373,33.85318],[-95.75175,33.85556],[-95.75129,33.85888],[-95.75164,33.8611],[-95.75321,33.86366],[-95.7568,33.86823],[-95.76256,33.87437],[-95.76192,33.8834],[-95.75637,33.89263],[-95.7459,33.89632],[-95.73769,33.89655],[-95.73296,33.89588],[-95.72845,33.8937],[-95.71831,33.88966],[-95.71409,33.88589],[-95.71054,33.885],[-95.69788,33.88611],[-95.68483,33.89023],[-95.67692,33.89724],[-95.66998,33.90584],[-95.66547,33.90898],[-95.66014,33.91009],[-95.65636,33.91009],[-95.6517,33.9092],[-95.6497,33.90742],[-95.64526,33.90654],[-95.64016,33.90498],[-95.63594,33.9052],[-95.63216,33.90498],[-95.62905,33.90587],[-95.62683,33.90787],[-95.62595,33.91031],[-95.62506,33.9132],[-95.62239,33.9183],[-95.61929,33.92274],[-95.61642,33.92741],[-95.61198,33.92874],[-95.60821,33.92874],[-95.60377,33.92918],[-95.6007,33.93127],[-95.59866,33.93407],[-95.59852,33.9381],[-95.59666,33.94206],[-95.59383,33.94303],[-95.58956,33.94161],[-95.58645,33.93939],[-95.58437,33.93631],[-95.5809,33.93384],[-95.57801,33.93318],[-95.57377,33.93353],[-95.56935,33.93318],[-95.5638,33.93296],[-95.56101,33.93155],[-95.55736,33.93051],[-95.55448,33.92807],[-95.55315,33.92541],[-95.55248,33.92296],[-95.55248,33.91986],[-95.55048,33.91519],[-95.54848,33.90853],[-95.54804,33.90121],[-95.54848,33.89677],[-95.55093,33.89299],[-95.55026,33.88833],[-95.54833,33.88274],[-95.5452,33.88029],[-95.53979,33.8799],[-95.53328,33.88116],[-95.52532,33.88549],[-95.52014,33.88933],[-95.51496,33.89473],[-95.51074,33.89788],[-95.50756,33.89722],[-95.50519,33.89499],[-95.50494,33.88914],[-95.50452,33.88367],[-95.50563,33.87723],[-95.5023,33.87474],[-95.49742,33.87434],[-95.49203,33.87482],[-95.48454,33.8759],[-95.4781,33.87856],[-95.47255,33.88034],[-95.46926,33.88251],[-95.46611,33.88655],[-95.46379,33.88723],[-95.46167,33.887],[-95.45945,33.88633],[-95.45945,33.88411],[-95.46123,33.88256],[-95.46412,33.87612],[-95.46421,33.87337],[-95.46234,33.87168],[-95.45856,33.87168],[-95.45346,33.87035],[-95.44093,33.86643],[-95.42731,33.87045],[-95.40206,33.86419],[-95.3928,33.86711],[-95.38464,33.86843],[-95.37523,33.86824],[-95.36963,33.86684],[-95.36252,33.86658],[-95.35654,33.86938],[-95.34342,33.87254],[-95.33485,33.87683],[-95.33197,33.87975],[-95.32986,33.88554],[-95.32644,33.88607],[-95.32222,33.88475],[-95.31443,33.88163],[-95.3109,33.87764],[-95.30579,33.87481],[-95.2893,33.8731],[-95.28092,33.8754],[-95.27877,33.87791],[-95.27832,33.88168],[-95.27794,33.88751],[-95.28035,33.89675],[-95.2843,33.89924],[-95.28559,33.90336],[-95.28298,33.9074],[-95.27858,33.91019],[-95.27067,33.91151],[-95.26613,33.90977],[-95.26523,33.90557],[-95.26589,33.89538],[-95.26402,33.88976],[-95.26059,33.88765],[-95.25269,33.89423],[-95.24974,33.90275],[-95.24827,33.92019],[-95.25017,33.9385],[-95.24585,33.94375],[-95.23975,33.94754],[-95.23571,33.94826],[-95.23288,33.94974],[-95.23164,33.95329],[-95.23038,33.95577],[-95.23064,33.9598],[-95.22952,33.96045],[-95.22757,33.9608],[-95.22639,33.96195],[-95.22401,33.96216],[-95.22049,33.962],[-95.21763,33.96265],[-95.21414,33.96214],[-95.21191,33.96124],[-95.20688,33.95909],[-95.20261,33.95691],[-95.19935,33.95397],[-95.19703,33.95311],[-95.18976,33.95136],[-95.18497,33.94953],[-95.18223,33.94894],[-95.17969,33.94869],[-95.17115,33.94651],[-95.16753,33.94474],[-95.16339,33.94086],[-95.1583,33.93753],[-95.15498,33.93665],[-95.14791,33.93557],[-95.14007,33.93478],[-95.13595,33.93537],[-95.13106,33.93693],[-95.1247,33.93467],[-95.12118,33.93131],[-95.12086,33.92812],[-95.12279,33.9247],[-95.12733,33.92028],[-95.13164,33.91603],[-95.13125,33.91224],[-95.12644,33.90708],[-95.12204,33.9048],[-95.11714,33.90362],[-95.11258,33.9046],[-95.10479,33.9096],[-95.09267,33.91283],[-95.08911,33.9142],[-95.08598,33.91695],[-95.08382,33.92106],[-95.08239,33.92176],[-95.07795,33.9187],[-95.07637,33.91538],[-95.07853,33.91028],[-95.08049,33.90774],[-95.08676,33.90382],[-95.09164,33.9021],[-95.09676,33.8997],[-95.10017,33.8961],[-95.09891,33.89088],[-95.09583,33.88843],[-95.09382,33.8852],[-95.08961,33.88086],[-95.08241,33.87988],[-95.08059,33.88226],[-95.07983,33.88748],[-95.07882,33.90303],[-95.07706,33.90656],[-95.0751,33.90891],[-95.0749,33.91048],[-95.07405,33.91535],[-95.06873,33.9176],[-95.06569,33.91597],[-95.06325,33.91326],[-95.06334,33.91087],[-95.06592,33.9087],[-95.0705,33.9084],[-95.07216,33.90558],[-95.07241,33.9027],[-95.0702,33.90244],[-95.06558,33.90356],[-95.06255,33.90303],[-95.0601,33.90187],[-95.05824,33.88755],[-95.05057,33.8775],[-95.05082,33.86944],[-95.04942,33.86481],[-95.04657,33.86256],[-95.03721,33.86025],[-95.02394,33.85932],[-95.01728,33.85795],[-95.01235,33.85801],[-95.00787,33.85952],[-95.00474,33.86168],[-95.00199,33.86305],[-95.00022,33.8625],[-94.99748,33.8605],[-94.99552,33.85744],[-94.99267,33.85245],[-94.98849,33.851],[-94.9833,33.85135],[-94.98165,33.85228],[-94.97621,33.85985],[-94.97341,33.86173],[-94.97143,33.86212],[-94.9689,33.86092],[-94.96589,33.84842],[-94.9644,33.83702],[-94.95768,33.835],[-94.94948,33.83353],[-94.94383,33.8293],[-94.95352,33.81647],[-94.94787,33.80836],[-94.93999,33.80568],[-94.92921,33.80775],[-94.92521,33.80868],[-94.92307,33.81136],[-94.9231,33.81546],[-94.92441,33.81886],[-94.92629,33.82261],[-94.92682,33.82663],[-94.92607,33.82853],[-94.922,33.82878],[-94.9186,33.82682],[-94.91476,33.82449],[-94.91209,33.82047],[-94.91088,33.81591],[-94.91021,33.81243],[-94.91262,33.80868],[-94.91703,33.80832],[-94.91863,33.80294],[-94.92167,33.79592],[-94.92195,33.7916],[-94.91752,33.78651],[-94.9145,33.78215],[-94.91143,33.77838],[-94.90624,33.77819],[-94.90417,33.7772],[-94.9042,33.77325],[-94.89772,33.76884],[-94.88775,33.76902],[-94.88385,33.76324],[-94.8765,33.7574],[-94.8748,33.75789],[-94.87394,33.76057],[-94.87457,33.76286],[-94.87493,33.76743],[-94.87384,33.77031],[-94.87127,33.77032],[-94.86814,33.76887],[-94.86606,33.76616],[-94.86674,33.76183],[-94.86914,33.75905],[-94.87538,33.75492],[-94.87708,33.75222],[-94.87467,33.74916],[-94.8693,33.74587],[-94.86069,33.74195],[-94.8493,33.73958],[-94.84257,33.73945],[-94.83072,33.7405],[-94.82804,33.73916],[-94.82832,33.73495],[-94.82247,33.73272],[-94.82009,33.73483],[-94.82304,33.74753],[-94.83084,33.75808],[-94.83009,33.76366],[-94.82529,33.76852],[-94.82178,33.76875],[-94.81857,33.7677],[-94.81616,33.7634],[-94.81666,33.75527],[-94.81428,33.7519],[-94.81216,33.75094],[-94.81291,33.74545],[-94.81621,33.74193],[-94.81606,33.73922],[-94.8111,33.73483],[-94.80225,33.73279],[-94.79584,33.73759],[-94.78676,33.74153],[-94.78097,33.7448],[-94.7782,33.74974],[-94.77784,33.75301],[-94.77492,33.75811],[-94.7705,33.76094],[-94.76444,33.76018],[-94.76006,33.75829],[-94.7572,33.75482],[-94.75781,33.75011],[-94.76175,33.74679],[-94.76944,33.74627],[-94.77382,33.74651],[-94.77739,33.7452],[-94.78825,33.73532],[-94.78264,33.73025],[-94.77313,33.72719],[-94.7606,33.72705],[-94.7544,33.73339],[-94.75251,33.73447],[-94.75137,33.73373],[-94.748,33.72554],[-94.74824,33.72471],[-94.75731,33.71817],[-94.75761,33.71716],[-94.7559,33.71507],[-94.75213,33.71384],[-94.74715,33.71529],[-94.74511,33.71791],[-94.7448,33.72219],[-94.74398,33.725],[-94.74178,33.72687],[-94.73825,33.72717],[-94.73518,33.72662],[-94.73263,33.72392],[-94.73279,33.72004],[-94.73857,33.7145],[-94.74756,33.71168],[-94.75327,33.71028],[-94.7538,33.70773],[-94.75202,33.70494],[-94.74188,33.70122],[-94.73586,33.69163],[-94.72559,33.69046],[-94.72074,33.68906],[-94.71981,33.68974],[-94.71659,33.69516],[-94.71779,33.70185],[-94.72145,33.70456],[-94.72695,33.70525],[-94.73131,33.70708],[-94.73309,33.71015],[-94.73483,33.71392],[-94.73231,33.71599],[-94.72787,33.71556],[-94.71136,33.70892],[-94.70602,33.70629],[-94.70173,33.70341],[-94.70105,33.70005],[-94.70219,33.69745],[-94.70634,33.69673],[-94.71285,33.69755],[-94.71394,33.69684],[-94.71434,33.69407],[-94.71734,33.68899],[-94.71619,33.6879],[-94.71207,33.68794],[-94.70545,33.68804],[-94.68479,33.68435],[-94.67788,33.68782],[-94.67177,33.69331],[-94.66785,33.69461],[-94.6617,33.69314],[-94.653,33.68722],[-94.65096,33.68656],[-94.64901,33.68735],[-94.64724,33.69265],[-94.64864,33.69799],[-94.64739,33.70112],[-94.64432,33.70167],[-94.639,33.69768],[-94.63865,33.6958],[-94.64313,33.69032],[-94.64547,33.68534],[-94.6489,33.68402],[-94.64848,33.68212],[-94.64558,33.6755],[-94.64553,33.67353],[-94.6513,33.67042],[-94.654,33.67115],[-94.65792,33.67419],[-94.66181,33.67513],[-94.66885,33.67188],[-94.67105,33.66839],[-94.66931,33.66436],[-94.6632,33.66108],[-94.65589,33.66017],[-94.638,33.66458],[-94.63557,33.66753],[-94.63092,33.67344],[-94.63045,33.67712],[-94.62819,33.68107],[-94.62238,33.68243],[-94.61763,33.68124],[-94.61332,33.67567],[-94.61171,33.67017],[-94.60768,33.66557],[-94.603,33.66306],[-94.59797,33.66338],[-94.59312,33.66543],[-94.59144,33.66891],[-94.59195,33.67286],[-94.59003,33.67585],[-94.59314,33.68324],[-94.59054,33.68622],[-94.58707,33.68582],[-94.583,33.68117],[-94.58029,33.67882],[-94.57986,33.66617],[-94.57788,33.66568],[-94.56906,33.66856],[-94.56217,33.66897],[-94.56034,33.66659],[-94.56325,33.66268],[-94.57557,33.65941],[-94.58699,33.65018],[-94.59083,33.64556],[-94.58863,33.64418],[-94.58327,33.64379],[-94.57784,33.64556],[-94.57057,33.65223],[-94.5602,33.65697],[-94.54964,33.66068],[-94.54637,33.65916],[-94.54333,33.65569],[-94.54259,33.65141],[-94.54544,33.64623],[-94.55904,33.64197],[-94.56839,33.6372],[-94.57045,33.62995],[-94.56952,33.62783],[-94.56408,33.62626],[-94.55575,33.62709],[-94.55141,33.62849],[-94.54109,33.63653],[-94.53482,33.63928],[-94.52749,33.64134],[-94.52184,33.64073],[-94.51913,33.6383],[-94.51893,33.63716],[-94.52457,33.63261],[-94.53199,33.62783],[-94.53507,33.62512],[-94.53517,33.62192],[-94.53187,33.61865],[-94.52738,33.61583],[-94.523,33.61608],[-94.51984,33.61808],[-94.51806,33.62298],[-94.52025,33.6298],[-94.51726,33.63273],[-94.51151,33.62311],[-94.50462,33.62068],[-94.4978,33.62401],[-94.4915,33.62512],[-94.48751,33.62894],[-94.48843,33.63237],[-94.49111,33.63623],[-94.48587,33.63787],[-94.48131,33.63882],[-94.47642,33.63895],[-94.46608,33.63626],[-94.46419,33.63766],[-94.46145,33.64362],[-94.4592,33.64515],[-94.45482,33.6449],[-94.44864,33.64277],[-94.44687,33.64018],[-94.44751,33.63625],[-94.44845,33.6345],[-94.45882,33.63244],[-94.46274,33.63091],[-94.46113,33.62541],[-94.46029,33.62442],[-94.45525,33.62292],[-94.45271,33.62262],[-94.45233,33.61882],[-94.45296,33.61699],[-94.45477,33.61516],[-94.46234,33.61057],[-94.46945,33.60732],[-94.47217,33.6042],[-94.47197,33.60267],[-94.47115,33.60159],[-94.46809,33.59944],[-94.45823,33.59827],[-94.454,33.59222],[-94.45162,33.59136],[-94.44911,33.59089],[-94.44236,33.59124],[-94.44154,33.5915],[-94.43952,33.59415],[-94.43004,33.59112],[-94.42758,33.58932],[-94.42598,33.58642],[-94.41316,33.56937],[-94.41218,33.56869],[-94.4089,33.5682],[-94.40334,33.56842],[-94.39734,33.57161],[-94.38593,33.58189],[-94.38289,33.58327],[-94.37965,33.58061],[-94.37808,33.57702],[-94.37776,33.57461],[-94.37856,33.57133],[-94.38009,33.56894],[-94.38253,33.56706],[-94.38805,33.56551],[-94.39236,33.56529],[-94.39437,33.56564],[-94.39769,33.5649],[-94.40074,33.56253],[-94.40162,33.55938],[-94.39994,33.5571],[-94.39723,33.55379],[-94.39257,33.55114],[-94.38952,33.54678],[-94.38609,33.54492],[-94.38167,33.54404],[-94.37339,33.54447],[-94.3716,33.545],[-94.3633,33.54496],[-94.36135,33.54461],[-94.35897,33.54323],[-94.35595,33.54318],[-94.34895,33.54836],[-94.34738,33.55108],[-94.34729,33.5522],[-94.35265,33.56061],[-94.35243,33.56217],[-94.34551,33.56731],[-94.34402,33.56782],[-94.34058,33.56788],[-94.33842,33.56708],[-94.33494,33.56359],[-94.33438,33.56254],[-94.33389,33.55746],[-94.3332,33.55537],[-94.33183,33.55335],[-94.33059,33.55269],[-94.32366,33.54984],[-94.31949,33.54886],[-94.30958,33.55167],[-94.30641,33.55562],[-94.30621,33.55768],[-94.30718,33.5598],[-94.30358,33.56828],[-94.30102,33.57302],[-94.29839,33.57622],[-94.29326,33.58042],[-94.28913,33.58214],[-94.28702,33.58241],[-94.28358,33.58189],[-94.28265,33.58098],[-94.28085,33.57719],[-94.2806,33.57491],[-94.28217,33.57299],[-94.29037,33.56791],[-94.29169,33.56348],[-94.2909,33.55887],[-94.28944,33.55763],[-94.28757,33.55718],[-94.27909,33.55703],[-94.2756,33.55796],[-94.27447,33.55865],[-94.272,33.56152],[-94.27098,33.56322],[-94.27085,33.56478],[-94.26567,33.57359],[-94.26275,33.57735],[-94.2578,33.58251],[-94.25266,33.58614],[-94.24593,33.58911],[-94.24278,33.58971],[-94.24018,33.58954],[-94.23697,33.58741],[-94.23636,33.58599],[-94.23684,33.58091],[-94.23798,33.57776],[-94.23887,33.57672],[-94.24437,33.57355],[-94.25111,33.56528],[-94.25233,33.56186],[-94.25228,33.56045],[-94.25157,33.55819],[-94.2502,33.55676],[-94.2379,33.55268],[-94.23184,33.55209],[-94.22639,33.55291],[-94.22292,33.55409],[-94.21922,33.5561],[-94.2136,33.56313],[-94.20808,33.56691],[-94.20563,33.56723],[-94.20359,33.56655],[-94.20124,33.55783],[-94.19949,33.55609],[-94.19782,33.55524],[-94.19639,33.55512],[-94.19325,33.55615],[-94.19133,33.55767],[-94.18988,33.56245],[-94.19248,33.57043],[-94.1944,33.57368],[-94.19637,33.57478],[-94.20111,33.57585],[-94.20427,33.575],[-94.2074,33.57435],[-94.20967,33.57351],[-94.21133,33.57377],[-94.21614,33.57639],[-94.21741,33.57926],[-94.2172,33.58074],[-94.21443,33.58319],[-94.213,33.58349],[-94.21097,33.58314],[-94.20579,33.58138],[-94.20359,33.58082],[-94.19975,33.5811],[-94.19654,33.58172],[-94.19446,33.58289],[-94.19089,33.58747],[-94.18391,33.59468],[-94.18088,33.59261],[-94.17633,33.59108],[-94.16227,33.58891],[-94.16108,33.58797],[-94.16201,33.58088],[-94.16128,33.57927],[-94.15678,33.57575],[-94.15263,33.57592],[-94.14873,33.5802],[-94.14605,33.58197],[-94.14438,33.5821],[-94.14216,33.58139],[-94.14185,33.57959],[-94.14302,33.57773],[-94.14567,33.5756],[-94.14951,33.5736],[-94.15126,33.57179],[-94.15175,33.56948],[-94.15146,33.56839],[-94.14852,33.56568],[-94.14524,33.56499],[-94.1434,33.56551],[-94.13686,33.571],[-94.13605,33.57139],[-94.13514,33.57103],[-94.13431,33.56921],[-94.13305,33.55795],[-94.13138,33.55293],[-94.12866,33.55095],[-94.1269,33.55065],[-94.1239,33.5521],[-94.12288,33.55311],[-94.12072,33.56056],[-94.12036,33.5655],[-94.1199,33.567],[-94.11284,33.56699],[-94.10318,33.57035],[-94.10011,33.57257],[-94.09744,33.57372],[-94.08894,33.57532],[-94.08264,33.57549],[-94.07267,33.57223],[-94.07223,33.57261],[-94.07203,33.57416],[-94.07135,33.57484],[-94.06952,33.57416],[-94.06856,33.57356],[-94.06828,33.57197],[-94.0678,33.57013],[-94.06685,33.56891],[-94.06128,33.5688],[-94.0566,33.56782],[-94.0561,33.56725],[-94.05566,33.56189],[-94.05644,33.561],[-94.05985,33.55925],[-94.06118,33.55916],[-94.06669,33.56095],[-94.06798,33.56096],[-94.07172,33.55968],[-94.07374,33.55828],[-94.07383,33.55583],[-94.07216,33.55386],[-94.06909,33.55341],[-94.06548,33.55091],[-94.0619,33.54976],[-94.0561,33.55073],[-94.05188,33.55259],[-94.05021,33.55108],[-94.04604,33.55132],[-94.04345,33.55225],[-94.04301,33.49304],[-94.04328,33.49103],[-94.04319,33.47032],[-94.04299,33.43582],[-94.04299,33.43102],[-94.04289,33.42023],[-94.04305,33.37772],[-94.04287,33.37117],[-94.04313,33.35876],[-94.04307,33.3521],[-94.04307,33.3305],[-94.04299,33.27123],[-94.04305,33.2609],[-94.043,33.25013],[-94.04273,33.24182],[-94.04288,33.21522],[-94.04289,33.20267],[-94.04287,33.19978],[-94.04272,33.16029],[-94.04318,33.14348],[-94.04301,33.13389],[-94.04287,33.09273],[-94.04304,33.07948],[-94.04296,33.01922],[-94.04309,32.95559],[-94.04307,32.9379],[-94.04309,32.91002],[-94.04288,32.89891],[-94.04286,32.89277],[-94.04289,32.88097],[-94.04303,32.88045],[-94.04278,32.87149],[-94.04303,32.79748],[-94.04275,32.78697],[-94.04283,32.78528],[-94.04303,32.77686],[-94.04295,32.76799],[-94.04315,32.69303],[-94.04291,32.65513],[-94.04278,32.64347],[-94.04282,32.6403],[-94.04293,32.62201],[-94.04292,32.61014],[-94.04308,32.56426],[-94.04314,32.5595],[-94.04308,32.51361],[-94.04288,32.50514],[-94.04291,32.49285],[-94.04309,32.48656],[-94.04307,32.4843],[-94.04296,32.48026],[-94.043,32.478],[-94.04287,32.47135],[-94.0429,32.47039],[-94.04291,32.43989],[-94.04299,32.43551],[-94.0429,32.40066],[-94.04292,32.39992],[-94.0429,32.39228],[-94.04276,32.37333],[-94.04274,32.36356],[-94.04273,32.2697],[-94.04266,32.21815],[-94.04257,32.16689],[-94.04254,32.16683],[-94.04259,32.1581],[-94.04268,32.13796],[-94.04275,32.12516],[-94.04234,32.11991],[-94.0427,32.05601],[-94.04272,31.99927],[-94.04183,31.9924],[-94.03841,31.99244],[-94.03426,31.99529],[-94.02928,31.99586],[-94.02519,31.99444],[-94.02321,31.99189],[-94.01981,31.99104],[-94.01726,31.98934],[-94.01726,31.98481],[-94.01642,31.98085],[-94.01274,31.9783],[-94.00736,31.97377],[-94.00198,31.96414],[-93.99376,31.9515],[-93.99036,31.94857],[-93.98738,31.94344],[-93.98159,31.94007],[-93.97961,31.93668],[-93.97932,31.93073],[-93.97746,31.92642],[-93.97394,31.92167],[-93.97171,31.92038],[-93.968,31.91997],[-93.96431,31.92308],[-93.96178,31.92399],[-93.95893,31.92223],[-93.95525,31.91289],[-93.95355,31.91056],[-93.94959,31.91062],[-93.93996,31.91034],[-93.93317,31.91091],[-93.9292,31.91176],[-93.92326,31.90779],[-93.92184,31.90553],[-93.92297,31.9027],[-93.9309,31.89647],[-93.93223,31.89351],[-93.92977,31.89109],[-93.92665,31.88826],[-93.92212,31.88571],[-93.91986,31.88769],[-93.91959,31.89075],[-93.91595,31.89286],[-93.90742,31.89247],[-93.90315,31.89618],[-93.90027,31.89626],[-93.89741,31.89444],[-93.896,31.8909],[-93.89664,31.88729],[-93.90189,31.88006],[-93.90259,31.87665],[-93.90246,31.87527],[-93.90132,31.87366],[-93.89947,31.87353],[-93.89743,31.87442],[-93.8961,31.87622],[-93.89296,31.87632],[-93.89154,31.87495],[-93.89126,31.87127],[-93.88925,31.86903],[-93.88503,31.86589],[-93.88256,31.86685],[-93.88078,31.86475],[-93.88249,31.86193],[-93.88616,31.85994],[-93.88879,31.85771],[-93.88898,31.85572],[-93.88798,31.85459],[-93.8835,31.85506],[-93.88181,31.85225],[-93.88444,31.84987],[-93.8835,31.84704],[-93.87949,31.8435],[-93.87482,31.84061],[-93.87312,31.83666],[-93.87477,31.83454],[-93.87713,31.83218],[-93.87595,31.82935],[-93.87407,31.82534],[-93.87476,31.82166],[-93.87092,31.81684],[-93.87302,31.81626],[-93.87343,31.81581],[-93.87325,31.81489],[-93.87195,31.81392],[-93.87084,31.81378],[-93.86856,31.81523],[-93.86732,31.81532],[-93.86138,31.8123],[-93.86059,31.81162],[-93.85932,31.80911],[-93.85852,31.80849],[-93.85696,31.80809],[-93.85457,31.80665],[-93.85339,31.80547],[-93.85353,31.80261],[-93.85265,31.80111],[-93.85148,31.80015],[-93.84985,31.79978],[-93.84763,31.79963],[-93.84706,31.79986],[-93.84619,31.80202],[-93.84537,31.80187],[-93.84289,31.80068],[-93.84003,31.8006],[-93.83934,31.80033],[-93.83844,31.79808],[-93.83798,31.79741],[-93.83657,31.7964],[-93.83561,31.79449],[-93.83687,31.78873],[-93.83465,31.78331],[-93.8312,31.78023],[-93.82344,31.7751],[-93.8226,31.77356],[-93.82457,31.77045],[-93.82527,31.76737],[-93.82881,31.76563],[-93.82959,31.7642],[-93.82681,31.76378],[-93.82617,31.76233],[-93.82761,31.76031],[-93.83044,31.75583],[-93.83257,31.75418],[-93.8361,31.75159],[-93.8361,31.74852],[-93.83304,31.7464],[-93.82997,31.74451],[-93.8262,31.73673],[-93.82458,31.7344],[-93.82219,31.73249],[-93.81677,31.73084],[-93.81493,31.72869],[-93.81347,31.72588],[-93.81279,31.71678],[-93.81249,31.71521],[-93.81692,31.70876],[-93.81629,31.7075],[-93.81221,31.70758],[-93.81148,31.70722],[-93.81112,31.70368],[-93.8084,31.70285],[-93.80705,31.70281],[-93.79762,31.70555],[-93.79499,31.70481],[-93.79455,31.70208],[-93.8034,31.68781],[-93.80448,31.68566],[-93.81394,31.67589],[-93.81229,31.67212],[-93.81276,31.66976],[-93.81517,31.66795],[-93.81686,31.66863],[-93.81804,31.66998],[-93.81889,31.67377],[-93.82205,31.67397],[-93.82646,31.66692],[-93.82566,31.66102],[-93.82007,31.6542],[-93.81804,31.64789],[-93.81596,31.63228],[-93.81853,31.63147],[-93.82059,31.62971],[-93.82072,31.62799],[-93.81966,31.62658],[-93.81724,31.62555],[-93.81684,31.62251],[-93.8231,31.62075],[-93.82583,31.62138],[-93.82685,31.62105],[-93.82717,31.62028],[-93.82596,31.61953],[-93.82215,31.61852],[-93.81879,31.6166],[-93.81872,31.61456],[-93.81958,31.61412],[-93.82264,31.61453],[-93.82629,31.6149],[-93.83044,31.6136],[-93.83806,31.6068],[-93.83938,31.59907],[-93.83492,31.58621],[-93.83036,31.57935],[-93.82715,31.57848],[-93.81843,31.57094],[-93.8184,31.5696],[-93.81915,31.56893],[-93.82221,31.56883],[-93.82296,31.56813],[-93.82289,31.56591],[-93.82156,31.5637],[-93.81735,31.56394],[-93.81686,31.56308],[-93.81701,31.56165],[-93.81836,31.56016],[-93.82109,31.56034],[-93.82076,31.55822],[-93.81858,31.55483],[-93.81397,31.55056],[-93.81025,31.54988],[-93.80948,31.54786],[-93.80831,31.54638],[-93.80334,31.54362],[-93.80052,31.54345],[-93.79954,31.54298],[-93.79989,31.54187],[-93.80258,31.54065],[-93.80336,31.53879],[-93.79921,31.53807],[-93.79809,31.53404],[-93.7903,31.53077],[-93.78769,31.52734],[-93.78083,31.52538],[-93.76006,31.52393],[-93.75488,31.5248],[-93.75413,31.52641],[-93.75761,31.52755],[-93.75811,31.52987],[-93.7565,31.53054],[-93.7547,31.52987],[-93.75189,31.52747],[-93.75009,31.52955],[-93.74774,31.53069],[-93.74734,31.52839],[-93.74277,31.52686],[-93.7424,31.5233],[-93.74056,31.51853],[-93.74098,31.51757],[-93.74217,31.51725],[-93.74388,31.51806],[-93.74458,31.51759],[-93.74388,31.51647],[-93.7422,31.51547],[-93.73738,31.51386],[-93.73343,31.51322],[-93.72476,31.51437],[-93.71603,31.51484],[-93.71344,31.51484],[-93.71158,31.51279],[-93.71155,31.51012],[-93.71556,31.508],[-93.7191,31.50399],[-93.72146,31.49975],[-93.72348,31.49593],[-93.72429,31.4922],[-93.72759,31.4889],[-93.7349,31.48702],[-93.74188,31.48353],[-93.74515,31.48564],[-93.7491,31.48474],[-93.75185,31.48312],[-93.75299,31.48171],[-93.7522,31.47955],[-93.75063,31.47903],[-93.748,31.48165],[-93.74648,31.48183],[-93.74554,31.4804],[-93.7454,31.47812],[-93.74847,31.47481],[-93.74972,31.47092],[-93.74948,31.46869],[-93.74184,31.46585],[-93.73151,31.45747],[-93.72209,31.4535],[-93.71773,31.45711],[-93.7155,31.4569],[-93.71285,31.45391],[-93.71166,31.45305],[-93.70997,31.45276],[-93.70903,31.4534],[-93.70913,31.45675],[-93.70663,31.45679],[-93.70393,31.45549],[-93.70421,31.45298],[-93.70919,31.44504],[-93.70894,31.44171],[-93.70589,31.44033],[-93.70175,31.44092],[-93.69269,31.44056],[-93.69253,31.4382],[-93.6976,31.42841],[-93.70468,31.4189],[-93.70488,31.41088],[-93.70161,31.40933],[-93.69587,31.40939],[-93.68813,31.40476],[-93.68135,31.39804],[-93.67655,31.39873],[-93.67412,31.39768],[-93.6706,31.38882],[-93.66899,31.37265],[-93.66999,31.37048],[-93.67316,31.37113],[-93.67338,31.36882],[-93.67011,31.3657],[-93.66536,31.36567],[-93.6566,31.36736],[-93.64882,31.3706],[-93.6433,31.37096],[-93.64029,31.37256],[-93.63926,31.37154],[-93.64498,31.36297],[-93.64487,31.36087],[-93.64663,31.3586],[-93.66405,31.35434],[-93.66844,31.35301],[-93.66955,31.35057],[-93.6688,31.3396],[-93.66967,31.33798],[-93.67728,31.33048],[-93.67395,31.32619],[-93.67355,31.32454],[-93.67519,31.32205],[-93.68111,31.32013],[-93.68785,31.30983],[-93.68688,31.30517],[-93.68404,31.30177],[-93.67544,31.30104],[-93.66741,31.29705],[-93.66293,31.28739],[-93.65986,31.28196],[-93.657,31.28174],[-93.65303,31.28338],[-93.6509,31.28432],[-93.64737,31.28173],[-93.64468,31.27497],[-93.64407,31.27159],[-93.64147,31.26994],[-93.63864,31.2697],[-93.62284,31.27206],[-93.62034,31.27103],[-93.61954,31.26781],[-93.61884,31.26381],[-93.61459,31.26145],[-93.61394,31.25937],[-93.61543,31.25612],[-93.6154,31.25417],[-93.61394,31.25286],[-93.61429,31.25163],[-93.6212,31.24964],[-93.62168,31.24859],[-93.62005,31.24691],[-93.61631,31.2446],[-93.61711,31.24101],[-93.6162,31.23755],[-93.61826,31.2331],[-93.61798,31.2325],[-93.61668,31.23201],[-93.61316,31.23243],[-93.61249,31.23269],[-93.6107,31.23215],[-93.60983,31.22966],[-93.60875,31.22801],[-93.60703,31.22792],[-93.60166,31.22952],[-93.59839,31.2311],[-93.59689,31.23063],[-93.59656,31.22966],[-93.59678,31.22799],[-93.59922,31.2253],[-93.59909,31.22418],[-93.5953,31.22181],[-93.59504,31.22104],[-93.59561,31.21985],[-93.60314,31.21706],[-93.6038,31.21575],[-93.60354,31.21067],[-93.60729,31.2054],[-93.60186,31.19939],[-93.60166,31.18703],[-93.60244,31.18254],[-93.60031,31.17616],[-93.59883,31.17468],[-93.5885,31.16558],[-93.57922,31.16742],[-93.56956,31.17757],[-93.56094,31.18248],[-93.55265,31.18558],[-93.54893,31.1866],[-93.54527,31.1839],[-93.54182,31.1832],[-93.53928,31.18355],[-93.5351,31.18561],[-93.53331,31.18446],[-93.53174,31.18082],[-93.53144,31.17895],[-93.53281,31.17426],[-93.53595,31.17241],[-93.54239,31.17159],[-93.54306,31.17066],[-93.54241,31.16849],[-93.53898,31.16515],[-93.53641,31.16039],[-93.53648,31.15847],[-93.54016,31.15605],[-93.54637,31.1566],[-93.5487,31.15584],[-93.54851,31.1485],[-93.5461,31.14335],[-93.5447,31.13589],[-93.53799,31.12675],[-93.5397,31.11445],[-93.54518,31.11179],[-93.5487,31.10603],[-93.54863,31.1012],[-93.54925,31.10014],[-93.5591,31.09737],[-93.56268,31.0976],[-93.56347,31.09399],[-93.55907,31.09178],[-93.55664,31.08743],[-93.5532,31.08812],[-93.55111,31.09081],[-93.54928,31.09031],[-93.54844,31.08851],[-93.5518,31.08454],[-93.55221,31.07893],[-93.54013,31.078],[-93.53263,31.07455],[-93.52775,31.07457],[-93.52717,31.07319],[-93.52896,31.06983],[-93.52513,31.06655],[-93.52074,31.06613],[-93.51942,31.06434],[-93.51891,31.06186],[-93.52115,31.05728],[-93.52926,31.05757],[-93.53207,31.05526],[-93.53122,31.05168],[-93.52651,31.04736],[-93.52351,31.04617],[-93.51996,31.04517],[-93.5189,31.04374],[-93.51994,31.04188],[-93.52193,31.04141],[-93.52405,31.04152],[-93.5249,31.03995],[-93.52474,31.03901],[-93.5216,31.0363],[-93.51498,31.03486],[-93.50829,31.03235],[-93.50846,31.02944],[-93.51492,31.0257],[-93.52231,31.0201],[-93.52452,31.01964],[-93.53158,31.02019],[-93.53343,31.01897],[-93.53914,31.00829],[-93.54043,31.00781],[-93.54268,31.00822],[-93.54576,31.01003],[-93.5485,31.01026],[-93.55147,31.00924],[-93.55446,31.00436],[-93.55593,31.00374],[-93.56117,31.00776],[-93.56563,31.01316],[-93.56755,31.01267],[-93.57147,31.0096],[-93.57282,31.00747],[-93.57304,31.00471],[-93.57459,31.00236],[-93.57821,30.99999],[-93.57512,30.99465],[-93.57336,30.99183],[-93.56895,30.99067],[-93.56621,30.99071],[-93.56429,30.9896],[-93.56411,30.98801],[-93.56588,30.98518],[-93.56648,30.98132],[-93.56797,30.97798],[-93.56929,30.97619],[-93.5728,30.97472],[-93.57433,30.97371],[-93.57402,30.97225],[-93.57282,30.97072],[-93.56844,30.9691],[-93.56484,30.96953],[-93.56053,30.97129],[-93.55611,30.96864],[-93.55354,30.96737],[-93.54984,30.96712],[-93.54731,30.96476],[-93.54633,30.9578],[-93.54267,30.95669],[-93.53927,30.95652],[-93.53463,30.958],[-93.53176,30.95822],[-93.53093,30.95711],[-93.53051,30.95574],[-93.53053,30.95458],[-93.53222,30.95184],[-93.53256,30.9507],[-93.53237,30.94898],[-93.52981,30.94217],[-93.52644,30.93937],[-93.52601,30.93754],[-93.52726,30.93563],[-93.52778,30.93285],[-93.52615,30.93004],[-93.53094,30.92453],[-93.54321,30.92013],[-93.54207,30.92585],[-93.54517,30.92706],[-93.54955,30.92375],[-93.55194,30.91865],[-93.55492,30.91574],[-93.55837,30.91354],[-93.55854,30.91139],[-93.55535,30.90935],[-93.55303,30.9081],[-93.554,30.90277],[-93.55312,30.90105],[-93.55048,30.90053],[-93.54862,30.89989],[-93.54864,30.89862],[-93.5492,30.89744],[-93.55248,30.8967],[-93.55781,30.89675],[-93.56632,30.89484],[-93.56816,30.89337],[-93.56874,30.89186],[-93.5699,30.8906],[-93.57296,30.88757],[-93.57408,30.88453],[-93.57349,30.88267],[-93.57082,30.87558],[-93.5648,30.87568],[-93.56294,30.8728],[-93.56414,30.86856],[-93.55914,30.86994],[-93.55845,30.86778],[-93.56154,30.86138],[-93.56191,30.85833],[-93.55965,30.85561],[-93.55792,30.8543],[-93.55731,30.85208],[-93.5641,30.84674],[-93.56848,30.84512],[-93.56797,30.84303],[-93.56349,30.84205],[-93.55817,30.83997],[-93.55363,30.83514],[-93.5531,30.83311],[-93.55716,30.82876],[-93.55618,30.82639],[-93.55406,30.82494],[-93.55464,30.82325],[-93.55784,30.82101],[-93.56191,30.81946],[-93.56416,30.81754],[-93.56376,30.81361],[-93.56071,30.80964],[-93.56135,30.80758],[-93.56324,30.80622],[-93.5693,30.80297],[-93.57468,30.80137],[-93.5784,30.80205],[-93.58223,30.80312],[-93.58378,30.80178],[-93.58427,30.79666],[-93.58319,30.79428],[-93.58139,30.79163],[-93.58192,30.78898],[-93.58369,30.78776],[-93.58716,30.78786],[-93.58894,30.78755],[-93.58938,30.78668],[-93.58696,30.78289],[-93.58445,30.78116],[-93.58335,30.77941],[-93.58316,30.7786],[-93.58387,30.77705],[-93.58714,30.77681],[-93.5899,30.77776],[-93.59173,30.77666],[-93.59271,30.7751],[-93.5935,30.77228],[-93.59156,30.76723],[-93.5921,30.76367],[-93.60081,30.76219],[-93.60497,30.76198],[-93.60632,30.76104],[-93.60624,30.7594],[-93.60679,30.75816],[-93.60918,30.75726],[-93.61007,30.75753],[-93.61162,30.76003],[-93.61347,30.76085],[-93.61445,30.75987],[-93.61478,30.75606],[-93.61237,30.7539],[-93.61035,30.75059],[-93.60834,30.74783],[-93.609,30.74551],[-93.60995,30.74465],[-93.61489,30.74432],[-93.61775,30.74325],[-93.61913,30.742],[-93.61898,30.74027],[-93.61769,30.73848],[-93.61282,30.73671],[-93.61065,30.73428],[-93.60972,30.72918],[-93.60954,30.72314],[-93.61119,30.71805],[-93.61281,30.71657],[-93.61477,30.71986],[-93.61618,30.71878],[-93.61723,30.71858],[-93.61618,30.71398],[-93.61644,30.71239],[-93.61965,30.70894],[-93.62077,30.70412],[-93.62181,30.70276],[-93.62447,30.70108],[-93.62459,30.69954],[-93.6238,30.69797],[-93.62282,30.69711],[-93.62122,30.69624],[-93.62038,30.69505],[-93.62043,30.69424],[-93.62538,30.68971],[-93.62665,30.68836],[-93.62723,30.68741],[-93.62771,30.68373],[-93.6299,30.67994],[-93.63616,30.67611],[-93.63821,30.67306],[-93.64536,30.67339],[-93.64662,30.67143],[-93.64685,30.66873],[-93.64825,30.66778],[-93.65319,30.67039],[-93.65497,30.67018],[-93.65975,30.66205],[-93.66125,30.6612],[-93.66456,30.66173],[-93.66766,30.66051],[-93.67035,30.65803],[-93.67057,30.65615],[-93.67011,30.65384],[-93.67054,30.65263],[-93.67384,30.6513],[-93.67413,30.64869],[-93.6786,30.64419],[-93.68109,30.64311],[-93.6831,30.64076],[-93.68287,30.63935],[-93.68066,30.6365],[-93.68041,30.63488],[-93.68176,30.63303],[-93.68382,30.63258],[-93.68471,30.63081],[-93.68389,30.6286],[-93.68512,30.6252],[-93.68196,30.62053],[-93.68198,30.61858],[-93.6857,30.61642],[-93.6869,30.61376],[-93.68913,30.61141],[-93.68866,30.61053],[-93.68742,30.60974],[-93.6844,30.60918],[-93.6834,30.60804],[-93.68252,30.60426],[-93.67924,30.59977],[-93.67866,30.5941],[-93.67961,30.5934],[-93.68283,30.59368],[-93.68507,30.59209],[-93.68512,30.58661],[-93.68811,30.58566],[-93.69222,30.58571],[-93.69175,30.58796],[-93.68937,30.58912],[-93.6878,30.59014],[-93.68953,30.59276],[-93.69287,30.59438],[-93.70083,30.59198],[-93.7033,30.58877],[-93.70603,30.58804],[-93.70999,30.58888],[-93.71245,30.58848],[-93.7136,30.58741],[-93.71403,30.58028],[-93.71682,30.57786],[-93.71791,30.57777],[-93.72048,30.58036],[-93.72194,30.58032],[-93.72784,30.57407],[-93.72818,30.57287],[-93.72619,30.56987],[-93.72642,30.5681],[-93.72775,30.56649],[-93.7248,30.56277],[-93.72395,30.55922],[-93.72596,30.55665],[-93.73107,30.55334],[-93.73138,30.55138],[-93.72876,30.54644],[-93.72918,30.54485],[-93.7348,30.54173],[-93.7391,30.54083],[-93.74025,30.53957],[-93.73949,30.53804],[-93.73659,30.5372],[-93.73285,30.53663],[-93.73221,30.5358],[-93.73378,30.5314],[-93.73183,30.52914],[-93.72772,30.52567],[-93.72588,30.52505],[-93.72048,30.52433],[-93.71903,30.52106],[-93.71647,30.51923],[-93.71432,30.51856],[-93.71082,30.51772],[-93.71035,30.51317],[-93.71155,30.51196],[-93.7117,30.51075],[-93.70952,30.5107],[-93.70725,30.51139],[-93.70651,30.50991],[-93.70681,30.50707],[-93.70973,30.50651],[-93.71515,30.50127],[-93.71412,30.5],[-93.70854,30.5004],[-93.70867,30.49912],[-93.7104,30.49741],[-93.71449,30.4977],[-93.71668,30.49401],[-93.712,30.48764],[-93.71025,30.48625],[-93.70948,30.48401],[-93.70976,30.48265],[-93.71173,30.4823],[-93.71318,30.4834],[-93.71483,30.48523],[-93.7161,30.48509],[-93.71742,30.48382],[-93.71676,30.48194],[-93.71333,30.47901],[-93.71052,30.4755],[-93.71124,30.47273],[-93.71223,30.47063],[-93.71185,30.46944],[-93.70638,30.4669],[-93.7024,30.46174],[-93.69904,30.45881],[-93.69945,30.45791],[-93.70634,30.45814],[-93.70694,30.45534],[-93.7021,30.44976],[-93.7038,30.44776],[-93.70744,30.44593],[-93.70695,30.44399],[-93.70463,30.44312],[-93.70084,30.44492],[-93.69831,30.44493],[-93.69783,30.44384],[-93.6978,30.44058],[-93.69928,30.43738],[-93.70202,30.43631],[-93.70415,30.43435],[-93.70237,30.43092],[-93.70266,30.42995],[-93.70468,30.42948],[-93.70825,30.43025],[-93.71125,30.43315],[-93.71275,30.43317],[-93.71404,30.42973],[-93.71647,30.42844],[-93.71637,30.42476],[-93.71706,30.42311],[-93.71918,30.42272],[-93.7198,30.4268],[-93.72295,30.4321],[-93.72682,30.42967],[-93.72683,30.42364],[-93.72231,30.42073],[-93.72275,30.41956],[-93.72671,30.41939],[-93.72755,30.41872],[-93.72787,30.4177],[-93.72755,30.41653],[-93.72802,30.41467],[-93.72872,30.41355],[-93.73061,30.41333],[-93.73199,30.41388],[-93.73299,30.41513],[-93.73392,30.41493],[-93.73488,30.41283],[-93.73481,30.4092],[-93.73489,30.40834],[-93.73563,30.40686],[-93.73827,30.40396],[-93.74168,30.40298],[-93.74204,30.40051],[-93.74359,30.39944],[-93.7455,30.39875],[-93.74533,30.39702],[-93.74597,30.39648],[-93.74862,30.39682],[-93.75144,30.39629],[-93.752,30.39575],[-93.75224,30.39342],[-93.7533,30.39222],[-93.75677,30.39116],[-93.75765,30.39042],[-93.75875,30.38789],[-93.75847,30.38403],[-93.75515,30.3752],[-93.75589,30.37071],[-93.75726,30.36428],[-93.75174,30.36105],[-93.75635,30.35617],[-93.76154,30.35223],[-93.75812,30.34952],[-93.76302,30.34415],[-93.75892,30.33855],[-93.76582,30.33332],[-93.76426,30.33022],[-93.75556,30.32958],[-93.75604,30.32571],[-93.75104,30.32094],[-93.74986,30.31438],[-93.74421,30.31068],[-93.74394,30.30403],[-93.7387,30.30379],[-93.73423,30.29881],[-93.72422,30.29513],[-93.71868,30.29501],[-93.71432,30.29428],[-93.71291,30.28794],[-93.70458,30.28995],[-93.70661,30.28119],[-93.70719,30.27551],[-93.70913,30.27183],[-93.70859,30.2655],[-93.70316,30.26001],[-93.70764,30.25426],[-93.70727,30.24994],[-93.70537,30.24702],[-93.70508,30.24275],[-93.70311,30.23918],[-93.70655,30.23966],[-93.70503,30.2334],[-93.70928,30.23387],[-93.71336,30.22526],[-93.71215,30.21982],[-93.71922,30.21854],[-93.71905,30.20873],[-93.71711,30.20183],[-93.71496,30.19735],[-93.71784,30.194],[-93.71305,30.19337],[-93.70849,30.19676],[-93.70549,30.19292],[-93.71259,30.19019],[-93.70966,30.18328],[-93.70376,30.17394],[-93.70196,30.16777],[-93.70196,30.1647],[-93.70393,30.16114],[-93.70601,30.15917],[-93.70749,30.1561],[-93.70761,30.14983],[-93.70653,30.14742],[-93.70306,30.14988],[-93.70018,30.15272],[-93.69774,30.15295],[-93.69629,30.1516],[-93.6937,30.14251],[-93.69177,30.14112],[-93.68953,30.14175],[-93.68855,30.14037],[-93.69285,30.13521],[-93.6955,30.1356],[-93.69827,30.13862],[-93.70074,30.13814],[-93.70146,30.13471],[-93.70195,30.13066],[-93.70063,30.12437],[-93.70143,30.1223],[-93.70646,30.12168],[-93.70779,30.12074],[-93.70729,30.11936],[-93.70341,30.11718],[-93.7024,30.11489],[-93.70244,30.11272],[-93.70373,30.11106],[-93.70549,30.11029],[-93.7115,30.10939],[-93.713,30.10786],[-93.7146,30.10183],[-93.72377,30.09413],[-93.72304,30.08768],[-93.72363,30.08318],[-93.7258,30.082],[-93.72764,30.08328],[-93.72967,30.08801],[-93.73057,30.08904],[-93.73248,30.08891],[-93.73408,30.08613],[-93.73358,30.08428],[-93.73145,30.08193],[-93.72671,30.07891],[-93.7164,30.06912],[-93.70617,30.06731],[-93.70218,30.06547],[-93.70058,30.06367],[-93.6994,30.05925],[-93.70082,30.05627],[-93.70394,30.05429],[-93.70804,30.0538],[-93.71089,30.05438],[-93.71193,30.05696],[-93.71377,30.06569],[-93.71546,30.06658],[-93.71733,30.06571],[-93.71945,30.06381],[-93.71968,30.05605],[-93.7208,30.05304],[-93.73745,30.03728],[-93.73916,30.03263],[-93.73973,30.02399],[-93.74207,30.02077],[-93.74532,30.01893],[-93.75524,30.01519],[-93.76018,30.01084],[-93.76844,30.00169],[-93.76913,29.99834],[-93.77057,29.99653],[-93.77157,29.99592],[-93.77511,29.99552],[-93.77889,29.99487],[-93.78217,29.99367],[-93.78693,29.99058],[-93.78943,29.98781],[-93.79009,29.98656],[-93.79232,29.97941],[-93.79341,29.97674],[-93.79444,29.97477],[-93.79615,29.97204],[-93.80161,29.96509],[-93.80341,29.96257],[-93.80782,29.95455],[-93.81373,29.93513],[-93.81655,29.92073],[-93.819,29.91482],[-93.83037,29.89436],[-93.83837,29.88285],[-93.85514,29.8641],[-93.86357,29.85718],[-93.87245,29.85165],[-93.89068,29.84316],[-93.90073,29.83697],[-93.91636,29.82497],[-93.92274,29.81881],[-93.92799,29.80964],[-93.92921,29.80295],[-93.92881,29.79708],[-93.9265,29.78956],[-93.92241,29.78505],[-93.89847,29.77158],[-93.89386,29.76729],[-93.89082,29.76167],[-93.89383,29.75303],[-93.89164,29.74462],[-93.88882,29.74223],[-93.87394,29.73777],[-93.87002,29.73548],[-93.8632,29.72406],[-93.83797,29.69062],[-93.84143,29.68782],[-93.84064,29.68576],[-93.83909,29.68342],[-93.83773,29.67902],[-93.83954,29.67852],[-93.84137,29.67856],[-93.84516,29.67882],[-93.85207,29.67917],[-93.86129,29.67901],[-93.86985,29.67942],[-93.89694,29.68107],[-93.92297,29.68252],[-93.95256,29.68334],[-93.95903,29.68213],[-93.96507,29.68277],[-93.98477,29.68241],[-94.00141,29.68149],[-94.01535,29.67967],[-94.03897,29.67502],[-94.05651,29.67116],[-94.09576,29.66052],[-94.11953,29.65236],[-94.14722,29.64245],[-94.18501,29.6283],[-94.21805,29.61539],[-94.26012,29.59896],[-94.29373,29.58537],[-94.49007,29.51119],[-94.49857,29.50709],[-94.50092,29.50687],[-94.53556,29.49293],[-94.56433,29.48137],[-94.59619,29.46791],[-94.63161,29.4518],[-94.65483,29.4401],[-94.66827,29.43259],[-94.68127,29.42464],[-94.69416,29.41563],[-94.70847,29.40305],[-94.71778,29.39075],[-94.72371,29.38214],[-94.72858,29.3723],[-94.73105,29.36914],[-94.73341,29.36799],[-94.73726,29.36959],[-94.73827,29.37044],[-94.73775,29.37247],[-94.73923,29.37493],[-94.74105,29.37573],[-94.74202,29.37588],[-94.75473,29.36764],[-94.75415,29.36617],[-94.75815,29.36334],[-94.76149,29.36188],[-94.76247,29.36299],[-94.76219,29.36455],[-94.76336,29.36585],[-94.7664,29.36572],[-94.77004,29.36486],[-94.77486,29.36267],[-94.77869,29.36148],[-94.7807,29.36507],[-94.77887,29.36738],[-94.77731,29.37106],[-94.7779,29.37344],[-94.77778,29.37582],[-94.78296,29.37492],[-94.78444,29.37572],[-94.78337,29.37748],[-94.77456,29.38503],[-94.77106,29.38685],[-94.76721,29.39043],[-94.76638,29.39239],[-94.76685,29.39349],[-94.77018,29.39301],[-94.77374,29.39529],[-94.77434,29.39923],[-94.7665,29.40761],[-94.75497,29.41589],[-94.74772,29.40937],[-94.74545,29.40854],[-94.74371,29.40965],[-94.73787,29.41443],[-94.73541,29.41514],[-94.72929,29.42102],[-94.72358,29.42588],[-94.71741,29.43003],[-94.71088,29.43132],[-94.70636,29.43453],[-94.70351,29.43649],[-94.70346,29.44036],[-94.69827,29.44672],[-94.6978,29.44901],[-94.69626,29.45026],[-94.69555,29.45273],[-94.69407,29.45379],[-94.69187,29.45502],[-94.69263,29.45844],[-94.69123,29.46009],[-94.68717,29.45976],[-94.68516,29.46599],[-94.67991,29.47094],[-94.67665,29.47348],[-94.67286,29.47446],[-94.67171,29.47616],[-94.66539,29.4774],[-94.65716,29.47664],[-94.64999,29.47503],[-94.64557,29.47251],[-94.64041,29.4724],[-94.62822,29.47599],[-94.61575,29.48117],[-94.60656,29.48279],[-94.59907,29.49029],[-94.59705,29.49039],[-94.59421,29.49213],[-94.59757,29.49525],[-94.59608,29.4995],[-94.59491,29.50239],[-94.59467,29.50724],[-94.59358,29.50919],[-94.59067,29.51295],[-94.58539,29.51843],[-94.57957,29.52372],[-94.57706,29.5258],[-94.57457,29.52764],[-94.57159,29.52747],[-94.57069,29.52923],[-94.56897,29.53018],[-94.56616,29.53056],[-94.56196,29.53086],[-94.5585,29.53004],[-94.55398,29.52828],[-94.55222,29.52623],[-94.54889,29.52523],[-94.54232,29.52138],[-94.53395,29.51776],[-94.53009,29.51681],[-94.52491,29.51723],[-94.51872,29.51709],[-94.51542,29.51716],[-94.51275,29.51537],[-94.5104,29.51491],[-94.50814,29.5116],[-94.5054,29.51047],[-94.50231,29.51036],[-94.50101,29.5115],[-94.49827,29.51171],[-94.49328,29.51357],[-94.48983,29.51647],[-94.48888,29.51957],[-94.48801,29.53021],[-94.48805,29.53311],[-94.48663,29.53684],[-94.48282,29.54087],[-94.48033,29.5417],[-94.47617,29.54511],[-94.47391,29.55038],[-94.47225,29.5511],[-94.47058,29.55327],[-94.4707,29.55658],[-94.47296,29.5572],[-94.4745,29.55865],[-94.47902,29.55565],[-94.48318,29.554],[-94.48995,29.55245],[-94.49601,29.54976],[-94.49855,29.54518],[-94.50347,29.54385],[-94.51113,29.54295],[-94.52153,29.54082],[-94.52281,29.54157],[-94.52209,29.54847],[-94.52364,29.5524],[-94.52688,29.55376],[-94.52843,29.55613],[-94.5344,29.55956],[-94.53978,29.56408],[-94.54253,29.569],[-94.54511,29.57189],[-94.54821,29.5731],[-94.55238,29.57405],[-94.55617,29.57439],[-94.56096,29.57443],[-94.5667,29.57331],[-94.57001,29.57223],[-94.57827,29.56798],[-94.58259,29.56624],[-94.59233,29.56251],[-94.59496,29.56187],[-94.59762,29.56206],[-94.60135,29.55955],[-94.60843,29.5574],[-94.62326,29.55364],[-94.62588,29.55352],[-94.6304,29.55237],[-94.63272,29.5521],[-94.63826,29.55026],[-94.64467,29.54951],[-94.65689,29.5477],[-94.66407,29.54573],[-94.66604,29.54417],[-94.68123,29.54026],[-94.68734,29.5382],[-94.69246,29.53833],[-94.69968,29.5379],[-94.70218,29.53878],[-94.70618,29.53767],[-94.71134,29.53687],[-94.71435,29.53577],[-94.71722,29.53408],[-94.72007,29.53425],[-94.72925,29.53081],[-94.73475,29.52943],[-94.74065,29.52693],[-94.74709,29.5277],[-94.7522,29.52543],[-94.75769,29.52462],[-94.76257,29.52416],[-94.76868,29.52566],[-94.77899,29.53016],[-94.78148,29.53273],[-94.7839,29.5369],[-94.78447,29.53947],[-94.78593,29.54159],[-94.78858,29.54609],[-94.78815,29.5469],[-94.78481,29.54828],[-94.78012,29.54901],[-94.77943,29.5482],[-94.77933,29.54593],[-94.77581,29.54543],[-94.77446,29.54366],[-94.77327,29.54097],[-94.77184,29.53963],[-94.76542,29.54107],[-94.76317,29.54118],[-94.76162,29.5418],[-94.76103,29.54335],[-94.7583,29.54542],[-94.75663,29.54614],[-94.75116,29.55048],[-94.74974,29.55348],[-94.752,29.55534],[-94.7533,29.55751],[-94.7533,29.56123],[-94.74772,29.56671],[-94.74261,29.57023],[-94.73963,29.57295],[-94.73667,29.57488],[-94.73465,29.57746],[-94.73358,29.58036],[-94.73251,29.58222],[-94.72953,29.58614],[-94.7287,29.58883],[-94.72561,29.59327],[-94.72502,29.59575],[-94.72261,29.59935],[-94.72064,29.60255],[-94.71495,29.61007],[-94.71343,29.61014],[-94.71313,29.61378],[-94.71403,29.61557],[-94.71189,29.61674],[-94.71014,29.61985],[-94.70701,29.62514],[-94.70553,29.62933],[-94.70315,29.63419],[-94.70125,29.63935],[-94.70142,29.64088],[-94.70054,29.64276],[-94.69983,29.647],[-94.7003,29.65102],[-94.69852,29.65236],[-94.69828,29.65433],[-94.69769,29.65815],[-94.69898,29.65957],[-94.69733,29.66166],[-94.69769,29.66414],[-94.69685,29.66961],[-94.69665,29.67368],[-94.69554,29.67814],[-94.69638,29.68128],[-94.6942,29.68352],[-94.69329,29.68716],[-94.68937,29.69326],[-94.68901,29.69656],[-94.69008,29.70028],[-94.68984,29.70564],[-94.68961,29.70957],[-94.69115,29.71586],[-94.69246,29.72391],[-94.6946,29.72856],[-94.69685,29.72928],[-94.6979,29.7342],[-94.69734,29.73803],[-94.69454,29.74542],[-94.69644,29.74775],[-94.6977,29.75352],[-94.69558,29.75695],[-94.69595,29.75915],[-94.70842,29.76625],[-94.713,29.77607],[-94.71864,29.78113],[-94.72057,29.78172],[-94.72278,29.78001],[-94.72565,29.78039],[-94.72515,29.79336],[-94.72625,29.79511],[-94.72824,29.79465],[-94.73122,29.78964],[-94.73851,29.79066],[-94.74602,29.78999],[-94.74744,29.78961],[-94.75074,29.78315],[-94.75481,29.78112],[-94.75651,29.78143],[-94.77076,29.7764],[-94.77858,29.77276],[-94.78073,29.77231],[-94.78214,29.7711],[-94.78724,29.76917],[-94.79249,29.76833],[-94.79449,29.76689],[-94.79778,29.76679],[-94.79983,29.76555],[-94.81522,29.75848],[-94.82395,29.75007],[-94.82428,29.7486],[-94.83221,29.74076],[-94.83259,29.7392],[-94.83581,29.73726],[-94.83638,29.73517],[-94.83835,29.73439],[-94.84449,29.72824],[-94.85111,29.72137],[-94.85451,29.71667],[-94.85506,29.71537],[-94.85381,29.71363],[-94.85653,29.71014],[-94.85804,29.7073],[-94.8614,29.7021],[-94.86501,29.69534],[-94.86486,29.69164],[-94.86595,29.6889],[-94.86744,29.67877],[-94.87255,29.67125],[-94.89178,29.66129],[-94.90104,29.65759],[-94.90824,29.65559],[-94.92045,29.65711],[-94.92182,29.65877],[-94.92129,29.66448],[-94.92741,29.66835],[-94.93366,29.67858],[-94.93658,29.68042],[-94.9362,29.68262],[-94.93609,29.6927],[-94.94268,29.69778],[-94.94666,29.69914],[-94.95082,29.69867],[-94.96596,29.70033],[-94.97209,29.70172],[-94.97399,29.70265],[-94.97625,29.70688],[-94.97839,29.70905],[-94.98326,29.70957],[-94.98816,29.70914],[-94.98985,29.71338],[-94.9927,29.71349],[-94.99498,29.70968],[-94.99763,29.70887],[-95.00348,29.71222],[-95.01349,29.70622],[-95.0165,29.70687],[-95.01968,29.70437],[-95.01898,29.70114],[-95.0136,29.69899],[-95.00073,29.69676],[-94.99395,29.69006],[-94.99015,29.68582],[-94.98932,29.68272],[-94.98766,29.68138],[-94.98433,29.68209],[-94.98278,29.6819],[-94.98215,29.67686],[-94.98384,29.67591],[-95.00105,29.66474],[-95.00228,29.66288],[-95.0054,29.65937],[-95.01168,29.6498],[-95.01564,29.63946],[-95.01519,29.63245],[-95.0135,29.62919],[-95.01057,29.62643],[-95.00856,29.62362],[-95.00188,29.61884],[-94.99903,29.62095],[-94.99817,29.62046],[-94.99905,29.61694],[-94.99709,29.61528],[-94.99233,29.61226],[-94.989,29.60959],[-94.98589,29.60527],[-94.98398,29.6045],[-94.98271,29.60134],[-94.98458,29.59882],[-94.98714,29.59702],[-94.98795,29.59404],[-94.99014,29.59343],[-94.99346,29.59048],[-94.99394,29.58844],[-95.00039,29.58304],[-95.00409,29.57959],[-95.00732,29.57513],[-95.0115,29.56861],[-95.01381,29.56414],[-95.01663,29.55849],[-95.01682,29.55716],[-95.01825,29.55488],[-95.02118,29.55376],[-95.02099,29.55153],[-95.01777,29.55013],[-95.01686,29.54814],[-95.01516,29.53999],[-95.00947,29.53449],[-95.0092,29.53314],[-95.00305,29.52608],[-94.99466,29.51983],[-94.98965,29.51686],[-94.98201,29.51317],[-94.97651,29.51125],[-94.9599,29.50702],[-94.9578,29.50662],[-94.94606,29.50364],[-94.9339,29.50146],[-94.93013,29.49968],[-94.91197,29.49626],[-94.90946,29.49684],[-94.91052,29.49214],[-94.91384,29.4873],[-94.92091,29.47794],[-94.92543,29.47087],[-94.9282,29.47291],[-94.92705,29.47523],[-94.92844,29.47984],[-94.93153,29.48118],[-94.93557,29.48118],[-94.93997,29.48005],[-94.94698,29.47653],[-94.95137,29.47342],[-94.95339,29.4726],[-94.95185,29.46753],[-94.94591,29.46225],[-94.94176,29.45985],[-94.93806,29.45635],[-94.93097,29.45204],[-94.91619,29.44481],[-94.89203,29.43368],[-94.88885,29.42242],[-94.88785,29.41681],[-94.88882,29.41331],[-94.8877,29.40235],[-94.88686,29.387],[-94.8891,29.38099],[-94.88981,29.3782],[-94.88494,29.37664],[-94.88212,29.3783],[-94.86663,29.3742],[-94.86504,29.37282],[-94.86437,29.37051],[-94.86641,29.36735],[-94.8916,29.35593],[-94.9066,29.35598],[-94.9086,29.34656],[-94.90817,29.33992],[-94.89849,29.33096],[-94.8973,29.3291],[-94.89597,29.32839],[-94.8929,29.32527],[-94.89267,29.31345],[-94.89493,29.31148],[-94.89552,29.30827],[-94.89782,29.30591],[-94.90004,29.30236],[-94.90396,29.30008],[-94.90882,29.29751],[-94.90974,29.29546],[-94.91251,29.29324],[-94.91834,29.29322],[-94.92194,29.29475],[-94.92744,29.29681],[-94.92885,29.29836],[-94.92587,29.30069],[-94.9169,29.30129],[-94.91413,29.29977],[-94.91003,29.29947],[-94.905,29.30252],[-94.90728,29.30885],[-94.93659,29.3149],[-94.94198,29.31348],[-94.94406,29.30563],[-94.95257,29.29561],[-94.95389,29.29532],[-94.95427,29.29324],[-94.96202,29.28719],[-94.97091,29.28322],[-94.97241,29.27998],[-94.97526,29.27811],[-94.98881,29.26526],[-95.00294,29.24962],[-95.0103,29.24124],[-95.01478,29.23886],[-95.02218,29.23385],[-95.02738,29.22835],[-95.03451,29.2115],[-95.04216,29.20687],[-95.05509,29.20081],[-95.05973,29.20015],[-95.0806,29.18932],[-95.09305,29.1804],[-95.09726,29.17737],[-95.10376,29.17541],[-95.10943,29.17485],[-95.11229,29.17507],[-95.11271,29.17692],[-95.10868,29.18016],[-95.10801,29.1827],[-95.10872,29.18581],[-95.1105,29.19162],[-95.11193,29.19484],[-95.113,29.19697],[-95.11576,29.19953],[-95.1212,29.19733],[-95.1252,29.19667],[-95.12684,29.19691],[-95.1342,29.19176],[-95.13523,29.19208],[-95.13588,29.19384],[-95.13795,29.19484],[-95.14379,29.19622],[-95.14639,29.19567],[-95.15055,29.1966],[-95.15697,29.19505],[-95.15875,29.19152],[-95.15851,29.18913],[-95.15732,29.18727],[-95.15483,29.18685],[-95.15221,29.18654],[-95.15031,29.18249],[-95.1499,29.17931],[-95.154,29.1718],[-95.15352,29.1634],[-95.15578,29.15728],[-95.15458,29.15412],[-95.15518,29.15147],[-95.16006,29.14638],[-95.15958,29.14212],[-95.16469,29.12821],[-95.16731,29.12116],[-95.16707,29.11306],[-95.16445,29.10984],[-95.1622,29.10735],[-95.16101,29.10454],[-95.16065,29.10226],[-95.15934,29.10101],[-95.15614,29.10174],[-95.15031,29.09769],[-95.14687,29.09354],[-95.14485,29.09084],[-95.14092,29.08793],[-95.13795,29.08159],[-95.13106,29.08087],[-95.12438,29.07648],[-95.12316,29.07238],[-95.12384,29.07064],[-95.14499,29.0552],[-95.19008,29.02486],[-95.23892,28.98864],[-95.25185,28.97899],[-95.27227,28.96155],[-95.28636,28.94793],[-95.29123,28.94223],[-95.29487,28.93718],[-95.29795,28.93473],[-95.30378,28.93235],[-95.30976,28.92834],[-95.32046,28.92244],[-95.327,28.91776],[-95.34055,28.9085],[-95.35345,28.89814],[-95.37739,28.87843],[-95.38071,28.87718],[-95.38368,28.87],[-95.39177,28.86771],[-95.41617,28.85948],[-95.43673,28.85959],[-95.46322,28.84886],[-95.48677,28.83629],[-95.56337,28.79619],[-95.5888,28.78317],[-95.63288,28.76128],[-95.6481,28.75452],[-95.65381,28.75275],[-95.65951,28.75108],[-95.65999,28.74806],[-95.66134,28.74606],[-95.69837,28.72649],[-95.73592,28.70586],[-95.77196,28.68672],[-95.81258,28.66614],[-95.83398,28.65562],[-95.89027,28.63119],[-95.91121,28.62274],[-95.9302,28.61536],[-95.95742,28.60456],[-95.97552,28.59731],[-95.98095,28.5944],[-95.98356,28.59283],[-95.98857,28.59345],[-95.99963,28.58926],[-96.04389,28.57126],[-96.08331,28.55484],[-96.11203,28.54186],[-96.145,28.52671],[-96.18123,28.50965],[-96.20544,28.49787],[-96.22369,28.48805],[-96.24792,28.47461],[-96.27039,28.46193],[-96.2962,28.4448],[-96.30432,28.43876],[-96.31621,28.42884],[-96.32002,28.42399],[-96.32977,28.4252],[-96.34248,28.41872],[-96.35461,28.41014],[-96.36946,28.39837],[-96.37124,28.3959],[-96.38224,28.38795],[-96.39038,28.38181],[-96.38966,28.3793],[-96.38942,28.37507],[-96.39073,28.37272],[-96.40048,28.35714],[-96.4072,28.34873],[-96.41284,28.34281],[-96.4265,28.33078],[-96.44285,28.31767],[-96.45228,28.31251],[-96.46795,28.3057],[-96.49236,28.2961],[-96.51939,28.28402],[-96.54288,28.27272],[-96.56057,28.26403],[-96.58299,28.25183],[-96.60478,28.23895],[-96.63201,28.22282],[-96.65636,28.20743],[-96.67221,28.19701],[-96.69331,28.18298],[-96.7246,28.16112],[-96.75218,28.1411],[-96.78702,28.11449],[-96.81289,28.09438],[-96.85137,28.06237],[-96.88646,28.03073],[-96.89797,28.0198],[-96.92755,27.99162],[-96.94757,27.97094],[-96.96187,27.95588],[-96.97271,27.94393],[-96.99141,27.92258],[-97.00716,27.90372],[-97.01848,27.8891],[-97.02524,27.87977],[-97.03172,27.86933],[-97.03777,27.85899],[-97.04195,27.85084],[-97.04391,27.84584],[-97.04522,27.83977],[-97.04608,27.83954],[-97.05523,27.84731],[-97.05606,27.84973],[-97.05357,27.85215],[-97.05309,27.85404],[-97.04976,27.86045],[-97.04513,27.86885],[-97.04299,27.87526],[-97.04311,27.87957],[-97.04406,27.88356],[-97.04537,27.88703],[-97.04572,27.88997],[-97.04477,27.89123],[-97.04275,27.89238],[-97.03966,27.89428],[-97.03919,27.89774],[-97.038,27.90226],[-97.03586,27.90887],[-97.03301,27.91276],[-97.02621,27.91457],[-97.02314,27.91475],[-97.0216,27.9158],[-97.01955,27.91734],[-97.01756,27.92043],[-97.01217,27.92355],[-97.0091,27.924],[-97.00474,27.92857],[-96.99703,27.94038],[-96.99978,27.9423],[-97.00431,27.9419],[-97.00736,27.94275],[-97.01128,27.94349],[-97.019,27.94242],[-97.02535,27.9385],[-97.02925,27.93646],[-97.03074,27.93955],[-97.03482,27.93905],[-97.03575,27.94043],[-97.02927,27.9437],[-97.0172,27.94573],[-97.00639,27.9472],[-97.00175,27.94846],[-96.99676,27.94888],[-96.99408,27.94821],[-96.98998,27.94913],[-96.98543,27.95504],[-96.98535,27.95822],[-96.98416,27.96315],[-96.98607,27.9705],[-96.9863,27.97543],[-96.9844,27.98436],[-96.98036,27.99233],[-96.97442,28.00587],[-96.96776,28.01751],[-96.96361,28.02307],[-96.95612,28.03042],[-96.956,28.0322],[-96.95457,28.03598],[-96.95172,28.03996],[-96.94792,28.0429],[-96.94618,28.04493],[-96.9459,28.04909],[-96.94709,28.05349],[-96.94352,28.05265],[-96.94067,28.0516],[-96.93877,28.05181],[-96.9371,28.05307],[-96.93366,28.05601],[-96.9333,28.05873],[-96.93271,28.06576],[-96.93188,28.07226],[-96.92997,28.07656],[-96.92831,28.08233],[-96.92546,28.08841],[-96.91987,28.09355],[-96.91167,28.09795],[-96.90573,28.10068],[-96.89266,28.10403],[-96.88826,28.10393],[-96.88054,28.10602],[-96.87947,28.10749],[-96.88018,28.10896],[-96.88446,28.11126],[-96.88814,28.11063],[-96.88957,28.11105],[-96.89242,28.11357],[-96.89401,28.11326],[-96.89694,28.11472],[-96.89278,28.11609],[-96.88731,28.11629],[-96.88268,28.12248],[-96.88256,28.12468],[-96.88006,28.12604],[-96.87923,28.12772],[-96.87994,28.12877],[-96.88006,28.13107],[-96.87826,28.13177],[-96.87673,28.13139],[-96.87531,28.13212],[-96.8751,28.13301],[-96.87388,28.13348],[-96.87146,28.13183],[-96.87079,28.13002],[-96.86319,28.12468],[-96.85544,28.1206],[-96.85493,28.11923],[-96.85698,28.11659],[-96.85654,28.11516],[-96.85158,28.11594],[-96.84845,28.11084],[-96.84411,28.1084],[-96.8392,28.11061],[-96.83383,28.11338],[-96.83218,28.11357],[-96.8315,28.11135],[-96.82938,28.11059],[-96.82559,28.11216],[-96.82311,28.11531],[-96.82089,28.11614],[-96.81094,28.12335],[-96.80937,28.12654],[-96.81075,28.1318],[-96.81046,28.133],[-96.80531,28.13443],[-96.80317,28.13558],[-96.80198,28.14082],[-96.80294,28.14434],[-96.80852,28.1447],[-96.81149,28.14323],[-96.81589,28.14155],[-96.81826,28.14375],[-96.81933,28.14333],[-96.81969,28.1447],[-96.8185,28.14553],[-96.81826,28.14805],[-96.81755,28.15046],[-96.81803,28.15266],[-96.8166,28.15454],[-96.81672,28.15853],[-96.81886,28.1602],[-96.82135,28.16565],[-96.8229,28.16743],[-96.82127,28.16836],[-96.81874,28.16796],[-96.81719,28.17068],[-96.81696,28.17508],[-96.81517,28.1756],[-96.81232,28.17497],[-96.80567,28.17833],[-96.80174,28.1822],[-96.79842,28.18556],[-96.79414,28.18807],[-96.79057,28.18891],[-96.78642,28.18974],[-96.77141,28.18815],[-96.7463,28.18865],[-96.73539,28.19009],[-96.73225,28.18693],[-96.72038,28.186],[-96.71732,28.18859],[-96.71705,28.19103],[-96.71622,28.19317],[-96.70822,28.19661],[-96.70219,28.1975],[-96.69764,28.20221],[-96.69705,28.20378],[-96.69966,28.20535],[-96.70144,28.20985],[-96.70275,28.21457],[-96.70263,28.21551],[-96.6961,28.21698],[-96.68992,28.21802],[-96.68196,28.22085],[-96.67399,28.22462],[-96.66686,28.22598],[-96.6627,28.22598],[-96.65937,28.22745],[-96.65819,28.22933],[-96.66044,28.23101],[-96.6627,28.23237],[-96.65941,28.23783],[-96.65749,28.23815],[-96.65632,28.23693],[-96.65584,28.23506],[-96.65443,28.23497],[-96.65316,28.23576],[-96.65249,28.238],[-96.6535,28.24023],[-96.65312,28.24247],[-96.65032,28.24319],[-96.64944,28.24463],[-96.65025,28.24613],[-96.64954,28.24816],[-96.65,28.25024],[-96.64848,28.25204],[-96.63593,28.25927],[-96.62907,28.26199],[-96.61625,28.26292],[-96.61573,28.26489],[-96.61848,28.267],[-96.62346,28.26639],[-96.62466,28.26663],[-96.62503,28.26801],[-96.62458,28.26902],[-96.61434,28.27134],[-96.61251,28.27309],[-96.60689,28.27522],[-96.60653,28.27723],[-96.60412,28.27761],[-96.60221,28.27653],[-96.59595,28.2773],[-96.59311,28.28063],[-96.59298,28.2829],[-96.59503,28.28371],[-96.60354,28.28214],[-96.60947,28.27974],[-96.61123,28.28013],[-96.61127,28.28142],[-96.60637,28.28422],[-96.60483,28.28701],[-96.60364,28.29255],[-96.60199,28.29322],[-96.599,28.29329],[-96.59116,28.29758],[-96.58213,28.30155],[-96.57559,28.30082],[-96.57143,28.30197],[-96.56799,28.30134],[-96.5586,28.30166],[-96.55384,28.3027],[-96.54969,28.30385],[-96.54743,28.30542],[-96.54517,28.31212],[-96.54149,28.31641],[-96.534,28.3207],[-96.5252,28.323],[-96.48254,28.33011],[-96.46792,28.33294],[-96.45034,28.33775],[-96.44059,28.34298],[-96.44107,28.34936],[-96.44178,28.35229],[-96.4337,28.36369],[-96.43869,28.36881],[-96.44487,28.37028],[-96.46515,28.36674],[-96.47137,28.36515],[-96.47125,28.36756],[-96.46852,28.37174],[-96.46139,28.37519],[-96.45283,28.38021],[-96.45022,28.38847],[-96.44748,28.39234],[-96.42799,28.4008],[-96.42063,28.40436],[-96.41979,28.40645],[-96.41635,28.41387],[-96.42003,28.4169],[-96.42942,28.41732],[-96.4419,28.41816],[-96.45295,28.41868],[-96.46091,28.41429],[-96.46602,28.4099],[-96.47921,28.40279],[-96.51154,28.38335],[-96.52342,28.37812],[-96.53471,28.37414],[-96.55004,28.36933],[-96.55777,28.3662],[-96.5731,28.35877],[-96.58142,28.35334],[-96.5851,28.35082],[-96.60162,28.33702],[-96.62063,28.31913],[-96.62515,28.3162],[-96.6236,28.31358],[-96.62135,28.31066],[-96.61861,28.30982],[-96.61695,28.30783],[-96.61683,28.30605],[-96.6189,28.30473],[-96.6204,28.30396],[-96.62467,28.30354],[-96.62681,28.30511],[-96.62551,28.30982],[-96.62646,28.31285],[-96.6324,28.31871],[-96.65177,28.31767],[-96.65676,28.31777],[-96.66448,28.31557],[-96.66392,28.31038],[-96.6652,28.30961],[-96.68435,28.31446],[-96.6854,28.31578],[-96.68504,28.31788],[-96.6879,28.32813],[-96.6999,28.34214],[-96.70525,28.34881],[-96.70691,28.35469],[-96.70691,28.35679],[-96.70441,28.35626],[-96.70279,28.35763],[-96.70073,28.36055],[-96.70061,28.36306],[-96.6993,28.37017],[-96.69942,28.38084],[-96.70168,28.3845],[-96.70584,28.38795],[-96.70961,28.38877],[-96.7099,28.38993],[-96.7063,28.39281],[-96.70547,28.39576],[-96.70525,28.40056],[-96.70619,28.40301],[-96.70617,28.4046],[-96.70846,28.40666],[-96.71239,28.40809],[-96.72703,28.40937],[-96.72956,28.40824],[-96.73472,28.40916],[-96.74039,28.41039],[-96.74259,28.41204],[-96.74464,28.41192],[-96.74561,28.41089],[-96.74625,28.40944],[-96.74791,28.40948],[-96.7485,28.41272],[-96.75255,28.42119],[-96.75278,28.43342],[-96.75397,28.43676],[-96.75884,28.44125],[-96.7762,28.45076],[-96.78368,28.45546],[-96.79295,28.46581],[-96.79354,28.46831],[-96.79319,28.47615],[-96.79307,28.48043],[-96.7958,28.48022],[-96.79996,28.48189],[-96.80519,28.4798],[-96.81506,28.47521],[-96.82314,28.4703],[-96.82742,28.46612],[-96.8267,28.46173],[-96.82872,28.45996],[-96.82682,28.4586],[-96.82575,28.45703],[-96.82302,28.45703],[-96.82005,28.45902],[-96.81835,28.45926],[-96.81553,28.45682],[-96.81256,28.45724],[-96.81066,28.45567],[-96.8084,28.45557],[-96.80769,28.45682],[-96.8059,28.45734],[-96.80472,28.4586],[-96.80163,28.45922],[-96.80032,28.46184],[-96.79652,28.46027],[-96.79354,28.45839],[-96.79236,28.45682],[-96.79057,28.45254],[-96.78511,28.44825],[-96.78154,28.44261],[-96.77928,28.43854],[-96.77417,28.43321],[-96.77073,28.42861],[-96.76633,28.42746],[-96.76464,28.4255],[-96.76705,28.4203],[-96.76586,28.41719],[-96.76479,28.41283],[-96.76835,28.41039],[-96.77287,28.40833],[-96.77599,28.40581],[-96.77869,28.40446],[-96.78095,28.40112],[-96.78344,28.40133],[-96.78677,28.40216],[-96.8027,28.41335],[-96.80685,28.41816],[-96.81248,28.42033],[-96.81874,28.42652],[-96.8248,28.42923],[-96.82694,28.42934],[-96.82932,28.4284],[-96.83811,28.43279],[-96.8475,28.42934],[-96.85118,28.42589],[-96.85035,28.42432],[-96.85106,28.42359],[-96.85392,28.42317],[-96.85712,28.41941],[-96.85914,28.41586],[-96.85962,28.41335],[-96.85796,28.41241],[-96.85772,28.41115],[-96.85784,28.40864],[-96.8557,28.40697],[-96.85106,28.40415],[-96.84631,28.40007],[-96.84013,28.39234],[-96.83755,28.39159],[-96.83787,28.38962],[-96.82884,28.38115],[-96.82599,28.37885],[-96.82409,28.37906],[-96.82147,28.37592],[-96.81577,28.37247],[-96.81197,28.37132],[-96.80626,28.36756],[-96.79913,28.36484],[-96.7945,28.36463],[-96.79437,28.3621],[-96.79188,28.36034],[-96.79152,28.35752],[-96.79383,28.35183],[-96.79497,28.34811],[-96.79331,28.34696],[-96.79271,28.3458],[-96.79426,28.34518],[-96.79473,28.34298],[-96.79305,28.34035],[-96.7901,28.32269],[-96.79057,28.31892],[-96.7913,28.31746],[-96.79176,28.31217],[-96.79261,28.31056],[-96.79586,28.30778],[-96.80601,28.2969],[-96.80781,28.29611],[-96.80923,28.29339],[-96.80957,28.29029],[-96.80601,28.28214],[-96.80032,28.2778],[-96.79842,28.2756],[-96.79759,28.26901],[-96.79473,28.2643],[-96.78926,28.2586],[-96.78808,28.2555],[-96.78718,28.25153],[-96.7863,28.2486],[-96.78582,28.24556],[-96.78428,28.24367],[-96.78,28.24451],[-96.77679,28.24483],[-96.78071,28.24053],[-96.78444,28.2377],[-96.78333,28.23268],[-96.78523,28.22954],[-96.78927,28.22734],[-96.7958,28.2241],[-96.80091,28.22221],[-96.80448,28.22315],[-96.81006,28.22022],[-96.81268,28.21771],[-96.81171,28.21351],[-96.81672,28.20881],[-96.81803,28.20881],[-96.82052,28.20996],[-96.82397,28.20724],[-96.82551,28.2042],[-96.82397,28.20148],[-96.82482,28.19888],[-96.83599,28.18966],[-96.84015,28.18474],[-96.84217,28.18222],[-96.8455,28.17982],[-96.84384,28.17688],[-96.84467,28.17521],[-96.85608,28.17248],[-96.8581,28.1729],[-96.86285,28.17248],[-96.86951,28.16881],[-96.87034,28.16662],[-96.87288,28.16401],[-96.8783,28.16075],[-96.88698,28.15488],[-96.88817,28.15226],[-96.88686,28.14996],[-96.88436,28.14943],[-96.88187,28.14996],[-96.88365,28.14776],[-96.88888,28.14796],[-96.89292,28.14723],[-96.89732,28.14566],[-96.89993,28.14356],[-96.90207,28.13885],[-96.90564,28.13392],[-96.90504,28.13141],[-96.90504,28.13004],[-96.90849,28.12879],[-96.90968,28.1269],[-96.91182,28.12606],[-96.91229,28.12449],[-96.91305,28.12045],[-96.92382,28.11474],[-96.92607,28.11432],[-96.92619,28.11537],[-96.92132,28.12177],[-96.91609,28.12732],[-96.91431,28.13036],[-96.91051,28.13466],[-96.91205,28.1356],[-96.91693,28.13266],[-96.91918,28.1334],[-96.91883,28.13497],[-96.91431,28.13759],[-96.90789,28.14419],[-96.90718,28.14692],[-96.91034,28.14728],[-96.92846,28.12892],[-96.93155,28.12389],[-96.95045,28.12243],[-96.96071,28.12313],[-96.9631,28.12406],[-96.96637,28.12331],[-96.96738,28.12325],[-96.96762,28.12534],[-96.96521,28.12612],[-96.95903,28.12618],[-96.95928,28.12691],[-96.9591,28.12796],[-96.95833,28.12871],[-96.95818,28.13023],[-96.95853,28.13123],[-96.95967,28.1316],[-96.96043,28.13092],[-96.96233,28.13059],[-96.96475,28.13067],[-96.96464,28.13183],[-96.96349,28.1334],[-96.96168,28.13343],[-96.9608,28.13472],[-96.95699,28.13479],[-96.95366,28.13626],[-96.95164,28.14014],[-96.9495,28.14496],[-96.94486,28.14904],[-96.94629,28.15166],[-96.947,28.15674],[-96.94296,28.16371],[-96.94213,28.16916],[-96.94142,28.17105],[-96.93643,28.17283],[-96.93464,28.17398],[-96.93381,28.17629],[-96.93167,28.18184],[-96.92668,28.18959],[-96.92537,28.19315],[-96.92514,28.19661],[-96.92359,28.19933],[-96.92891,28.20153],[-96.92882,28.20697],[-96.93096,28.21054],[-96.93643,28.21315],[-96.94035,28.21451],[-96.94249,28.21766],[-96.94035,28.22341],[-96.93678,28.22645],[-96.93464,28.22949],[-96.93417,28.2343],[-96.93191,28.23504],[-96.92823,28.23483],[-96.92716,28.23629],[-96.92656,28.24268],[-96.91991,28.25001],[-96.91979,28.25294],[-96.92122,28.25336],[-96.92157,28.25514],[-96.91682,28.25692],[-96.91242,28.26393],[-96.9123,28.26613],[-96.9142,28.26958],[-96.91801,28.26937],[-96.91979,28.26686],[-96.92276,28.2654],[-96.92858,28.26163],[-96.93013,28.25346],[-96.93524,28.25137],[-96.93928,28.25095],[-96.94379,28.25064],[-96.94558,28.24865],[-96.95069,28.24477],[-96.95152,28.23902],[-96.95069,28.23525],[-96.95259,28.23221],[-96.95603,28.23012],[-96.96126,28.22561],[-96.96851,28.21996],[-96.96614,28.21692],[-96.96257,28.21305],[-96.9615,28.21074],[-96.9558,28.20656],[-96.94914,28.19996],[-96.94593,28.1965],[-96.94879,28.18959],[-96.94973,28.18602],[-96.95211,28.18404],[-96.95709,28.18138],[-96.96043,28.17901],[-96.96659,28.17244],[-96.96851,28.1718],[-96.97093,28.1733],[-96.9724,28.17306],[-96.97283,28.17204],[-96.96626,28.16487],[-96.96637,28.16162],[-96.96994,28.15921],[-96.97291,28.1547],[-96.9735,28.15177],[-96.97258,28.14863],[-96.97302,28.14674],[-96.97766,28.1393],[-96.97755,28.13584],[-96.976,28.13416],[-96.97553,28.13259],[-96.97987,28.12984],[-96.9842,28.12966],[-96.98539,28.12808],[-96.98099,28.12704],[-96.97968,28.12536],[-96.98337,28.12494],[-96.98955,28.12756],[-96.99181,28.13133],[-96.99485,28.13551],[-97.00041,28.13761],[-97.00714,28.1349],[-97.00963,28.13469],[-97.0107,28.13563],[-97.00916,28.13909],[-97.01118,28.14098],[-97.01688,28.14412],[-97.01896,28.145],[-97.02538,28.14963],[-97.02576,28.15102],[-97.02325,28.15178],[-97.02215,28.15155],[-97.02138,28.15028],[-97.02006,28.14995],[-97.01711,28.15058],[-97.01024,28.15594],[-97.00883,28.15826],[-97.00906,28.15948],[-97.01166,28.1609],[-97.01548,28.16216],[-97.01849,28.16224],[-97.0192,28.16318],[-97.01736,28.17168],[-97.01748,28.17356],[-97.0189,28.17649],[-97.01771,28.17859],[-97.01712,28.18089],[-97.01831,28.18351],[-97.01094,28.18508],[-97.00892,28.1877],[-97.00726,28.19053],[-97.00726,28.19399],[-97.00928,28.19734],[-97.00844,28.20048],[-97.0088,28.20268],[-97.01122,28.20337],[-97.01673,28.20333],[-97.01946,28.20176],[-97.02603,28.19357],[-97.03194,28.18871],[-97.04647,28.18498],[-97.07535,28.17461],[-97.08593,28.16969],[-97.09508,28.1657],[-97.11326,28.15648],[-97.128,28.14601],[-97.13845,28.14339],[-97.14594,28.14108],[-97.1539,28.13668],[-97.16412,28.12725],[-97.16803,28.13039],[-97.16918,28.13051],[-97.17566,28.12287],[-97.17594,28.11978],[-97.18575,28.11404],[-97.19847,28.10429],[-97.20691,28.09758],[-97.21225,28.09224],[-97.21772,28.08595],[-97.22081,28.07903],[-97.22283,28.07735],[-97.21998,28.07274],[-97.21523,28.07315],[-97.19991,28.0683],[-97.17898,28.05847],[-97.18017,28.0504],[-97.17803,28.04431],[-97.17197,28.04285],[-97.17066,28.04547],[-97.16757,28.04694],[-97.16389,28.04704],[-97.16187,28.0484],[-97.15878,28.04725],[-97.16068,28.04368],[-97.16068,28.04022],[-97.15735,28.03666],[-97.15414,28.03309],[-97.13893,28.0269],[-97.13132,28.02921],[-97.12895,28.02921],[-97.12479,28.02281],[-97.12193,28.02092],[-97.11992,28.02155],[-97.12265,28.02879],[-97.11124,28.0332],[-97.10851,28.03309],[-97.10791,28.03561],[-97.10589,28.03802],[-97.10874,28.03938],[-97.11088,28.0375],[-97.11124,28.03938],[-97.11243,28.04201],[-97.11766,28.04243],[-97.12324,28.04106],[-97.1261,28.03938],[-97.12871,28.0398],[-97.1274,28.04169],[-97.12907,28.04295],[-97.13525,28.04788],[-97.13263,28.04998],[-97.12871,28.05092],[-97.12645,28.05019],[-97.12514,28.0504],[-97.12372,28.05187],[-97.12205,28.05166],[-97.1198,28.05585],[-97.11742,28.05889],[-97.11516,28.05942],[-97.11183,28.05942],[-97.11231,28.06183],[-97.11279,28.06382],[-97.11207,28.06539],[-97.11207,28.06875],[-97.10756,28.07085],[-97.10304,28.0763],[-97.09959,28.07808],[-97.09544,28.07872],[-97.08616,28.07903],[-97.07915,28.08154],[-97.07701,28.08353],[-97.07416,28.08491],[-97.06858,28.08532],[-97.06228,28.08825],[-97.05824,28.09024],[-97.0542,28.09276],[-97.05099,28.0979],[-97.04695,28.10199],[-97.04707,28.10838],[-97.0473,28.11289],[-97.04707,28.11467],[-97.04873,28.11656],[-97.05289,28.11698],[-97.05336,28.11834],[-97.04089,28.11834],[-97.03815,28.11771],[-97.0296,28.11278],[-97.02781,28.11236],[-97.02496,28.11331],[-97.02281,28.10759],[-97.02057,28.10482],[-97.02507,28.10251],[-97.02912,28.09926],[-97.03245,28.09454],[-97.03463,28.08701],[-97.03411,28.08479],[-97.03598,28.08167],[-97.03685,28.07588],[-97.03601,28.07284],[-97.03542,28.06728],[-97.03352,28.06592],[-97.03292,28.06466],[-97.03292,28.06078],[-97.03377,28.05911],[-97.03316,28.05396],[-97.03114,28.05092],[-97.02586,28.04194],[-97.0252,28.03215],[-97.03292,28.0312],[-97.04062,28.02871],[-97.04374,28.02806],[-97.04588,28.02585],[-97.04876,28.02209],[-97.06199,27.99614],[-97.06443,27.99283],[-97.06433,27.99032],[-97.06804,27.97697],[-97.06842,27.96521],[-97.07089,27.9532],[-97.07213,27.94732],[-97.07508,27.9396],[-97.07593,27.93305],[-97.0786,27.93069],[-97.07726,27.92859],[-97.07555,27.9228],[-97.07508,27.91935],[-97.07679,27.91793],[-97.07869,27.9186],[-97.07755,27.92196],[-97.07954,27.92801],[-97.08059,27.93195],[-97.07888,27.9359],[-97.07917,27.94279],[-97.07679,27.94371],[-97.07745,27.94758],[-97.07584,27.95035],[-97.07384,27.96076],[-97.07489,27.96378],[-97.07736,27.96429],[-97.08202,27.96311],[-97.07897,27.96748],[-97.07973,27.96916],[-97.07489,27.97336],[-97.07489,27.97487],[-97.07726,27.97562],[-97.07964,27.97554],[-97.08718,27.97079],[-97.1209,27.92311],[-97.12928,27.91873],[-97.13136,27.9166],[-97.13124,27.91492],[-97.12993,27.91219],[-97.13136,27.90705],[-97.13234,27.90558],[-97.13302,27.90253],[-97.13481,27.89948],[-97.13564,27.89696],[-97.13813,27.89266],[-97.14134,27.88667],[-97.14443,27.8831],[-97.14764,27.88646],[-97.1514,27.88239],[-97.15465,27.8768],[-97.15839,27.87201],[-97.16231,27.86863],[-97.184,27.83247],[-97.18567,27.83066],[-97.18674,27.82846],[-97.18864,27.82562],[-97.1903,27.82521],[-97.1906,27.82327],[-97.19388,27.82259],[-97.20104,27.82128],[-97.20958,27.82209],[-97.21106,27.82208],[-97.21591,27.82265],[-97.22166,27.82445],[-97.22489,27.82668],[-97.22738,27.83056],[-97.22453,27.83151],[-97.22298,27.83246],[-97.22263,27.83477],[-97.22042,27.83732],[-97.22048,27.83843],[-97.22473,27.84271],[-97.22507,27.84448],[-97.22089,27.84908],[-97.22085,27.85026],[-97.22184,27.85065],[-97.22619,27.84829],[-97.22951,27.84779],[-97.23465,27.85039],[-97.23855,27.85763],[-97.24105,27.85932],[-97.24592,27.87249],[-97.24944,27.87619],[-97.25339,27.87749],[-97.25844,27.87872],[-97.26357,27.88081],[-97.2737,27.88163],[-97.28877,27.87962],[-97.30875,27.87427],[-97.3251,27.86789],[-97.35004,27.85576],[-97.35419,27.85127],[-97.35495,27.85108],[-97.35677,27.85222],[-97.35883,27.85189],[-97.35913,27.85249],[-97.35508,27.85651],[-97.34741,27.86135],[-97.34325,27.86461],[-97.33873,27.8686],[-97.33599,27.87033],[-97.33482,27.87034],[-97.33071,27.87382],[-97.33097,27.87558],[-97.33408,27.87748],[-97.33588,27.88173],[-97.33778,27.88362],[-97.34101,27.88379],[-97.34373,27.88288],[-97.345,27.88376],[-97.34796,27.88341],[-97.35322,27.8825],[-97.35773,27.88131],[-97.36657,27.87889],[-97.36897,27.87731],[-97.3723,27.87644],[-97.37458,27.87538],[-97.37795,27.8749],[-97.38199,27.87575],[-97.38722,27.87543],[-97.39138,27.87596],[-97.39756,27.87627],[-97.4022,27.87642],[-97.40939,27.87413],[-97.41598,27.8707],[-97.41836,27.87039],[-97.42406,27.87018],[-97.42727,27.8713],[-97.43275,27.87171],[-97.43761,27.87091],[-97.44236,27.87144],[-97.44823,27.86938],[-97.45212,27.8709],[-97.45379,27.87264],[-97.45484,27.8749],[-97.45674,27.87785],[-97.45866,27.87888],[-97.46099,27.87794],[-97.46161,27.87554],[-97.45883,27.87189],[-97.45817,27.87028],[-97.45686,27.86755],[-97.46043,27.86451],[-97.46292,27.86303],[-97.46684,27.86755],[-97.46825,27.87027],[-97.46954,27.86986],[-97.47038,27.86917],[-97.46989,27.86835],[-97.47063,27.86744],[-97.46981,27.86576],[-97.47088,27.86282],[-97.4735,27.86188],[-97.47742,27.86072],[-97.48122,27.86009],[-97.48313,27.86072],[-97.4855,27.86135],[-97.48194,27.86913],[-97.48096,27.86983],[-97.48309,27.87276],[-97.48574,27.87354],[-97.48788,27.87659],[-97.49097,27.87984],[-97.49168,27.88142],[-97.49324,27.88408],[-97.49655,27.88152],[-97.50512,27.87787],[-97.50681,27.87839],[-97.50765,27.87768],[-97.50724,27.87658],[-97.50873,27.8742],[-97.51297,27.87145],[-97.51662,27.87142],[-97.51691,27.87082],[-97.51854,27.86545],[-97.52074,27.86075],[-97.5151,27.85117],[-97.50797,27.85191],[-97.49741,27.84945],[-97.49026,27.84538],[-97.48788,27.84286],[-97.48895,27.84034],[-97.49049,27.84097],[-97.49097,27.83918],[-97.48859,27.83361],[-97.48515,27.83077],[-97.48087,27.82731],[-97.47207,27.82415],[-97.46292,27.82342],[-97.4615,27.82394],[-97.45686,27.8251],[-97.45258,27.82562],[-97.44938,27.82815],[-97.44795,27.83036],[-97.44462,27.83214],[-97.43559,27.83235],[-97.43024,27.82993],[-97.42917,27.82836],[-97.42371,27.82647],[-97.42087,27.82572],[-97.41919,27.823],[-97.41669,27.82216],[-97.4136,27.82762],[-97.4123,27.82836],[-97.4098,27.8334],[-97.39542,27.83719],[-97.39209,27.83666],[-97.38782,27.84013],[-97.38568,27.84002],[-97.37886,27.83592],[-97.37855,27.83246],[-97.39228,27.81352],[-97.39452,27.81301],[-97.39491,27.81201],[-97.39269,27.8107],[-97.39222,27.8046],[-97.39114,27.8005],[-97.39091,27.79556],[-97.39198,27.79199],[-97.39308,27.78715],[-97.39329,27.7829],[-97.39174,27.77748],[-97.38984,27.77443],[-97.38881,27.77395],[-97.38816,27.77265],[-97.38865,27.77149],[-97.38615,27.76865],[-97.37985,27.7637],[-97.3776,27.76076],[-97.37617,27.75708],[-97.37522,27.7494],[-97.36835,27.74168],[-97.36559,27.73878],[-97.36108,27.73489],[-97.35182,27.72909],[-97.34884,27.72837],[-97.34765,27.72679],[-97.34368,27.72402],[-97.31645,27.71268],[-97.29144,27.70564],[-97.28833,27.70549],[-97.28157,27.70438],[-97.28038,27.70459],[-97.25396,27.6967],[-97.25305,27.69754],[-97.24675,27.69449],[-97.24485,27.69291],[-97.24354,27.68923],[-97.24438,27.68891],[-97.24611,27.68963],[-97.24723,27.69102],[-97.25377,27.6928],[-97.25597,27.69174],[-97.26066,27.68018],[-97.26606,27.67858],[-97.26921,27.67744],[-97.26762,27.67527],[-97.2966,27.61395],[-97.29655,27.60985],[-97.29789,27.60815],[-97.29928,27.60596],[-97.29928,27.60143],[-97.29821,27.59743],[-97.29525,27.59563],[-97.29405,27.5941],[-97.29465,27.59269],[-97.3022,27.58596],[-97.31853,27.57236],[-97.32219,27.56906],[-97.32709,27.55308],[-97.32888,27.55013],[-97.33498,27.53266],[-97.33695,27.52905],[-97.33882,27.52448],[-97.34099,27.51946],[-97.34254,27.5163],[-97.34473,27.51302],[-97.34492,27.50861],[-97.34749,27.50301],[-97.34991,27.49122],[-97.35026,27.48647],[-97.34907,27.48383],[-97.35109,27.48183],[-97.35054,27.47858],[-97.35692,27.47192],[-97.35858,27.4677],[-97.35823,27.46486],[-97.36143,27.45821],[-97.36429,27.45083],[-97.36755,27.44333],[-97.36726,27.44092],[-97.36737,27.43575],[-97.36928,27.42984],[-97.36963,27.42446],[-97.36833,27.41782],[-97.3694,27.41043],[-97.37474,27.39957],[-97.37634,27.39547],[-97.38342,27.38353],[-97.38332,27.38142],[-97.38411,27.37963],[-97.38865,27.37118],[-97.38881,27.3689],[-97.39695,27.35033],[-97.40065,27.343],[-97.40194,27.33557],[-97.405,27.32998],[-97.41444,27.32157],[-97.42097,27.3184],[-97.42739,27.31608],[-97.43476,27.31369],[-97.4508,27.31369],[-97.48286,27.29791],[-97.49049,27.2919],[-97.49515,27.28685],[-97.5083,27.27501],[-97.5107,27.27711],[-97.51332,27.27823],[-97.51474,27.27848],[-97.51735,27.27869],[-97.52151,27.27986],[-97.52745,27.27901],[-97.53222,27.27858],[-97.54076,27.28176],[-97.54444,27.28418],[-97.54718,27.28947],[-97.54698,27.29079],[-97.54516,27.29158],[-97.54373,27.29105],[-97.54115,27.28737],[-97.54041,27.28693],[-97.53399,27.28704],[-97.53149,27.28883],[-97.52922,27.29021],[-97.52591,27.29063],[-97.52583,27.29418],[-97.52459,27.29791],[-97.52269,27.29982],[-97.52044,27.30034],[-97.51806,27.30214],[-97.51828,27.30422],[-97.51747,27.30504],[-97.50474,27.30504],[-97.5006,27.30657],[-97.49824,27.30881],[-97.49727,27.3109],[-97.49779,27.31428],[-97.49667,27.3166],[-97.49881,27.31819],[-97.5006,27.32072],[-97.50271,27.32234],[-97.50321,27.32452],[-97.50119,27.32822],[-97.49914,27.32794],[-97.48388,27.33863],[-97.48146,27.34046],[-97.48253,27.34311],[-97.48277,27.34469],[-97.48158,27.3469],[-97.48289,27.34912],[-97.48491,27.34965],[-97.4861,27.35028],[-97.48776,27.35229],[-97.48443,27.35767],[-97.48229,27.36084],[-97.48503,27.36548],[-97.48348,27.36643],[-97.48265,27.36875],[-97.47885,27.37213],[-97.47956,27.37403],[-97.48503,27.37646],[-97.48669,27.38163],[-97.4861,27.38532],[-97.48693,27.38712],[-97.49358,27.3906],[-97.49667,27.38722],[-97.49869,27.38237],[-97.49774,27.37688],[-97.49739,27.37413],[-97.49786,27.37224],[-97.50357,27.36991],[-97.50963,27.36812],[-97.51126,27.36279],[-97.51441,27.36153],[-97.5145,27.3602],[-97.52056,27.35472],[-97.52401,27.35271],[-97.52769,27.34954],[-97.52864,27.34701],[-97.53114,27.34342],[-97.53373,27.34004],[-97.53672,27.3393],[-97.53898,27.33709],[-97.54956,27.3297],[-97.56683,27.31821],[-97.57701,27.31386],[-97.58378,27.30911],[-97.60725,27.28698],[-97.61062,27.28544],[-97.61302,27.28524],[-97.61848,27.28735],[-97.62145,27.28862],[-97.62417,27.29064],[-97.62585,27.29306],[-97.62633,27.2957],[-97.63061,27.29739],[-97.635,27.29865],[-97.6369,27.30098],[-97.63203,27.30436],[-97.63037,27.30668],[-97.62965,27.309],[-97.63144,27.31059],[-97.63346,27.31154],[-97.63477,27.3127],[-97.63263,27.31386],[-97.63215,27.31513],[-97.63263,27.31671],[-97.63239,27.32326],[-97.63322,27.32463],[-97.63631,27.32452],[-97.64166,27.32495],[-97.64606,27.3241],[-97.6514,27.32463],[-97.65485,27.32621],[-97.65842,27.3297],[-97.65972,27.33339],[-97.65936,27.3355],[-97.66234,27.33941],[-97.66685,27.34395],[-97.66816,27.34574],[-97.66495,27.34975],[-97.66436,27.35229],[-97.66222,27.35503],[-97.66032,27.35545],[-97.66008,27.35767],[-97.66127,27.3601],[-97.66352,27.36179],[-97.6684,27.364],[-97.67256,27.36517],[-97.67588,27.36548],[-97.67802,27.36833],[-97.67683,27.37034],[-97.67767,27.37319],[-97.67981,27.37625],[-97.68385,27.37899],[-97.68908,27.38078],[-97.69312,27.38099],[-97.69656,27.38163],[-97.70286,27.38522],[-97.7088,27.38564],[-97.71284,27.38184],[-97.71154,27.37825],[-97.71165,27.37677],[-97.70536,27.37108],[-97.70488,27.36791],[-97.70369,27.36337],[-97.70179,27.3621],[-97.69775,27.35862],[-97.69668,27.35672],[-97.69656,27.35545],[-97.69716,27.35366],[-97.69632,27.35113],[-97.69466,27.34891],[-97.69347,27.34701],[-97.69123,27.34265],[-97.69062,27.34068],[-97.69169,27.33835],[-97.69264,27.3355],[-97.69205,27.33371],[-97.68955,27.33181],[-97.68812,27.33033],[-97.68599,27.32854],[-97.68373,27.32579],[-97.68634,27.32273],[-97.68444,27.31988],[-97.68183,27.31946],[-97.67612,27.31682],[-97.67576,27.31217],[-97.67505,27.3109],[-97.6722,27.30974],[-97.66994,27.30985],[-97.66745,27.30911],[-97.66032,27.30752],[-97.65488,27.3051],[-97.65889,27.29865],[-97.65773,27.29606],[-97.66135,27.28891],[-97.66368,27.28642],[-97.66846,27.28445],[-97.67593,27.283],[-97.68118,27.28352],[-97.68713,27.28248],[-97.69285,27.28009],[-97.69542,27.27729],[-97.70044,27.27522],[-97.70487,27.27553],[-97.70756,27.27729],[-97.71152,27.2776],[-97.71537,27.27574],[-97.71876,27.27242],[-97.72529,27.26931],[-97.72669,27.27138],[-97.72938,27.27252],[-97.73335,27.27242],[-97.7351,27.27356],[-97.74011,27.27325],[-97.74,27.27117],[-97.74011,27.26754],[-97.73615,27.26443],[-97.7337,27.26412],[-97.72774,27.26163],[-97.72366,27.26288],[-97.72144,27.2635],[-97.71467,27.26339],[-97.70977,27.26277],[-97.70534,27.26391],[-97.70184,27.26474],[-97.69985,27.26837],[-97.69717,27.26806],[-97.69449,27.26702],[-97.69157,27.26733],[-97.68842,27.26827],[-97.68293,27.26837],[-97.67757,27.27013],[-97.66788,27.27283],[-97.65808,27.27345],[-97.65481,27.27522],[-97.6504,27.27614],[-97.64734,27.27636],[-97.64011,27.27094],[-97.64081,27.2607],[-97.63988,27.25406],[-97.63521,27.24534],[-97.63112,27.24223],[-97.62599,27.24171],[-97.61712,27.24171],[-97.60965,27.24264],[-97.59693,27.24306],[-97.58261,27.24041],[-97.57395,27.23888],[-97.56566,27.23611],[-97.55663,27.23188],[-97.54291,27.22921],[-97.5296,27.22916],[-97.52001,27.23125],[-97.50983,27.23532],[-97.50321,27.2399],[-97.50016,27.24448],[-97.48872,27.24933],[-97.48537,27.25001],[-97.47919,27.25063],[-97.47464,27.25157],[-97.46708,27.25364],[-97.46542,27.25592],[-97.45843,27.25949],[-97.4527,27.26236],[-97.44788,27.26269],[-97.43823,27.26381],[-97.42539,27.26209],[-97.42259,27.26205],[-97.4223,27.25771],[-97.43477,27.20224],[-97.44156,27.16383],[-97.43286,27.16252],[-97.43099,27.16086],[-97.43438,27.14508],[-97.4366,27.1213],[-97.4366,27.1132],[-97.4394,27.07652],[-97.43205,27.07476],[-97.41816,27.07226],[-97.41792,27.07091],[-97.43916,27.07071],[-97.44068,27.03038],[-97.44406,26.98723],[-97.4415,26.98484],[-97.44196,26.98058],[-97.445,26.97975],[-97.44791,26.95271],[-97.44943,26.94199],[-97.45328,26.91734],[-97.45142,26.91411],[-97.43893,26.91411],[-97.4373,26.91307],[-97.43846,26.91099],[-97.45165,26.91151],[-97.45317,26.91047],[-97.45515,26.89226],[-97.4569,26.88258],[-97.44951,26.88197],[-97.42761,26.87956],[-97.41769,26.87904],[-97.41244,26.8781],[-97.41022,26.87435],[-97.41209,26.87113],[-97.45422,26.87435],[-97.4576,26.8729],[-97.45865,26.86467],[-97.46028,26.84729],[-97.45317,26.83979],[-97.44675,26.83375],[-97.43286,26.82948],[-97.42248,26.82469],[-97.41396,26.81969],[-97.41267,26.8174],[-97.41384,26.81511],[-97.41781,26.8149],[-97.4338,26.82146],[-97.43625,26.8223],[-97.44068,26.82448],[-97.4471,26.8223],[-97.45562,26.82292],[-97.46005,26.82438],[-97.46481,26.82396],[-97.46483,26.82136],[-97.46647,26.8097],[-97.47861,26.80667],[-97.47697,26.79355],[-97.4737,26.76834],[-97.47166,26.75873],[-97.46861,26.74092],[-97.46803,26.72686],[-97.46695,26.72219],[-97.46873,26.71975],[-97.46761,26.71669],[-97.4654,26.7136],[-97.46825,26.7119],[-97.46814,26.7102],[-97.46698,26.70889],[-97.46505,26.70595],[-97.46576,26.70171],[-97.46457,26.6981],[-97.46469,26.69417],[-97.46314,26.69215],[-97.46231,26.68907],[-97.46072,26.68781],[-97.46033,26.68617],[-97.46005,26.68238],[-97.45785,26.6777],[-97.45637,26.67264],[-97.45661,26.6672],[-97.45287,26.65731],[-97.45185,26.6536],[-97.4483,26.64502],[-97.44495,26.63353],[-97.44551,26.62959],[-97.44698,26.62492],[-97.44662,26.62173],[-97.44556,26.61409],[-97.44571,26.60936],[-97.44223,26.60431],[-97.44196,26.60148],[-97.43949,26.59857],[-97.43355,26.58965],[-97.43236,26.58391],[-97.43276,26.58215],[-97.43022,26.57849],[-97.42815,26.57247],[-97.42892,26.56956],[-97.42523,26.55818],[-97.42393,26.55553],[-97.42084,26.55436],[-97.41882,26.55521],[-97.41696,26.55364],[-97.41537,26.55276],[-97.41585,26.55159],[-97.41771,26.54895],[-97.4184,26.54462],[-97.4196,26.54166],[-97.42096,26.53554],[-97.41917,26.52725],[-97.41715,26.51906],[-97.41454,26.51534],[-97.41383,26.51257],[-97.40919,26.50545],[-97.40681,26.49949],[-97.40765,26.49151],[-97.41109,26.48598],[-97.41311,26.4812],[-97.40574,26.47875],[-97.38055,26.48056],[-97.35488,26.42279],[-97.34704,26.40778],[-97.33503,26.37999],[-97.33491,26.37606],[-97.3298,26.36807],[-97.33028,26.36594],[-97.32909,26.35912],[-97.32339,26.35242],[-97.30116,26.30395],[-97.297,26.29607],[-97.29023,26.29341],[-97.28619,26.28435],[-97.2812,26.28051],[-97.27989,26.27092],[-97.28619,26.26751],[-97.29653,26.277],[-97.30378,26.28083],[-97.30651,26.2836],[-97.30687,26.28563],[-97.3077,26.28755],[-97.30984,26.28829],[-97.31329,26.28414],[-97.31911,26.27934],[-97.32434,26.27732],[-97.32281,26.27196],[-97.31935,26.27028],[-97.31602,26.27092],[-97.31389,26.27341],[-97.31187,26.27374],[-97.30616,26.27401],[-97.30223,26.27199],[-97.29986,26.26741],[-97.29879,26.26069],[-97.30033,26.25313],[-97.30568,26.24268],[-97.30723,26.2397],[-97.30675,26.23532],[-97.30889,26.22903],[-97.31067,26.22765],[-97.3121,26.22562],[-97.31554,26.22541],[-97.31673,26.22403],[-97.31293,26.21837],[-97.31133,26.21318],[-97.30449,26.20249],[-97.30164,26.20099],[-97.29882,26.20121],[-97.29882,26.20315],[-97.29724,26.20334],[-97.29482,26.19231],[-97.29609,26.18239],[-97.29909,26.17596],[-97.30307,26.17082],[-97.30363,26.16622],[-97.30152,26.16569],[-97.29998,26.16324],[-97.29926,26.15972],[-97.297,26.15834],[-97.29498,26.15535],[-97.29594,26.15151],[-97.29831,26.14906],[-97.29891,26.14756],[-97.2966,26.14244],[-97.29361,26.13758],[-97.28534,26.12744],[-97.28275,26.11909],[-97.28522,26.11694],[-97.2887,26.11797],[-97.2898,26.12663],[-97.29301,26.13019],[-97.29499,26.13004],[-97.29514,26.1275],[-97.29767,26.12513],[-97.30244,26.12438],[-97.30562,26.12614],[-97.30597,26.12843],[-97.30697,26.12877],[-97.30792,26.12834],[-97.30856,26.12694],[-97.3113,26.12367],[-97.31254,26.12034],[-97.31023,26.11756],[-97.30379,26.11817],[-97.29539,26.11241],[-97.29643,26.108],[-97.29427,26.10584],[-97.29059,26.10478],[-97.2798,26.09206],[-97.26942,26.08608],[-97.24698,26.08035],[-97.22594,26.07905],[-97.21501,26.07916],[-97.20805,26.07959],[-97.20467,26.07777],[-97.19965,26.07704],[-97.19861,26.07489],[-97.19587,26.07308],[-97.19397,26.07147],[-97.18969,26.07158],[-97.19005,26.06987],[-97.1983,26.06668],[-97.19567,26.04656],[-97.18273,26.05313],[-97.16498,26.06388],[-97.16267,26.06356],[-97.15856,26.06091],[-97.15713,26.06133],[-97.15261,26.06409],[-97.14966,26.06414],[-97.15142,26.06009],[-97.1525,26.05269],[-97.15321,26.03891],[-97.15192,26.01765],[-97.14724,25.9564],[-97.14937,25.95336],[-97.15661,25.94902],[-97.15895,25.94912],[-97.16029,25.95024],[-97.15858,25.95757],[-97.15819,25.96036],[-97.15851,25.96188],[-97.16,25.96237],[-97.16323,25.96103],[-97.16589,25.96028],[-97.17024,25.96125],[-97.17188,25.96228],[-97.17348,25.96457],[-97.17526,25.9655],[-97.17735,25.96496],[-97.1786,25.96146],[-97.18312,25.95978],[-97.18658,25.95877],[-97.18751,25.95758],[-97.18708,25.95558],[-97.18789,25.95451],[-97.19032,25.95386],[-97.19446,25.95525],[-97.1959,25.95688],[-97.19789,25.95793],[-97.20061,25.95835],[-97.20488,25.95811],[-97.20606,25.95865],[-97.20658,25.96188],[-97.20716,25.96365],[-97.20957,25.96357],[-97.21101,25.96267],[-97.21409,25.96031],[-97.21842,25.95831],[-97.22092,25.95727],[-97.22256,25.95733],[-97.22422,25.95863],[-97.22535,25.95909],[-97.22923,25.95875],[-97.2326,25.95664],[-97.237,25.95599],[-97.23987,25.95497],[-97.2433,25.95332],[-97.24466,25.95143],[-97.24524,25.94922],[-97.24701,25.94823],[-97.25293,25.94836],[-97.25501,25.94878],[-97.25727,25.95009],[-97.26086,25.95093],[-97.2673,25.95161],[-97.27671,25.95215],[-97.28002,25.95429],[-97.28171,25.95808],[-97.28285,25.95923],[-97.28445,25.95916],[-97.28924,25.95544],[-97.28944,25.95377],[-97.28821,25.95224],[-97.28474,25.94949],[-97.28182,25.94822],[-97.27861,25.94753],[-97.27828,25.94658],[-97.28039,25.94545],[-97.28104,25.94346],[-97.27894,25.94172],[-97.27687,25.93821],[-97.27652,25.93673],[-97.27716,25.93544],[-97.28005,25.93507],[-97.28407,25.93585],[-97.29179,25.9363],[-97.29367,25.93535],[-97.29479,25.93391],[-97.29581,25.93344],[-97.29782,25.93384],[-97.29889,25.93625],[-97.30072,25.93722],[-97.30303,25.937],[-97.30437,25.93572],[-97.30423,25.93004],[-97.30481,25.92842],[-97.3074,25.92681],[-97.30974,25.9264],[-97.31149,25.92754],[-97.31238,25.92967],[-97.31518,25.93147],[-97.31836,25.93112],[-97.32056,25.9298],[-97.32491,25.92404],[-97.32465,25.91859],[-97.326,25.91769],[-97.32792,25.91765],[-97.32959,25.91775],[-97.33124,25.91856],[-97.33194,25.92174],[-97.33507,25.91983],[-97.33734,25.92015],[-97.33835,25.92148],[-97.33653,25.92915],[-97.33779,25.92972],[-97.33967,25.92906],[-97.34251,25.92899],[-97.34607,25.93042],[-97.34827,25.93114],[-97.34925,25.92966],[-97.35161,25.9234],[-97.35544,25.91943],[-97.36036,25.91663],[-97.3632,25.91564],[-97.36764,25.91568],[-97.36911,25.91462],[-97.36939,25.91313],[-97.36837,25.9099],[-97.37058,25.90865],[-97.37257,25.90948],[-97.37485,25.90854],[-97.37512,25.9072],[-97.3745,25.90566],[-97.37237,25.90502],[-97.36598,25.90245],[-97.36675,25.89673],[-97.36725,25.89428],[-97.36696,25.89175],[-97.36552,25.89048],[-97.36343,25.88969],[-97.35883,25.88972],[-97.35711,25.88882],[-97.35663,25.88768],[-97.3574,25.88683],[-97.36091,25.88595],[-97.36688,25.885],[-97.37283,25.88153],[-97.37404,25.87976],[-97.37334,25.87848],[-97.3625,25.87775],[-97.36113,25.87956],[-97.35993,25.87987],[-97.35857,25.87813],[-97.35918,25.87439],[-97.35909,25.87204],[-97.35766,25.86918],[-97.35893,25.86898],[-97.36007,25.86958],[-97.36236,25.86846],[-97.36733,25.86154],[-97.36974,25.85804],[-97.37478,25.85677],[-97.37618,25.85573],[-97.3761,25.85421],[-97.37464,25.85399],[-97.37059,25.85436],[-97.36658,25.85356],[-97.36459,25.85213],[-97.3641,25.85003],[-97.36542,25.84983],[-97.3682,25.85071],[-97.37062,25.84982],[-97.37204,25.84742],[-97.37177,25.84154],[-97.37286,25.84012],[-97.37655,25.84041],[-97.38104,25.83961],[-97.38258,25.83979],[-97.38533,25.84277],[-97.38714,25.84385],[-97.38839,25.8421],[-97.38952,25.83935],[-97.39451,25.83738],[-97.3964,25.83773],[-97.39901,25.83911],[-97.40182,25.83889],[-97.40362,25.83768],[-97.40525,25.83773],[-97.40699,25.83885],[-97.40654,25.84027],[-97.40424,25.84044],[-97.40213,25.84038],[-97.40041,25.84197],[-97.40033,25.84414],[-97.40062,25.84667],[-97.39905,25.84959],[-97.39964,25.85155],[-97.40085,25.85232],[-97.40225,25.85193],[-97.40431,25.85003],[-97.40525,25.84756],[-97.4055,25.84576],[-97.4064,25.84481],[-97.40825,25.84563],[-97.41019,25.84869],[-97.4104,25.85058],[-97.40853,25.85434],[-97.40824,25.85584],[-97.40926,25.85759],[-97.40864,25.85947],[-97.40787,25.86115],[-97.40842,25.86196],[-97.41002,25.86208],[-97.41151,25.86113],[-97.41296,25.85901],[-97.41379,25.85705],[-97.41389,25.85524],[-97.41336,25.85241],[-97.41431,25.84929],[-97.41467,25.84674],[-97.41362,25.84403],[-97.41226,25.8427],[-97.41266,25.84117],[-97.41672,25.84135],[-97.42217,25.84032],[-97.42489,25.84063],[-97.42782,25.84225],[-97.43163,25.84582],[-97.43535,25.84938],[-97.43725,25.84969],[-97.43877,25.8488],[-97.44297,25.84809],[-97.44512,25.85002],[-97.44585,25.85137],[-97.44527,25.85276],[-97.44434,25.854],[-97.44445,25.85575],[-97.44635,25.85643],[-97.44818,25.85599],[-97.45266,25.85373],[-97.45406,25.85481],[-97.45366,25.85649],[-97.45226,25.85831],[-97.45073,25.85928],[-97.44841,25.85927],[-97.44764,25.86329],[-97.44625,25.86432],[-97.44474,25.86706],[-97.44548,25.8692],[-97.44696,25.87116],[-97.44864,25.87213],[-97.44996,25.87195],[-97.4521,25.86873],[-97.45426,25.86716],[-97.45621,25.86778],[-97.45702,25.86894],[-97.45673,25.87104],[-97.45473,25.87934],[-97.45572,25.884],[-97.45816,25.88427],[-97.46491,25.88125],[-97.46743,25.87798],[-97.46951,25.87554],[-97.47232,25.8756],[-97.4741,25.87653],[-97.47474,25.87804],[-97.47422,25.88012],[-97.47209,25.88129],[-97.46846,25.88371],[-97.46776,25.88636],[-97.46874,25.88863],[-97.47039,25.88859],[-97.47775,25.88266],[-97.48177,25.87995],[-97.48486,25.8787],[-97.48607,25.87848],[-97.48764,25.87902],[-97.48647,25.88399],[-97.48716,25.88516],[-97.48847,25.88538],[-97.49107,25.88259],[-97.49281,25.88081],[-97.49509,25.87966],[-97.49669,25.87968],[-97.49746,25.88056],[-97.49758,25.88443],[-97.49748,25.88823],[-97.49643,25.8958],[-97.49739,25.89864],[-97.49889,25.89872],[-97.50043,25.89703],[-97.50385,25.89302],[-97.50605,25.89069],[-97.5087,25.88892],[-97.51116,25.88743],[-97.51265,25.88739],[-97.51714,25.88672],[-97.51984,25.88599],[-97.52176,25.88646],[-97.52339,25.88985],[-97.52305,25.89352],[-97.52328,25.89721],[-97.52487,25.90005],[-97.52734,25.90261],[-97.52839,25.90631],[-97.52967,25.90731],[-97.5313,25.90733],[-97.53286,25.90763],[-97.53342,25.90908],[-97.5334,25.91275],[-97.53041,25.91632],[-97.53018,25.91985],[-97.53237,25.92055],[-97.54038,25.91913],[-97.54296,25.92003],[-97.54253,25.92237],[-97.54332,25.92328],[-97.54548,25.92517],[-97.54576,25.93288],[-97.54763,25.93515],[-97.55248,25.93704],[-97.55538,25.93714],[-97.55759,25.93527],[-97.55936,25.93226],[-97.55921,25.92721],[-97.56013,25.92594],[-97.56383,25.92572],[-97.56816,25.92793],[-97.56585,25.93168],[-97.56657,25.93351],[-97.57457,25.93513],[-97.58003,25.93277],[-97.58234,25.93268],[-97.58411,25.93468],[-97.58319,25.93741],[-97.58066,25.93887],[-97.57082,25.94296],[-97.56748,25.94427],[-97.56632,25.94507],[-97.56597,25.94693],[-97.56765,25.95183],[-97.56876,25.95288],[-97.57373,25.95391],[-97.57467,25.95278],[-97.573,25.94865],[-97.57305,25.9464],[-97.57525,25.94391],[-97.57794,25.94287],[-97.57972,25.9438],[-97.58055,25.94656],[-97.58094,25.94976],[-97.58304,25.95544],[-97.58224,25.95898],[-97.58172,25.96085],[-97.58237,25.96247],[-97.58382,25.96231],[-97.58686,25.96141],[-97.59116,25.96176],[-97.5947,25.96117],[-97.59804,25.95756],[-97.59963,25.95673],[-97.60215,25.95738],[-97.60448,25.96105],[-97.61037,25.96584],[-97.60808,25.97128],[-97.60828,25.97659],[-97.61039,25.97762],[-97.61478,25.97809],[-97.61767,25.97996],[-97.61885,25.98192],[-97.62023,25.98535],[-97.61989,25.98695],[-97.62172,25.98912],[-97.62426,25.98941],[-97.62797,25.98837],[-97.63157,25.98818],[-97.63345,25.98893],[-97.63444,25.99027],[-97.63382,25.99326],[-97.63286,25.99552],[-97.63041,25.99641],[-97.62683,25.99484],[-97.6242,25.99342],[-97.62364,25.99196],[-97.62186,25.99173],[-97.62077,25.99206],[-97.61962,25.99319],[-97.61839,25.99613],[-97.6178,25.99892],[-97.61767,26.00108],[-97.6193,26.00292],[-97.62014,26.00212],[-97.62128,25.99981],[-97.62235,25.99826],[-97.62382,25.9967],[-97.62703,25.99691],[-97.62831,25.99762],[-97.62778,25.99984],[-97.6264,26.00284],[-97.62649,26.00557],[-97.62781,26.00619],[-97.62965,26.00568],[-97.63151,26.00386],[-97.63222,26.00134],[-97.6348,25.99951],[-97.63963,26.00416],[-97.64258,26.00586],[-97.64561,26.00684],[-97.64772,26.00849],[-97.64956,26.01132],[-97.64818,26.01267],[-97.64601,26.01255],[-97.64343,26.01199],[-97.64122,26.01183],[-97.63845,26.01313],[-97.63712,26.01499],[-97.6368,26.01758],[-97.63749,26.02057],[-97.63904,26.02297],[-97.6419,26.02548],[-97.64522,26.02776],[-97.64814,26.02588],[-97.65024,26.0238],[-97.65092,26.02177],[-97.65077,26.01967],[-97.65018,26.01797],[-97.65094,26.01639],[-97.65277,26.0163],[-97.65406,26.01779],[-97.65747,26.01979],[-97.66047,26.02007],[-97.6638,26.01935],[-97.667,26.01888],[-97.66827,26.01976],[-97.6677,26.02373],[-97.66583,26.02611],[-97.66327,26.02779],[-97.66092,26.03074],[-97.66052,26.03371],[-97.66273,26.03808],[-97.66409,26.03694],[-97.66418,26.03394],[-97.66472,26.03137],[-97.66617,26.02986],[-97.66798,26.02887],[-97.66967,26.03061],[-97.67015,26.0325],[-97.67123,26.03401],[-97.67342,26.03369],[-97.67455,26.03303],[-97.67604,26.03097],[-97.67563,26.02923],[-97.67449,26.02878],[-97.67342,26.0279],[-97.67494,26.02616],[-97.67817,26.02594],[-97.68241,26.02609],[-97.68605,26.02699],[-97.68871,26.02823],[-97.69077,26.03049],[-97.69226,26.03234],[-97.69389,26.0313],[-97.69412,26.02966],[-97.69355,26.02679],[-97.69246,26.02456],[-97.69024,26.02255],[-97.69045,26.02063],[-97.69137,26.01899],[-97.69344,26.01961],[-97.69489,26.0218],[-97.69707,26.02345],[-97.69774,26.02512],[-97.69713,26.03039],[-97.69941,26.03116],[-97.70252,26.03121],[-97.70379,26.03379],[-97.70471,26.0361],[-97.70655,26.0375],[-97.70884,26.03603],[-97.70945,26.03306],[-97.70924,26.02906],[-97.70966,26.02619],[-97.71476,26.02535],[-97.71862,26.02372],[-97.72134,26.02346],[-97.72061,26.02573],[-97.71889,26.02742],[-97.71839,26.0296],[-97.71992,26.03084],[-97.72502,26.03086],[-97.72913,26.03108],[-97.73287,26.03162],[-97.7349,26.03202],[-97.73533,26.03079],[-97.73313,26.0274],[-97.73014,26.02818],[-97.72627,26.02731],[-97.72538,26.02443],[-97.72647,26.02266],[-97.72898,26.02305],[-97.7317,26.02331],[-97.73574,26.02161],[-97.73822,26.02198],[-97.73796,26.02392],[-97.73614,26.02712],[-97.73744,26.02853],[-97.7424,26.02981],[-97.74468,26.02902],[-97.74624,26.02691],[-97.74798,26.02625],[-97.74938,26.02732],[-97.74851,26.0292],[-97.74972,26.03112],[-97.75164,26.03148],[-97.75405,26.03083],[-97.75563,26.02936],[-97.75852,26.02656],[-97.76104,26.0257],[-97.76381,26.02733],[-97.76404,26.02949],[-97.76308,26.03541],[-97.76312,26.04245],[-97.76575,26.04556],[-97.76897,26.0475],[-97.77166,26.04629],[-97.77399,26.04558],[-97.77683,26.04397],[-97.77646,26.04074],[-97.77337,26.0384],[-97.77056,26.03729],[-97.76941,26.03562],[-97.77297,26.03426],[-97.77572,26.03217],[-97.77619,26.03006],[-97.77775,26.02939],[-97.78307,26.03404],[-97.78785,26.03342],[-97.79233,26.03417],[-97.79764,26.04021],[-97.79722,26.0437],[-97.79441,26.04745],[-97.78976,26.04743],[-97.78903,26.04974],[-97.79037,26.05156],[-97.79215,26.05289],[-97.7967,26.05238],[-97.79915,26.05332],[-97.80012,26.05786],[-97.80033,26.05937],[-97.80132,26.06016],[-97.80426,26.05965],[-97.80819,26.0579],[-97.81097,26.05551],[-97.81205,26.05319],[-97.81238,26.04841],[-97.81122,26.04678],[-97.81126,26.0454],[-97.81288,26.04432],[-97.81479,26.04431],[-97.81611,26.04517],[-97.81645,26.04706],[-97.81536,26.04942],[-97.81483,26.05245],[-97.81559,26.05472],[-97.81722,26.05611],[-97.81967,26.05653],[-97.8242,26.05612],[-97.82594,26.05588],[-97.82772,26.05245],[-97.83034,26.04896],[-97.83278,26.04616],[-97.83467,26.04601],[-97.83584,26.04735],[-97.83612,26.05019],[-97.8374,26.05241],[-97.84232,26.05358],[-97.84731,26.05255],[-97.84959,26.05211],[-97.85277,26.05235],[-97.85777,26.05337],[-97.8605,26.05292],[-97.86139,26.05418],[-97.86217,26.06111],[-97.85991,26.06457],[-97.85901,26.06654],[-97.85985,26.06831],[-97.86127,26.06993],[-97.86333,26.06918],[-97.8657,26.06395],[-97.86861,26.05716],[-97.87074,26.0576],[-97.87224,26.05972],[-97.87381,26.06214],[-97.87694,26.06458],[-97.88128,26.06563],[-97.88539,26.06619],[-97.88741,26.06675],[-97.88844,26.06487],[-97.88839,26.06243],[-97.89132,26.0605],[-97.89365,26.06017],[-97.8999,26.06122],[-97.9054,26.0595],[-97.90986,26.05686],[-97.91388,26.05654],[-97.91799,26.0579],[-97.92139,26.05777],[-97.92523,26.05569],[-97.92798,26.05591],[-97.93014,26.06111],[-97.9314,26.06342],[-97.93215,26.06448],[-97.93392,26.06483],[-97.93624,26.06376],[-97.93697,26.06193],[-97.9355,26.0593],[-97.93287,26.05731],[-97.9318,26.05594],[-97.93238,26.05432],[-97.93542,26.05269],[-97.93878,26.05432],[-97.94434,26.05962],[-97.9501,26.06183],[-97.95455,26.06118],[-97.957,26.05996],[-97.95899,26.05727],[-97.96434,26.05312],[-97.96736,26.05172],[-97.97182,26.05483],[-97.97504,26.05816],[-97.97877,26.05971],[-97.97997,26.06389],[-97.97987,26.066],[-97.98134,26.06718],[-97.98425,26.06652],[-97.98689,26.06583],[-97.98812,26.06464],[-97.98946,26.06039],[-97.99149,26.05859],[-97.99355,26.0592],[-97.99469,26.06072],[-97.99649,26.0633],[-97.99869,26.06472],[-98.00126,26.06499],[-98.00352,26.06445],[-98.00592,26.06329],[-98.00995,26.0581],[-98.01183,26.05602],[-98.01303,26.05639],[-98.01243,26.05832],[-98.01101,26.06092],[-98.01092,26.06297],[-98.01193,26.06586],[-98.01423,26.06602],[-98.01547,26.06237],[-98.01668,26.06066],[-98.02038,26.05876],[-98.02227,26.05979],[-98.02353,26.06242],[-98.02487,26.06494],[-98.02635,26.06654],[-98.02876,26.06647],[-98.03013,26.06567],[-98.0321,26.06324],[-98.0331,26.06104],[-98.03411,26.05756],[-98.03437,26.05429],[-98.0344,26.05138],[-98.03518,26.04922],[-98.0376,26.04526],[-98.03824,26.04265],[-98.03924,26.04127],[-98.04412,26.04355],[-98.04703,26.04438],[-98.05355,26.04456],[-98.06187,26.04646],[-98.06489,26.04479],[-98.07014,26.03797],[-98.07324,26.03648],[-98.07662,26.03642],[-98.07875,26.03916],[-98.08,26.04196],[-98.07366,26.04314],[-98.07086,26.04595],[-98.07002,26.04799],[-98.07003,26.05147],[-98.07126,26.05543],[-98.07507,26.05987],[-98.07654,26.06804],[-98.08049,26.07093],[-98.08476,26.07081],[-98.08585,26.06921],[-98.08157,26.06611],[-98.08188,26.06372],[-98.09104,26.05917],[-98.09443,26.05862],[-98.09764,26.06027],[-98.1022,26.06543],[-98.1055,26.06754],[-98.11976,26.06445],[-98.124,26.06237],[-98.12833,26.06193],[-98.13078,26.06369],[-98.13101,26.06684],[-98.12896,26.07024],[-98.12837,26.0724],[-98.12933,26.07396],[-98.13149,26.0742],[-98.13348,26.0735],[-98.13522,26.07215],[-98.1368,26.06786],[-98.13698,26.0617],[-98.14112,26.05439],[-98.14479,26.04961],[-98.1474,26.04948],[-98.14946,26.05158],[-98.14946,26.05581],[-98.15173,26.05819],[-98.15353,26.05811],[-98.15561,26.05665],[-98.15668,26.05498],[-98.15926,26.05374],[-98.16188,26.05454],[-98.16249,26.0561],[-98.15833,26.06058],[-98.15842,26.0627],[-98.16073,26.06423],[-98.16655,26.06236],[-98.16883,26.06299],[-98.1716,26.07018],[-98.17398,26.07306],[-98.1763,26.07507],[-98.17753,26.07502],[-98.17938,26.07378],[-98.1802,26.07169],[-98.18006,26.06818],[-98.17983,26.06496],[-98.17779,26.06373],[-98.17654,26.06162],[-98.17788,26.06002],[-98.17941,26.06001],[-98.18103,26.06148],[-98.18432,26.06392],[-98.18649,26.06429],[-98.18906,26.06326],[-98.19001,26.05809],[-98.19231,26.05345],[-98.19398,26.05332],[-98.19657,26.05414],[-98.19945,26.05686],[-98.20496,26.06642],[-98.20737,26.06788],[-98.21139,26.06851],[-98.21358,26.06975],[-98.21521,26.07242],[-98.21683,26.07444],[-98.22067,26.07647],[-98.2301,26.07716],[-98.24368,26.07374],[-98.24631,26.07229],[-98.24874,26.07204],[-98.25096,26.07409],[-98.25193,26.07922],[-98.25641,26.08129],[-98.26317,26.08449],[-98.26539,26.08701],[-98.26608,26.08991],[-98.26842,26.09317],[-98.27722,26.0988],[-98.28429,26.10109],[-98.28648,26.10229],[-98.28853,26.10531],[-98.28692,26.10673],[-98.28477,26.10725],[-98.28119,26.10773],[-98.27581,26.10669],[-98.2726,26.10624],[-98.27003,26.10709],[-98.2718,26.11137],[-98.27119,26.11421],[-98.26914,26.11596],[-98.26639,26.1167],[-98.26537,26.11869],[-98.26626,26.12072],[-98.26854,26.12061],[-98.27023,26.11935],[-98.27232,26.11674],[-98.27465,26.11594],[-98.27914,26.11703],[-98.28778,26.11968],[-98.2921,26.12065],[-98.29619,26.12032],[-98.299,26.11841],[-98.29994,26.11669],[-98.30213,26.11171],[-98.3028,26.10994],[-98.30234,26.10768],[-98.30036,26.1056],[-98.29818,26.10501],[-98.29786,26.10378],[-98.29882,26.10259],[-98.3028,26.10235],[-98.30652,26.10429],[-98.30964,26.11337],[-98.3106,26.11499],[-98.31317,26.116],[-98.31628,26.1162],[-98.32027,26.11786],[-98.32383,26.12125],[-98.3352,26.13762],[-98.3354,26.13982],[-98.3342,26.14131],[-98.32741,26.14213],[-98.32706,26.14381],[-98.32808,26.14466],[-98.33207,26.14538],[-98.33476,26.14596],[-98.3369,26.1475],[-98.33842,26.15134],[-98.33765,26.15383],[-98.33517,26.15609],[-98.33332,26.1588],[-98.33316,26.16234],[-98.33473,26.16556],[-98.33684,26.16643],[-98.34257,26.16716],[-98.34578,26.16602],[-98.34726,26.16446],[-98.34852,26.16085],[-98.34874,26.15489],[-98.34925,26.15259],[-98.35044,26.15157],[-98.35234,26.15112],[-98.35391,26.1521],[-98.3567,26.1563],[-98.35845,26.16102],[-98.35748,26.16765],[-98.35807,26.17011],[-98.35984,26.17228],[-98.36216,26.17224],[-98.3649,26.16989],[-98.3666,26.16878],[-98.36709,26.16685],[-98.36608,26.165],[-98.36503,26.16332],[-98.3647,26.16089],[-98.36503,26.15916],[-98.36724,26.15768],[-98.36907,26.15709],[-98.37288,26.15744],[-98.37906,26.15706],[-98.38392,26.1566],[-98.38721,26.15832],[-98.39204,26.16658],[-98.39428,26.16859],[-98.39865,26.1709],[-98.40154,26.17165],[-98.40274,26.17326],[-98.40225,26.17952],[-98.40443,26.18256],[-98.40747,26.1834],[-98.411,26.18356],[-98.41812,26.18465],[-98.42428,26.19088],[-98.4295,26.1941],[-98.43406,26.1959],[-98.44254,26.19915],[-98.44438,26.20141],[-98.4445,26.20374],[-98.44356,26.20573],[-98.4392,26.21092],[-98.43882,26.21422],[-98.44025,26.21944],[-98.44341,26.22365],[-98.44666,26.22439],[-98.4493,26.22331],[-98.45296,26.21998],[-98.45434,26.21709],[-98.45637,26.21842],[-98.45672,26.22288],[-98.4584,26.22532],[-98.46069,26.22606],[-98.46271,26.2258],[-98.46617,26.22324],[-98.47037,26.2207],[-98.47779,26.22019],[-98.48158,26.21938],[-98.48327,26.21644],[-98.48292,26.21387],[-98.48124,26.21217],[-98.47905,26.20937],[-98.47816,26.20651],[-98.47796,26.20365],[-98.47843,26.20226],[-98.48036,26.20131],[-98.48274,26.20164],[-98.48282,26.20404],[-98.48175,26.20597],[-98.48202,26.20859],[-98.48375,26.21163],[-98.48699,26.21292],[-98.49014,26.21318],[-98.49513,26.21213],[-98.50033,26.20975],[-98.50407,26.2088],[-98.50608,26.20902],[-98.50733,26.21017],[-98.5071,26.21167],[-98.50386,26.21745],[-98.50092,26.22221],[-98.50155,26.22308],[-98.50291,26.22349],[-98.50634,26.22414],[-98.50828,26.22528],[-98.51162,26.22699],[-98.51485,26.22722],[-98.51906,26.22494],[-98.52192,26.22157],[-98.52341,26.22089],[-98.52479,26.22188],[-98.52637,26.22468],[-98.52662,26.22622],[-98.52596,26.22866],[-98.52179,26.23253],[-98.52181,26.23564],[-98.52446,26.23557],[-98.5269,26.23284],[-98.5295,26.22773],[-98.53159,26.22654],[-98.53408,26.2256],[-98.53558,26.226],[-98.53711,26.22772],[-98.53802,26.23133],[-98.54355,26.24244],[-98.54533,26.24454],[-98.55172,26.2463],[-98.55541,26.24749],[-98.55735,26.24748],[-98.55882,26.24593],[-98.5582,26.24398],[-98.55233,26.24119],[-98.54982,26.24116],[-98.54757,26.24137],[-98.54602,26.2392],[-98.546,26.23689],[-98.54734,26.23465],[-98.55015,26.2335],[-98.55408,26.23285],[-98.55759,26.23104],[-98.55918,26.22627],[-98.5617,26.22481],[-98.56341,26.22534],[-98.56495,26.22691],[-98.56426,26.23285],[-98.56498,26.23862],[-98.56596,26.24048],[-98.56764,26.24157],[-98.57101,26.24047],[-98.57411,26.23859],[-98.57664,26.23383],[-98.57839,26.23384],[-98.57997,26.235],[-98.5811,26.23788],[-98.58392,26.24202],[-98.58512,26.24372],[-98.58467,26.24545],[-98.57996,26.24943],[-98.57955,26.25172],[-98.58011,26.25365],[-98.58292,26.25647],[-98.58755,26.25782],[-98.59138,26.25756],[-98.59633,26.25797],[-98.60005,26.25727],[-98.60298,26.25606],[-98.60755,26.25378],[-98.60962,26.25327],[-98.61291,26.25273],[-98.6148,26.24773],[-98.61613,26.24679],[-98.61727,26.24681],[-98.61827,26.24777],[-98.61882,26.25035],[-98.61952,26.25466],[-98.62165,26.25877],[-98.62295,26.25965],[-98.62476,26.25922],[-98.62771,26.25576],[-98.63062,26.2536],[-98.63244,26.25168],[-98.63306,26.24867],[-98.6334,26.24436],[-98.63418,26.24261],[-98.63625,26.24187],[-98.64034,26.24195],[-98.6444,26.24123],[-98.64853,26.23948],[-98.65157,26.23724],[-98.65422,26.23596],[-98.66198,26.23525],[-98.6694,26.23632],[-98.67521,26.23999],[-98.67904,26.24555],[-98.67952,26.25068],[-98.67777,26.25557],[-98.67896,26.26006],[-98.68117,26.26271],[-98.68376,26.26439],[-98.68716,26.26512],[-98.69361,26.26489],[-98.69886,26.26562],[-98.71094,26.26869],[-98.71841,26.27142],[-98.71989,26.2727],[-98.72018,26.27451],[-98.71951,26.27624],[-98.71779,26.27762],[-98.71216,26.27898],[-98.70323,26.27717],[-98.70116,26.27802],[-98.69994,26.28],[-98.70045,26.283],[-98.7018,26.28616],[-98.70505,26.28821],[-98.70935,26.28919],[-98.7148,26.28608],[-98.71822,26.28725],[-98.71991,26.29105],[-98.72185,26.29479],[-98.72414,26.29705],[-98.72777,26.29877],[-98.73106,26.2991],[-98.73367,26.29869],[-98.73608,26.29787],[-98.73915,26.29556],[-98.74151,26.29412],[-98.74401,26.29425],[-98.7502,26.29569],[-98.75308,26.29985],[-98.75481,26.30172],[-98.75612,26.30425],[-98.75557,26.30634],[-98.75422,26.30793],[-98.75035,26.30766],[-98.74432,26.30342],[-98.74042,26.30278],[-98.73769,26.30442],[-98.73622,26.30765],[-98.73631,26.31024],[-98.73746,26.31245],[-98.7383,26.31383],[-98.74056,26.31479],[-98.74348,26.3149],[-98.74617,26.31738],[-98.74822,26.32058],[-98.74918,26.32427],[-98.74947,26.32999],[-98.75102,26.33183],[-98.75378,26.33167],[-98.75661,26.33098],[-98.75986,26.32865],[-98.76401,26.32647],[-98.76824,26.32531],[-98.77194,26.32511],[-98.77491,26.32534],[-98.77991,26.32654],[-98.78817,26.33009],[-98.78982,26.33158],[-98.78813,26.33565],[-98.78809,26.33733],[-98.79006,26.34052],[-98.79307,26.34352],[-98.79625,26.3491],[-98.79763,26.35421],[-98.79821,26.36017],[-98.80224,26.36546],[-98.80501,26.36801],[-98.80735,26.36942],[-98.81293,26.36631],[-98.81507,26.36648],[-98.81662,26.36773],[-98.81944,26.37046],[-98.82045,26.371],[-98.82457,26.37072],[-98.82738,26.36908],[-98.83291,26.36334],[-98.84156,26.35894],[-98.8457,26.35893],[-98.84682,26.3595],[-98.84897,26.3608],[-98.85061,26.36367],[-98.85341,26.36502],[-98.85728,26.3659],[-98.86135,26.36599],[-98.86471,26.36526],[-98.86731,26.36378],[-98.87286,26.36172],[-98.87849,26.36069],[-98.8871,26.35769],[-98.89673,26.35333],[-98.89836,26.35475],[-98.90049,26.35853],[-98.90099,26.36138],[-98.8997,26.36582],[-98.90013,26.36812],[-98.90112,26.37092],[-98.90318,26.37196],[-98.91106,26.37177],[-98.91569,26.37343],[-98.91934,26.3767],[-98.9223,26.37951],[-98.92386,26.38294],[-98.92369,26.38628],[-98.92396,26.3888],[-98.9238,26.39209],[-98.92467,26.39333],[-98.92686,26.39447],[-98.9287,26.39369],[-98.93174,26.39052],[-98.93451,26.38774],[-98.93584,26.3843],[-98.93581,26.38274],[-98.93431,26.37746],[-98.9347,26.37409],[-98.93616,26.37153],[-98.93867,26.36974],[-98.94215,26.36969],[-98.94669,26.37],[-98.95029,26.37237],[-98.95613,26.37756],[-98.95598,26.37947],[-98.95465,26.38133],[-98.95332,26.38475],[-98.95304,26.39172],[-98.95409,26.3939],[-98.95639,26.39571],[-98.96138,26.39805],[-98.96477,26.39885],[-98.96862,26.39898],[-98.97319,26.40084],[-98.97523,26.40114],[-98.97915,26.39992],[-98.98202,26.39683],[-98.9863,26.39278],[-98.98859,26.39181],[-98.99118,26.39162],[-98.99821,26.39244],[-99.00085,26.39242],[-99.00367,26.3937],[-99.00575,26.3932],[-99.00951,26.39215],[-99.01165,26.3925],[-99.01317,26.39412],[-99.01456,26.39637],[-99.01533,26.39859],[-99.01675,26.40136],[-99.02193,26.4079],[-99.02416,26.40937],[-99.02628,26.41015],[-99.03172,26.41296],[-99.03719,26.41382],[-99.04124,26.41227],[-99.04547,26.40982],[-99.04757,26.40692],[-99.04997,26.40526],[-99.05318,26.40201],[-99.06209,26.39737],[-99.06417,26.39717],[-99.06904,26.39764],[-99.07284,26.39691],[-99.07617,26.39676],[-99.07974,26.39716],[-99.082,26.39651],[-99.08513,26.39878],[-99.08941,26.4081],[-99.09103,26.40933],[-99.09478,26.41095],[-99.09635,26.41234],[-99.09902,26.41662],[-99.10127,26.41883],[-99.10452,26.42152],[-99.10606,26.42345],[-99.10841,26.42508],[-99.11086,26.42628],[-99.11355,26.43253],[-99.11381,26.434],[-99.11316,26.43518],[-99.1089,26.43695],[-99.1067,26.43797],[-99.10452,26.43973],[-99.10254,26.44244],[-99.10245,26.44383],[-99.10236,26.44798],[-99.10082,26.45021],[-99.10065,26.45192],[-99.09997,26.45437],[-99.10036,26.45875],[-99.09909,26.46186],[-99.09691,26.46459],[-99.09362,26.4683],[-99.09198,26.47238],[-99.09163,26.47698],[-99.09548,26.48168],[-99.09664,26.48441],[-99.10503,26.50033],[-99.11199,26.50738],[-99.11307,26.50947],[-99.11721,26.51465],[-99.11913,26.51712],[-99.12151,26.51835],[-99.12778,26.5252],[-99.13531,26.5262],[-99.13855,26.52764],[-99.14366,26.5279],[-99.1623,26.53495],[-99.16674,26.53608],[-99.1707,26.54032],[-99.17175,26.54371],[-99.1714,26.54985],[-99.16966,26.55393],[-99.16855,26.55528],[-99.168,26.55779],[-99.16741,26.56],[-99.17806,26.62055],[-99.18342,26.62886],[-99.20052,26.65644],[-99.20995,26.69394],[-99.20891,26.72476],[-99.24002,26.74585],[-99.24244,26.78826],[-99.26221,26.81567],[-99.26861,26.84321],[-99.28047,26.85805],[-99.29515,26.86544],[-99.31052,26.86474],[-99.31675,26.86583],[-99.32413,26.87429],[-99.3257,26.87717],[-99.32862,26.87859],[-99.3289,26.87976],[-99.32653,26.88552],[-99.32623,26.88997],[-99.32182,26.90685],[-99.32297,26.91246],[-99.32468,26.91597],[-99.32963,26.9192],[-99.3373,26.92276],[-99.34675,26.9252],[-99.35165,26.92514],[-99.36114,26.92892],[-99.36705,26.92903],[-99.37311,26.93116],[-99.37915,26.93449],[-99.38434,26.93964],[-99.38825,26.94422],[-99.3905,26.95174],[-99.39264,26.95534],[-99.39375,26.96073],[-99.39311,26.96403],[-99.39019,26.96635],[-99.3811,26.97082],[-99.37731,26.97382],[-99.37659,26.97772],[-99.37843,26.98003],[-99.38434,26.98099],[-99.38737,26.9824],[-99.39218,26.98749],[-99.40369,26.99736],[-99.40594,27.00258],[-99.40695,27.00656],[-99.40851,27.00952],[-99.41118,27.0116],[-99.41206,27.01312],[-99.41548,27.01724],[-99.42045,27.01657],[-99.42938,27.01083],[-99.43215,27.0107],[-99.43496,27.01187],[-99.43872,27.01463],[-99.44288,27.01817],[-99.44493,27.02042],[-99.44609,27.02334],[-99.44406,27.03125],[-99.44397,27.03646],[-99.44565,27.04344],[-99.44814,27.04974],[-99.45093,27.05565],[-99.45201,27.06006],[-99.45232,27.06267],[-99.45028,27.06771],[-99.44522,27.07164],[-99.43447,27.07852],[-99.42921,27.09098],[-99.42924,27.09307],[-99.43027,27.09487],[-99.43765,27.10044],[-99.44181,27.10539],[-99.44212,27.10684],[-99.44175,27.1088],[-99.44111,27.11004],[-99.43337,27.11922],[-99.43058,27.12661],[-99.43135,27.13758],[-99.43827,27.14479],[-99.44003,27.14912],[-99.43997,27.15107],[-99.43948,27.15237],[-99.43795,27.15412],[-99.43489,27.15592],[-99.4326,27.15682],[-99.42998,27.15915],[-99.42772,27.16779],[-99.42635,27.17626],[-99.42653,27.17886],[-99.42772,27.18231],[-99.43092,27.19649],[-99.43213,27.19985],[-99.4331,27.20382],[-99.43272,27.20769],[-99.43279,27.20969],[-99.43328,27.21129],[-99.43538,27.21287],[-99.44193,27.21798],[-99.44524,27.22334],[-99.44507,27.22596],[-99.44362,27.229],[-99.44141,27.23676],[-99.44107,27.24178],[-99.44155,27.24992],[-99.44308,27.25265],[-99.44681,27.25758],[-99.44909,27.25975],[-99.45239,27.26405],[-99.45421,27.26535],[-99.45623,27.26632],[-99.45838,27.26623],[-99.46019,27.26761],[-99.46331,27.26844],[-99.46582,27.26797],[-99.47175,27.26493],[-99.47297,27.26339],[-99.47523,27.26264],[-99.48069,27.25999],[-99.48474,27.25937],[-99.48791,27.26072],[-99.49241,27.26412],[-99.49566,27.26905],[-99.49662,27.27171],[-99.49555,27.27557],[-99.49377,27.27944],[-99.48847,27.28707],[-99.48751,27.29024],[-99.48794,27.29494],[-99.4946,27.30354],[-99.49742,27.30528],[-99.50204,27.30612],[-99.50637,27.30575],[-99.51153,27.30408],[-99.52366,27.30414],[-99.52965,27.30605],[-99.53644,27.31254],[-99.53777,27.31607],[-99.53781,27.31759],[-99.53383,27.32084],[-99.53138,27.32381],[-99.5247,27.32399],[-99.52126,27.32478],[-99.51504,27.32886],[-99.50724,27.33542],[-99.50484,27.33829],[-99.5044,27.3399],[-99.50709,27.34607],[-99.50783,27.34864],[-99.50778,27.35425],[-99.50396,27.36254],[-99.5037,27.36467],[-99.49908,27.37314],[-99.49593,27.3753],[-99.49512,27.37703],[-99.49214,27.38052],[-99.49178,27.38428],[-99.49271,27.38605],[-99.4926,27.3923],[-99.49115,27.39551],[-99.48938,27.39956],[-99.48752,27.4124],[-99.48944,27.41711],[-99.49021,27.4211],[-99.4957,27.43888],[-99.49537,27.44619],[-99.49469,27.44903],[-99.4951,27.45152],[-99.48763,27.46067],[-99.48573,27.46357],[-99.48382,27.4673],[-99.48228,27.47631],[-99.47925,27.47864],[-99.47935,27.4811],[-99.48022,27.4858],[-99.48145,27.48867],[-99.48352,27.4911],[-99.48581,27.49319],[-99.49146,27.49698],[-99.49683,27.50011],[-99.499,27.49915],[-99.50268,27.50061],[-99.50969,27.49892],[-99.51332,27.4995],[-99.51643,27.49844],[-99.51932,27.4969],[-99.52664,27.49703],[-99.52832,27.4989],[-99.52726,27.50392],[-99.52532,27.51039],[-99.52537,27.51806],[-99.5247,27.52433],[-99.52222,27.53479],[-99.52192,27.54409],[-99.51882,27.55319],[-99.51402,27.55684],[-99.51112,27.56449],[-99.51222,27.56809],[-99.51598,27.57213],[-99.52544,27.57661],[-99.53014,27.58021],[-99.5362,27.59168],[-99.53681,27.59627],[-99.53972,27.60328],[-99.54189,27.606],[-99.5499,27.61075],[-99.55495,27.61445],[-99.55681,27.61434],[-99.55864,27.61113],[-99.55866,27.60891],[-99.56123,27.60757],[-99.56287,27.60726],[-99.56906,27.60588],[-99.57215,27.60471],[-99.57878,27.60261],[-99.58001,27.60225],[-99.58484,27.6039],[-99.58443,27.60621],[-99.58145,27.60712],[-99.57976,27.60803],[-99.5774,27.6109],[-99.57712,27.61451],[-99.57696,27.61723],[-99.5781,27.6192],[-99.57948,27.62023],[-99.58084,27.62035],[-99.58478,27.62201],[-99.59137,27.62746],[-99.59235,27.62861],[-99.59276,27.63465],[-99.59404,27.63857],[-99.59623,27.63986],[-99.60353,27.64199],[-99.61228,27.6392],[-99.6156,27.63775],[-99.61758,27.63836],[-99.61909,27.64015],[-99.62111,27.64331],[-99.62234,27.644],[-99.62431,27.644],[-99.62629,27.64245],[-99.62706,27.64078],[-99.62712,27.63841],[-99.62325,27.63464],[-99.62341,27.63356],[-99.62532,27.63114],[-99.6274,27.6298],[-99.63281,27.62787],[-99.63893,27.62676],[-99.64795,27.62986],[-99.65052,27.63049],[-99.65432,27.62962],[-99.65885,27.63114],[-99.65926,27.63231],[-99.66595,27.63597],[-99.66617,27.63832],[-99.66542,27.64027],[-99.66174,27.64274],[-99.6595,27.64525],[-99.65818,27.64779],[-99.65829,27.65016],[-99.65919,27.65261],[-99.66123,27.65387],[-99.66184,27.65575],[-99.66422,27.65758],[-99.66894,27.65997],[-99.67162,27.66022],[-99.67895,27.65898],[-99.68651,27.66145],[-99.68829,27.66283],[-99.68947,27.665],[-99.6894,27.66856],[-99.69125,27.66873],[-99.69312,27.66715],[-99.69657,27.66314],[-99.69872,27.65736],[-99.69936,27.65542],[-99.7046,27.65495],[-99.71151,27.65836],[-99.72152,27.66615],[-99.72363,27.66953],[-99.72372,27.67333],[-99.72829,27.67907],[-99.73245,27.68542],[-99.73781,27.69228],[-99.74267,27.69723],[-99.75754,27.71185],[-99.75853,27.71707],[-99.76175,27.72259],[-99.76633,27.7276],[-99.77074,27.73213],[-99.7749,27.73354],[-99.78537,27.73035],[-99.78884,27.73072],[-99.79169,27.73198],[-99.79634,27.73559],[-99.80165,27.74177],[-99.80227,27.74539],[-99.80567,27.75869],[-99.81014,27.76955],[-99.81309,27.77395],[-99.81519,27.77533],[-99.81716,27.77616],[-99.81909,27.77602],[-99.82219,27.76685],[-99.82579,27.76437],[-99.83513,27.76288],[-99.83879,27.76418],[-99.84171,27.76646],[-99.84302,27.76889],[-99.84319,27.77366],[-99.84474,27.77881],[-99.84887,27.7874],[-99.84922,27.79158],[-99.85088,27.79397],[-99.85246,27.79461],[-99.85451,27.79465],[-99.85553,27.79413],[-99.85718,27.79419],[-99.86038,27.79367],[-99.86303,27.79425],[-99.87007,27.79463],[-99.87324,27.79573],[-99.87655,27.79736],[-99.87798,27.80072],[-99.87692,27.80481],[-99.87465,27.80926],[-99.87378,27.81301],[-99.87417,27.81565],[-99.87533,27.81818],[-99.87626,27.81951],[-99.87656,27.82122],[-99.87784,27.82438],[-99.87798,27.82795],[-99.87624,27.83382],[-99.876,27.83797],[-99.8772,27.84218],[-99.88201,27.85039],[-99.88402,27.85098],[-99.88968,27.85383],[-99.89365,27.85619],[-99.89569,27.85768],[-99.89575,27.85923],[-99.90149,27.86416],[-99.90439,27.87528],[-99.904,27.87975],[-99.90123,27.88441],[-99.8969,27.88843],[-99.89409,27.89295],[-99.89346,27.89921],[-99.89583,27.90418],[-99.89687,27.90769],[-99.90008,27.91214],[-99.91746,27.91797],[-99.92205,27.92212],[-99.9252,27.92636],[-99.92623,27.92732],[-99.92435,27.92951],[-99.92416,27.93113],[-99.92648,27.93557],[-99.92826,27.93651],[-99.93287,27.93727],[-99.93462,27.93824],[-99.93714,27.94054],[-99.93896,27.94932],[-99.93854,27.95406],[-99.93439,27.96148],[-99.93216,27.96771],[-99.93126,27.97907],[-99.93181,27.98097],[-99.93539,27.98184],[-99.94084,27.98245],[-99.94712,27.98217],[-99.95021,27.98327],[-99.96277,27.98354],[-99.97117,27.98626],[-99.97707,27.9894],[-99.97839,27.98933],[-99.98492,27.99073],[-99.98976,27.99288],[-99.99145,27.99456],[-99.99684,28.00238],[-100.00018,28.01075],[-100.00397,28.01516],[-100.00745,28.02089],[-100.00863,28.02396],[-100.01284,28.0372],[-100.01298,28.04171],[-100.01331,28.04449],[-100.01499,28.04888],[-100.01684,28.05892],[-100.01714,28.06227],[-100.01791,28.06479],[-100.01895,28.06644],[-100.02059,28.06782],[-100.02872,28.07312],[-100.0397,28.07669],[-100.04611,28.07907],[-100.05312,28.08473],[-100.05536,28.08905],[-100.05698,28.09421],[-100.0556,28.10114],[-100.05649,28.10419],[-100.05785,28.10618],[-100.06008,28.10821],[-100.0647,28.11111],[-100.06765,28.1136],[-100.07264,28.12224],[-100.07547,28.12488],[-100.07631,28.12711],[-100.07778,28.12866],[-100.08063,28.13547],[-100.08075,28.13763],[-100.08274,28.14036],[-100.08339,28.14403],[-100.0869,28.14678],[-100.09029,28.14831],[-100.10822,28.15332],[-100.11071,28.15365],[-100.11533,28.15486],[-100.11963,28.15559],[-100.1411,28.16815],[-100.15794,28.16745],[-100.16059,28.16816],[-100.16844,28.17154],[-100.17132,28.17623],[-100.17441,28.17945],[-100.18569,28.18578],[-100.1965,28.19022],[-100.20806,28.19038],[-100.21051,28.1927],[-100.2121,28.19651],[-100.21362,28.20472],[-100.21345,28.20752],[-100.21345,28.21042],[-100.21438,28.21244],[-100.2162,28.22147],[-100.21756,28.22693],[-100.22028,28.23221],[-100.22363,28.23522],[-100.22758,28.23586],[-100.23223,28.23606],[-100.23487,28.23531],[-100.23992,28.23494],[-100.2462,28.23409],[-100.25163,28.23618],[-100.25779,28.24034],[-100.26079,28.24463],[-100.2676,28.25027],[-100.27763,28.26245],[-100.28052,28.26797],[-100.28298,28.27044],[-100.2854,28.27192],[-100.28938,28.27349],[-100.2914,28.2754],[-100.29347,28.27848],[-100.29429,28.281],[-100.2943,28.28438],[-100.28755,28.30109],[-100.28609,28.30855],[-100.28647,28.3123],[-100.28864,28.31698],[-100.29484,28.32321],[-100.30415,28.33439],[-100.30937,28.33855],[-100.30984,28.34156],[-100.31068,28.34347],[-100.31314,28.34479],[-100.3142,28.34586],[-100.31602,28.34996],[-100.31725,28.35738],[-100.32039,28.36212],[-100.32935,28.37233],[-100.33094,28.37333],[-100.33195,28.37537],[-100.34187,28.38495],[-100.3444,28.38966],[-100.3468,28.39575],[-100.34812,28.39805],[-100.34959,28.4026],[-100.34933,28.40389],[-100.34699,28.40723],[-100.34525,28.40789],[-100.34395,28.41012],[-100.33706,28.42715],[-100.33619,28.43018],[-100.3376,28.43798],[-100.3378,28.44296],[-100.33921,28.44596],[-100.34153,28.44957],[-100.34843,28.45605],[-100.35079,28.45925],[-100.3575,28.46364],[-100.36272,28.46995],[-100.36755,28.4748],[-100.36829,28.4772],[-100.36811,28.479],[-100.36598,28.48112],[-100.36189,28.4823],[-100.35717,28.48209],[-100.35223,28.48264],[-100.34418,28.48625],[-100.33714,28.49173],[-100.33519,28.49462],[-100.33391,28.49734],[-100.33381,28.49925],[-100.33489,28.50032],[-100.33852,28.50183],[-100.34443,28.50335],[-100.35077,28.50412],[-100.35604,28.50487],[-100.35971,28.50729],[-100.36215,28.5084],[-100.37696,28.51202],[-100.37908,28.51164],[-100.38696,28.51402],[-100.38886,28.51575],[-100.39499,28.52836],[-100.39717,28.53013],[-100.39893,28.53048],[-100.40049,28.53131],[-100.40506,28.53578],[-100.40966,28.54513],[-100.41141,28.5519],[-100.40854,28.55761],[-100.40492,28.5607],[-100.40434,28.56378],[-100.39727,28.57564],[-100.3968,28.5804],[-100.39839,28.58488],[-100.4004,28.58689],[-100.40621,28.58867],[-100.40922,28.58904],[-100.41939,28.59343],[-100.42317,28.59424],[-100.42986,28.59644],[-100.43189,28.59754],[-100.43208,28.599],[-100.43362,28.60612],[-100.43533,28.60699],[-100.44127,28.6076],[-100.44497,28.60781],[-100.44732,28.60932],[-100.44865,28.61677],[-100.44737,28.6229],[-100.44698,28.63321],[-100.44553,28.63714],[-100.44608,28.63891],[-100.44575,28.64063],[-100.44709,28.6422],[-100.45031,28.64302],[-100.45745,28.64188],[-100.46053,28.64103],[-100.46287,28.64136],[-100.47449,28.64707],[-100.47964,28.65523],[-100.48329,28.65565],[-100.48579,28.65682],[-100.48926,28.658],[-100.49151,28.65767],[-100.49586,28.65857],[-100.49811,28.6596],[-100.50035,28.66196],[-100.50145,28.66619],[-100.51005,28.69072],[-100.5108,28.70039],[-100.512,28.70535],[-100.51211,28.70745],[-100.5103,28.70901],[-100.508,28.71285],[-100.5067,28.71674],[-100.50779,28.7209],[-100.5077,28.72554],[-100.50679,28.73202],[-100.50761,28.7406],[-100.50915,28.74143],[-100.51238,28.74156],[-100.51424,28.7421],[-100.51533,28.74337],[-100.51554,28.74494],[-100.5144,28.75025],[-100.51587,28.75292],[-100.51923,28.75616],[-100.52157,28.75764],[-100.52386,28.75746],[-100.52722,28.75617],[-100.52941,28.75642],[-100.53219,28.75716],[-100.53341,28.75921],[-100.53302,28.76328],[-100.53045,28.76681],[-100.53,28.76871],[-100.53033,28.77129],[-100.53178,28.77357],[-100.53645,28.77762],[-100.53777,28.78078],[-100.53764,28.78288],[-100.53694,28.78429],[-100.53381,28.78737],[-100.53243,28.79106],[-100.53366,28.80027],[-100.53583,28.80589],[-100.54045,28.80744],[-100.54217,28.80847],[-100.54548,28.81264],[-100.54605,28.81487],[-100.54548,28.81995],[-100.54732,28.82582],[-100.55313,28.82825],[-100.56144,28.82917],[-100.56396,28.8289],[-100.56764,28.82759],[-100.57051,28.82632],[-100.57275,28.8271],[-100.5747,28.82879],[-100.57685,28.83617],[-100.57299,28.84846],[-100.5805,28.85601],[-100.58819,28.86024],[-100.59104,28.86305],[-100.59134,28.86526],[-100.5908,28.87057],[-100.59053,28.87238],[-100.59203,28.87323],[-100.59755,28.87381],[-100.59868,28.87525],[-100.5985,28.87909],[-100.59612,28.88158],[-100.59031,28.88387],[-100.58949,28.8858],[-100.59118,28.88892],[-100.59288,28.88936],[-100.59729,28.88781],[-100.59987,28.88647],[-100.60217,28.88662],[-100.60384,28.88839],[-100.60357,28.89076],[-100.60256,28.89532],[-100.60077,28.90076],[-100.60205,28.90194],[-100.60744,28.90233],[-100.61356,28.90148],[-100.61614,28.90392],[-100.61702,28.90707],[-100.61822,28.90852],[-100.61997,28.90911],[-100.62348,28.9096],[-100.6249,28.90827],[-100.62493,28.90573],[-100.62721,28.90373],[-100.63161,28.90284],[-100.63328,28.90458],[-100.63469,28.90871],[-100.63626,28.91103],[-100.63728,28.91183],[-100.63927,28.91228],[-100.64057,28.91421],[-100.64067,28.91525],[-100.63917,28.91629],[-100.63602,28.91657],[-100.63237,28.91635],[-100.62999,28.91828],[-100.62971,28.92115],[-100.63072,28.92401],[-100.63274,28.92515],[-100.63567,28.92586],[-100.63886,28.92762],[-100.64169,28.93205],[-100.64298,28.93558],[-100.64436,28.93827],[-100.64584,28.93987],[-100.64882,28.94103],[-100.65066,28.94198],[-100.65151,28.94343],[-100.65103,28.94689],[-100.64891,28.95263],[-100.64738,28.9552],[-100.64699,28.95708],[-100.6474,28.95889],[-100.64829,28.96066],[-100.64951,28.96116],[-100.65032,28.96199],[-100.64991,28.96322],[-100.64816,28.9655],[-100.64664,28.96693],[-100.64638,28.97072],[-100.64784,28.9737],[-100.64865,28.97742],[-100.64827,28.98287],[-100.64729,28.9853],[-100.64589,28.98642],[-100.6469,28.99178],[-100.64783,28.99293],[-100.64914,28.99647],[-100.64876,29.00059],[-100.65095,29.00825],[-100.65376,29.01536],[-100.65611,29.01722],[-100.66021,29.0315],[-100.66035,29.03585],[-100.66146,29.03837],[-100.66321,29.04804],[-100.66251,29.05811],[-100.66402,29.07416],[-100.66587,29.07678],[-100.66685,29.0826],[-100.66984,29.09011],[-100.67466,29.09978],[-100.68053,29.10701],[-100.68447,29.11066],[-100.69233,29.11523],[-100.70997,29.11968],[-100.72746,29.12912],[-100.72905,29.13147],[-100.7378,29.13908],[-100.73912,29.14166],[-100.73771,29.14549],[-100.73759,29.14741],[-100.73802,29.14881],[-100.73968,29.15049],[-100.74614,29.15415],[-100.75657,29.15603],[-100.75973,29.15715],[-100.76285,29.15968],[-100.76363,29.16126],[-100.7636,29.16473],[-100.76611,29.16636],[-100.76863,29.16599],[-100.77265,29.16849],[-100.7759,29.17334],[-100.77491,29.17527],[-100.77297,29.17672],[-100.76877,29.18154],[-100.76603,29.18585],[-100.76589,29.18852],[-100.76612,29.1913],[-100.76706,29.19529],[-100.76934,29.19891],[-100.77293,29.19966],[-100.77529,29.1997],[-100.77625,29.20093],[-100.77702,29.20433],[-100.77594,29.20695],[-100.77454,29.20973],[-100.77504,29.21164],[-100.77709,29.21351],[-100.77966,29.21863],[-100.7812,29.21972],[-100.78308,29.22445],[-100.7845,29.22688],[-100.78633,29.2285],[-100.79137,29.22594],[-100.79368,29.22647],[-100.79568,29.22773],[-100.79675,29.23096],[-100.79705,29.23559],[-100.79475,29.23994],[-100.79491,29.24246],[-100.79767,29.24694],[-100.80205,29.24995],[-100.80792,29.25269],[-100.81376,29.25349],[-100.81574,29.25365],[-100.81667,29.25448],[-100.81625,29.25666],[-100.81432,29.25908],[-100.81351,29.26066],[-100.81332,29.26216],[-100.81478,29.26372],[-100.81699,29.26433],[-100.82097,29.26287],[-100.82353,29.26174],[-100.83404,29.2614],[-100.83902,29.26326],[-100.84294,29.26714],[-100.84866,29.27142],[-100.85218,29.27207],[-100.85356,29.27282],[-100.85507,29.27495],[-100.85647,29.27566],[-100.86466,29.27608],[-100.87605,29.27959],[-100.87813,29.28086],[-100.87888,29.28219],[-100.88024,29.2863],[-100.88044,29.29045],[-100.88205,29.29904],[-100.88555,29.304],[-100.88625,29.30676],[-100.88684,29.30785],[-100.89493,29.31035],[-100.89665,29.3091],[-100.90484,29.31201],[-100.90675,29.31353],[-100.90839,29.31693],[-100.9101,29.31771],[-100.91223,29.31764],[-100.91663,29.3192],[-100.91728,29.32046],[-100.91828,29.32415],[-100.9195,29.32532],[-100.92134,29.3262],[-100.9236,29.32679],[-100.92668,29.32658],[-100.92851,29.32698],[-100.93416,29.33065],[-100.94061,29.33311],[-100.9432,29.34199],[-100.94589,29.34494],[-100.94897,29.34725],[-100.9511,29.3477],[-100.95669,29.34729],[-100.96079,29.34691],[-100.96433,29.34734],[-100.97174,29.35137],[-100.97292,29.35455],[-100.98325,29.35912],[-100.99561,29.3634],[-101.00268,29.36526],[-101.00421,29.36477],[-101.01061,29.36867],[-101.01427,29.37412],[-101.01314,29.37934],[-101.01344,29.38088],[-101.01447,29.38211],[-101.01673,29.38727],[-101.01958,29.39134],[-101.02142,29.393],[-101.02402,29.3937],[-101.0366,29.40611],[-101.0386,29.41071],[-101.03764,29.41468],[-101.0392,29.41619],[-101.04072,29.42286],[-101.04336,29.42988],[-101.05051,29.43462],[-101.05696,29.44077],[-101.05684,29.4476],[-101.05821,29.44777],[-101.06015,29.45866],[-101.07718,29.46419],[-101.08715,29.46941],[-101.1037,29.47055],[-101.11525,29.46846],[-101.12307,29.47332],[-101.12728,29.47707],[-101.13004,29.47842],[-101.13293,29.47736],[-101.1375,29.47354],[-101.14434,29.47325],[-101.15188,29.477],[-101.16218,29.48992],[-101.16799,29.50043],[-101.17166,29.50395],[-101.17382,29.51457],[-101.17999,29.51533],[-101.19272,29.52029],[-101.22742,29.52235],[-101.23528,29.52485],[-101.24977,29.52087],[-101.2549,29.52034],[-101.26084,29.52993],[-101.26117,29.53678],[-101.26016,29.53961],[-101.25527,29.54931],[-101.25038,29.55662],[-101.24815,29.55953],[-101.24115,29.56543],[-101.24879,29.59071],[-101.2523,29.60417],[-101.24837,29.61471],[-101.24742,29.61816],[-101.24792,29.6196],[-101.25038,29.62417],[-101.25227,29.62563],[-101.25472,29.62719],[-101.26282,29.63079],[-101.26599,29.63104],[-101.26922,29.63003],[-101.27287,29.62652],[-101.27771,29.62102],[-101.27902,29.61884],[-101.28049,29.61483],[-101.27756,29.6071],[-101.27786,29.59934],[-101.27761,29.59323],[-101.27787,29.59085],[-101.27945,29.58824],[-101.28508,29.58224],[-101.29096,29.57154],[-101.29322,29.57183],[-101.29666,29.57305],[-101.30553,29.57793],[-101.31177,29.58547],[-101.31333,29.59944],[-101.31333,29.60546],[-101.31235,29.60796],[-101.31309,29.61104],[-101.31093,29.61678],[-101.30692,29.62345],[-101.30404,29.62908],[-101.30133,29.63503],[-101.30008,29.6405],[-101.30144,29.64723],[-101.30237,29.64999],[-101.30388,29.65262],[-101.30658,29.6554],[-101.31037,29.65768],[-101.31497,29.65913],[-101.33184,29.66073],[-101.33748,29.66079],[-101.34549,29.6622],[-101.34865,29.66193],[-101.35033,29.66066],[-101.35523,29.65142],[-101.35714,29.64927],[-101.35871,29.64911],[-101.36131,29.65006],[-101.36322,29.65264],[-101.36483,29.66251],[-101.36568,29.66721],[-101.3671,29.6709],[-101.37043,29.67483],[-101.37255,29.67785],[-101.37305,29.68019],[-101.37227,29.68988],[-101.37188,29.69395],[-101.37277,29.69943],[-101.37539,29.70181],[-101.37873,29.70345],[-101.3881,29.70747],[-101.39109,29.70947],[-101.39695,29.71395],[-101.39836,29.717],[-101.39807,29.72083],[-101.39629,29.72706],[-101.39701,29.73396],[-101.40064,29.73808],[-101.41002,29.7415],[-101.41347,29.74384],[-101.41558,29.74653],[-101.41572,29.75021],[-101.41482,29.7527],[-101.40393,29.75759],[-101.40015,29.76008],[-101.39844,29.76463],[-101.39865,29.76745],[-101.40088,29.77007],[-101.40307,29.77144],[-101.40596,29.77165],[-101.4098,29.77062],[-101.41358,29.76847],[-101.42421,29.76131],[-101.43557,29.75245],[-101.43912,29.75062],[-101.44548,29.7494],[-101.44888,29.7507],[-101.45044,29.7533],[-101.45143,29.75712],[-101.45522,29.77187],[-101.45395,29.77809],[-101.45249,29.78282],[-101.45378,29.78591],[-101.45568,29.78792],[-101.45861,29.78928],[-101.46164,29.78983],[-101.46544,29.789],[-101.47516,29.78591],[-101.47886,29.78409],[-101.4808,29.78217],[-101.48598,29.77487],[-101.49389,29.76984],[-101.50322,29.76458],[-101.50715,29.76384],[-101.51191,29.76459],[-101.51932,29.76459],[-101.52787,29.76062],[-101.53157,29.75927],[-101.53585,29.75893],[-101.53805,29.76003],[-101.53919,29.76177],[-101.5383,29.77296],[-101.5381,29.78642],[-101.53729,29.79033],[-101.53557,29.79462],[-101.53501,29.79768],[-101.53786,29.8041],[-101.5419,29.81078],[-101.54439,29.81186],[-101.54799,29.81005],[-101.55249,29.80423],[-101.55556,29.80296],[-101.56775,29.79873],[-101.57379,29.78899],[-101.57432,29.78658],[-101.5732,29.78407],[-101.57288,29.78139],[-101.5724,29.77306],[-101.57494,29.76985],[-101.57703,29.76912],[-101.58025,29.76966],[-101.58633,29.77098],[-101.58842,29.77095],[-101.59451,29.77191],[-101.59889,29.77383],[-101.60368,29.7744],[-101.60796,29.77368],[-101.61301,29.77145],[-101.61791,29.76993],[-101.62083,29.76995],[-101.62596,29.77106],[-101.62818,29.77041],[-101.63032,29.76873],[-101.63253,29.76467],[-101.63265,29.76137],[-101.63513,29.75868],[-101.64112,29.75635],[-101.64288,29.75455],[-101.64642,29.7543],[-101.64958,29.75617],[-101.6524,29.75879],[-101.65314,29.76219],[-101.65458,29.76516],[-101.65862,29.7667],[-101.66245,29.77128],[-101.66614,29.76993],[-101.67173,29.76819],[-101.67496,29.76497],[-101.67502,29.76296],[-101.6753,29.76108],[-101.6778,29.76029],[-101.68144,29.76078],[-101.68492,29.76523],[-101.68559,29.76739],[-101.68731,29.76959],[-101.68999,29.77121],[-101.69394,29.76893],[-101.69936,29.76536],[-101.70664,29.76274],[-101.70887,29.76164],[-101.71206,29.76278],[-101.71376,29.7668],[-101.71691,29.77169],[-101.71871,29.77474],[-101.72106,29.77608],[-101.7238,29.77643],[-101.72544,29.7754],[-101.72681,29.77379],[-101.72984,29.77184],[-101.73234,29.77129],[-101.7352,29.77159],[-101.73923,29.77353],[-101.73967,29.77578],[-101.74088,29.77756],[-101.74246,29.77874],[-101.74519,29.77911],[-101.74949,29.77749],[-101.75432,29.77766],[-101.75535,29.77898],[-101.75788,29.78006],[-101.76031,29.7817],[-101.7643,29.78274],[-101.7711,29.78751],[-101.77383,29.78868],[-101.77716,29.78933],[-101.78191,29.78963],[-101.78567,29.78825],[-101.78559,29.78416],[-101.78812,29.77954],[-101.79463,29.77913],[-101.80103,29.7795],[-101.80754,29.78137],[-101.81099,29.78387],[-101.81314,29.78721],[-101.81452,29.79186],[-101.81346,29.79441],[-101.8095,29.79728],[-101.80696,29.79902],[-101.80558,29.80075],[-101.80361,29.80345],[-101.81056,29.8078],[-101.81221,29.80955],[-101.81583,29.81107],[-101.81827,29.81162],[-101.82088,29.81112],[-101.82506,29.80825],[-101.82582,29.80523],[-101.82397,29.80048],[-101.82144,29.79794],[-101.81899,29.79365],[-101.81863,29.79056],[-101.82116,29.78841],[-101.8241,29.78715],[-101.82655,29.78786],[-101.83123,29.78932],[-101.83906,29.79472],[-101.84371,29.79967],[-101.84713,29.80271],[-101.84718,29.80422],[-101.84895,29.80674],[-101.85096,29.80788],[-101.85333,29.80772],[-101.85562,29.80735],[-101.85725,29.80584],[-101.8624,29.80145],[-101.86738,29.79749],[-101.8754,29.79402],[-101.87746,29.7944],[-101.8796,29.79571],[-101.88097,29.79538],[-101.88291,29.79349],[-101.88471,29.79385],[-101.88816,29.79642],[-101.89274,29.79789],[-101.90273,29.79803],[-101.90788,29.79881],[-101.91241,29.79785],[-101.91518,29.7958],[-101.91756,29.79268],[-101.92143,29.78747],[-101.92491,29.78403],[-101.92932,29.78258],[-101.93353,29.78519],[-101.93417,29.78799],[-101.93254,29.78977],[-101.93266,29.79182],[-101.93381,29.79703],[-101.93728,29.80041],[-101.94187,29.80082],[-101.94666,29.80134],[-101.95056,29.79821],[-101.95548,29.79533],[-101.95872,29.79656],[-101.96138,29.79797],[-101.96338,29.80015],[-101.96388,29.80293],[-101.96546,29.80599],[-101.96472,29.80906],[-101.96543,29.81099],[-101.96733,29.81311],[-101.96939,29.81376],[-101.97194,29.81366],[-101.97218,29.81498],[-101.97361,29.8156],[-101.97663,29.81599],[-101.97934,29.81534],[-101.9812,29.8154],[-101.98219,29.81332],[-101.98306,29.80933],[-101.98197,29.80588],[-101.9843,29.79926],[-101.98607,29.79749],[-101.98861,29.79667],[-101.99139,29.79811],[-101.99472,29.80516],[-101.99749,29.80644],[-102.00118,29.80474],[-102.00642,29.80134],[-102.01089,29.79989],[-102.0149,29.79752],[-102.01841,29.79852],[-102.01971,29.80149],[-102.02192,29.80249],[-102.02399,29.80324],[-102.0253,29.80273],[-102.02842,29.80188],[-102.03257,29.80383],[-102.03476,29.80403],[-102.03901,29.80266],[-102.04109,29.79961],[-102.03983,29.79526],[-102.03841,29.79283],[-102.03923,29.79098],[-102.04171,29.78968],[-102.04378,29.7903],[-102.04563,29.79008],[-102.04757,29.78899],[-102.04879,29.78609],[-102.05004,29.78507],[-102.05224,29.78512],[-102.05437,29.78687],[-102.06364,29.78669],[-102.07365,29.78693],[-102.07604,29.78839],[-102.07621,29.79074],[-102.07735,29.79242],[-102.07898,29.79308],[-102.0806,29.79277],[-102.08248,29.79342],[-102.08253,29.79428],[-102.08444,29.79496],[-102.09182,29.79285],[-102.09357,29.7915],[-102.09626,29.79147],[-102.10183,29.79361],[-102.10646,29.79272],[-102.10884,29.7921],[-102.11131,29.79302],[-102.11368,29.79344],[-102.11568,29.79239],[-102.11792,29.79616],[-102.11839,29.79903],[-102.11732,29.80064],[-102.12053,29.80233],[-102.12322,29.80231],[-102.12455,29.80113],[-102.12764,29.7988],[-102.12951,29.79862],[-102.13265,29.80031],[-102.13785,29.80211],[-102.14233,29.80285],[-102.14528,29.80529],[-102.14921,29.81012],[-102.15153,29.81191],[-102.15416,29.81164],[-102.1596,29.81436],[-102.16167,29.81949],[-102.16553,29.82282],[-102.16607,29.82479],[-102.16767,29.82604],[-102.17879,29.82571],[-102.18008,29.82657],[-102.1813,29.83115],[-102.17865,29.83615],[-102.17845,29.83809],[-102.17876,29.84021],[-102.18189,29.84603],[-102.18525,29.84774],[-102.18867,29.84894],[-102.19165,29.84664],[-102.19321,29.84243],[-102.19386,29.83825],[-102.19706,29.83642],[-102.20053,29.83759],[-102.20538,29.84244],[-102.20994,29.84436],[-102.2155,29.84364],[-102.21951,29.841],[-102.22353,29.84053],[-102.22755,29.84353],[-102.2296,29.84616],[-102.23086,29.84787],[-102.23266,29.84849],[-102.23874,29.84798],[-102.24138,29.84769],[-102.24446,29.84851],[-102.24528,29.85008],[-102.24504,29.85209],[-102.24322,29.85841],[-102.24467,29.86183],[-102.24558,29.86355],[-102.24692,29.86431],[-102.24881,29.86419],[-102.24977,29.86329],[-102.2516,29.85991],[-102.25129,29.856],[-102.2523,29.85398],[-102.25418,29.85279],[-102.2571,29.85277],[-102.26139,29.85328],[-102.26348,29.85423],[-102.26426,29.85581],[-102.26428,29.8578],[-102.26326,29.86106],[-102.2623,29.86214],[-102.26178,29.864],[-102.26313,29.86623],[-102.26495,29.86781],[-102.26882,29.86799],[-102.27675,29.86298],[-102.28125,29.86312],[-102.2833,29.86429],[-102.28464,29.867],[-102.28619,29.87053],[-102.28798,29.8716],[-102.2918,29.87263],[-102.29529,29.87334],[-102.29733,29.87519],[-102.30138,29.87767],[-102.30667,29.87765],[-102.31148,29.87701],[-102.31539,29.87992],[-102.32062,29.87898],[-102.3246,29.8731],[-102.32318,29.86739],[-102.32346,29.86392],[-102.32532,29.86293],[-102.32782,29.86266],[-102.33157,29.86281],[-102.33289,29.86544],[-102.33338,29.86805],[-102.34103,29.86931],[-102.34224,29.86819],[-102.34213,29.86692],[-102.34455,29.86468],[-102.34986,29.86232],[-102.35067,29.8554],[-102.35195,29.85311],[-102.35347,29.85197],[-102.35773,29.85055],[-102.36124,29.84913],[-102.36454,29.84539],[-102.36251,29.83316],[-102.36512,29.82697],[-102.36952,29.8204],[-102.37256,29.8112],[-102.37434,29.80642],[-102.37725,29.80016],[-102.37731,29.78997],[-102.37938,29.78776],[-102.38176,29.7869],[-102.38505,29.78585],[-102.38855,29.78361],[-102.38967,29.7826],[-102.38974,29.78091],[-102.38726,29.77847],[-102.38541,29.7734],[-102.38513,29.77147],[-102.38545,29.76924],[-102.38686,29.76573],[-102.38636,29.76241],[-102.38832,29.76127],[-102.38999,29.76223],[-102.39079,29.76367],[-102.39179,29.7661],[-102.39393,29.76869],[-102.39762,29.76964],[-102.39971,29.769],[-102.40219,29.76698],[-102.40454,29.76518],[-102.40818,29.76501],[-102.40977,29.76472],[-102.41111,29.76641],[-102.41173,29.76772],[-102.41329,29.76827],[-102.41545,29.76942],[-102.41755,29.76959],[-102.42147,29.76926],[-102.42332,29.77024],[-102.4253,29.77258],[-102.42928,29.77453],[-102.43144,29.7752],[-102.4333,29.77661],[-102.43511,29.77676],[-102.4366,29.77574],[-102.43774,29.7739],[-102.4393,29.77326],[-102.44631,29.77742],[-102.45008,29.77717],[-102.45561,29.77472],[-102.45827,29.77478],[-102.45927,29.77603],[-102.46304,29.78205],[-102.46482,29.78313],[-102.46643,29.78365],[-102.46797,29.78253],[-102.46973,29.7808],[-102.47131,29.77708],[-102.47323,29.77602],[-102.47615,29.77598],[-102.48026,29.77601],[-102.48203,29.77736],[-102.48158,29.78244],[-102.48426,29.78508],[-102.48725,29.78658],[-102.48998,29.7854],[-102.49473,29.78305],[-102.49757,29.78179],[-102.4996,29.78143],[-102.50605,29.78237],[-102.51584,29.7843],[-102.51753,29.78395],[-102.51819,29.78231],[-102.51943,29.78045],[-102.51834,29.77889],[-102.5148,29.7755],[-102.51152,29.77456],[-102.51057,29.77318],[-102.51132,29.77026],[-102.5131,29.76909],[-102.51338,29.76576],[-102.52003,29.76101],[-102.52496,29.75907],[-102.53172,29.75635],[-102.53574,29.75361],[-102.539,29.74991],[-102.54238,29.7471],[-102.54711,29.74545],[-102.54826,29.7446],[-102.5507,29.74519],[-102.55343,29.74809],[-102.55486,29.74909],[-102.55513,29.75133],[-102.55441,29.75377],[-102.55518,29.75586],[-102.55723,29.75755],[-102.55934,29.76038],[-102.56175,29.76609],[-102.56554,29.76963],[-102.56553,29.77072],[-102.56766,29.77146],[-102.56947,29.77138],[-102.57096,29.7705],[-102.57182,29.76896],[-102.57363,29.7682],[-102.57404,29.76501],[-102.57309,29.75974],[-102.5721,29.75673],[-102.57414,29.75477],[-102.57635,29.7543],[-102.57922,29.75537],[-102.58258,29.75352],[-102.58538,29.7509],[-102.58849,29.74933],[-102.59348,29.7495],[-102.59514,29.75093],[-102.59716,29.75161],[-102.60389,29.75025],[-102.60611,29.74886],[-102.61035,29.74777],[-102.61288,29.74818],[-102.61537,29.74615],[-102.61661,29.74373],[-102.62253,29.73663],[-102.63015,29.73431],[-102.6391,29.73351],[-102.64566,29.73391],[-102.66125,29.73612],[-102.66564,29.73771],[-102.66744,29.73964],[-102.66752,29.74196],[-102.66739,29.74466],[-102.66903,29.74611],[-102.67282,29.74437],[-102.674,29.74457],[-102.67578,29.74308],[-102.67737,29.74135],[-102.67719,29.73826],[-102.67899,29.73402],[-102.68153,29.72838],[-102.68319,29.7269],[-102.68506,29.72687],[-102.68816,29.72249],[-102.69053,29.72267],[-102.69137,29.72137],[-102.69065,29.71543],[-102.69024,29.70748],[-102.68915,29.70494],[-102.69437,29.70097],[-102.69685,29.69885],[-102.69835,29.69559],[-102.69932,29.68503],[-102.69639,29.68262],[-102.69347,29.67651],[-102.69741,29.67163],[-102.70096,29.67251],[-102.70408,29.67134],[-102.70894,29.66652],[-102.71128,29.66047],[-102.7129,29.65804],[-102.71775,29.65444],[-102.72135,29.65261],[-102.72283,29.65143],[-102.72574,29.65142],[-102.72522,29.64967],[-102.72421,29.64759],[-102.72517,29.64451],[-102.72721,29.6422],[-102.72978,29.64065],[-102.73451,29.64214],[-102.73695,29.64154],[-102.73758,29.63875],[-102.74219,29.63251],[-102.74142,29.62935],[-102.73928,29.62613],[-102.73843,29.62193],[-102.7388,29.61321],[-102.73877,29.60937],[-102.73918,29.60721],[-102.74045,29.6051],[-102.74156,29.60283],[-102.73999,29.59904],[-102.74193,29.59598],[-102.74434,29.59356],[-102.7462,29.59287],[-102.7497,29.59509],[-102.75707,29.5978],[-102.76189,29.59864],[-102.76579,29.59752],[-102.76834,29.59473],[-102.76743,29.5919],[-102.76576,29.5889],[-102.76224,29.57945],[-102.76379,29.57507],[-102.76612,29.57235],[-102.76763,29.5718],[-102.76988,29.57373],[-102.77225,29.5739],[-102.77396,29.57308],[-102.7739,29.56966],[-102.77357,29.56657],[-102.77487,29.56429],[-102.77728,29.56147],[-102.77773,29.55967],[-102.77753,29.5565],[-102.77572,29.55219],[-102.77143,29.54855],[-102.77375,29.54717],[-102.77607,29.54725],[-102.77729,29.54628],[-102.77812,29.54421],[-102.78027,29.54247],[-102.78333,29.54192],[-102.78927,29.54368],[-102.79145,29.54282],[-102.79303,29.53995],[-102.79159,29.53622],[-102.79178,29.53376],[-102.79257,29.53244],[-102.79632,29.53069],[-102.7977,29.52847],[-102.79844,29.52667],[-102.80298,29.52454],[-102.80869,29.52232],[-102.80844,29.51898],[-102.80648,29.51576],[-102.80722,29.51232],[-102.80683,29.50991],[-102.80656,29.50701],[-102.80747,29.50385],[-102.80639,29.50289],[-102.80447,29.50159],[-102.80448,29.50006],[-102.80562,29.49716],[-102.80674,29.49554],[-102.80733,29.49401],[-102.80487,29.49035],[-102.80265,29.48832],[-102.80067,29.48624],[-102.80354,29.48405],[-102.80736,29.48353],[-102.81158,29.48369],[-102.81395,29.48281],[-102.81439,29.4799],[-102.81534,29.47666],[-102.81537,29.47444],[-102.814,29.4714],[-102.81575,29.471],[-102.81839,29.46683],[-102.82144,29.46533],[-102.8231,29.4633],[-102.82372,29.46048],[-102.8251,29.45859],[-102.82547,29.45512],[-102.82446,29.45347],[-102.82369,29.45202],[-102.82202,29.45202],[-102.82034,29.45151],[-102.81961,29.45094],[-102.82093,29.44986],[-102.82755,29.44681],[-102.82989,29.4455],[-102.83097,29.44427],[-102.83087,29.44164],[-102.83183,29.43865],[-102.8312,29.43376],[-102.83254,29.43311],[-102.83061,29.42752],[-102.82964,29.42627],[-102.82857,29.42358],[-102.82693,29.4177],[-102.8281,29.41604],[-102.83086,29.41357],[-102.83227,29.41162],[-102.83326,29.41098],[-102.83325,29.40929],[-102.83121,29.40821],[-102.82788,29.40774],[-102.82641,29.40745],[-102.82652,29.40634],[-102.82573,29.40419],[-102.82609,29.40275],[-102.82462,29.4026],[-102.82344,29.40331],[-102.819,29.4036],[-102.8168,29.40293],[-102.81368,29.40233],[-102.81236,29.40144],[-102.81267,29.40017],[-102.8145,29.39804],[-102.81635,29.39706],[-102.81912,29.39811],[-102.82211,29.39793],[-102.82561,29.39695],[-102.83016,29.39033],[-102.83252,29.38892],[-102.8332,29.38742],[-102.8333,29.38548],[-102.83396,29.37982],[-102.83471,29.37849],[-102.84159,29.3772],[-102.84436,29.37538],[-102.84519,29.37367],[-102.84498,29.36924],[-102.84542,29.36521],[-102.84388,29.36353],[-102.84177,29.36282],[-102.83992,29.3616],[-102.83938,29.35892],[-102.84302,29.35799],[-102.84616,29.35736],[-102.85184,29.35504],[-102.85666,29.3536],[-102.86058,29.35153],[-102.87186,29.35209],[-102.87477,29.35302],[-102.8768,29.35466],[-102.87802,29.35454],[-102.87953,29.35333],[-102.88159,29.35157],[-102.88436,29.34773],[-102.88388,29.34599],[-102.88111,29.34265],[-102.87981,29.33875],[-102.88493,29.32507],[-102.88499,29.32213],[-102.88445,29.32068],[-102.88525,29.32015],[-102.88686,29.31934],[-102.88825,29.31523],[-102.88754,29.31322],[-102.88759,29.31127],[-102.88928,29.31007],[-102.89049,29.3095],[-102.89297,29.30915],[-102.89263,29.30588],[-102.89012,29.30241],[-102.88911,29.29775],[-102.88833,29.29195],[-102.89102,29.28711],[-102.89435,29.28623],[-102.89651,29.28483],[-102.89754,29.28199],[-102.89961,29.28047],[-102.90134,29.28076],[-102.9026,29.27944],[-102.9031,29.27676],[-102.90215,29.27464],[-102.90012,29.27232],[-102.89926,29.26948],[-102.90225,29.26482],[-102.90479,29.2639],[-102.90638,29.26206],[-102.9063,29.26001],[-102.90554,29.25707],[-102.90319,29.25403],[-102.90032,29.25396],[-102.89853,29.25442],[-102.89663,29.25411],[-102.89363,29.25026],[-102.89128,29.24805],[-102.8879,29.24561],[-102.88114,29.24602],[-102.87439,29.24355],[-102.87135,29.24162],[-102.87061,29.23704],[-102.87153,29.23274],[-102.87035,29.23094],[-102.86882,29.23056],[-102.86676,29.22774],[-102.86685,29.22501],[-102.86847,29.22288],[-102.87417,29.2186],[-102.87729,29.21709],[-102.87802,29.2147],[-102.8849,29.2116],[-102.88945,29.21016],[-102.89392,29.20866],[-102.89923,29.20886],[-102.90188,29.21327],[-102.90574,29.21598],[-102.90879,29.21934],[-102.91232,29.21942],[-102.91494,29.21748],[-102.91622,29.215],[-102.91555,29.21134],[-102.91245,29.20625],[-102.91362,29.20438],[-102.9135,29.20201],[-102.91485,29.19991],[-102.91751,29.19929],[-102.91906,29.19815],[-102.91854,29.19504],[-102.91726,29.19259],[-102.91781,29.1907],[-102.92117,29.1916],[-102.92548,29.19372],[-102.93297,29.19451],[-102.93589,29.19112],[-102.93775,29.18853],[-102.94022,29.18922],[-102.94121,29.19122],[-102.94376,29.19117],[-102.94491,29.18882],[-102.94518,29.18503],[-102.94716,29.18078],[-102.94993,29.17999],[-102.95089,29.17684],[-102.95059,29.17373],[-102.95279,29.17394],[-102.95565,29.17815],[-102.96105,29.17963],[-102.96576,29.18235],[-102.97073,29.18411],[-102.97324,29.18566],[-102.97727,29.18623],[-102.98161,29.18558],[-102.9852,29.18346],[-102.98943,29.18317],[-102.99465,29.17962],[-102.99632,29.17826],[-102.998,29.17565],[-102.9981,29.17268],[-102.99699,29.17048],[-102.99586,29.16452],[-102.99569,29.16122],[-102.99945,29.1561],[-103.00243,29.15026],[-103.00836,29.14829],[-103.0088,29.13757],[-103.01102,29.13705],[-103.01391,29.13591],[-103.01565,29.13399],[-103.01448,29.13045],[-103.01217,29.1287],[-103.01239,29.12585],[-103.01365,29.12505],[-103.01503,29.12577],[-103.02015,29.12579],[-103.02286,29.12351],[-103.02403,29.11975],[-103.02759,29.11602],[-103.03272,29.11517],[-103.03599,29.11396],[-103.03703,29.11258],[-103.03612,29.11078],[-103.03218,29.10699],[-103.03258,29.10414],[-103.03334,29.10189],[-103.03603,29.09874],[-103.03932,29.09704],[-103.04481,29.09545],[-103.04733,29.09585],[-103.04873,29.09742],[-103.05265,29.09975],[-103.05465,29.10064],[-103.05867,29.09581],[-103.06425,29.09145],[-103.06642,29.09164],[-103.06863,29.09328],[-103.07043,29.09366],[-103.07199,29.09273],[-103.0761,29.09132],[-103.08011,29.08687],[-103.07663,29.07977],[-103.07685,29.07606],[-103.07896,29.07374],[-103.0852,29.06949],[-103.08742,29.06711],[-103.08539,29.0586],[-103.0859,29.05374],[-103.09031,29.05375],[-103.0919,29.05781],[-103.09157,29.06306],[-103.09177,29.06413],[-103.0933,29.06486],[-103.09548,29.06473],[-103.0974,29.06056],[-103.10013,29.06067],[-103.10027,29.0577],[-103.10036,29.05187],[-103.10136,29.049],[-103.10397,29.04637],[-103.10587,29.04245],[-103.10634,29.03762],[-103.10346,29.03266],[-103.10065,29.03091],[-103.09785,29.02704],[-103.10161,29.01812],[-103.10781,29.01381],[-103.11724,29.00021],[-103.11605,28.99461],[-103.11392,28.98855],[-103.11533,28.98527],[-103.11883,28.98371],[-103.12299,28.98443],[-103.12675,28.98212],[-103.13137,28.98395],[-103.13493,28.98353],[-103.14327,28.97807],[-103.15143,28.9751],[-103.1527,28.97266],[-103.15461,28.97161],[-103.15665,28.97283],[-103.15973,28.97378],[-103.16387,28.9721],[-103.16592,28.974],[-103.16578,28.9775],[-103.1688,28.97947],[-103.17082,28.98057],[-103.17303,28.98016],[-103.17461,28.97774],[-103.17675,28.97807],[-103.17971,28.98183],[-103.19118,28.98409],[-103.19932,28.98607],[-103.20241,28.98719],[-103.20752,28.98654],[-103.2114,28.98743],[-103.21478,28.98773],[-103.21763,28.98621],[-103.21898,28.98565],[-103.21967,28.98352],[-103.22159,28.98437],[-103.22394,28.98785],[-103.22555,28.98998],[-103.2278,28.99153],[-103.23025,28.98853],[-103.2335,28.98601],[-103.23599,28.98478],[-103.23763,28.98186],[-103.24388,28.98123],[-103.24959,28.98052],[-103.25098,28.98131],[-103.25156,28.98437],[-103.25329,28.98669],[-103.26126,28.99266],[-103.26633,28.99598],[-103.26814,28.99498],[-103.26948,28.99295],[-103.26953,28.99068],[-103.27036,28.98811],[-103.27139,28.98536],[-103.27336,28.98284],[-103.27703,28.97994],[-103.27934,28.977],[-103.28346,28.97695],[-103.2874,28.97865],[-103.2883,28.98138],[-103.28445,28.98233],[-103.28229,28.98449],[-103.28155,28.9877],[-103.28262,28.99161],[-103.28393,28.99501],[-103.28616,29.00026],[-103.28785,29.00224],[-103.29241,29.00419],[-103.29554,29.00625],[-103.29898,29.00668],[-103.30057,29.00827],[-103.30299,29.00773],[-103.30827,29.0034],[-103.31099,29.00474],[-103.3145,29.00781],[-103.31594,29.01039],[-103.3156,29.01225],[-103.31275,29.01296],[-103.31066,29.0149],[-103.30803,29.01888],[-103.30681,29.02221],[-103.30828,29.025],[-103.3123,29.02613],[-103.31521,29.02559],[-103.31898,29.02139],[-103.32018,29.01927],[-103.32251,29.01828],[-103.32568,29.01644],[-103.33122,29.01633],[-103.33508,29.01751],[-103.3383,29.01977],[-103.34081,29.02427],[-103.34205,29.0282],[-103.34021,29.02864],[-103.3386,29.02774],[-103.33647,29.02746],[-103.33418,29.02872],[-103.33147,29.02942],[-103.32861,29.03039],[-103.32728,29.03339],[-103.32719,29.03895],[-103.32937,29.04218],[-103.33087,29.04296],[-103.33312,29.04381],[-103.33871,29.04327],[-103.34051,29.04494],[-103.34229,29.04617],[-103.34368,29.04637],[-103.3449,29.04516],[-103.3478,29.04026],[-103.34946,29.03523],[-103.35082,29.02857],[-103.3528,29.02583],[-103.3539,29.02222],[-103.36032,29.0185],[-103.36676,29.02023],[-103.37389,29.02352],[-103.37728,29.02318],[-103.38127,29.02415],[-103.38424,29.02415],[-103.3865,29.02165],[-103.38769,29.02295],[-103.38808,29.02444],[-103.38721,29.02824],[-103.38772,29.03224],[-103.38843,29.03386],[-103.38964,29.03436],[-103.39301,29.0346],[-103.39498,29.03258],[-103.40077,29.03102],[-103.40245,29.03213],[-103.40344,29.03448],[-103.40467,29.03928],[-103.40881,29.03963],[-103.41188,29.03813],[-103.41541,29.03788],[-103.4174,29.04106],[-103.42012,29.04267],[-103.42356,29.04349],[-103.42775,29.04233],[-103.43223,29.04368],[-103.43075,29.04529],[-103.42868,29.04869],[-103.43083,29.05078],[-103.43354,29.05199],[-103.43467,29.05532],[-103.434,29.05708],[-103.43662,29.05802],[-103.44027,29.05763],[-103.44408,29.06017],[-103.4484,29.06378],[-103.44989,29.06539],[-103.45056,29.07026],[-103.44993,29.07271],[-103.45375,29.07241],[-103.45846,29.07263],[-103.46112,29.07247],[-103.46235,29.07169],[-103.45947,29.0687],[-103.45945,29.06725],[-103.46134,29.06738],[-103.46629,29.06642],[-103.47011,29.06619],[-103.47298,29.06835],[-103.47363,29.0711],[-103.46982,29.08017],[-103.47021,29.08553],[-103.47482,29.08667],[-103.47626,29.08809],[-103.47538,29.08957],[-103.47556,29.091],[-103.47696,29.09173],[-103.47855,29.09125],[-103.48068,29.0917],[-103.48443,29.09452],[-103.49461,29.10842],[-103.49745,29.10849],[-103.49968,29.10952],[-103.50046,29.1113],[-103.49951,29.11287],[-103.50015,29.1159],[-103.50147,29.11623],[-103.50416,29.11586],[-103.50669,29.1164],[-103.50812,29.1176],[-103.51104,29.12061],[-103.51448,29.12133],[-103.51748,29.12011],[-103.52154,29.12],[-103.52461,29.121],[-103.52354,29.12608],[-103.52379,29.13278],[-103.52285,29.13404],[-103.52302,29.13525],[-103.524,29.13643],[-103.53508,29.14279],[-103.53821,29.14413],[-103.53956,29.1461],[-103.54159,29.14594],[-103.54467,29.14484],[-103.54805,29.14229],[-103.55069,29.14413],[-103.55273,29.14701],[-103.55236,29.15093],[-103.55003,29.15378],[-103.55049,29.15625],[-103.55257,29.15733],[-103.55421,29.1579],[-103.55611,29.15599],[-103.5614,29.1553],[-103.56542,29.15416],[-103.56697,29.15501],[-103.5695,29.15542],[-103.57196,29.15411],[-103.57421,29.1535],[-103.57807,29.15013],[-103.58286,29.14939],[-103.58602,29.15011],[-103.59236,29.15026],[-103.59628,29.15191],[-103.60059,29.15788],[-103.60318,29.1581],[-103.60644,29.16041],[-103.6087,29.16465],[-103.61054,29.16577],[-103.61788,29.16349],[-103.62528,29.16321],[-103.62923,29.16271],[-103.6303,29.16197],[-103.63102,29.16013],[-103.63402,29.15858],[-103.63759,29.16053],[-103.63976,29.1612],[-103.6418,29.16071],[-103.64563,29.15929],[-103.64807,29.15698],[-103.6499,29.15641],[-103.65185,29.15749],[-103.6508,29.16111],[-103.65318,29.16286],[-103.65681,29.1691],[-103.6602,29.17093],[-103.66433,29.17088],[-103.66628,29.17188],[-103.66861,29.17389],[-103.67128,29.17328],[-103.67774,29.17388],[-103.68255,29.17628],[-103.68628,29.17635],[-103.68787,29.17856],[-103.6908,29.17824],[-103.69405,29.1769],[-103.69731,29.17719],[-103.69965,29.17812],[-103.70024,29.17936],[-103.70425,29.18469],[-103.70629,29.1851],[-103.70735,29.18371],[-103.70854,29.18483],[-103.71377,29.18501],[-103.71551,29.18127],[-103.71776,29.18056],[-103.71918,29.18139],[-103.71985,29.18328],[-103.72284,29.18917],[-103.72554,29.19267],[-103.72841,29.19272],[-103.72961,29.19464],[-103.72946,29.19653],[-103.73047,29.19794],[-103.73389,29.19968],[-103.73779,29.20263],[-103.74218,29.20861],[-103.74318,29.21508],[-103.7411,29.21757],[-103.74092,29.21942],[-103.74225,29.22169],[-103.74379,29.22191],[-103.74953,29.21975],[-103.7541,29.21952],[-103.75736,29.22067],[-103.75766,29.2231],[-103.75515,29.22476],[-103.75454,29.2275],[-103.75855,29.23294],[-103.76073,29.23343],[-103.76278,29.23275],[-103.76386,29.23156],[-103.76741,29.22844],[-103.76851,29.22727],[-103.76753,29.22583],[-103.76944,29.22127],[-103.77096,29.21953],[-103.77446,29.21989],[-103.7767,29.22005],[-103.77738,29.22181],[-103.77771,29.22389],[-103.78205,29.22798],[-103.78099,29.23334],[-103.78066,29.23738],[-103.78168,29.24128],[-103.78072,29.24382],[-103.77807,29.24318],[-103.77592,29.24411],[-103.77507,29.24795],[-103.77848,29.25204],[-103.77881,29.25561],[-103.7816,29.26111],[-103.78405,29.26547],[-103.78822,29.26548],[-103.79257,29.26256],[-103.79586,29.25972],[-103.79991,29.25857],[-103.80524,29.26046],[-103.80904,29.26639],[-103.80761,29.27016],[-103.81011,29.27305],[-103.81337,29.27397],[-103.81534,29.27335],[-103.82047,29.27073],[-103.82379,29.26999],[-103.82621,29.2692],[-103.82769,29.26988],[-103.82964,29.27097],[-103.83377,29.27246],[-103.83682,29.27395],[-103.83784,29.27574],[-103.83671,29.27705],[-103.8383,29.2783],[-103.85689,29.28185],[-103.86334,29.27922],[-103.86538,29.28189],[-103.86894,29.28065],[-103.87113,29.28158],[-103.87336,29.28345],[-103.88061,29.28496],[-103.88486,29.28423],[-103.88626,29.28056],[-103.88871,29.27898],[-103.89297,29.28155],[-103.89929,29.28741],[-103.90357,29.28698],[-103.90799,29.28507],[-103.91208,29.28374],[-103.91711,29.28422],[-103.91891,29.28504],[-103.9188,29.28653],[-103.91782,29.28793],[-103.91847,29.29003],[-103.92173,29.29211],[-103.92342,29.29337],[-103.92637,29.2944],[-103.92827,29.29375],[-103.93228,29.29354],[-103.93774,29.29283],[-103.9437,29.29495],[-103.9506,29.29586],[-103.95244,29.29759],[-103.95458,29.29689],[-103.96139,29.29866],[-103.96336,29.29815],[-103.9658,29.29859],[-103.96765,29.30003],[-103.96981,29.2973],[-103.97229,29.296],[-103.97523,29.29602],[-103.98334,29.29918],[-103.98499,29.30076],[-103.99323,29.30428],[-104.00068,29.30534],[-104.00232,29.30672],[-104.00865,29.30841],[-104.01624,29.31214],[-104.0194,29.31185],[-104.03828,29.32016],[-104.03951,29.32192],[-104.04522,29.32516],[-104.04757,29.32593],[-104.0556,29.33091],[-104.05669,29.33362],[-104.05622,29.33572],[-104.05555,29.33731],[-104.05724,29.33769],[-104.06629,29.34083],[-104.06936,29.34296],[-104.07215,29.34592],[-104.07429,29.34641],[-104.07592,29.34508],[-104.08215,29.34592],[-104.08647,29.35061],[-104.09102,29.35369],[-104.08957,29.35577],[-104.0897,29.35759],[-104.0906,29.35962],[-104.09333,29.35993],[-104.09448,29.36118],[-104.09725,29.36142],[-104.09812,29.36232],[-104.098,29.36628],[-104.10093,29.36746],[-104.10299,29.37031],[-104.10647,29.37313],[-104.10956,29.37409],[-104.1128,29.37371],[-104.11511,29.3729],[-104.11702,29.3711],[-104.12132,29.37142],[-104.12174,29.37745],[-104.12322,29.38048],[-104.12597,29.37945],[-104.12798,29.37825],[-104.13076,29.37926],[-104.13099,29.38171],[-104.1328,29.38333],[-104.13492,29.38422],[-104.13711,29.38344],[-104.13796,29.38214],[-104.13729,29.37993],[-104.1382,29.37856],[-104.13988,29.37804],[-104.14175,29.37821],[-104.14282,29.38121],[-104.14315,29.38332],[-104.14241,29.38495],[-104.14298,29.38716],[-104.14363,29.3884],[-104.14501,29.38728],[-104.14644,29.38543],[-104.14837,29.3851],[-104.15016,29.3859],[-104.15205,29.38891],[-104.15146,29.38987],[-104.15138,29.39122],[-104.15354,29.39331],[-104.1552,29.39457],[-104.15657,29.39394],[-104.15634,29.39081],[-104.15835,29.39005],[-104.16074,29.38988],[-104.16232,29.39163],[-104.165,29.39272],[-104.16744,29.39474],[-104.16843,29.39649],[-104.16629,29.39885],[-104.16454,29.40035],[-104.16525,29.40191],[-104.16609,29.40204],[-104.16793,29.40147],[-104.1694,29.40187],[-104.17113,29.40378],[-104.17066,29.40533],[-104.16941,29.4078],[-104.17086,29.40903],[-104.17344,29.41003],[-104.17494,29.40947],[-104.17732,29.40948],[-104.18003,29.41111],[-104.18007,29.41276],[-104.18067,29.41469],[-104.18208,29.41497],[-104.18327,29.41623],[-104.18392,29.41784],[-104.1831,29.4202],[-104.1809,29.42257],[-104.18094,29.42492],[-104.18153,29.42701],[-104.18401,29.42775],[-104.18599,29.42823],[-104.1873,29.42967],[-104.18888,29.43211],[-104.19061,29.43332],[-104.19292,29.43527],[-104.19377,29.43737],[-104.19282,29.43925],[-104.19383,29.44134],[-104.19755,29.44277],[-104.20819,29.4482],[-104.21117,29.44975],[-104.21253,29.45244],[-104.21564,29.45408],[-104.21813,29.45773],[-104.21659,29.45932],[-104.21348,29.46206],[-104.21243,29.46532],[-104.21282,29.46793],[-104.21075,29.47243],[-104.21094,29.47696],[-104.20903,29.48097],[-104.21111,29.48253],[-104.213,29.48413],[-104.21631,29.48446],[-104.21903,29.48341],[-104.22274,29.48261],[-104.22565,29.48183],[-104.22724,29.48028],[-104.22937,29.47905],[-104.2311,29.47907],[-104.23382,29.48654],[-104.23349,29.49273],[-104.23585,29.49674],[-104.23885,29.4983],[-104.24004,29.49732],[-104.24555,29.50099],[-104.24707,29.50293],[-104.25131,29.50527],[-104.25429,29.50671],[-104.2583,29.5061],[-104.26027,29.5065],[-104.26155,29.50769],[-104.26228,29.5102],[-104.2613,29.51096],[-104.26174,29.51346],[-104.266,29.51436],[-104.26828,29.51349],[-104.2704,29.51451],[-104.27073,29.51567],[-104.27535,29.51684],[-104.2789,29.5169],[-104.29193,29.51946],[-104.29263,29.52189],[-104.2942,29.52321],[-104.29679,29.52413],[-104.30427,29.52403],[-104.30858,29.52338],[-104.31171,29.52348],[-104.31059,29.52708],[-104.31095,29.52879],[-104.31284,29.5314],[-104.31548,29.53275],[-104.31814,29.5322],[-104.32066,29.52985],[-104.32062,29.52407],[-104.32179,29.5218],[-104.32589,29.52322],[-104.33073,29.52266],[-104.334,29.51958],[-104.33622,29.51933],[-104.33811,29.51997],[-104.35753,29.5324],[-104.3674,29.54011],[-104.36995,29.54285],[-104.37203,29.54386],[-104.37504,29.54375],[-104.37844,29.5418],[-104.38104,29.54341],[-104.39459,29.55609],[-104.39383,29.55904],[-104.39435,29.56054],[-104.39749,29.56759],[-104.39685,29.56896],[-104.39754,29.57075],[-104.39959,29.57232],[-104.4523,29.60366],[-104.45512,29.60647],[-104.45729,29.60914],[-104.46073,29.60895],[-104.46313,29.60992],[-104.46652,29.6093],[-104.46744,29.61187],[-104.46714,29.61399],[-104.46543,29.61553],[-104.46565,29.61856],[-104.46753,29.61906],[-104.47129,29.6185],[-104.47261,29.61789],[-104.47397,29.61881],[-104.47411,29.62118],[-104.47489,29.62382],[-104.47625,29.62529],[-104.47643,29.62676],[-104.47599,29.62798],[-104.47849,29.6284],[-104.48219,29.62773],[-104.4846,29.62797],[-104.4864,29.62916],[-104.48743,29.63124],[-104.48696,29.63298],[-104.48782,29.63402],[-104.49006,29.63394],[-104.49258,29.6341],[-104.49479,29.63375],[-104.49641,29.63494],[-104.49677,29.63707],[-104.49617,29.63881],[-104.49787,29.63966],[-104.50087,29.63872],[-104.50245,29.63751],[-104.50469,29.63741],[-104.50709,29.63688],[-104.50563,29.63404],[-104.50712,29.63235],[-104.50902,29.63328],[-104.51044,29.63537],[-104.51293,29.63725],[-104.51574,29.64055],[-104.51285,29.64284],[-104.50987,29.64365],[-104.51068,29.64549],[-104.5123,29.64661],[-104.51512,29.64708],[-104.51728,29.64712],[-104.51847,29.64915],[-104.51744,29.64983],[-104.51725,29.65169],[-104.5163,29.65236],[-104.51751,29.65333],[-104.51941,29.65412],[-104.52155,29.65671],[-104.52327,29.65855],[-104.52489,29.6592],[-104.52523,29.66179],[-104.52478,29.66504],[-104.52513,29.66618],[-104.5259,29.66802],[-104.52753,29.66741],[-104.52867,29.66787],[-104.52861,29.66979],[-104.53012,29.67063],[-104.53203,29.67057],[-104.53328,29.66887],[-104.53257,29.66727],[-104.53436,29.6661],[-104.53628,29.66734],[-104.53565,29.67054],[-104.53535,29.67331],[-104.53947,29.67859],[-104.54223,29.67985],[-104.54419,29.681],[-104.54353,29.6827],[-104.54062,29.68483],[-104.53772,29.68449],[-104.53377,29.68561],[-104.53045,29.68954],[-104.53068,29.69139],[-104.5361,29.693],[-104.54383,29.6963],[-104.54361,29.69783],[-104.54595,29.69961],[-104.54327,29.70362],[-104.54622,29.7092],[-104.54435,29.70987],[-104.54391,29.71119],[-104.54545,29.71376],[-104.54779,29.71441],[-104.54481,29.71553],[-104.5456,29.71704],[-104.54748,29.71769],[-104.54985,29.71619],[-104.55224,29.71712],[-104.55121,29.71932],[-104.54945,29.71982],[-104.54912,29.72077],[-104.55237,29.72323],[-104.55178,29.72531],[-104.54906,29.72719],[-104.54901,29.72882],[-104.54966,29.73105],[-104.55245,29.73189],[-104.5556,29.73122],[-104.55653,29.73296],[-104.55568,29.73477],[-104.55702,29.73545],[-104.55891,29.73478],[-104.56049,29.73535],[-104.56025,29.73671],[-104.55877,29.7381],[-104.55572,29.73808],[-104.55418,29.73863],[-104.55218,29.73844],[-104.55026,29.73809],[-104.5498,29.74064],[-104.55186,29.74206],[-104.55388,29.74305],[-104.55539,29.74187],[-104.55696,29.74533],[-104.56004,29.74721],[-104.56403,29.749],[-104.56831,29.75119],[-104.57005,29.75286],[-104.56934,29.75599],[-104.56738,29.75688],[-104.56595,29.75879],[-104.56496,29.76145],[-104.56609,29.76499],[-104.56813,29.76585],[-104.56847,29.76694],[-104.56572,29.769],[-104.56569,29.77046],[-104.57066,29.77849],[-104.57349,29.78025],[-104.57406,29.78138],[-104.57897,29.783],[-104.57824,29.78763],[-104.57981,29.78877],[-104.57987,29.79079],[-104.58246,29.7925],[-104.58116,29.79346],[-104.58151,29.79511],[-104.58356,29.79584],[-104.58641,29.79623],[-104.58921,29.79576],[-104.59095,29.79841],[-104.59047,29.79967],[-104.58891,29.79953],[-104.58673,29.80063],[-104.58632,29.80316],[-104.58915,29.80604],[-104.59106,29.80943],[-104.59247,29.81028],[-104.59402,29.80922],[-104.59236,29.80695],[-104.59316,29.8061],[-104.59509,29.8051],[-104.5965,29.80847],[-104.59915,29.81101],[-104.60044,29.81572],[-104.60332,29.81732],[-104.60412,29.81562],[-104.60694,29.8171],[-104.60699,29.81885],[-104.61008,29.81936],[-104.60828,29.82819],[-104.61044,29.8275],[-104.61359,29.8279],[-104.61434,29.82995],[-104.61786,29.82945],[-104.6195,29.83008],[-104.62026,29.83308],[-104.61508,29.83314],[-104.6105,29.83628],[-104.60944,29.83975],[-104.61097,29.8412],[-104.6138,29.84599],[-104.61577,29.84613],[-104.61904,29.84445],[-104.61924,29.84218],[-104.62112,29.8418],[-104.62463,29.84268],[-104.62435,29.84522],[-104.62148,29.8473],[-104.62157,29.8495],[-104.62242,29.85097],[-104.6266,29.85092],[-104.62893,29.85167],[-104.6301,29.85331],[-104.63017,29.86462],[-104.63165,29.86775],[-104.63327,29.87048],[-104.63633,29.87251],[-104.6371,29.87366],[-104.63979,29.87342],[-104.64163,29.87425],[-104.64186,29.87587],[-104.64611,29.87854],[-104.64576,29.88155],[-104.64702,29.88385],[-104.6508,29.88655],[-104.65228,29.88844],[-104.64999,29.89147],[-104.65333,29.8923],[-104.65362,29.89057],[-104.65678,29.88933],[-104.65865,29.89156],[-104.65784,29.8953],[-104.65893,29.89849],[-104.65904,29.90141],[-104.65599,29.90223],[-104.6548,29.9042],[-104.65594,29.90621],[-104.65896,29.90501],[-104.66245,29.90533],[-104.66164,29.9026],[-104.66426,29.9011],[-104.66559,29.90171],[-104.66602,29.90448],[-104.66584,29.90895],[-104.67041,29.91182],[-104.67412,29.91053],[-104.67728,29.91353],[-104.67616,29.916],[-104.6776,29.91887],[-104.67983,29.92092],[-104.67977,29.92466],[-104.67858,29.92664],[-104.68022,29.92774],[-104.68324,29.92945],[-104.68101,29.93],[-104.67943,29.93195],[-104.67986,29.93369],[-104.68212,29.93455],[-104.68268,29.9357],[-104.68133,29.93821],[-104.68042,29.93901],[-104.67874,29.93821],[-104.67795,29.941],[-104.67813,29.94375],[-104.68065,29.94561],[-104.68067,29.94703],[-104.67899,29.9473],[-104.6784,29.94916],[-104.67726,29.95021],[-104.67792,29.95204],[-104.67429,29.95079],[-104.67334,29.95428],[-104.67364,29.95677],[-104.67911,29.95574],[-104.68032,29.95698],[-104.68432,29.95609],[-104.68526,29.95699],[-104.68387,29.95997],[-104.6832,29.96565],[-104.68232,29.96707],[-104.6819,29.9694],[-104.68547,29.9704],[-104.683,29.97151],[-104.68244,29.97356],[-104.68011,29.97422],[-104.68015,29.977],[-104.68265,29.97698],[-104.6848,29.97509],[-104.68862,29.97356],[-104.69194,29.97386],[-104.69206,29.97603],[-104.69085,29.97805],[-104.68831,29.98017],[-104.68883,29.98213],[-104.68827,29.98472],[-104.68624,29.98478],[-104.68548,29.98994],[-104.68748,29.99076],[-104.69177,29.99151],[-104.69337,29.99404],[-104.6885,29.99373],[-104.68719,29.99682],[-104.68859,29.99902],[-104.68872,30.00198],[-104.69016,30.00371],[-104.69193,30.00184],[-104.69394,30.00177],[-104.69327,30.00608],[-104.69385,30.00729],[-104.69067,30.00818],[-104.68956,30.01046],[-104.68964,30.01495],[-104.69359,30.01908],[-104.6976,30.01944],[-104.70231,30.02132],[-104.704,30.02421],[-104.70049,30.0337],[-104.7011,30.03553],[-104.69577,30.03732],[-104.69719,30.04028],[-104.69934,30.04228],[-104.70472,30.04815],[-104.70629,30.04917],[-104.70687,30.05069],[-104.70368,30.05534],[-104.70525,30.05855],[-104.70221,30.06019],[-104.70358,30.06453],[-104.69823,30.06529],[-104.69548,30.06668],[-104.6939,30.06891],[-104.69105,30.07063],[-104.69306,30.07144],[-104.69361,30.07325],[-104.69263,30.0742],[-104.68802,30.07347],[-104.68662,30.07636],[-104.69003,30.07586],[-104.69077,30.07802],[-104.68576,30.08233],[-104.68669,30.08374],[-104.685,30.08564],[-104.68662,30.08734],[-104.68798,30.08591],[-104.68945,30.08529],[-104.68895,30.08749],[-104.69016,30.08971],[-104.68695,30.09033],[-104.6855,30.09321],[-104.68569,30.09596],[-104.68481,30.1001],[-104.68667,30.09914],[-104.68779,30.09681],[-104.68897,30.09496],[-104.69001,30.09634],[-104.69215,30.09608],[-104.69206,30.09907],[-104.69438,30.10189],[-104.69322,30.10332],[-104.69209,30.1073],[-104.69174,30.10872],[-104.69003,30.10787],[-104.69005,30.10621],[-104.68707,30.10534],[-104.68608,30.10687],[-104.68584,30.11067],[-104.69171,30.11138],[-104.69161,30.1158],[-104.68976,30.11613],[-104.69098,30.11789],[-104.6932,30.11837],[-104.6937,30.11696],[-104.69508,30.11781],[-104.69426,30.11998],[-104.69402,30.1223],[-104.69568,30.12561],[-104.69505,30.12973],[-104.69537,30.13213],[-104.6964,30.13375],[-104.69642,30.13502],[-104.69491,30.13453],[-104.69317,30.13543],[-104.69212,30.13866],[-104.69047,30.13861],[-104.68874,30.13772],[-104.68973,30.14063],[-104.68832,30.14179],[-104.68629,30.14146],[-104.68637,30.14245],[-104.6854,30.14453],[-104.68569,30.14558],[-104.68823,30.14529],[-104.68965,30.14608],[-104.68827,30.14747],[-104.68918,30.14837],[-104.69006,30.14972],[-104.68727,30.15107],[-104.68704,30.15274],[-104.68956,30.1541],[-104.6877,30.159],[-104.68751,30.1622],[-104.6884,30.16513],[-104.68818,30.16719],[-104.68711,30.1687],[-104.68633,30.17328],[-104.68798,30.17639],[-104.68672,30.17862],[-104.6873,30.17946],[-104.69076,30.18304],[-104.69269,30.18709],[-104.69302,30.18908],[-104.69597,30.19024],[-104.69723,30.1918],[-104.69612,30.19496],[-104.69704,30.1978],[-104.69967,30.19872],[-104.70046,30.2055],[-104.70193,30.20638],[-104.70398,30.2067],[-104.70508,30.2085],[-104.70279,30.21174],[-104.70248,30.21278],[-104.70526,30.21693],[-104.70793,30.21854],[-104.71124,30.22292],[-104.71142,30.22432],[-104.70807,30.22608],[-104.70597,30.235],[-104.70878,30.23571],[-104.71317,30.23796],[-104.71488,30.24105],[-104.71833,30.24424],[-104.71888,30.2469],[-104.72159,30.24789],[-104.7243,30.25005],[-104.72398,30.25161],[-104.72415,30.25305],[-104.72752,30.25444],[-104.72896,30.25696],[-104.73032,30.25894],[-104.73382,30.26122],[-104.73736,30.26138],[-104.73687,30.25923],[-104.73708,30.25814],[-104.736,30.25697],[-104.73709,30.25593],[-104.73927,30.25767],[-104.74045,30.25945],[-104.74966,30.26126],[-104.75157,30.26364],[-104.75018,30.26595],[-104.74808,30.27269],[-104.74848,30.27429],[-104.75044,30.27166],[-104.7511,30.27388],[-104.75323,30.27356],[-104.75396,30.27218],[-104.75507,30.27185],[-104.75662,30.27419],[-104.7579,30.27404],[-104.75751,30.27169],[-104.75991,30.27165],[-104.7606,30.27231],[-104.75981,30.2739],[-104.76028,30.27448],[-104.7625,30.27444],[-104.76315,30.27508],[-104.76066,30.27704],[-104.75789,30.2824],[-104.75817,30.28591],[-104.75921,30.28825],[-104.75933,30.29371],[-104.76129,30.30061],[-104.76465,30.30333],[-104.76691,30.30357],[-104.76703,30.30584],[-104.77132,30.30361],[-104.77326,30.30269],[-104.77508,30.30416],[-104.77675,30.3044],[-104.77858,30.30336],[-104.7795,30.30345],[-104.77963,30.30573],[-104.77703,30.30685],[-104.77656,30.30964],[-104.77918,30.31287],[-104.78346,30.31633],[-104.78501,30.31654],[-104.7863,30.31598],[-104.78923,30.31873],[-104.7888,30.32184],[-104.79118,30.32198],[-104.7914,30.32552],[-104.79501,30.32719],[-104.79729,30.33034],[-104.80342,30.33095],[-104.80575,30.33276],[-104.80941,30.33343],[-104.81087,30.33273],[-104.81185,30.3336],[-104.81108,30.33514],[-104.8109,30.33763],[-104.81022,30.33917],[-104.80996,30.34137],[-104.81372,30.34375],[-104.81542,30.34367],[-104.81863,30.34738],[-104.81962,30.34679],[-104.82229,30.34966],[-104.8226,30.35127],[-104.82139,30.35197],[-104.8184,30.35187],[-104.81438,30.35349],[-104.81387,30.36039],[-104.81173,30.36123],[-104.81067,30.36275],[-104.81136,30.3667],[-104.81288,30.3669],[-104.81617,30.36586],[-104.81942,30.36817],[-104.81922,30.37105],[-104.81708,30.37228],[-104.81589,30.37372],[-104.8176,30.37575],[-104.81981,30.37479],[-104.82792,30.37305],[-104.83749,30.37391],[-104.83865,30.37585],[-104.84303,30.37825],[-104.84561,30.37921],[-104.8481,30.38377],[-104.85381,30.38532],[-104.85952,30.39041],[-104.85639,30.39503],[-104.85428,30.40068],[-104.85528,30.40138],[-104.85744,30.40896],[-104.85474,30.41138],[-104.85211,30.41224],[-104.85076,30.41396],[-104.84727,30.4139],[-104.8489,30.41773],[-104.84787,30.41998],[-104.84918,30.42156],[-104.84978,30.41965],[-104.85242,30.41879],[-104.85307,30.42051],[-104.85545,30.42089],[-104.85679,30.42182],[-104.85662,30.42424],[-104.85915,30.4262],[-104.8605,30.42575],[-104.86156,30.42666],[-104.86107,30.4289],[-104.8583,30.43164],[-104.85817,30.43321],[-104.85889,30.43477],[-104.85796,30.43727],[-104.86022,30.43991],[-104.862,30.44016],[-104.86499,30.44127],[-104.86793,30.44107],[-104.86759,30.44393],[-104.8654,30.44486],[-104.86585,30.44649],[-104.86446,30.44997],[-104.86584,30.45284],[-104.86848,30.45395],[-104.86987,30.45865],[-104.86871,30.46323],[-104.86612,30.46479],[-104.86609,30.46738],[-104.86672,30.46979],[-104.86938,30.47412],[-104.86919,30.47823],[-104.86951,30.47931],[-104.87115,30.47962],[-104.87211,30.48039],[-104.8695,30.48464],[-104.86725,30.48493],[-104.86738,30.48833],[-104.86637,30.49214],[-104.86676,30.49504],[-104.86986,30.4941],[-104.87383,30.49521],[-104.8728,30.49842],[-104.8722,30.50172],[-104.87341,30.50399],[-104.87234,30.50794],[-104.87192,30.51086],[-104.87308,30.51191],[-104.87353,30.51398],[-104.87679,30.511],[-104.87986,30.51779],[-104.88256,30.51633],[-104.88574,30.51845],[-104.88491,30.51979],[-104.88368,30.52064],[-104.88102,30.52053],[-104.88188,30.52224],[-104.88458,30.5237],[-104.88587,30.52463],[-104.88397,30.52616],[-104.88324,30.5246],[-104.88126,30.5237],[-104.88056,30.52893],[-104.882,30.53189],[-104.88938,30.53514],[-104.891,30.54111],[-104.88912,30.54194],[-104.88744,30.54397],[-104.88767,30.54652],[-104.88895,30.54691],[-104.89015,30.54596],[-104.89039,30.54754],[-104.88976,30.54904],[-104.89171,30.55027],[-104.89396,30.55072],[-104.89223,30.55142],[-104.89301,30.55302],[-104.89594,30.55289],[-104.89798,30.55461],[-104.89609,30.56223],[-104.8975,30.56619],[-104.89882,30.5681],[-104.899,30.5704],[-104.90109,30.57185],[-104.90203,30.57337],[-104.90507,30.57635],[-104.90716,30.57702],[-104.90764,30.58245],[-104.90962,30.58521],[-104.91333,30.58598],[-104.9169,30.58519],[-104.91876,30.58554],[-104.92132,30.58987],[-104.9202,30.59049],[-104.91879,30.59459],[-104.91906,30.59642],[-104.91872,30.59766],[-104.91983,30.59741],[-104.92125,30.59802],[-104.92194,30.59898],[-104.92182,30.6023],[-104.92293,30.60385],[-104.9248,30.60483],[-104.92664,30.60513],[-104.92822,30.60318],[-104.92993,30.5992],[-104.93426,30.59985],[-104.9364,30.60203],[-104.93675,30.60301],[-104.93848,30.60364],[-104.94019,30.60277],[-104.94106,30.60282],[-104.94149,30.60396],[-104.94299,30.60377],[-104.94353,30.60296],[-104.94539,30.60308],[-104.94649,30.6046],[-104.94795,30.60471],[-104.95082,30.60405],[-104.95216,30.60528],[-104.95387,30.60637],[-104.95376,30.60769],[-104.95492,30.6093],[-104.95989,30.61067],[-104.96349,30.60877],[-104.96727,30.60793],[-104.97207,30.61026],[-104.97551,30.61425],[-104.97429,30.61641],[-104.97536,30.6173],[-104.97653,30.61753],[-104.97776,30.61841],[-104.97863,30.62085],[-104.98029,30.62204],[-104.98014,30.62514],[-104.97952,30.62671],[-104.98,30.62948],[-104.98176,30.63004],[-104.98398,30.63521],[-104.9845,30.64125],[-104.98378,30.64263],[-104.98552,30.65006],[-104.98518,30.65313],[-104.98521,30.65544],[-104.9863,30.66106],[-104.98625,30.66288],[-104.99043,30.66337],[-104.99134,30.66518],[-104.99313,30.66501],[-104.99362,30.66579],[-104.99313,30.66695],[-104.99403,30.6686],[-104.99786,30.66898],[-104.99914,30.67097],[-105.00124,30.67258],[-105.00206,30.68097],[-105.00435,30.68308],[-105.00553,30.68304],[-105.00622,30.6856],[-105.00742,30.68645],[-105.01029,30.68464],[-105.0122,30.68388],[-105.01298,30.6825],[-105.01597,30.68278],[-105.0167,30.68472],[-105.01793,30.68517],[-105.02014,30.68364],[-105.02118,30.68149],[-105.02456,30.68148],[-105.02631,30.68063],[-105.02723,30.67888],[-105.02878,30.68026],[-105.03158,30.68073],[-105.03374,30.68305],[-105.03594,30.68664],[-105.03974,30.68869],[-105.04127,30.68887],[-105.04271,30.68735],[-105.04456,30.68781],[-105.04515,30.68886],[-105.0457,30.6889],[-105.04699,30.68839],[-105.04724,30.68762],[-105.04561,30.68574],[-105.04438,30.68329],[-105.04578,30.68188],[-105.04524,30.68061],[-105.04549,30.67989],[-105.04845,30.68051],[-105.04754,30.6817],[-105.04871,30.68251],[-105.05081,30.68217],[-105.05173,30.68152],[-105.05502,30.68208],[-105.05555,30.68241],[-105.05466,30.68388],[-105.05426,30.68526],[-105.05564,30.68554],[-105.0567,30.68786],[-105.059,30.68811],[-105.06,30.68721],[-105.06,30.68624],[-105.06158,30.68574],[-105.06233,30.6863],[-105.0635,30.68869],[-105.06301,30.69098],[-105.06173,30.69446],[-105.06171,30.69602],[-105.06266,30.69702],[-105.06232,30.69789],[-105.06263,30.69858],[-105.06402,30.69842],[-105.06527,30.69841],[-105.06708,30.69946],[-105.06788,30.70103],[-105.06815,30.70365],[-105.06878,30.70358],[-105.06924,30.70224],[-105.07049,30.70178],[-105.07244,30.70177],[-105.07349,30.70155],[-105.07458,30.70188],[-105.0756,30.70184],[-105.0768,30.70126],[-105.0774,30.70001],[-105.0784,30.6997],[-105.07944,30.6998],[-105.08054,30.69964],[-105.08113,30.70034],[-105.08077,30.70124],[-105.08092,30.70148],[-105.08174,30.70128],[-105.08239,30.70139],[-105.08261,30.70187],[-105.08244,30.70238],[-105.08186,30.70298],[-105.08033,30.70317],[-105.07965,30.70369],[-105.07926,30.70482],[-105.07954,30.70566],[-105.08043,30.70628],[-105.0802,30.70724],[-105.08044,30.70808],[-105.08129,30.70854],[-105.0824,30.70865],[-105.08299,30.70969],[-105.08357,30.71001],[-105.08718,30.70975],[-105.08782,30.71066],[-105.08784,30.71165],[-105.08743,30.71239],[-105.08698,30.71426],[-105.08716,30.71482],[-105.0878,30.71561],[-105.08895,30.7159],[-105.09014,30.71681],[-105.09106,30.71718],[-105.09295,30.71717],[-105.09369,30.71702],[-105.09503,30.71711],[-105.09531,30.71606],[-105.09621,30.71592],[-105.09679,30.71622],[-105.09818,30.71648],[-105.09852,30.71677],[-105.09868,30.71778],[-105.09828,30.71891],[-105.09838,30.72004],[-105.09928,30.72087],[-105.09952,30.72177],[-105.09996,30.72221],[-105.10092,30.72254],[-105.10245,30.72253],[-105.1043,30.72303],[-105.10544,30.72368],[-105.10557,30.72445],[-105.10502,30.72488],[-105.1039,30.7253],[-105.10338,30.72617],[-105.1034,30.72706],[-105.10389,30.72783],[-105.1033,30.72881],[-105.10383,30.72948],[-105.10479,30.7299],[-105.10593,30.73061],[-105.10692,30.73037],[-105.1076,30.72994],[-105.10881,30.73009],[-105.11018,30.73129],[-105.11041,30.73212],[-105.11146,30.73271],[-105.11182,30.73326],[-105.11159,30.73608],[-105.11071,30.73775],[-105.11092,30.73871],[-105.1099,30.73926],[-105.10991,30.74001],[-105.11044,30.74029],[-105.11203,30.74025],[-105.11225,30.74067],[-105.1116,30.74192],[-105.11095,30.74258],[-105.11068,30.74337],[-105.11382,30.746],[-105.11498,30.74548],[-105.11619,30.74456],[-105.11593,30.74358],[-105.11709,30.74299],[-105.11994,30.74323],[-105.12053,30.74406],[-105.12086,30.74522],[-105.12065,30.74629],[-105.11943,30.74752],[-105.11951,30.74819],[-105.1191,30.74856],[-105.11802,30.74908],[-105.1183,30.74973],[-105.11926,30.74999],[-105.12003,30.74998],[-105.12099,30.74962],[-105.12327,30.7495],[-105.12428,30.74923],[-105.12548,30.74807],[-105.12723,30.74777],[-105.12848,30.74836],[-105.12906,30.74999],[-105.13021,30.75057],[-105.13282,30.75064],[-105.13535,30.75144],[-105.13722,30.75174],[-105.13827,30.75252],[-105.13971,30.753],[-105.14057,30.75221],[-105.14139,30.75288],[-105.14177,30.75413],[-105.14256,30.75498],[-105.14377,30.75521],[-105.14715,30.75365],[-105.14849,30.75235],[-105.15236,30.75145],[-105.15653,30.75393],[-105.15818,30.75286],[-105.16113,30.75206],[-105.16174,30.7525],[-105.16194,30.75351],[-105.16126,30.75479],[-105.1613,30.75626],[-105.16052,30.75771],[-105.15874,30.75939],[-105.15776,30.76166],[-105.15764,30.76657],[-105.15612,30.76958],[-105.15648,30.76999],[-105.15901,30.77101],[-105.1607,30.77032],[-105.16281,30.77072],[-105.16482,30.77249],[-105.16573,30.77392],[-105.16666,30.77658],[-105.16876,30.77594],[-105.1694,30.77408],[-105.17072,30.77173],[-105.1725,30.77053],[-105.17381,30.76817],[-105.17392,30.76765],[-105.17537,30.76742],[-105.17683,30.76815],[-105.17757,30.76929],[-105.17937,30.77115],[-105.1803,30.77337],[-105.18228,30.77637],[-105.18344,30.77664],[-105.1844,30.77652],[-105.18514,30.77772],[-105.18517,30.78059],[-105.18439,30.78148],[-105.18521,30.78199],[-105.1856,30.78326],[-105.18624,30.78471],[-105.18743,30.78478],[-105.19041,30.78554],[-105.19099,30.78597],[-105.19231,30.78892],[-105.19276,30.79013],[-105.19437,30.79103],[-105.19514,30.79214],[-105.19576,30.79221],[-105.1991,30.78902],[-105.20051,30.78737],[-105.20276,30.78805],[-105.2047,30.78755],[-105.20695,30.78587],[-105.20702,30.78432],[-105.20922,30.78263],[-105.20999,30.78265],[-105.21143,30.7818],[-105.21413,30.78263],[-105.21432,30.78335],[-105.21857,30.78524],[-105.21978,30.78642],[-105.22015,30.78776],[-105.22005,30.7889],[-105.2184,30.79174],[-105.21694,30.79338],[-105.21521,30.79286],[-105.21317,30.79315],[-105.21148,30.79448],[-105.21148,30.79538],[-105.2107,30.79688],[-105.20992,30.79707],[-105.20959,30.79781],[-105.21027,30.79842],[-105.21112,30.79958],[-105.21264,30.80006],[-105.2138,30.80171],[-105.21401,30.80245],[-105.2138,30.80348],[-105.21502,30.80589],[-105.21671,30.8058],[-105.21767,30.80596],[-105.21841,30.80567],[-105.2199,30.80435],[-105.2234,30.80083],[-105.22479,30.80057],[-105.22577,30.79957],[-105.22789,30.7992],[-105.22905,30.80029],[-105.22835,30.80172],[-105.22839,30.80287],[-105.23002,30.80383],[-105.2309,30.80372],[-105.23213,30.80308],[-105.23385,30.80302],[-105.2344,30.80266],[-105.23557,30.80275],[-105.23633,30.80315],[-105.2375,30.80353],[-105.2383,30.8036],[-105.23889,30.80259],[-105.23971,30.80227],[-105.24178,30.80218],[-105.24296,30.80149],[-105.24375,30.80024],[-105.24448,30.79981],[-105.24562,30.80043],[-105.24766,30.80019],[-105.2501,30.79915],[-105.25124,30.79759],[-105.25283,30.79581],[-105.25391,30.79587],[-105.25554,30.79518],[-105.25668,30.79444],[-105.25794,30.79471],[-105.2592,30.7965],[-105.26123,30.7985],[-105.26383,30.79994],[-105.2655,30.80255],[-105.26566,30.80514],[-105.26594,30.80687],[-105.26672,30.80838],[-105.26848,30.80935],[-105.27202,30.80922],[-105.27276,30.80827],[-105.27437,30.80809],[-105.27556,30.80694],[-105.27656,30.80822],[-105.27701,30.8103],[-105.27756,30.8116],[-105.27922,30.81291],[-105.27909,30.81439],[-105.2794,30.8157],[-105.28218,30.81818],[-105.28431,30.81873],[-105.28721,30.81786],[-105.28795,30.81788],[-105.28851,30.81852],[-105.28866,30.8196],[-105.28937,30.82111],[-105.28947,30.82245],[-105.28926,30.82378],[-105.2904,30.82511],[-105.29223,30.82631],[-105.29417,30.82627],[-105.2988,30.82569],[-105.30017,30.82465],[-105.30083,30.82279],[-105.30099,30.82062],[-105.30052,30.81933],[-105.30286,30.81497],[-105.30605,30.81004],[-105.30654,30.80971],[-105.30759,30.81003],[-105.30886,30.81109],[-105.30878,30.81373],[-105.30818,30.8143],[-105.30849,30.81506],[-105.30908,30.81541],[-105.31018,30.81652],[-105.31137,30.81402],[-105.31269,30.81308],[-105.3144,30.81234],[-105.3148,30.81147],[-105.3161,30.81095],[-105.31702,30.81099],[-105.3186,30.81217],[-105.3186,30.81304],[-105.31783,30.8155],[-105.31759,30.81719],[-105.31596,30.81872],[-105.31641,30.82007],[-105.31784,30.82149],[-105.31897,30.82485],[-105.31824,30.82652],[-105.31806,30.82761],[-105.3189,30.82872],[-105.31965,30.82908],[-105.32008,30.82851],[-105.32011,30.82745],[-105.32235,30.82775],[-105.32441,30.82833],[-105.32548,30.82745],[-105.32676,30.82622],[-105.32704,30.82471],[-105.32887,30.82483],[-105.32978,30.82543],[-105.33003,30.82649],[-105.32776,30.83031],[-105.32833,30.83149],[-105.33109,30.83226],[-105.33414,30.83363],[-105.33551,30.83342],[-105.33719,30.83348],[-105.33741,30.83576],[-105.33792,30.83785],[-105.33875,30.83965],[-105.33929,30.84048],[-105.34168,30.84047],[-105.34269,30.841],[-105.34575,30.84061],[-105.34737,30.83952],[-105.3474,30.83827],[-105.35184,30.83556],[-105.35334,30.83592],[-105.35442,30.83798],[-105.35375,30.83915],[-105.35306,30.84128],[-105.35387,30.84276],[-105.35619,30.8442],[-105.35801,30.84555],[-105.35933,30.84577],[-105.35995,30.8463],[-105.36041,30.84858],[-105.36159,30.85055],[-105.36204,30.85055],[-105.36385,30.84975],[-105.36764,30.84769],[-105.37189,30.84757],[-105.37304,30.84818],[-105.37468,30.84887],[-105.37495,30.84994],[-105.37547,30.84975],[-105.3769,30.84865],[-105.3777,30.849],[-105.37672,30.85088],[-105.37716,30.85128],[-105.37977,30.8506],[-105.3819,30.85119],[-105.38294,30.85207],[-105.38363,30.85194],[-105.38405,30.85071],[-105.38478,30.85054],[-105.38552,30.85124],[-105.38588,30.85206],[-105.38697,30.85361],[-105.38784,30.85364],[-105.38904,30.85236],[-105.38997,30.85214],[-105.39104,30.85229],[-105.39195,30.85059],[-105.39308,30.85096],[-105.3941,30.85084],[-105.39451,30.85023],[-105.39406,30.84953],[-105.39436,30.84907],[-105.39536,30.84907],[-105.39801,30.85118],[-105.40046,30.85262],[-105.40167,30.85456],[-105.40045,30.85675],[-105.39906,30.85787],[-105.39522,30.85929],[-105.39452,30.86129],[-105.39503,30.86211],[-105.3944,30.86311],[-105.39501,30.86399],[-105.39598,30.86409],[-105.39576,30.86471],[-105.39364,30.86701],[-105.39401,30.86809],[-105.39479,30.86969],[-105.39444,30.87066],[-105.39496,30.87108],[-105.39425,30.87196],[-105.39202,30.87318],[-105.3913,30.87385],[-105.39141,30.87435],[-105.39284,30.87594],[-105.39399,30.87643],[-105.39498,30.8763],[-105.39762,30.87624],[-105.40044,30.87687],[-105.40258,30.87879],[-105.40416,30.87968],[-105.40386,30.88065],[-105.40312,30.88151],[-105.40098,30.8825],[-105.39928,30.884],[-105.39883,30.88533],[-105.40001,30.8863],[-105.39995,30.88756],[-105.39949,30.88795],[-105.39987,30.88907],[-105.40129,30.89017],[-105.40214,30.89028],[-105.40337,30.89181],[-105.40442,30.89192],[-105.40824,30.88929],[-105.41038,30.88901],[-105.41165,30.8885],[-105.41227,30.8887],[-105.4121,30.88942],[-105.41235,30.89003],[-105.4119,30.89086],[-105.41076,30.89143],[-105.41053,30.89188],[-105.4107,30.89247],[-105.41211,30.89372],[-105.41229,30.8944],[-105.41355,30.89807],[-105.4138,30.89957],[-105.41505,30.89995],[-105.41927,30.90036],[-105.42167,30.90048],[-105.42476,30.901],[-105.42562,30.9004],[-105.42628,30.90077],[-105.42883,30.90468],[-105.43014,30.9056],[-105.43239,30.90602],[-105.43456,30.90769],[-105.43617,30.90748],[-105.43954,30.90871],[-105.44092,30.90836],[-105.44224,30.90928],[-105.4446,30.91304],[-105.44534,30.91533],[-105.44545,30.91628],[-105.44432,30.91726],[-105.44557,30.91853],[-105.44713,30.91959],[-105.44805,30.91878],[-105.44867,30.91772],[-105.44999,30.91709],[-105.45107,30.91586],[-105.45209,30.91565],[-105.45315,30.91621],[-105.45336,30.91737],[-105.45437,30.91943],[-105.45375,30.91979],[-105.45242,30.91988],[-105.45199,30.92012],[-105.45121,30.92175],[-105.45121,30.92396],[-105.4516,30.92483],[-105.45297,30.92508],[-105.45646,30.92454],[-105.45779,30.92492],[-105.45947,30.92479],[-105.46075,30.9254],[-105.46261,30.92499],[-105.46493,30.92581],[-105.46546,30.92455],[-105.46653,30.9242],[-105.46734,30.92555],[-105.46721,30.92714],[-105.46745,30.9282],[-105.46755,30.92967],[-105.46985,30.93116],[-105.47079,30.93124],[-105.47071,30.93276],[-105.47089,30.93376],[-105.4736,30.93439],[-105.47421,30.934],[-105.47592,30.93382],[-105.47714,30.93599],[-105.47822,30.93821],[-105.48192,30.94074],[-105.48414,30.94109],[-105.48629,30.94257],[-105.48803,30.94328],[-105.48944,30.94549],[-105.49373,30.94946],[-105.49481,30.94936],[-105.49665,30.94946],[-105.49843,30.95011],[-105.49899,30.95072],[-105.49809,30.95184],[-105.49754,30.95308],[-105.49646,30.95433],[-105.4969,30.95513],[-105.49577,30.95578],[-105.4942,30.9553],[-105.49395,30.95562],[-105.49413,30.95732],[-105.49699,30.9614],[-105.49796,30.96213],[-105.49898,30.96341],[-105.50006,30.96595],[-105.50197,30.96774],[-105.50367,30.96796],[-105.50667,30.96651],[-105.50824,30.96629],[-105.51184,30.96649],[-105.51376,30.96626],[-105.51422,30.96608],[-105.51492,30.96522],[-105.51572,30.96486],[-105.51686,30.96721],[-105.51681,30.96925],[-105.51773,30.97032],[-105.51786,30.9711],[-105.51963,30.97254],[-105.52034,30.97297],[-105.52132,30.97469],[-105.52165,30.97598],[-105.52209,30.97655],[-105.52298,30.9769],[-105.52471,30.97719],[-105.52634,30.97765],[-105.52738,30.97845],[-105.53227,30.98431],[-105.53309,30.98486],[-105.53579,30.98502],[-105.53804,30.98573],[-105.54189,30.98455],[-105.54368,30.98475],[-105.55404,30.98812],[-105.55617,30.98894],[-105.55743,30.99023],[-105.56368,30.99755],[-105.56568,31.00234],[-105.5701,31.0082],[-105.57023,31.00897],[-105.56887,31.01359],[-105.56876,31.01461],[-105.56896,31.01537],[-105.57053,31.01801],[-105.57115,31.01866],[-105.57198,31.01894],[-105.57685,31.01947],[-105.57815,31.02022],[-105.57911,31.02164],[-105.5814,31.02685],[-105.58106,31.02816],[-105.57991,31.03039],[-105.57951,31.03409],[-105.57954,31.0354],[-105.58485,31.05633],[-105.58532,31.05749],[-105.58716,31.05936],[-105.5886,31.06055],[-105.59447,31.06369],[-105.59592,31.06484],[-105.59877,31.07493],[-105.60333,31.08263],[-105.60447,31.08374],[-105.6061,31.08503],[-105.62735,31.09855],[-105.62852,31.09866],[-105.63983,31.09765],[-105.64085,31.0978],[-105.64189,31.09832],[-105.64259,31.09937],[-105.64673,31.11391],[-105.6476,31.11498],[-105.64883,31.1159],[-105.65883,31.11946],[-105.66117,31.11983],[-105.66228,31.12029],[-105.66347,31.12111],[-105.66503,31.12175],[-105.66912,31.1231],[-105.67942,31.12603],[-105.69341,31.13082],[-105.70949,31.13638],[-105.71618,31.14057],[-105.71701,31.14144],[-105.71752,31.14241],[-105.71775,31.14476],[-105.7183,31.14721],[-105.71876,31.14829],[-105.71954,31.14916],[-105.74156,31.16438],[-105.74368,31.16525],[-105.74443,31.16536],[-105.76353,31.16412],[-105.76956,31.16488],[-105.77178,31.16592],[-105.77326,31.1669],[-105.77385,31.16803],[-105.77427,31.16937],[-105.77536,31.17464],[-105.77613,31.17652],[-105.77912,31.181],[-105.78002,31.18267],[-105.78025,31.18494],[-105.77964,31.18763],[-105.77946,31.18985],[-105.77972,31.19128],[-105.78078,31.19363],[-105.78289,31.19756],[-105.78355,31.19829],[-105.78468,31.19898],[-105.78631,31.19955],[-105.79141,31.20098],[-105.79318,31.20154],[-105.79439,31.20224],[-105.81884,31.23068],[-105.83572,31.24681],[-105.85051,31.26527],[-105.8517,31.26786],[-105.85337,31.27177],[-105.85406,31.27275],[-105.85727,31.27499],[-105.85846,31.27611],[-105.86916,31.28881],[-105.87046,31.2898],[-105.87511,31.29149],[-105.87639,31.29167],[-105.87809,31.29154],[-105.89087,31.29001],[-105.89315,31.29038],[-105.89459,31.29101],[-105.89622,31.29237],[-105.8967,31.29312],[-105.9021,31.30373],[-105.90347,31.30699],[-105.90669,31.31004],[-105.90739,31.31221],[-105.90877,31.31277],[-105.91116,31.31298],[-105.9142,31.31304],[-105.9181,31.31263],[-105.92209,31.31198],[-105.93102,31.31271],[-105.93255,31.31312],[-105.93845,31.31874],[-105.94782,31.33987],[-105.94783,31.34116],[-105.9455,31.35072],[-105.94549,31.35208],[-105.94585,31.35321],[-105.95379,31.36475],[-105.95469,31.36518],[-105.9556,31.3653],[-105.96871,31.36562],[-105.9701,31.36594],[-105.98205,31.37587],[-106.0023,31.39115],[-106.00493,31.39246],[-106.00712,31.39284],[-106.01371,31.39333],[-106.0273,31.39413],[-106.057,31.39635],[-106.07449,31.39756],[-106.07686,31.39789],[-106.08026,31.3987],[-106.08282,31.39992],[-106.08498,31.40145],[-106.08855,31.4048],[-106.09723,31.41279],[-106.10333,31.41866],[-106.10688,31.4214],[-106.10862,31.42237],[-106.11011,31.42302],[-106.11217,31.42358],[-106.115,31.42371],[-106.12454,31.42373],[-106.12566,31.42395],[-106.12735,31.42399],[-106.12967,31.42435],[-106.13278,31.42537],[-106.14279,31.43013],[-106.15423,31.43572],[-106.15643,31.43704],[-106.15927,31.43919],[-106.16304,31.44354],[-106.16607,31.44696],[-106.17028,31.45129],[-106.17179,31.45257],[-106.17562,31.45521],[-106.17838,31.45647],[-106.1803,31.45711],[-106.19434,31.46066],[-106.19442,31.461],[-106.19961,31.46231],[-106.20325,31.46401],[-106.20504,31.46504],[-106.20654,31.4662],[-106.20883,31.46835],[-106.21826,31.47901],[-106.21907,31.48028],[-106.21962,31.48156],[-106.22366,31.49842],[-106.22434,31.50019],[-106.22539,31.50185],[-106.23558,31.51163],[-106.23682,31.51319],[-106.23746,31.51446],[-106.24512,31.53876],[-106.2462,31.54115],[-106.24824,31.54349],[-106.25478,31.548],[-106.27959,31.56114],[-106.28047,31.56175],[-106.28114,31.56267],[-106.28778,31.58444],[-106.28874,31.58716],[-106.29294,31.59433],[-106.29667,31.60351],[-106.29776,31.60431],[-106.30089,31.60962],[-106.30085,31.61143],[-106.30062,31.61326],[-106.30289,31.6186],[-106.30283,31.62018],[-106.30303,31.62127],[-106.30361,31.62249],[-106.3081,31.62971],[-106.32514,31.65081],[-106.32725,31.65438],[-106.33474,31.66411],[-106.34954,31.69671],[-106.35701,31.70219],[-106.37014,31.71071],[-106.37237,31.71257],[-106.37384,31.71481],[-106.37804,31.72831],[-106.37937,31.73026],[-106.38104,31.73211],[-106.41794,31.75201],[-106.42185,31.75293],[-106.43154,31.75421],[-106.43548,31.75519],[-106.43843,31.75676],[-106.45106,31.76432],[-106.45334,31.76446],[-106.45529,31.76408],[-106.46691,31.75957],[-106.4685,31.75825],[-106.4702,31.75378],[-106.47099,31.75221],[-106.47249,31.75085],[-106.47554,31.75011],[-106.48464,31.74781],[-106.48686,31.74772],[-106.48954,31.74841],[-106.49468,31.7518],[-106.49648,31.75384],[-106.50009,31.75553],[-106.50139,31.75704],[-106.50348,31.75817],[-106.50582,31.76047],[-106.50733,31.76119],[-106.51006,31.76126],[-106.51104,31.76325],[-106.51192,31.76738],[-106.51249,31.76904],[-106.51369,31.77071],[-106.51487,31.77159],[-106.51627,31.77163],[-106.51784,31.77181],[-106.52364,31.77621],[-106.52518,31.77844],[-106.52864,31.78181],[-106.52864,31.78231],[-106.52804,31.78398],[-106.52812,31.78498],[-106.528,31.78694],[-106.52762,31.78912],[-106.52794,31.79051],[-106.53051,31.7921],[-106.53304,31.79191],[-106.53474,31.79611],[-106.53584,31.79861],[-106.5421,31.80215],[-106.54214,31.80211],[-106.54471,31.80429],[-106.54714,31.8073],[-106.55844,31.81041],[-106.56294,31.8111],[-106.56344,31.81261],[-106.56684,31.81331],[-106.57094,31.81021],[-106.57724,31.81041],[-106.58134,31.81391],[-106.58214,31.81551],[-106.58804,31.82211],[-106.58904,31.82271],[-106.59383,31.8249],[-106.60273,31.82502],[-106.60527,31.82791],[-106.60195,31.8396],[-106.60205,31.8444],[-106.60524,31.8459],[-106.60585,31.84631],[-106.61464,31.84649],[-106.62576,31.85628],[-106.62781,31.86059],[-106.63593,31.86623],[-106.63588,31.87151],[-106.63487,31.87448],[-106.6308,31.8797],[-106.6292,31.88372],[-106.63069,31.88641],[-106.63393,31.88918],[-106.63815,31.89166],[-106.6429,31.89293],[-106.6453,31.89486],[-106.64565,31.89565],[-106.64548,31.89867]]]]}}]}