{"type":"FeatureCollection","features":[{"type":"Feature","properties":{"name":"Virginia","density":204.5,"STUSPS":"VA"},"geometry":{"type":"MultiPolygon","coordinates":[[[[-75.74241,37.80835],[-75.74151,37.80998],[-75.73871,37.80904],[-75.73515,37.80641],[-75.73313,37.80284],[-75.73515,37.8004],[-75.73717,37.80096],[-75.7405,37.80124],[-75.7405,37.80209],[-75.73871,37.805],[-75.74228,37.80631],[-75.74241,37.80835]]],[[[-75.85649,37.70286],[-75.85423,37.70474],[-75.85078,37.70549],[-75.84912,37.70418],[-75.849,37.70183],[-75.85019,37.69995],[-75.85411,37.70014],[-75.85637,37.70126],[-75.85649,37.70286]]],[[[-75.8667,37.68321],[-75.86575,37.68584],[-75.86409,37.68791],[-75.86314,37.69083],[-75.86053,37.69308],[-75.85839,37.69139],[-75.85696,37.6896],[-75.85494,37.68885],[-75.85696,37.6865],[-75.8572,37.68518],[-75.85779,37.6834],[-75.85958,37.68217],[-75.86682,37.68067],[-75.8667,37.68321]]],[[[-75.89511,37.8034],[-75.89416,37.80566],[-75.89287,37.80096],[-75.89178,37.79618],[-75.89463,37.79899],[-75.89642,37.80209],[-75.89511,37.8034]]],[[[-75.90366,37.89752],[-75.90105,37.89912],[-75.89879,37.89761],[-75.89867,37.89555],[-75.90058,37.89377],[-75.90319,37.89555],[-75.90366,37.89752]]],[[[-75.98103,37.09714],[-75.97802,37.10332],[-75.97478,37.10486],[-75.96205,37.1075],[-75.95298,37.10572],[-75.94716,37.10308],[-75.94289,37.09804],[-75.9449,37.08803],[-75.94971,37.08556],[-75.9672,37.0846],[-75.97156,37.08543],[-75.97872,37.09097],[-75.98103,37.09714]]],[[[-75.99909,37.83429],[-75.99921,37.83917],[-75.99874,37.84536],[-75.9979,37.84874],[-75.99686,37.85042],[-75.99256,37.84889],[-75.99042,37.84635],[-75.98987,37.84461],[-75.98802,37.84108],[-75.9821,37.83725],[-75.97901,37.83504],[-75.97354,37.83354],[-75.9739,37.8311],[-75.97585,37.82807],[-75.97818,37.8265],[-75.98412,37.8218],[-75.98768,37.81767],[-75.99066,37.81636],[-75.99351,37.81401],[-75.98852,37.80951],[-75.98828,37.80744],[-75.99577,37.8126],[-75.99905,37.8186],[-75.99933,37.82772],[-75.99909,37.83429]]],[[[-76.0081,37.87281],[-76.00658,37.87257],[-76.0042,37.87051],[-76.00254,37.86788],[-76.00016,37.86375],[-75.99909,37.86094],[-75.99981,37.86028],[-76.0023,37.86197],[-76.0042,37.86572],[-76.00557,37.86794],[-76.00822,37.87098],[-76.0081,37.87281]]],[[[-76.02366,37.26897],[-76.02225,37.27183],[-76.02015,37.2741],[-76.013,37.27944],[-76.01442,37.28199],[-76.01621,37.28719],[-76.01632,37.28937],[-76.01383,37.29211],[-76.0111,37.29485],[-76.01181,37.29741],[-76.01953,37.29712],[-76.02138,37.2982],[-76.02155,37.30051],[-76.01865,37.31782],[-76.0149,37.32822],[-76.01216,37.33379],[-76.00064,37.34693],[-75.9985,37.35004],[-75.99553,37.35528],[-75.99184,37.36081],[-75.98882,37.36702],[-75.98712,37.36855],[-75.98483,37.36837],[-75.98403,37.36985],[-75.98615,37.37347],[-75.98615,37.38212],[-75.98377,37.38548],[-75.9815,37.38414],[-75.9802,37.38291],[-75.97711,37.38367],[-75.97437,37.38546],[-75.97544,37.38688],[-75.97509,37.38924],[-75.97057,37.39103],[-75.96831,37.39547],[-75.96843,37.39708],[-75.96748,37.39981],[-75.97295,37.40321],[-75.97473,37.40482],[-75.98034,37.40274],[-75.97997,37.40461],[-75.9831,37.4158],[-75.98162,37.42738],[-75.98011,37.43453],[-75.97963,37.43829],[-75.97649,37.44488],[-75.97255,37.45009],[-75.97046,37.45166],[-75.96997,37.45408],[-75.96843,37.45757],[-75.96446,37.46236],[-75.96088,37.46756],[-75.95845,37.46946],[-75.962,37.47402],[-75.9635,37.47535],[-75.96238,37.4853],[-75.96005,37.49234],[-75.95897,37.50013],[-75.94997,37.52188],[-75.94032,37.53458],[-75.93933,37.53856],[-75.93777,37.54261],[-75.93409,37.54779],[-75.9323,37.55062],[-75.9367,37.55514],[-75.93881,37.55503],[-75.94115,37.55844],[-75.94118,37.56384],[-75.93575,37.57464],[-75.932,37.57956],[-75.92815,37.58199],[-75.92327,37.58425],[-75.91757,37.58585],[-75.92292,37.59216],[-75.92541,37.5963],[-75.92315,37.59979],[-75.92358,37.60176],[-75.92162,37.60511],[-75.91639,37.61007],[-75.91339,37.61519],[-75.90959,37.62267],[-75.90545,37.62615],[-75.90224,37.62539],[-75.90141,37.62323],[-75.89986,37.62031],[-75.90069,37.61551],[-75.89903,37.61203],[-75.89891,37.60977],[-75.8976,37.60779],[-75.89499,37.6061],[-75.89285,37.6044],[-75.89107,37.60459],[-75.88917,37.60468],[-75.88204,37.60722],[-75.87728,37.61165],[-75.8774,37.61287],[-75.87609,37.61494],[-75.87883,37.62022],[-75.88192,37.61975],[-75.88299,37.62059],[-75.88251,37.62248],[-75.88251,37.6268],[-75.88417,37.62953],[-75.88453,37.63198],[-75.88762,37.63236],[-75.89107,37.63462],[-75.89239,37.63748],[-75.89169,37.63968],[-75.89154,37.64261],[-75.89,37.64553],[-75.89035,37.64685],[-75.8905,37.64955],[-75.8894,37.65108],[-75.88726,37.65315],[-75.88453,37.6525],[-75.88108,37.65297],[-75.87681,37.65362],[-75.87253,37.6525],[-75.87039,37.65042],[-75.86896,37.65165],[-75.86813,37.65344],[-75.87039,37.65522],[-75.87312,37.65616],[-75.87538,37.6556],[-75.87728,37.65711],[-75.87706,37.66064],[-75.86848,37.66822],[-75.8654,37.66872],[-75.86314,37.66788],[-75.86041,37.66581],[-75.85625,37.66468],[-75.85304,37.66487],[-75.85007,37.66618],[-75.84591,37.66976],[-75.8471,37.67625],[-75.85233,37.67719],[-75.85256,37.67822],[-75.85221,37.68057],[-75.85328,37.68255],[-75.85233,37.68537],[-75.84888,37.68725],[-75.84698,37.68725],[-75.84508,37.68697],[-75.84389,37.68895],[-75.84567,37.69036],[-75.8484,37.6912],[-75.84971,37.69318],[-75.84793,37.6944],[-75.84508,37.69374],[-75.84341,37.69562],[-75.84508,37.69722],[-75.84543,37.69891],[-75.84329,37.70023],[-75.84044,37.70061],[-75.83735,37.70173],[-75.8364,37.70305],[-75.83771,37.70644],[-75.83593,37.70982],[-75.83768,37.71299],[-75.83141,37.71245],[-75.82856,37.71349],[-75.82285,37.71875],[-75.82143,37.71744],[-75.81964,37.71744],[-75.81667,37.72007],[-75.81192,37.72261],[-75.80942,37.72176],[-75.80954,37.71753],[-75.80622,37.71791],[-75.80325,37.71894],[-75.80372,37.72129],[-75.80027,37.7243],[-75.79754,37.72439],[-75.79505,37.72674],[-75.796,37.72919],[-75.80075,37.73304],[-75.80229,37.73229],[-75.8036,37.73182],[-75.80717,37.73154],[-75.81061,37.73172],[-75.81263,37.73088],[-75.81893,37.72975],[-75.82594,37.72815],[-75.82963,37.72561],[-75.83077,37.72549],[-75.83198,37.72812],[-75.83144,37.73169],[-75.82968,37.73499],[-75.82689,37.73802],[-75.8225,37.74187],[-75.81216,37.7495],[-75.81026,37.74948],[-75.80847,37.74601],[-75.80396,37.74789],[-75.7954,37.75046],[-75.79267,37.75061],[-75.78732,37.75709],[-75.78708,37.76301],[-75.79029,37.76517],[-75.79326,37.76471],[-75.7979,37.76264],[-75.80063,37.76161],[-75.80304,37.76246],[-75.80051,37.76471],[-75.79992,37.76922],[-75.7992,37.77119],[-75.80111,37.77325],[-75.80194,37.77823],[-75.80431,37.78143],[-75.80859,37.78265],[-75.8118,37.7787],[-75.81365,37.78243],[-75.81454,37.78584],[-75.8164,37.78934],[-75.81382,37.79138],[-75.81231,37.79471],[-75.80871,37.7942],[-75.8055,37.79608],[-75.7998,37.79889],[-75.79837,37.80087],[-75.7934,37.80449],[-75.7846,37.80683],[-75.77061,37.8046],[-75.76438,37.79918],[-75.75725,37.79495],[-75.75452,37.79185],[-75.75238,37.78866],[-75.74418,37.78603],[-75.74074,37.78791],[-75.73788,37.78631],[-75.73586,37.78687],[-75.73337,37.78593],[-75.72849,37.78791],[-75.72826,37.7911],[-75.72683,37.79345],[-75.72766,37.79476],[-75.72588,37.79636],[-75.72445,37.79579],[-75.72362,37.7942],[-75.71887,37.79326],[-75.71815,37.79974],[-75.71911,37.80293],[-75.71792,37.80528],[-75.71982,37.80641],[-75.72243,37.80584],[-75.7241,37.80622],[-75.72279,37.80885],[-75.72006,37.81223],[-75.71958,37.81486],[-75.71994,37.81692],[-75.72315,37.81889],[-75.72322,37.82012],[-75.71946,37.82058],[-75.7178,37.81974],[-75.71613,37.81993],[-75.7159,37.82359],[-75.71705,37.82773],[-75.71415,37.82887],[-75.71103,37.82819],[-75.70829,37.82819],[-75.70639,37.828],[-75.70532,37.82894],[-75.70698,37.83053],[-75.71007,37.8325],[-75.70984,37.83457],[-75.71067,37.83588],[-75.71293,37.83673],[-75.70865,37.83823],[-75.70639,37.84095],[-75.70924,37.84283],[-75.70938,37.84584],[-75.70675,37.84546],[-75.70401,37.84733],[-75.70291,37.84966],[-75.69736,37.84883],[-75.69772,37.84499],[-75.69617,37.84058],[-75.69261,37.83785],[-75.68916,37.83645],[-75.685,37.83607],[-75.68096,37.83682],[-75.67822,37.83748],[-75.67811,37.83973],[-75.67906,37.84123],[-75.68179,37.84236],[-75.68131,37.84405],[-75.67716,37.84818],[-75.67264,37.84696],[-75.67228,37.84865],[-75.67228,37.8509],[-75.67882,37.85381],[-75.68048,37.85578],[-75.68322,37.85719],[-75.68702,37.85784],[-75.68928,37.85953],[-75.68984,37.86182],[-75.6929,37.86779],[-75.68799,37.86946],[-75.68857,37.87143],[-75.68529,37.87334],[-75.68215,37.87332],[-75.68013,37.87529],[-75.6812,37.88008],[-75.68072,37.88214],[-75.67929,37.88289],[-75.67882,37.88561],[-75.67894,37.88833],[-75.68227,37.88908],[-75.68571,37.88908],[-75.68848,37.88712],[-75.69819,37.89189],[-75.697,37.89405],[-75.69379,37.89349],[-75.68975,37.89536],[-75.68845,37.89902],[-75.69688,37.90183],[-75.69999,37.90044],[-75.70449,37.90099],[-75.70782,37.90033],[-75.70963,37.90062],[-75.72049,37.90193],[-75.7245,37.90018],[-75.7267,37.8973],[-75.72933,37.89836],[-75.73669,37.89702],[-75.73941,37.89771],[-75.74201,37.89681],[-75.7424,37.89865],[-75.74525,37.89986],[-75.74761,37.89818],[-75.7544,37.8979],[-75.75607,37.89799],[-75.75725,37.89921],[-75.7569,37.90155],[-75.75476,37.9024],[-75.75298,37.90221],[-75.75048,37.9008],[-75.74727,37.90155],[-75.74359,37.90193],[-75.74121,37.89996],[-75.73836,37.90043],[-75.73622,37.90221],[-75.73491,37.90446],[-75.73432,37.90624],[-75.73753,37.90624],[-75.74121,37.90709],[-75.74133,37.90887],[-75.74347,37.91206],[-75.74285,37.9132],[-75.73973,37.91423],[-75.73681,37.91697],[-75.73471,37.91829],[-75.72897,37.92134],[-75.72505,37.92537],[-75.72255,37.92912],[-75.71934,37.93446],[-75.71495,37.93736],[-75.71223,37.93814],[-75.70972,37.93671],[-75.70995,37.93502],[-75.71067,37.9338],[-75.70758,37.93052],[-75.70432,37.92901],[-75.70033,37.92902],[-75.69394,37.93036],[-75.6787,37.94271],[-75.67669,37.94235],[-75.67549,37.94055],[-75.67359,37.94083],[-75.66896,37.93905],[-75.66812,37.93755],[-75.66563,37.93699],[-75.66289,37.93816],[-75.66113,37.93789],[-75.66028,37.93643],[-75.65672,37.93559],[-75.65303,37.93568],[-75.65065,37.93512],[-75.64843,37.93578],[-75.64673,37.9354],[-75.64483,37.93662],[-75.64305,37.93633],[-75.63794,37.94364],[-75.63675,37.94561],[-75.63604,37.95058],[-75.63687,37.95564],[-75.63901,37.96023],[-75.64127,37.96323],[-75.64352,37.96417],[-75.64543,37.96445],[-75.64823,37.96677],[-75.64472,37.96978],[-75.64182,37.97597],[-75.63822,37.9794],[-75.63574,37.97954],[-75.63421,37.97767],[-75.63201,37.97602],[-75.63099,37.97567],[-75.62953,37.97597],[-75.62884,37.97679],[-75.62886,37.9778],[-75.63371,37.98306],[-75.63383,37.98452],[-75.63253,37.98669],[-75.63087,37.98782],[-75.62935,37.98835],[-75.62761,37.98852],[-75.62665,37.98889],[-75.62561,37.9898],[-75.62508,37.99058],[-75.62465,37.9925],[-75.62445,37.99419],[-75.61406,37.99526],[-75.60976,37.9955],[-75.58269,37.99789],[-75.54174,38.00136],[-75.53994,38.00134],[-75.43667,38.01021],[-75.42873,38.01084],[-75.40608,38.0127],[-75.3985,38.01326],[-75.39698,38.01344],[-75.32536,38.01996],[-75.27436,38.02459],[-75.25037,38.02665],[-75.24247,38.02703],[-75.24814,38.0206],[-75.25848,38.00767],[-75.28507,37.97338],[-75.29828,37.95676],[-75.30756,37.94313],[-75.32277,37.9182],[-75.33564,37.89556],[-75.34098,37.88744],[-75.34645,37.8783],[-75.35113,37.87212],[-75.35864,37.865],[-75.36968,37.85944],[-75.3816,37.85123],[-75.38479,37.85147],[-75.38684,37.85302],[-75.38906,37.85617],[-75.39037,37.86412],[-75.39412,37.86934],[-75.39457,37.87218],[-75.3887,37.87626],[-75.38411,37.87569],[-75.37316,37.86924],[-75.37019,37.86633],[-75.36639,37.86577],[-75.36249,37.86715],[-75.34992,37.87832],[-75.34872,37.88518],[-75.34576,37.88727],[-75.34616,37.89135],[-75.35131,37.89275],[-75.35499,37.89087],[-75.36722,37.89297],[-75.37613,37.89344],[-75.38148,37.89297],[-75.38303,37.89438],[-75.38635,37.89944],[-75.39289,37.89954],[-75.39966,37.89822],[-75.40371,37.89832],[-75.40644,37.89944],[-75.41167,37.89682],[-75.41642,37.89063],[-75.4315,37.87523],[-75.43941,37.8726],[-75.45356,37.86364],[-75.46795,37.85133],[-75.48927,37.83246],[-75.50008,37.82082],[-75.51221,37.80739],[-75.52088,37.79669],[-75.52682,37.78871],[-75.53122,37.78194],[-75.54061,37.7671],[-75.54429,37.75968],[-75.5519,37.74812],[-75.55808,37.74192],[-75.56295,37.73647],[-75.56758,37.72688],[-75.57602,37.70488],[-75.5805,37.69669],[-75.58513,37.69499],[-75.58935,37.6912],[-75.58838,37.68504],[-75.591,37.67592],[-75.59076,37.67216],[-75.59076,37.66736],[-75.59468,37.65362],[-75.59932,37.63688],[-75.60383,37.62803],[-75.6087,37.62182],[-75.61203,37.61833],[-75.61453,37.6093],[-75.61477,37.59423],[-75.61334,37.58594],[-75.6137,37.58227],[-75.61286,37.57728],[-75.60918,37.57672],[-75.60454,37.57737],[-75.603,37.57719],[-75.6005,37.57389],[-75.60015,37.57135],[-75.60217,37.56711],[-75.60704,37.56343],[-75.62416,37.54152],[-75.64524,37.51564],[-75.66242,37.49067],[-75.66955,37.48436],[-75.67288,37.4837],[-75.67787,37.48737],[-75.68146,37.48882],[-75.68484,37.48735],[-75.68451,37.4827],[-75.68631,37.4786],[-75.69106,37.4736],[-75.68802,37.47015],[-75.6869,37.4654],[-75.67838,37.45978],[-75.67203,37.46083],[-75.66667,37.46281],[-75.66334,37.46112],[-75.66101,37.45484],[-75.66278,37.44638],[-75.66206,37.44342],[-75.67525,37.43172],[-75.6957,37.40472],[-75.70544,37.39028],[-75.71043,37.38206],[-75.7178,37.37205],[-75.72255,37.36865],[-75.72733,37.36035],[-75.72933,37.35467],[-75.7323,37.34447],[-75.74359,37.3285],[-75.74941,37.32236],[-75.75717,37.31404],[-75.76272,37.31017],[-75.76925,37.30308],[-75.77588,37.29866],[-75.77914,37.29859],[-75.78209,37.30156],[-75.78411,37.30232],[-75.79291,37.30166],[-75.7976,37.29611],[-75.7959,37.28982],[-75.79202,37.28198],[-75.79455,37.26235],[-75.79715,37.25437],[-75.79969,37.25091],[-75.81262,37.24842],[-75.81854,37.24421],[-75.81713,37.23978],[-75.81369,37.2366],[-75.80371,37.23863],[-75.79984,37.231],[-75.80138,37.22046],[-75.8076,37.21605],[-75.82063,37.21306],[-75.82928,37.2071],[-75.82943,37.20415],[-75.82583,37.20291],[-75.82067,37.20326],[-75.81886,37.20179],[-75.81862,37.19905],[-75.81933,37.19611],[-75.82064,37.19299],[-75.83556,37.18117],[-75.83429,37.17794],[-75.83546,37.17454],[-75.84486,37.16894],[-75.85971,37.15688],[-75.87652,37.13838],[-75.89837,37.11855],[-75.90652,37.11463],[-75.91579,37.11217],[-75.92101,37.11179],[-75.92351,37.11279],[-75.92303,37.11473],[-75.92038,37.11545],[-75.91828,37.11511],[-75.91322,37.11985],[-75.91151,37.12288],[-75.92779,37.13027],[-75.93694,37.12581],[-75.9386,37.12657],[-75.94254,37.12514],[-75.94572,37.12279],[-75.95512,37.11975],[-75.96537,37.11898],[-75.9683,37.11679],[-75.97007,37.11719],[-75.96928,37.12425],[-75.97,37.12886],[-75.97236,37.13749],[-75.97651,37.15442],[-75.97818,37.15878],[-75.98166,37.16307],[-75.98459,37.16513],[-75.98716,37.16648],[-75.98638,37.16759],[-75.98829,37.17293],[-75.99865,37.18874],[-76.00679,37.19586],[-76.01032,37.20009],[-76.01306,37.20603],[-76.01347,37.2101],[-76.01291,37.21388],[-76.01216,37.21776],[-76.01276,37.22174],[-76.01183,37.22668],[-76.01054,37.23158],[-76.00907,37.23224],[-76.00979,37.23413],[-76.01181,37.23574],[-76.01371,37.23603],[-76.0149,37.2365],[-76.02368,37.25257],[-76.02575,37.25741],[-76.02366,37.26897]]],[[[-76.04653,37.95359],[-76.0414,37.95401],[-76.03012,37.95365],[-76.02946,37.95378],[-76.02171,37.95389],[-75.9939,37.95349],[-75.9966,37.95124],[-75.99769,37.94569],[-75.99981,37.94702],[-76.00313,37.948],[-76.00349,37.95039],[-76.0168,37.94646],[-76.01977,37.94168],[-76.02072,37.94036],[-76.02001,37.93746],[-76.01825,37.93427],[-76.01606,37.9298],[-76.01641,37.92866],[-76.01962,37.92765],[-76.02477,37.92719],[-76.02557,37.92504],[-76.02607,37.92218],[-76.02843,37.9205],[-76.0294,37.92171],[-76.03023,37.92837],[-76.0313,37.93062],[-76.03237,37.93333],[-76.03166,37.93512],[-76.02892,37.93755],[-76.02901,37.93908],[-76.02726,37.94168],[-76.02512,37.94374],[-76.02892,37.95105],[-76.03712,37.9517],[-76.03807,37.95049],[-76.04188,37.94955],[-76.04283,37.94702],[-76.04449,37.95161],[-76.04653,37.95359]]],[[[-76.30528,36.98514],[-76.30259,36.98716],[-76.30128,36.9873],[-76.29986,36.98692],[-76.30033,36.98313],[-76.30268,36.98181],[-76.30528,36.98514]]],[[[-76.32036,37.00293],[-76.31921,37.0033],[-76.31771,37.00192],[-76.31656,37.00011],[-76.31707,36.99907],[-76.31864,36.9992],[-76.32065,37.00169],[-76.32036,37.00293]]],[[[-76.42074,37.5976],[-76.41951,37.59867],[-76.41781,37.59832],[-76.41629,37.59358],[-76.41728,37.59203],[-76.41929,37.59261],[-76.41964,37.59541],[-76.42074,37.5976]]],[[[-75.86765,36.55041],[-75.89038,36.55049],[-75.90475,36.55065],[-75.92205,36.55065],[-75.95891,36.55055],[-75.96816,36.55056],[-75.99775,36.55045],[-76.02147,36.55046],[-76.0451,36.55052],[-76.19715,36.55047],[-76.31321,36.55055],[-76.46527,36.55095],[-76.54169,36.55031],[-76.5755,36.55074],[-76.73833,36.55098],[-76.74968,36.55038],[-76.7813,36.55066],[-76.80708,36.55061],[-76.9159,36.55209],[-76.91699,36.55074],[-76.91732,36.54605],[-76.91605,36.54382],[-77.09506,36.54463],[-77.12481,36.54399],[-77.15269,36.54408],[-77.16966,36.54731],[-77.19017,36.54616],[-77.20516,36.54458],[-77.74971,36.54552],[-77.87528,36.54475],[-77.88236,36.54474],[-77.89977,36.54466],[-78.03894,36.54417],[-78.03942,36.5442],[-78.13291,36.54381],[-78.13332,36.54385],[-78.24546,36.54441],[-78.24668,36.54434],[-78.32391,36.54381],[-78.43633,36.54267],[-78.4412,36.54269],[-78.45697,36.54247],[-78.47079,36.54232],[-78.50996,36.54107],[-78.52972,36.54098],[-78.53301,36.541],[-78.6053,36.54109],[-78.66332,36.54201],[-78.67005,36.54203],[-78.75839,36.54185],[-78.76543,36.54173],[-78.7963,36.54171],[-78.91542,36.54197],[-78.94201,36.54211],[-78.94225,36.54208],[-78.97058,36.54215],[-78.97181,36.54212],[-79.12474,36.54157],[-79.12608,36.54153],[-79.13794,36.54174],[-79.20869,36.54157],[-79.20948,36.54159],[-79.24974,36.54114],[-79.44569,36.54122],[-79.44596,36.5412],[-79.51065,36.54074],[-79.66683,36.54177],[-79.66731,36.54177],[-79.88726,36.54284],[-79.90466,36.54244],[-79.96698,36.54248],[-79.96751,36.5425],[-80.02727,36.5425],[-80.12218,36.54265],[-80.16953,36.54319],[-80.17164,36.54322],[-80.22541,36.54375],[-80.22826,36.54387],[-80.29524,36.54397],[-80.43161,36.55022],[-80.43263,36.5503],[-80.4401,36.55063],[-80.62479,36.55841],[-80.65335,36.55922],[-80.70483,36.56232],[-80.73035,36.56235],[-80.77366,36.56031],[-80.80392,36.56081],[-80.83709,36.55915],[-80.83764,36.55912],[-80.90173,36.56175],[-80.94434,36.56306],[-80.94599,36.5632],[-81.0038,36.56363],[-81.0114,36.56443],[-81.05884,36.56698],[-81.08321,36.56733],[-81.12481,36.56923],[-81.14181,36.56953],[-81.17121,36.57103],[-81.17671,36.57193],[-81.24982,36.57323],[-81.2623,36.57392],[-81.30751,36.57502],[-81.35332,36.57472],[-81.37482,36.57467],[-81.44223,36.57682],[-81.46234,36.57815],[-81.48939,36.57903],[-81.52103,36.58052],[-81.60093,36.58702],[-81.67754,36.58812],[-81.6469,36.61192],[-81.73694,36.61238],[-81.82674,36.61422],[-81.92264,36.61621],[-81.93414,36.59421],[-82.14857,36.59472],[-82.15073,36.59467],[-82.17398,36.59461],[-82.18074,36.59493],[-82.18849,36.59518],[-82.2105,36.59577],[-82.21101,36.59586],[-82.22171,36.59581],[-82.22344,36.59572],[-82.22665,36.59574],[-82.29699,36.5957],[-82.46661,36.59448],[-82.48152,36.59576],[-82.49165,36.59563],[-82.53615,36.59515],[-82.554,36.59478],[-82.56207,36.5948],[-82.60918,36.5941],[-82.67988,36.5937],[-82.69578,36.5937],[-82.83043,36.59376],[-82.88801,36.59346],[-83.02725,36.59385],[-83.02836,36.59389],[-83.24893,36.59383],[-83.2503,36.59394],[-83.2611,36.59389],[-83.2763,36.59819],[-83.3749,36.59739],[-83.47211,36.59728],[-83.55681,36.59738],[-83.62262,36.59806],[-83.64559,36.6],[-83.67013,36.60076],[-83.67539,36.60078],[-83.67461,36.60308],[-83.67311,36.60468],[-83.66561,36.60578],[-83.66361,36.60678],[-83.65771,36.61178],[-83.64951,36.61668],[-83.64831,36.62268],[-83.64521,36.62418],[-83.63981,36.62478],[-83.63501,36.62288],[-83.62891,36.62408],[-83.62501,36.62518],[-83.61991,36.62798],[-83.61641,36.63138],[-83.61451,36.63398],[-83.60791,36.63708],[-83.60561,36.63778],[-83.60431,36.63768],[-83.60301,36.63688],[-83.60043,36.63785],[-83.5943,36.64075],[-83.58986,36.64138],[-83.58729,36.643],[-83.58596,36.64376],[-83.58451,36.64138],[-83.57731,36.64178],[-83.57475,36.64422],[-83.56918,36.64566],[-83.56541,36.64778],[-83.56261,36.65128],[-83.55411,36.65378],[-83.54731,36.65448],[-83.54181,36.65658],[-83.53311,36.66188],[-83.53301,36.66328],[-83.53191,36.66498],[-83.52961,36.66618],[-83.52711,36.66598],[-83.51601,36.66759],[-83.51171,36.66909],[-83.50691,36.66869],[-83.50141,36.66909],[-83.49991,36.67018],[-83.49801,36.67048],[-83.49391,36.67009],[-83.48891,36.66768],[-83.48261,36.66618],[-83.46648,36.6647],[-83.46081,36.66488],[-83.45801,36.66578],[-83.45471,36.66479],[-83.44811,36.66528],[-83.44081,36.66689],[-83.43651,36.66618],[-83.43171,36.66649],[-83.42371,36.66739],[-83.41951,36.66849],[-83.41181,36.67079],[-83.39581,36.67679],[-83.39491,36.67759],[-83.39561,36.67899],[-83.39531,36.67949],[-83.38931,36.68499],[-83.3861,36.68659],[-83.3675,36.69269],[-83.36401,36.69459],[-83.3621,36.69479],[-83.3602,36.69359],[-83.35921,36.69359],[-83.3564,36.69469],[-83.35461,36.69615],[-83.35361,36.6967],[-83.3508,36.69739],[-83.34971,36.69839],[-83.3428,36.70129],[-83.3157,36.70819],[-83.313,36.70909],[-83.3114,36.71029],[-83.3071,36.71139],[-83.2878,36.71379],[-83.2869,36.71399],[-83.2857,36.71519],[-83.2755,36.71799],[-83.2725,36.71779],[-83.2693,36.71849],[-83.2636,36.72099],[-83.2555,36.72179],[-83.2463,36.72529],[-83.2385,36.72709],[-83.2364,36.72689],[-83.22,36.73129],[-83.1997,36.73749],[-83.1946,36.73949],[-83.1757,36.73959],[-83.1674,36.73919],[-83.1615,36.73989],[-83.1567,36.74219],[-83.1461,36.74179],[-83.13639,36.74309],[-83.13429,36.74659],[-83.13099,36.74979],[-83.12783,36.75083],[-83.12827,36.75637],[-83.12881,36.75786],[-83.12672,36.761],[-83.12565,36.76141],[-83.13248,36.7644],[-83.13229,36.76561],[-83.13125,36.76711],[-83.13109,36.76838],[-83.12889,36.76989],[-83.13113,36.77117],[-83.13268,36.77153],[-83.1317,36.7736],[-83.13012,36.77387],[-83.12899,36.77578],[-83.13118,36.77884],[-83.13225,36.78161],[-83.13324,36.78321],[-83.13323,36.78458],[-83.13178,36.78539],[-83.12913,36.7855],[-83.12334,36.78665],[-83.11914,36.78953],[-83.11469,36.79609],[-83.11079,36.80039],[-83.10803,36.80218],[-83.10309,36.80669],[-83.09849,36.81429],[-83.09889,36.82299],[-83.09979,36.82489],[-83.10169,36.82669],[-83.10209,36.82819],[-83.10179,36.82909],[-83.09889,36.83179],[-83.09129,36.83439],[-83.08899,36.83599],[-83.08699,36.83819],[-83.07969,36.84059],[-83.07519,36.84089],[-83.07379,36.84489],[-83.07559,36.85059],[-83.07259,36.85459],[-83.06929,36.85359],[-83.06619,36.85189],[-83.06399,36.85169],[-83.06049,36.85379],[-83.05249,36.85199],[-83.04759,36.85179],[-83.04429,36.85299],[-83.04219,36.85439],[-83.02689,36.85549],[-83.02589,36.85529],[-83.02439,36.85169],[-83.02189,36.84999],[-83.01259,36.84729],[-83.00922,36.8473],[-83.00609,36.84789],[-83.00379,36.85179],[-82.99838,36.85663],[-82.98871,36.85914],[-82.97923,36.85969],[-82.97339,36.8591],[-82.97193,36.85777],[-82.97025,36.85769],[-82.96095,36.86254],[-82.95168,36.86615],[-82.93757,36.86727],[-82.92241,36.87392],[-82.91169,36.87425],[-82.91031,36.87405],[-82.90777,36.87471],[-82.90728,36.87564],[-82.908,36.87723],[-82.90798,36.87875],[-82.90632,36.87974],[-82.89544,36.88215],[-82.89003,36.88429],[-82.88763,36.88689],[-82.88463,36.88848],[-82.87949,36.88909],[-82.87857,36.88958],[-82.87786,36.89184],[-82.87864,36.89398],[-82.87644,36.89624],[-82.87321,36.89726],[-82.87007,36.90174],[-82.87256,36.90338],[-82.87747,36.90796],[-82.87622,36.91022],[-82.87378,36.9123],[-82.87214,36.91346],[-82.86712,36.91797],[-82.86519,36.92092],[-82.86347,36.92231],[-82.86194,36.92424],[-82.86003,36.92524],[-82.85864,36.92779],[-82.85796,36.92953],[-82.85846,36.93272],[-82.85878,36.93306],[-82.86054,36.93744],[-82.86168,36.93932],[-82.86128,36.94485],[-82.86063,36.94584],[-82.85997,36.94907],[-82.8561,36.95247],[-82.85571,36.95381],[-82.85844,36.95404],[-82.86053,36.95602],[-82.86287,36.95777],[-82.8654,36.95808],[-82.86736,36.96318],[-82.87023,36.9655],[-82.87027,36.96599],[-82.86918,36.97418],[-82.86845,36.97648],[-82.86754,36.97752],[-82.86602,36.97827],[-82.86491,36.97901],[-82.86293,36.97998],[-82.86056,36.97827],[-82.85794,36.97828],[-82.85677,36.9791],[-82.85642,36.98222],[-82.85373,36.98518],[-82.85261,36.98496],[-82.8514,36.9845],[-82.84943,36.98348],[-82.845,36.98381],[-82.84125,36.98686],[-82.84005,36.98711],[-82.83855,36.98703],[-82.83601,36.98884],[-82.83384,36.99197],[-82.8308,36.99345],[-82.82913,36.99754],[-82.83059,37.00095],[-82.82996,37.00355],[-82.82859,37.00571],[-82.82522,37.00628],[-82.82268,37.00413],[-82.8218,37.00438],[-82.81972,37.00621],[-82.81801,37.00616],[-82.81575,37.0072],[-82.81358,37.00532],[-82.80053,37.00794],[-82.79749,37.00965],[-82.79619,37.0085],[-82.79569,37.0067],[-82.79482,37.0059],[-82.79344,37.00549],[-82.79089,37.00676],[-82.79046,37.00726],[-82.7889,37.00816],[-82.78214,37.00824],[-82.77839,37.01252],[-82.77737,37.01528],[-82.77179,37.01572],[-82.76708,37.02094],[-82.76641,37.02311],[-82.75917,37.02733],[-82.75405,37.02659],[-82.75185,37.02562],[-82.75071,37.02411],[-82.74798,37.02521],[-82.74556,37.02984],[-82.74368,37.0414],[-82.74245,37.04298],[-82.7336,37.04453],[-82.73172,37.04345],[-82.72628,37.0421],[-82.72471,37.04276],[-82.72247,37.0451],[-82.72328,37.04762],[-82.72313,37.05244],[-82.72225,37.05795],[-82.7239,37.06254],[-82.72631,37.06687],[-82.72702,37.07302],[-82.72375,37.07552],[-82.72168,37.07519],[-82.71835,37.07571],[-82.71674,37.07722],[-82.7172,37.07954],[-82.71818,37.08068],[-82.7206,37.08183],[-82.72304,37.08499],[-82.72495,37.0919],[-82.72436,37.09299],[-82.72218,37.09431],[-82.72162,37.10128],[-82.72194,37.10569],[-82.72629,37.11185],[-82.72645,37.11498],[-82.7262,37.11588],[-82.7221,37.12017],[-82.71833,37.12227],[-82.71633,37.12209],[-82.70787,37.12549],[-82.69567,37.13151],[-82.6846,37.13584],[-82.67943,37.13558],[-82.67677,37.13497],[-82.67153,37.13844],[-82.66772,37.14195],[-82.66245,37.14386],[-82.65747,37.14502],[-82.65476,37.1506],[-82.65327,37.15131],[-82.65165,37.15191],[-82.63349,37.15426],[-82.62488,37.16293],[-82.61742,37.16813],[-82.60829,37.17305],[-82.59745,37.17709],[-82.59277,37.18039],[-82.59323,37.18206],[-82.59245,37.18285],[-82.58672,37.18562],[-82.57899,37.1885],[-82.56533,37.19612],[-82.55818,37.19961],[-82.55384,37.20284],[-82.55037,37.20446],[-82.5458,37.20307],[-82.5413,37.20653],[-82.53663,37.20692],[-82.53158,37.20916],[-82.53205,37.21081],[-82.53179,37.2121],[-82.52875,37.21374],[-82.52446,37.21496],[-82.52012,37.21291],[-82.50943,37.21892],[-82.50806,37.22096],[-82.50834,37.22239],[-82.5079,37.22273],[-82.49886,37.22704],[-82.49631,37.22756],[-82.49524,37.22561],[-82.49149,37.22509],[-82.48722,37.2278],[-82.48732,37.23058],[-82.48644,37.2312],[-82.47328,37.23557],[-82.46307,37.23829],[-82.45702,37.23829],[-82.452,37.24256],[-82.44916,37.24391],[-82.43573,37.24649],[-82.43102,37.24677],[-82.41809,37.25133],[-82.38566,37.25963],[-82.38329,37.26015],[-82.37659,37.2599],[-82.36454,37.26441],[-82.35534,37.26522],[-82.35095,37.26708],[-82.34207,37.27411],[-82.34185,37.28089],[-82.33694,37.27974],[-82.33157,37.28221],[-82.32462,37.28318],[-82.31896,37.28752],[-82.3174,37.29098],[-82.31708,37.29364],[-82.31603,37.29488],[-82.30942,37.30007],[-82.29191,37.31164],[-82.25435,37.33774],[-82.20269,37.37404],[-82.20175,37.37511],[-82.12485,37.42727],[-82.06281,37.47091],[-82.05089,37.48053],[-81.96801,37.53804],[-81.96928,37.53433],[-81.96758,37.53281],[-81.95936,37.53522],[-81.95738,37.5352],[-81.95695,37.53426],[-81.95744,37.53321],[-81.95769,37.52984],[-81.95663,37.52849],[-81.95352,37.52806],[-81.94602,37.53174],[-81.94401,37.53096],[-81.94398,37.5303],[-81.94755,37.52753],[-81.94766,37.52508],[-81.94709,37.52391],[-81.94369,37.52121],[-81.94378,37.51961],[-81.94548,37.51661],[-81.94476,37.51366],[-81.94387,37.51288],[-81.94197,37.51231],[-81.93875,37.5129],[-81.937,37.51423],[-81.9361,37.51542],[-81.93598,37.51704],[-81.935,37.519],[-81.93406,37.51947],[-81.93213,37.51829],[-81.93106,37.51683],[-81.92719,37.51533],[-81.92639,37.51421],[-81.92674,37.51304],[-81.92787,37.51212],[-81.93228,37.51196],[-81.93505,37.51051],[-81.93654,37.51047],[-81.94019,37.50921],[-81.94115,37.50948],[-81.94304,37.50861],[-81.94419,37.50698],[-81.94391,37.50293],[-81.94596,37.5019],[-81.94919,37.50238],[-81.95183,37.50205],[-81.95315,37.50131],[-81.95408,37.49982],[-81.95436,37.49608],[-81.95417,37.4953],[-81.95274,37.49416],[-81.95268,37.49227],[-81.95326,37.49176],[-81.95721,37.4915],[-81.96499,37.49349],[-81.96664,37.49246],[-81.96713,37.49074],[-81.97073,37.4899],[-81.97066,37.48847],[-81.97232,37.48867],[-81.97322,37.48798],[-81.97576,37.48769],[-81.97647,37.48546],[-81.97759,37.4846],[-81.97917,37.4846],[-81.98033,37.48545],[-81.9857,37.48568],[-81.98985,37.48488],[-81.99292,37.48297],[-81.99297,37.4798],[-81.99658,37.47671],[-81.99583,37.47565],[-81.99595,37.47444],[-81.9953,37.47247],[-81.99602,37.47204],[-81.99608,37.47153],[-81.99565,37.46983],[-81.99297,37.46845],[-81.99354,37.46427],[-81.99227,37.46092],[-81.98952,37.46067],[-81.98763,37.45866],[-81.98793,37.45642],[-81.98701,37.45488],[-81.98489,37.45432],[-81.98001,37.45721],[-81.97618,37.45719],[-81.9748,37.45613],[-81.97338,37.45607],[-81.97316,37.45544],[-81.9733,37.45443],[-81.97241,37.45321],[-81.9688,37.4515],[-81.96934,37.45032],[-81.97047,37.44857],[-81.97038,37.44769],[-81.96797,37.44659],[-81.96702,37.44683],[-81.96632,37.44672],[-81.96558,37.44692],[-81.96457,37.44759],[-81.96418,37.44743],[-81.96302,37.44785],[-81.96189,37.44762],[-81.96121,37.44775],[-81.96059,37.44821],[-81.95952,37.44791],[-81.95867,37.44805],[-81.95743,37.44905],[-81.95533,37.4472],[-81.94937,37.44569],[-81.94576,37.44021],[-81.94286,37.43993],[-81.94118,37.44049],[-81.93884,37.44046],[-81.93562,37.4384],[-81.93532,37.43639],[-81.93784,37.43211],[-81.94055,37.42906],[-81.93695,37.41992],[-81.93247,37.41522],[-81.92348,37.41138],[-81.92451,37.40761],[-81.92576,37.40687],[-81.92734,37.40684],[-81.93004,37.40529],[-81.93079,37.40166],[-81.92828,37.39806],[-81.92878,37.39384],[-81.92984,37.39283],[-81.93272,37.39204],[-81.93388,37.39065],[-81.9336,37.38922],[-81.93306,37.38798],[-81.93173,37.38719],[-81.93181,37.38548],[-81.93261,37.38518],[-81.93411,37.38402],[-81.93571,37.38315],[-81.93674,37.38073],[-81.93587,37.37855],[-81.93388,37.3778],[-81.93314,37.37784],[-81.93182,37.37704],[-81.93145,37.37601],[-81.93106,37.37547],[-81.93176,37.37455],[-81.93276,37.37423],[-81.9339,37.37275],[-81.93294,37.37208],[-81.93338,37.36934],[-81.93019,37.36673],[-81.9267,37.36462],[-81.9285,37.36064],[-81.92659,37.35894],[-81.92564,37.35732],[-81.92157,37.35642],[-81.92071,37.35542],[-81.92028,37.3534],[-81.91668,37.34935],[-81.91195,37.34934],[-81.91149,37.34884],[-81.91088,37.34873],[-81.90789,37.34378],[-81.90732,37.34312],[-81.90637,37.34276],[-81.9038,37.34305],[-81.90299,37.34234],[-81.8995,37.3411],[-81.89946,37.34028],[-81.896,37.33197],[-81.8948,37.33201],[-81.89477,37.33138],[-81.89377,37.33011],[-81.89288,37.33013],[-81.88772,37.33116],[-81.88695,37.33073],[-81.88508,37.33067],[-81.88089,37.33115],[-81.8796,37.33207],[-81.87871,37.33175],[-81.87834,37.32884],[-81.87321,37.32507],[-81.87266,37.32331],[-81.87018,37.32067],[-81.86742,37.32084],[-81.86027,37.31571],[-81.85993,37.31397],[-81.86371,37.31223],[-81.86543,37.31012],[-81.86568,37.30948],[-81.86522,37.30884],[-81.86203,37.30565],[-81.85962,37.30477],[-81.85603,37.30674],[-81.85446,37.30657],[-81.85365,37.30078],[-81.85447,37.29994],[-81.85349,37.29476],[-81.85406,37.29135],[-81.85355,37.2877],[-81.84995,37.28523],[-81.84681,37.28465],[-81.84317,37.28559],[-81.84231,37.28556],[-81.83876,37.28634],[-81.83443,37.28542],[-81.83341,37.28453],[-81.83439,37.28309],[-81.83447,37.28176],[-81.82506,37.27954],[-81.81963,37.27941],[-81.8167,37.27987],[-81.81322,37.28109],[-81.81056,37.28298],[-81.80918,37.283],[-81.80723,37.28317],[-81.80538,37.28562],[-81.80327,37.28592],[-81.79359,37.28484],[-81.79312,37.28354],[-81.79364,37.28219],[-81.79342,37.28167],[-81.78929,37.28442],[-81.78312,37.28258],[-81.77936,37.27998],[-81.77935,37.27739],[-81.77732,37.27587],[-81.77468,37.27481],[-81.76784,37.27422],[-81.7652,37.2751],[-81.76278,37.27539],[-81.76175,37.27571],[-81.76022,37.27525],[-81.75763,37.274],[-81.75771,37.27112],[-81.75753,37.27001],[-81.75501,37.26772],[-81.75291,37.26661],[-81.75212,37.26557],[-81.75129,37.26513],[-81.74766,37.26433],[-81.74611,37.2636],[-81.7455,37.26133],[-81.74545,37.25812],[-81.74301,37.25513],[-81.74166,37.25478],[-81.74097,37.25405],[-81.7435,37.2476],[-81.74342,37.24586],[-81.74429,37.24418],[-81.744,37.24253],[-81.73854,37.23826],[-81.73332,37.23813],[-81.72617,37.24052],[-81.72306,37.24049],[-81.71955,37.23779],[-81.71625,37.23432],[-81.71573,37.22877],[-81.69895,37.2182],[-81.69511,37.21357],[-81.68672,37.2131],[-81.68354,37.21145],[-81.68401,37.2111],[-81.68327,37.20565],[-81.68138,37.20363],[-81.6786,37.20247],[-81.67821,37.20148],[-81.56063,37.20666],[-81.55835,37.20815],[-81.55732,37.2077],[-81.55689,37.20728],[-81.55612,37.20741],[-81.5536,37.20844],[-81.54925,37.21373],[-81.54521,37.22017],[-81.54444,37.22076],[-81.53307,37.22341],[-81.52746,37.22582],[-81.52073,37.22691],[-81.50879,37.23256],[-81.50732,37.2338],[-81.50626,37.23927],[-81.50643,37.24447],[-81.50488,37.2477],[-81.50417,37.25012],[-81.50319,37.25258],[-81.49887,37.25803],[-81.49778,37.2579],[-81.49777,37.25719],[-81.49845,37.25657],[-81.49805,37.25466],[-81.49574,37.25239],[-81.49229,37.25096],[-81.48356,37.2506],[-81.48014,37.25112],[-81.47643,37.25513],[-81.46211,37.2599],[-81.46,37.26255],[-81.45987,37.2639],[-81.46058,37.26553],[-81.45889,37.26647],[-81.4542,37.267],[-81.44907,37.26958],[-81.44828,37.27058],[-81.44845,37.2717],[-81.44765,37.27224],[-81.44697,37.27193],[-81.44492,37.2723],[-81.44424,37.27148],[-81.44263,37.27184],[-81.43992,37.27088],[-81.43913,37.27205],[-81.43716,37.27407],[-81.43534,37.27401],[-81.43494,37.27345],[-81.4335,37.27381],[-81.43285,37.2727],[-81.42795,37.27101],[-81.41666,37.27321],[-81.41587,37.27433],[-81.41603,37.27667],[-81.41674,37.27722],[-81.41568,37.27914],[-81.41407,37.27961],[-81.41287,37.27947],[-81.41159,37.28033],[-81.40958,37.28402],[-81.40973,37.28484],[-81.4092,37.28607],[-81.40376,37.2966],[-81.40506,37.29879],[-81.4022,37.30166],[-81.39818,37.30297],[-81.39682,37.3045],[-81.39736,37.30636],[-81.3987,37.30781],[-81.39855,37.31063],[-81.39429,37.31641],[-81.38813,37.3199],[-81.38673,37.32047],[-81.38581,37.32008],[-81.38491,37.31883],[-81.38413,37.3186],[-81.38016,37.31784],[-81.37735,37.31845],[-81.37445,37.31861],[-81.37261,37.32019],[-81.37131,37.32411],[-81.3676,37.32757],[-81.36803,37.32945],[-81.36926,37.33057],[-81.36938,37.33183],[-81.36809,37.33242],[-81.36632,37.33593],[-81.36216,37.33769],[-81.3201,37.29932],[-81.2251,37.23487],[-81.20477,37.24301],[-81.17815,37.25798],[-81.16703,37.26288],[-81.15896,37.26538],[-81.1424,37.26917],[-81.1126,37.2785],[-81.09482,37.28264],[-81.08401,37.2844],[-81.03719,37.29025],[-81.02194,37.29414],[-81.00846,37.29607],[-81.00058,37.29787],[-80.99601,37.29955],[-80.97959,37.30228],[-80.97911,37.30058],[-80.98217,37.29602],[-80.98132,37.29346],[-80.98015,37.29274],[-80.97389,37.29144],[-80.96656,37.29216],[-80.9479,37.29587],[-80.93814,37.30028],[-80.93112,37.30287],[-80.92704,37.30368],[-80.91926,37.30616],[-80.90054,37.315],[-80.8801,37.3289],[-80.86899,37.33857],[-80.86532,37.34052],[-80.84945,37.34691],[-80.88325,37.38393],[-80.86276,37.41183],[-80.86446,37.41418],[-80.86517,37.417],[-80.86515,37.41993],[-80.86314,37.42464],[-80.85956,37.42957],[-80.85836,37.42817],[-80.857,37.42705],[-80.85316,37.4269],[-80.85066,37.42606],[-80.84632,37.42339],[-80.84421,37.42356],[-80.84167,37.42597],[-80.83768,37.42566],[-80.83645,37.42435],[-80.81164,37.40751],[-80.80877,37.40627],[-80.80636,37.40412],[-80.80713,37.40135],[-80.80613,37.39807],[-80.80045,37.39574],[-80.79887,37.39581],[-80.79032,37.39567],[-80.78419,37.39459],[-80.78332,37.39279],[-80.78338,37.39065],[-80.7823,37.38902],[-80.77677,37.38413],[-80.77665,37.38368],[-80.77008,37.37236],[-80.75989,37.37488],[-80.74872,37.38005],[-80.74553,37.38011],[-80.73804,37.38255],[-80.73159,37.38471],[-80.7236,37.38826],[-80.71548,37.39071],[-80.7052,37.39462],[-80.69171,37.40175],[-80.68458,37.40463],[-80.66497,37.41421],[-80.66411,37.41422],[-80.65669,37.41759],[-80.65359,37.41951],[-80.64589,37.42215],[-80.63695,37.42747],[-80.63755,37.42856],[-80.63738,37.42937],[-80.63439,37.43123],[-80.63236,37.43212],[-80.62637,37.43333],[-80.62266,37.43331],[-80.62212,37.43597],[-80.6168,37.43944],[-80.6002,37.44617],[-80.59138,37.45144],[-80.59024,37.4533],[-80.58586,37.45665],[-80.5663,37.46657],[-80.56144,37.46977],[-80.55204,37.47356],[-80.55075,37.47377],[-80.54745,37.47368],[-80.54484,37.47469],[-80.53979,37.47453],[-80.53689,37.47401],[-80.53441,37.47473],[-80.53345,37.47641],[-80.53237,37.47712],[-80.52835,37.47737],[-80.52348,37.47691],[-80.52234,37.47718],[-80.51966,37.4792],[-80.51864,37.4793],[-80.51637,37.47847],[-80.51514,37.47857],[-80.51341,37.47945],[-80.51139,37.48167],[-80.49298,37.45775],[-80.49728,37.44478],[-80.49487,37.43507],[-80.4756,37.42295],[-80.46482,37.42614],[-80.45731,37.43227],[-80.45137,37.43404],[-80.44303,37.43813],[-80.42566,37.44988],[-80.40282,37.46032],[-80.39988,37.46231],[-80.38254,37.47037],[-80.37831,37.47138],[-80.37195,37.47407],[-80.36945,37.4766],[-80.36317,37.48],[-80.36684,37.48488],[-80.34379,37.49215],[-80.33204,37.49374],[-80.3271,37.49538],[-80.32063,37.49888],[-80.30933,37.50288],[-80.30983,37.50383],[-80.29979,37.50827],[-80.28239,37.53352],[-80.29164,37.5365],[-80.30935,37.52738],[-80.33031,37.53624],[-80.32749,37.54002],[-80.32438,37.54105],[-80.32125,37.54142],[-80.31446,37.54412],[-80.31239,37.54624],[-80.3285,37.56432],[-80.29488,37.57877],[-80.28244,37.58548],[-80.27034,37.59115],[-80.26356,37.59337],[-80.25892,37.5955],[-80.24978,37.60212],[-80.24027,37.60696],[-80.22602,37.62006],[-80.22339,37.62318],[-80.22098,37.62777],[-80.23929,37.63767],[-80.25443,37.64235],[-80.25447,37.64233],[-80.26328,37.64508],[-80.26745,37.64611],[-80.27035,37.64893],[-80.27032,37.64898],[-80.27937,37.65708],[-80.29226,37.68373],[-80.29234,37.68398],[-80.29614,37.69178],[-80.29411,37.69385],[-80.28711,37.6964],[-80.27501,37.70784],[-80.27199,37.71153],[-80.26441,37.71879],[-80.25814,37.72061],[-80.25308,37.7259],[-80.25223,37.72726],[-80.25202,37.72982],[-80.26031,37.73352],[-80.26277,37.73834],[-80.25741,37.75608],[-80.25641,37.75637],[-80.25162,37.75587],[-80.24979,37.75711],[-80.25043,37.7613],[-80.25132,37.76296],[-80.2504,37.76582],[-80.24798,37.76851],[-80.2469,37.76831],[-80.24456,37.767],[-80.24144,37.76806],[-80.24124,37.77179],[-80.24027,37.7727],[-80.23589,37.77313],[-80.23545,37.77444],[-80.23401,37.77448],[-80.23201,37.77562],[-80.23046,37.77831],[-80.2275,37.77889],[-80.22679,37.77881],[-80.22545,37.77708],[-80.22303,37.77728],[-80.22183,37.77829],[-80.21763,37.77678],[-80.2169,37.77606],[-80.21566,37.77748],[-80.21573,37.77888],[-80.21629,37.77979],[-80.21589,37.78199],[-80.21862,37.78329],[-80.22009,37.78316],[-80.22101,37.78223],[-80.22208,37.78177],[-80.22348,37.78244],[-80.22433,37.78358],[-80.22415,37.78563],[-80.22288,37.78619],[-80.22342,37.78718],[-80.22618,37.78842],[-80.22606,37.78983],[-80.22796,37.79171],[-80.22949,37.79233],[-80.22923,37.79466],[-80.22709,37.79889],[-80.21861,37.80978],[-80.21694,37.80951],[-80.21623,37.80982],[-80.21097,37.8126],[-80.20648,37.81597],[-80.20584,37.81892],[-80.20285,37.82424],[-80.19963,37.82751],[-80.19465,37.83176],[-80.18638,37.83774],[-80.18177,37.83834],[-80.17939,37.83975],[-80.18355,37.84681],[-80.18306,37.85065],[-80.18182,37.85272],[-80.17671,37.85403],[-80.17208,37.86007],[-80.17203,37.86214],[-80.16896,37.86712],[-80.1622,37.87512],[-80.15383,37.88182],[-80.14895,37.88689],[-80.14732,37.88594],[-80.14613,37.88445],[-80.14195,37.88262],[-80.13193,37.8895],[-80.13104,37.8907],[-80.13046,37.89319],[-80.12955,37.89413],[-80.12362,37.89794],[-80.12302,37.89805],[-80.12061,37.89673],[-80.11775,37.89772],[-80.11748,37.90058],[-80.11911,37.90202],[-80.11897,37.90361],[-80.11688,37.90629],[-80.10682,37.9147],[-80.10293,37.91891],[-80.09656,37.91811],[-80.08695,37.92955],[-80.08082,37.93553],[-80.07544,37.93963],[-80.07451,37.94222],[-80.06657,37.94717],[-80.06368,37.94797],[-80.05684,37.95183],[-80.05104,37.95685],[-80.04841,37.95748],[-80.03624,37.96792],[-80.02417,37.97691],[-80.01314,37.98425],[-80.01256,37.986],[-80.01289,37.98744],[-80.01219,37.98863],[-80.00889,37.99083],[-80.00251,37.99277],[-79.99938,37.99584],[-79.99613,38.001],[-79.9954,38.00331],[-79.9959,38.00579],[-79.99498,38.00785],[-79.99011,38.01325],[-79.98614,38.01418],[-79.98484,38.01661],[-79.98579,38.01809],[-79.98562,38.01916],[-79.98029,38.0276],[-79.97843,38.02908],[-79.97673,38.02928],[-79.97527,38.03007],[-79.9737,38.03256],[-79.97217,38.0361],[-79.97378,38.03874],[-79.97389,38.04],[-79.97123,38.04433],[-79.96819,38.04771],[-79.95984,38.0637],[-79.96009,38.06868],[-79.95437,38.0804],[-79.95351,38.08148],[-79.94911,38.08424],[-79.94236,38.09159],[-79.93827,38.09474],[-79.9351,38.09654],[-79.93425,38.09767],[-79.93391,38.09917],[-79.93103,38.1014],[-79.92764,38.10483],[-79.92633,38.10715],[-79.92969,38.1092],[-79.93436,38.10972],[-79.93805,38.11076],[-79.93895,38.11162],[-79.94484,38.13159],[-79.94275,38.13433],[-79.93375,38.13551],[-79.92903,38.13977],[-79.92868,38.14493],[-79.92636,38.14732],[-79.92551,38.15024],[-79.92525,38.15046],[-79.92312,38.15087],[-79.91866,38.15479],[-79.91901,38.15616],[-79.91853,38.1575],[-79.91857,38.15806],[-79.91979,38.15851],[-79.919,38.15995],[-79.91909,38.1611],[-79.91952,38.16265],[-79.91872,38.16315],[-79.91638,38.16302],[-79.91594,38.16366],[-79.91623,38.16499],[-79.91488,38.16752],[-79.91506,38.16809],[-79.91607,38.16843],[-79.91792,38.1684],[-79.91891,38.17044],[-79.91863,38.17267],[-79.91676,38.1755],[-79.91662,38.17799],[-79.92103,38.17995],[-79.9212,38.18038],[-79.91706,38.18374],[-79.91617,38.18439],[-79.91634,38.18628],[-79.91441,38.18842],[-79.91096,38.18792],[-79.90609,38.189],[-79.89843,38.19304],[-79.89292,38.19987],[-79.89235,38.2024],[-79.89159,38.20465],[-79.88805,38.20736],[-79.88641,38.20795],[-79.88423,38.20787],[-79.87909,38.21102],[-79.86362,38.22395],[-79.85696,38.23107],[-79.85032,38.23333],[-79.84645,38.24],[-79.84521,38.24108],[-79.84298,38.24159],[-79.83749,38.24128],[-79.83512,38.24189],[-79.83417,38.2429],[-79.83403,38.24496],[-79.83297,38.24755],[-79.83088,38.24969],[-79.82528,38.25049],[-79.82101,38.24828],[-79.81962,38.24823],[-79.81715,38.24951],[-79.81486,38.25157],[-79.81572,38.25364],[-79.81571,38.25507],[-79.8142,38.25817],[-79.81199,38.2604],[-79.80633,38.25919],[-79.80127,38.26147],[-79.79829,38.26596],[-79.79013,38.26765],[-79.78894,38.2687],[-79.78754,38.2733],[-79.78979,38.28117],[-79.79545,38.29023],[-79.79785,38.29205],[-79.80278,38.29207],[-79.80335,38.29668],[-79.80403,38.29862],[-79.80754,38.30169],[-79.81011,38.30504],[-79.81015,38.30671],[-79.80871,38.30943],[-79.80409,38.31392],[-79.79962,38.31715],[-79.79816,38.31916],[-79.79655,38.32348],[-79.78597,38.33088],[-79.77927,38.33161],[-79.77309,38.33553],[-79.76991,38.34184],[-79.76765,38.34408],[-79.7678,38.34571],[-79.76811,38.34623],[-79.7691,38.34653],[-79.77035,38.3478],[-79.77,38.34815],[-79.76823,38.3492],[-79.7664,38.35087],[-79.76592,38.35169],[-79.76622,38.35248],[-79.76726,38.35339],[-79.76443,38.35651],[-79.75763,38.35757],[-79.75556,38.35737],[-79.74411,38.35397],[-79.74062,38.3541],[-79.7346,38.35673],[-79.73206,38.36017],[-79.72934,38.36183],[-79.72705,38.36223],[-79.72597,38.36323],[-79.7256,38.36383],[-79.7258,38.36613],[-79.72679,38.37083],[-79.72768,38.3717],[-79.73049,38.37222],[-79.7317,38.37338],[-79.72989,38.38035],[-79.72635,38.38707],[-79.72265,38.38952],[-79.71737,38.40156],[-79.7129,38.40503],[-79.70897,38.40955],[-79.70914,38.41206],[-79.70663,38.41573],[-79.68967,38.43144],[-79.68991,38.43286],[-79.69093,38.434],[-79.69166,38.43644],[-79.69138,38.43956],[-79.68954,38.44251],[-79.69148,38.44628],[-79.6882,38.45048],[-79.68837,38.45687],[-79.68888,38.45871],[-79.69109,38.46374],[-79.69559,38.46906],[-79.69893,38.46987],[-79.69962,38.47397],[-79.69901,38.47515],[-79.69557,38.47784],[-79.69418,38.47831],[-79.69342,38.48101],[-79.69546,38.48145],[-79.69696,38.48457],[-79.69757,38.48722],[-79.69451,38.49423],[-79.69227,38.49647],[-79.6913,38.49677],[-79.68834,38.49618],[-79.68297,38.50132],[-79.68161,38.5045],[-79.68157,38.50822],[-79.68037,38.51062],[-79.67407,38.51042],[-79.67047,38.50772],[-79.66913,38.51088],[-79.66877,38.51202],[-79.66757,38.51292],[-79.66567,38.51382],[-79.66347,38.51412],[-79.66207,38.51552],[-79.66297,38.51872],[-79.66677,38.52432],[-79.66977,38.52692],[-79.67157,38.52752],[-79.67297,38.52872],[-79.66877,38.53422],[-79.66687,38.53832],[-79.66967,38.54342],[-79.66927,38.54952],[-79.66508,38.56092],[-79.66258,38.56052],[-79.65927,38.56242],[-79.66067,38.56622],[-79.66227,38.56802],[-79.66287,38.57042],[-79.66038,38.57252],[-79.65937,38.57262],[-79.65817,38.57302],[-79.65775,38.57367],[-79.65784,38.57479],[-79.65611,38.5762],[-79.6554,38.57949],[-79.65587,38.58142],[-79.65547,38.58242],[-79.65398,38.58472],[-79.65188,38.58651],[-79.65066,38.58806],[-79.64907,38.59152],[-79.57177,38.56312],[-79.56627,38.56252],[-79.55547,38.56022],[-79.54257,38.55322],[-79.53827,38.55182],[-79.53687,38.55092],[-79.53337,38.54622],[-79.53317,38.54472],[-79.53187,38.54282],[-79.52147,38.53392],[-79.49977,38.49772],[-79.47664,38.45723],[-79.3703,38.42724],[-79.31228,38.41188],[-79.31054,38.41268],[-79.30914,38.41265],[-79.30721,38.41387],[-79.30639,38.41493],[-79.30458,38.41551],[-79.30251,38.41536],[-79.30106,38.41487],[-79.30008,38.41489],[-79.29776,38.41644],[-79.29571,38.41813],[-79.29181,38.41963],[-79.29053,38.42076],[-79.28843,38.42096],[-79.28687,38.42056],[-79.28561,38.41925],[-79.28297,38.4181],[-79.28015,38.42076],[-79.27968,38.42417],[-79.28026,38.42547],[-79.28058,38.42683],[-79.28247,38.42917],[-79.28276,38.43165],[-79.28222,38.43208],[-79.27453,38.43634],[-79.27206,38.43738],[-79.26741,38.43832],[-79.26533,38.44177],[-79.26338,38.44376],[-79.26111,38.44808],[-79.25737,38.45016],[-79.25599,38.45302],[-79.25588,38.45424],[-79.25444,38.45595],[-79.25307,38.45582],[-79.24734,38.45329],[-79.24264,38.45417],[-79.24185,38.45705],[-79.24202,38.46433],[-79.24006,38.46984],[-79.23441,38.47301],[-79.23162,38.47404],[-79.22567,38.47647],[-79.22096,38.48059],[-79.22141,38.48484],[-79.21907,38.48744],[-79.21521,38.48926],[-79.21059,38.49291],[-79.21001,38.49428],[-79.2097,38.49557],[-79.20787,38.50012],[-79.20788,38.50043],[-79.20696,38.50352],[-79.21096,38.50742],[-79.20586,38.52452],[-79.20146,38.52782],[-79.19696,38.53672],[-79.19346,38.54242],[-79.18896,38.54742],[-79.18406,38.55152],[-79.18086,38.55992],[-79.17666,38.56552],[-79.17451,38.56653],[-79.17096,38.56812],[-79.17066,38.56922],[-79.17166,38.57162],[-79.17086,38.57412],[-79.16806,38.57862],[-79.16346,38.58312],[-79.15866,38.59232],[-79.15826,38.59392],[-79.15896,38.59452],[-79.15916,38.60122],[-79.15436,38.60652],[-79.15556,38.60922],[-79.15536,38.61122],[-79.15126,38.62062],[-79.14697,38.62564],[-79.14674,38.62582],[-79.14266,38.63442],[-79.13966,38.63722],[-79.13756,38.63802],[-79.13701,38.64066],[-79.13637,38.6424],[-79.13555,38.64372],[-79.13547,38.64406],[-79.13356,38.64602],[-79.13106,38.65322],[-79.12976,38.65502],[-79.12886,38.65552],[-79.12586,38.65522],[-79.12406,38.65612],[-79.12356,38.65672],[-79.12366,38.65792],[-79.12301,38.65933],[-79.12226,38.65982],[-79.12026,38.66022],[-79.11595,38.65881],[-79.11345,38.65972],[-79.11156,38.65972],[-79.10636,38.65622],[-79.09296,38.65952],[-79.09275,38.66282],[-79.09225,38.66811],[-79.09105,38.66932],[-79.08786,38.67382],[-79.08436,38.68652],[-79.08555,38.68882],[-79.08805,38.69011],[-79.09076,38.69252],[-79.09227,38.69921],[-79.09256,38.70015],[-79.09275,38.70231],[-79.08656,38.71601],[-79.08725,38.72011],[-79.08545,38.72461],[-79.08195,38.72971],[-79.07966,38.73471],[-79.07655,38.73921],[-79.07385,38.74211],[-79.07276,38.74461],[-79.07255,38.74751],[-79.06485,38.75441],[-79.06095,38.75671],[-79.05755,38.76021],[-79.05725,38.76141],[-79.05675,38.76651],[-79.05565,38.77091],[-79.05375,38.77231],[-79.05155,38.77261],[-79.05125,38.77391],[-79.05165,38.77801],[-79.05245,38.77921],[-79.05435,38.78061],[-79.05565,38.78301],[-79.05495,38.78571],[-79.04895,38.79071],[-79.04655,38.79211],[-79.03315,38.79101],[-79.02925,38.79101],[-79.02725,38.79211],[-79.02305,38.79861],[-79.02345,38.80261],[-79.02445,38.80371],[-79.02405,38.80921],[-79.01955,38.81791],[-79.01675,38.82001],[-79.01195,38.82041],[-79.00795,38.82231],[-79.00655,38.82371],[-79.00615,38.82451],[-79.00635,38.82611],[-79.00515,38.82991],[-79.00235,38.83651],[-78.99901,38.84007],[-78.99886,38.84096],[-79.00025,38.84541],[-78.99817,38.84735],[-78.994,38.8501],[-78.86928,38.76299],[-78.8659,38.76703],[-78.86368,38.7718],[-78.84819,38.79498],[-78.83519,38.8115],[-78.83227,38.81439],[-78.82726,38.82161],[-78.82117,38.83098],[-78.81512,38.84159],[-78.81094,38.84962],[-78.80818,38.85618],[-78.79621,38.87461],[-78.79161,38.87759],[-78.79008,38.88008],[-78.78803,38.88512],[-78.78602,38.88719],[-78.7792,38.8923],[-78.77279,38.89374],[-78.75908,38.90053],[-78.75728,38.9032],[-78.75452,38.90573],[-78.75466,38.90758],[-78.75052,38.91603],[-78.73892,38.92728],[-78.72622,38.93093],[-78.72406,38.93085],[-78.72245,38.9314],[-78.71848,38.93427],[-78.71708,38.93603],[-78.71962,38.92651],[-78.7201,38.92386],[-78.71981,38.92264],[-78.71945,38.92026],[-78.7209,38.90984],[-78.71981,38.90591],[-78.71865,38.90456],[-78.71718,38.9043],[-78.71617,38.90483],[-78.71262,38.90866],[-78.70432,38.91523],[-78.69738,38.9156],[-78.69145,38.9222],[-78.68827,38.92478],[-78.68162,38.92584],[-78.68046,38.92531],[-78.67068,38.9338],[-78.66659,38.9392],[-78.66589,38.94158],[-78.66208,38.9457],[-78.65905,38.94738],[-78.65504,38.95377],[-78.65235,38.96068],[-78.64659,38.96814],[-78.63842,38.96682],[-78.63247,38.97474],[-78.63245,38.97698],[-78.63085,38.97959],[-78.62955,38.98087],[-78.62567,38.98257],[-78.62045,38.9826],[-78.61991,38.98129],[-78.61998,38.97734],[-78.61868,38.97408],[-78.61431,38.97585],[-78.61118,38.97613],[-78.60837,38.96974],[-78.60165,38.9646],[-78.6014,38.96653],[-78.59889,38.96955],[-78.59601,38.97019],[-78.59326,38.97192],[-78.5887,38.97858],[-78.58293,38.98542],[-78.58198,38.9884],[-78.58047,38.99057],[-78.57046,39.00155],[-78.56171,39.00901],[-78.5594,39.01188],[-78.55492,39.01512],[-78.55232,39.01637],[-78.55047,39.01806],[-78.55738,39.02139],[-78.55964,39.02446],[-78.56329,39.02633],[-78.56507,39.02593],[-78.56584,39.0263],[-78.5719,39.032],[-78.56,39.04157],[-78.55675,39.04453],[-78.55426,39.04806],[-78.54773,39.05407],[-78.54568,39.05505],[-78.54022,39.06063],[-78.53169,39.06652],[-78.52654,39.06822],[-78.52271,39.07106],[-78.51679,39.07757],[-78.51596,39.08005],[-78.51648,39.0818],[-78.5121,39.08488],[-78.50813,39.08863],[-78.50438,39.0914],[-78.49598,39.09898],[-78.49516,39.10099],[-78.48428,39.10737],[-78.47843,39.10984],[-78.47732,39.1094],[-78.47538,39.10747],[-78.47321,39.10814],[-78.47026,39.11006],[-78.46953,39.1112],[-78.46666,39.11286],[-78.45987,39.11335],[-78.43943,39.13215],[-78.43777,39.13543],[-78.43666,39.14169],[-78.42729,39.15273],[-78.41394,39.15841],[-78.4126,39.16004],[-78.4037,39.16745],[-78.40697,39.1709],[-78.41197,39.17273],[-78.41313,39.17364],[-78.41389,39.17535],[-78.41484,39.17784],[-78.41894,39.17735],[-78.42333,39.18135],[-78.42431,39.18268],[-78.42632,39.18276],[-78.42711,39.18425],[-78.42693,39.18556],[-78.4287,39.18722],[-78.42429,39.19216],[-78.4249,39.1933],[-78.42602,39.19414],[-78.42868,39.19263],[-78.43009,39.19437],[-78.43085,39.19623],[-78.43666,39.19666],[-78.43865,39.19805],[-78.43705,39.19977],[-78.43213,39.20472],[-78.4298,39.20701],[-78.42791,39.20861],[-78.42397,39.21205],[-78.41789,39.2175],[-78.40559,39.23118],[-78.40498,39.23801],[-78.40421,39.24121],[-78.39967,39.24387],[-78.39978,39.24413],[-78.40912,39.25256],[-78.41463,39.25573],[-78.41612,39.25541],[-78.41858,39.25606],[-78.41942,39.25748],[-78.4142,39.26391],[-78.40278,39.27547],[-78.40181,39.27675],[-78.40228,39.27724],[-78.403,39.27759],[-78.40324,39.27805],[-78.40289,39.27862],[-78.40055,39.28092],[-78.39923,39.28152],[-78.39868,39.28133],[-78.39777,39.28061],[-78.39703,39.28175],[-78.39595,39.28224],[-78.39455,39.28244],[-78.39337,39.28299],[-78.3923,39.28491],[-78.39147,39.2853],[-78.38878,39.28857],[-78.38719,39.29144],[-78.38724,39.29343],[-78.38589,39.29489],[-78.37473,39.30514],[-78.3716,39.30769],[-78.36724,39.31015],[-78.36469,39.31731],[-78.36157,39.31804],[-78.36003,39.31777],[-78.3463,39.33911],[-78.34546,39.34102],[-78.34763,39.34272],[-78.34741,39.3434],[-78.34368,39.34671],[-78.34251,39.34677],[-78.34131,39.34555],[-78.33928,39.3486],[-78.33896,39.34989],[-78.34048,39.35349],[-78.3487,39.35474],[-78.36227,39.35778],[-78.36687,39.35929],[-78.36263,39.36289],[-78.35484,39.37162],[-78.34321,39.38881],[-78.34467,39.38911],[-78.34522,39.38945],[-78.34588,39.39029],[-78.34668,39.39056],[-78.34788,39.3905],[-78.35003,39.39066],[-78.35092,39.39099],[-78.35121,39.3914],[-78.35001,39.39286],[-78.34961,39.39388],[-78.3493,39.39657],[-78.34944,39.39725],[-78.34988,39.39794],[-78.35059,39.39832],[-78.35229,39.39981],[-78.35415,39.40109],[-78.35795,39.40419],[-78.35992,39.40903],[-78.35935,39.41253],[-78.35663,39.4159],[-78.35124,39.42059],[-78.34835,39.42443],[-78.34672,39.42762],[-78.34794,39.43088],[-78.35323,39.43679],[-78.34777,39.44058],[-78.34655,39.44262],[-78.34606,39.44561],[-78.34733,39.44766],[-78.34696,39.45068],[-78.34582,39.4535],[-78.34514,39.45948],[-78.34948,39.4622],[-78.34709,39.46601],[-78.28798,39.42876],[-78.26278,39.41432],[-78.22877,39.39123],[-78.2054,39.3751],[-78.18737,39.36399],[-78.15819,39.34339],[-78.14092,39.33375],[-78.10875,39.31246],[-78.03284,39.2644],[-77.82816,39.13233],[-77.82218,39.13999],[-77.82223,39.14273],[-77.82299,39.14545],[-77.82287,39.14775],[-77.82141,39.15241],[-77.81845,39.15528],[-77.81321,39.16502],[-77.8113,39.16756],[-77.80912,39.16857],[-77.80599,39.17242],[-77.8051,39.17422],[-77.80442,39.17804],[-77.80471,39.17942],[-77.79794,39.19283],[-77.79771,39.19424],[-77.79848,39.19957],[-77.79819,39.20066],[-77.7946,39.2063],[-77.79363,39.21012],[-77.78876,39.21524],[-77.78364,39.22408],[-77.78127,39.22691],[-77.77807,39.2293],[-77.77142,39.23678],[-77.76728,39.24938],[-77.77059,39.24939],[-77.77088,39.24976],[-77.77067,39.25526],[-77.77028,39.25598],[-77.76899,39.25642],[-77.768,39.25766],[-77.76653,39.25734],[-77.76284,39.25845],[-77.76177,39.26303],[-77.76122,39.26372],[-77.75873,39.26811],[-77.75841,39.2692],[-77.7557,39.27457],[-77.75519,39.27519],[-77.75311,39.27734],[-77.75306,39.27797],[-77.75336,39.28033],[-77.75273,39.28337],[-77.75027,39.28928],[-77.74729,39.295],[-77.7349,39.31241],[-77.73005,39.31567],[-77.72164,39.31849],[-77.71995,39.31969],[-77.71952,39.32131],[-77.71586,39.32064],[-77.70771,39.32156],[-77.69746,39.31863],[-77.69298,39.31845],[-77.68712,39.31991],[-77.68171,39.32367],[-77.67585,39.32419],[-77.67134,39.32167],[-77.66613,39.31701],[-77.651,39.31078],[-77.64028,39.30824],[-77.6361,39.30778],[-77.61594,39.30272],[-77.6059,39.30369],[-77.59889,39.30188],[-77.59274,39.30129],[-77.58823,39.30195],[-77.57849,39.30523],[-77.57004,39.30635],[-77.5666,39.30612],[-77.56321,39.3039],[-77.56183,39.30191],[-77.56277,39.2945],[-77.56085,39.28615],[-77.55311,39.27927],[-77.55105,39.27588],[-77.54585,39.27154],[-77.54426,39.26966],[-77.54323,39.26694],[-77.54058,39.26495],[-77.53446,39.26236],[-77.52249,39.25909],[-77.52099,39.25849],[-77.51963,39.25723],[-77.50843,39.25263],[-77.49661,39.25104],[-77.48681,39.24759],[-77.48466,39.24612],[-77.48081,39.24166],[-77.47121,39.23451],[-77.46021,39.22836],[-77.45812,39.22614],[-77.45768,39.22502],[-77.45794,39.22202],[-77.45988,39.21868],[-77.47011,39.21184],[-77.47361,39.20841],[-77.47593,39.20202],[-77.47501,39.19493],[-77.47736,39.19049],[-77.4786,39.18917],[-77.48597,39.18567],[-77.50516,39.18205],[-77.51063,39.17848],[-77.51643,39.17089],[-77.52122,39.16106],[-77.52487,39.14845],[-77.52728,39.14624],[-77.52673,39.13732],[-77.52456,39.12782],[-77.51993,39.12092],[-77.51532,39.11859],[-77.49971,39.11395],[-77.49496,39.11304],[-77.4858,39.1093],[-77.48128,39.10566],[-77.47701,39.10033],[-77.47241,39.09252],[-77.46944,39.08639],[-77.46262,39.07625],[-77.46145,39.07515],[-77.4582,39.07372],[-77.45283,39.07247],[-77.4374,39.07061],[-77.42318,39.06688],[-77.41543,39.06643],[-77.40459,39.0645],[-77.3992,39.06478],[-77.38568,39.06199],[-77.38011,39.06281],[-77.37508,39.0613],[-77.36753,39.06109],[-77.3597,39.062],[-77.35031,39.06213],[-77.34029,39.06299],[-77.33551,39.06177],[-77.33401,39.06099],[-77.33371,39.05951],[-77.32421,39.05651],[-77.3149,39.05221],[-77.3107,39.05201],[-77.30101,39.04951],[-77.2931,39.04651],[-77.27471,39.03409],[-77.266,39.03191],[-77.2553,39.03001],[-77.2484,39.02691],[-77.246,39.02491],[-77.2446,39.02011],[-77.2469,39.01481],[-77.2518,39.01141],[-77.2557,39.00241],[-77.253,38.99571],[-77.2492,38.99371],[-77.2483,38.99231],[-77.24617,38.98575],[-77.24462,38.98253],[-77.24108,38.98121],[-77.2348,38.97631],[-77.23227,38.9795],[-77.2316,38.97992],[-77.22999,38.97986],[-77.2284,38.9784],[-77.22497,38.97335],[-77.2215,38.97131],[-77.2115,38.96941],[-77.2093,38.97041],[-77.2036,38.96891],[-77.2025,38.96791],[-77.1975,38.96681],[-77.1883,38.96751],[-77.183,38.96881],[-77.1719,38.96751],[-77.168,38.96741],[-77.1669,38.96811],[-77.1653,38.96801],[-77.15108,38.96583],[-77.14818,38.965],[-77.1466,38.96421],[-77.1377,38.95531],[-77.1319,38.94741],[-77.1276,38.94001],[-77.11976,38.93434],[-77.1179,38.93241],[-77.1166,38.92891],[-77.1134,38.92521],[-77.1063,38.91911],[-77.1034,38.91291],[-77.1012,38.91111],[-77.0937,38.90591],[-77.0902,38.90421],[-77.0822,38.90191],[-77.0701,38.90071],[-77.0682,38.89981],[-77.0673,38.89921],[-77.0635,38.88861],[-77.05825,38.88007],[-77.0552,38.88001],[-77.0541,38.87911],[-77.0511,38.87521],[-77.0513,38.87321],[-77.0491,38.87071],[-77.0463,38.87131],[-77.0456,38.87301],[-77.0466,38.87491],[-77.0454,38.87521],[-77.0433,38.87401],[-77.0406,38.87121],[-77.0391,38.86811],[-77.0389,38.86581],[-77.0393,38.86431],[-77.034,38.85714],[-77.0317,38.85051],[-77.03454,38.84047],[-77.03855,38.83926],[-77.0417,38.84021],[-77.0442,38.84021],[-77.045,38.83851],[-77.0449,38.83471],[-77.0435,38.83321],[-77.0426,38.83381],[-77.0412,38.83371],[-77.0392,38.83221],[-77.0381,38.82861],[-77.0391,38.82141],[-77.0381,38.81561],[-77.03736,38.81419],[-77.0389,38.80081],[-77.03901,38.79165],[-77.0395,38.79111],[-77.0401,38.78991],[-77.0411,38.77331],[-77.04228,38.74128],[-77.04347,38.73915],[-77.04164,38.73671],[-77.04149,38.72591],[-77.04325,38.71901],[-77.0462,38.71443],[-77.0532,38.70992],[-77.06532,38.70956],[-77.07183,38.71008],[-77.0735,38.71131],[-77.07421,38.71261],[-77.07711,38.71309],[-77.07806,38.71343],[-77.07956,38.71283],[-77.07987,38.71208],[-77.08072,38.71128],[-77.0808,38.71031],[-77.07995,38.70901],[-77.0918,38.70341],[-77.099,38.69861],[-77.1027,38.69832],[-77.1059,38.69682],[-77.122,38.68582],[-77.1325,38.67382],[-77.1359,38.64982],[-77.1319,38.64422],[-77.1322,38.64122],[-77.1302,38.63502],[-77.14407,38.63573],[-77.14763,38.63511],[-77.15809,38.63687],[-77.16094,38.634],[-77.16308,38.63121],[-77.16891,38.62545],[-77.1749,38.62422],[-77.18021,38.62326],[-77.182,38.62202],[-77.18432,38.62147],[-77.1859,38.62152],[-77.19045,38.61957],[-77.19165,38.61917],[-77.19447,38.61945],[-77.19789,38.61941],[-77.20054,38.6187],[-77.20197,38.61767],[-77.2037,38.61817],[-77.20525,38.62071],[-77.2051,38.62392],[-77.2056,38.62599],[-77.21102,38.63003],[-77.21383,38.63566],[-77.2157,38.63707],[-77.2149,38.63789],[-77.20872,38.63761],[-77.20337,38.64012],[-77.19802,38.6468],[-77.19517,38.64912],[-77.19327,38.65089],[-77.19434,38.65274],[-77.19778,38.65618],[-77.20076,38.65803],[-77.20349,38.6585],[-77.20705,38.65738],[-77.2105,38.65655],[-77.21359,38.65683],[-77.21953,38.65785],[-77.22476,38.65766],[-77.22607,38.66026],[-77.22999,38.66165],[-77.23189,38.66258],[-77.23593,38.66007],[-77.23332,38.65664],[-77.22797,38.65256],[-77.2244,38.64829],[-77.22393,38.64597],[-77.2244,38.64476],[-77.22737,38.64049],[-77.22833,38.63789],[-77.23125,38.63695],[-77.2342,38.63656],[-77.23721,38.63777],[-77.23852,38.63885],[-77.2406,38.63892],[-77.24422,38.63731],[-77.2467,38.63522],[-77.24809,38.63231],[-77.2489,38.62862],[-77.2484,38.62631],[-77.24583,38.62301],[-77.2451,38.62072],[-77.24781,38.61264],[-77.2497,38.61136],[-77.24995,38.60614],[-77.25198,38.60428],[-77.25495,38.60326],[-77.25637,38.60084],[-77.25649,38.59908],[-77.25471,38.59583],[-77.25121,38.59346],[-77.24681,38.59399],[-77.247,38.59062],[-77.2553,38.58691],[-77.25795,38.5834],[-77.26051,38.58459],[-77.26386,38.58505],[-77.26443,38.58284],[-77.2653,38.58032],[-77.26083,38.56533],[-77.25703,38.5612],[-77.25704,38.56045],[-77.26032,38.55984],[-77.26159,38.55885],[-77.26163,38.55669],[-77.26383,38.55544],[-77.27258,38.55144],[-77.2766,38.54712],[-77.2763,38.53962],[-77.27858,38.53688],[-77.27912,38.53398],[-77.28311,38.53301],[-77.28549,38.53069],[-77.28644,38.52799],[-77.28394,38.52788],[-77.28275,38.52625],[-77.2835,38.52522],[-77.28603,38.52206],[-77.28656,38.51944],[-77.28862,38.51915],[-77.2911,38.51572],[-77.29393,38.51609],[-77.29773,38.51479],[-77.29939,38.512],[-77.29927,38.51005],[-77.29642,38.50921],[-77.29634,38.50711],[-77.29971,38.50315],[-77.30348,38.49926],[-77.30845,38.49663],[-77.31033,38.49393],[-77.31018,38.49205],[-77.31574,38.48092],[-77.31557,38.47892],[-77.32262,38.46713],[-77.32321,38.46333],[-77.32426,38.45871],[-77.3241,38.45428],[-77.32544,38.44885],[-77.32505,38.44553],[-77.32629,38.4436],[-77.3245,38.44183],[-77.32331,38.4385],[-77.32269,38.43554],[-77.32287,38.43417],[-77.32246,38.42971],[-77.32109,38.42779],[-77.31904,38.4178],[-77.31244,38.40183],[-77.31108,38.40048],[-77.31072,38.39767],[-77.31125,38.39702],[-77.31413,38.39651],[-77.31698,38.39549],[-77.31686,38.39008],[-77.31541,38.38895],[-77.31729,38.38358],[-77.31213,38.37962],[-77.30423,38.37505],[-77.29608,38.3698],[-77.29344,38.36503],[-77.28815,38.35948],[-77.28728,38.35251],[-77.28835,38.35129],[-77.2862,38.34703],[-77.27963,38.33944],[-77.27145,38.33548],[-77.26455,38.33244],[-77.25669,38.33172],[-77.25007,38.33167],[-77.2401,38.33099],[-77.22832,38.33353],[-77.22383,38.33512],[-77.21239,38.33853],[-77.20449,38.34041],[-77.2011,38.34015],[-77.1935,38.34077],[-77.18018,38.3411],[-77.17408,38.34265],[-77.17066,38.34379],[-77.16269,38.34599],[-77.15519,38.35105],[-77.14577,38.36146],[-77.13822,38.36792],[-77.1303,38.36717],[-77.1247,38.36676],[-77.11616,38.36809],[-77.10967,38.36942],[-77.10472,38.36966],[-77.09812,38.36883],[-77.09467,38.36771],[-77.09009,38.36727],[-77.08481,38.3683],[-77.07817,38.372],[-77.07071,38.37764],[-77.05981,38.39142],[-77.05678,38.3962],[-77.05342,38.39881],[-77.05144,38.39908],[-77.04353,38.40055],[-77.04152,38.40019],[-77.02487,38.38679],[-77.02073,38.38291],[-77.0185,38.38194],[-77.01183,38.37455],[-77.01375,38.37334],[-77.01591,38.37102],[-77.01572,38.369],[-77.01447,38.36222],[-77.01469,38.35446],[-77.01619,38.34623],[-77.01624,38.34562],[-77.01693,38.3417],[-77.01612,38.33954],[-77.01485,38.33818],[-77.01473,38.33685],[-77.01553,38.3345],[-77.01491,38.33276],[-77.01684,38.33095],[-77.02095,38.32927],[-77.02162,38.32582],[-77.02169,38.3244],[-77.02277,38.32286],[-77.02512,38.32171],[-77.02689,38.32215],[-77.02962,38.32019],[-77.03188,38.31935],[-77.03664,38.31972],[-77.03961,38.31879],[-77.04234,38.32252],[-77.04424,38.32308],[-77.04674,38.32215],[-77.05078,38.32243],[-77.05434,38.32289],[-77.05541,38.32131],[-77.05779,38.32056],[-77.05648,38.31711],[-77.05494,38.31553],[-77.05197,38.31525],[-77.049,38.31376],[-77.04721,38.31189],[-77.04579,38.3117],[-77.04293,38.30947],[-77.04044,38.30937],[-77.03533,38.31086],[-77.03068,38.31162],[-77.02884,38.31088],[-77.02841,38.30875],[-77.02821,38.30584],[-77.0263,38.30268],[-77.02316,38.30051],[-77.02102,38.30118],[-77.01731,38.29859],[-77.01441,38.29438],[-77.01214,38.29298],[-77.01079,38.29159],[-77.00994,38.28883],[-77.00187,38.28174],[-77.00122,38.27831],[-77.00087,38.27486],[-76.99861,38.27393],[-76.99552,38.27327],[-76.99195,38.27327],[-76.99026,38.27394],[-76.98322,38.27465],[-76.98137,38.27421],[-76.9711,38.26587],[-76.96215,38.25649],[-76.96111,38.2533],[-76.96082,38.25027],[-76.9578,38.24318],[-76.95702,38.2402],[-76.95695,38.23682],[-76.95781,38.23458],[-76.95936,38.23277],[-76.96237,38.23009],[-76.96655,38.22954],[-76.96734,38.22718],[-76.96468,38.22025],[-76.96282,38.21822],[-76.96231,38.21408],[-76.95145,38.20903],[-76.94902,38.20842],[-76.93713,38.20238],[-76.93067,38.20122],[-76.92231,38.20089],[-76.91692,38.19975],[-76.91083,38.19707],[-76.90479,38.19285],[-76.90241,38.19048],[-76.89674,38.18666],[-76.89341,38.18498],[-76.88457,38.17876],[-76.88277,38.17646],[-76.87527,38.17221],[-76.86886,38.17137],[-76.86357,38.17149],[-76.86159,38.17085],[-76.85904,38.17103],[-76.85669,38.16843],[-76.85406,38.16725],[-76.84941,38.16691],[-76.84536,38.16586],[-76.84344,38.16488],[-76.8388,38.16348],[-76.83045,38.16331],[-76.82427,38.16364],[-76.81745,38.16503],[-76.81319,38.1665],[-76.81,38.1667],[-76.79989,38.16893],[-76.79675,38.16827],[-76.78844,38.1692],[-76.77965,38.16801],[-76.77409,38.16717],[-76.76024,38.16658],[-76.75491,38.16433],[-76.74964,38.1602],[-76.74429,38.15563],[-76.74104,38.1522],[-76.73835,38.14768],[-76.73835,38.13422],[-76.73668,38.13273],[-76.73276,38.13179],[-76.7286,38.1317],[-76.72647,38.13329],[-76.72172,38.13764],[-76.7159,38.14026],[-76.70858,38.14507],[-76.70405,38.14926],[-76.7013,38.15572],[-76.70198,38.1578],[-76.70206,38.15971],[-76.70065,38.16016],[-76.69347,38.16007],[-76.68968,38.16015],[-76.68828,38.15952],[-76.68755,38.15847],[-76.68489,38.1565],[-76.67886,38.15428],[-76.67681,38.15316],[-76.67351,38.15243],[-76.67016,38.15031],[-76.66513,38.14764],[-76.663,38.14497],[-76.66146,38.14179],[-76.66027,38.13965],[-76.65659,38.13535],[-76.65183,38.13394],[-76.64803,38.12955],[-76.64423,38.12787],[-76.6428,38.12516],[-76.64126,38.12338],[-76.63971,38.12198],[-76.63425,38.12534],[-76.63258,38.12731],[-76.63234,38.12871],[-76.6327,38.13067],[-76.63439,38.13313],[-76.63686,38.13535],[-76.63615,38.13768],[-76.63579,38.13936],[-76.63591,38.14133],[-76.63698,38.14245],[-76.639,38.14169],[-76.64066,38.14189],[-76.64114,38.14394],[-76.6434,38.14628],[-76.64345,38.14825],[-76.63898,38.15148],[-76.63465,38.15175],[-76.63253,38.15264],[-76.62948,38.15305],[-76.62468,38.15074],[-76.61975,38.14999],[-76.61542,38.14881],[-76.61206,38.14866],[-76.61154,38.14799],[-76.61277,38.14641],[-76.61377,38.1433],[-76.61313,38.14018],[-76.61135,38.13727],[-76.60699,38.13319],[-76.60432,38.13026],[-76.60413,38.12877],[-76.6024,38.12226],[-76.60085,38.11459],[-76.60094,38.11008],[-76.59328,38.10465],[-76.58819,38.10227],[-76.5795,38.09487],[-76.57416,38.09297],[-76.56628,38.0889],[-76.55759,38.08615],[-76.54885,38.08059],[-76.5414,38.0766],[-76.5374,38.07553],[-76.5354,38.07363],[-76.53522,38.0709],[-76.53531,38.06596],[-76.53336,38.06244],[-76.52646,38.05325],[-76.52278,38.04899],[-76.52139,38.0464],[-76.5225,38.04505],[-76.52681,38.04649],[-76.5289,38.04628],[-76.53691,38.04134],[-76.53969,38.0412],[-76.54029,38.03913],[-76.54321,38.03863],[-76.54773,38.03947],[-76.55046,38.04059],[-76.55153,38.03938],[-76.55141,38.03676],[-76.55106,38.03357],[-76.54963,38.03042],[-76.55011,38.02946],[-76.55367,38.02936],[-76.556,38.02778],[-76.5551,38.02459],[-76.55207,38.02299],[-76.54797,38.02412],[-76.54378,38.02194],[-76.53656,38.02094],[-76.53573,38.02178],[-76.53511,38.02438],[-76.53598,38.02543],[-76.53552,38.02625],[-76.53281,38.02601],[-76.52842,38.02436],[-76.52342,38.02352],[-76.5183,38.02424],[-76.51624,38.0262],[-76.50105,38.0206],[-76.49568,38.01796],[-76.48907,38.01676],[-76.48387,38.01533],[-76.47673,38.01426],[-76.47696,38.01302],[-76.47969,38.01147],[-76.47924,38.01026],[-76.47425,38.00999],[-76.47132,38.00699],[-76.46787,38.00502],[-76.46597,38.00474],[-76.46322,38.0051],[-76.46289,38.0016],[-76.46308,37.99632],[-76.46421,37.99614],[-76.46975,37.99793],[-76.4725,37.99406],[-76.47462,37.99365],[-76.47541,37.99221],[-76.47406,37.99077],[-76.47227,37.99022],[-76.47175,37.98875],[-76.47384,37.98803],[-76.47427,37.98701],[-76.47285,37.9842],[-76.46713,37.98295],[-76.46471,37.98403],[-76.46277,37.98602],[-76.46065,37.98643],[-76.45135,37.98441],[-76.45056,37.98227],[-76.44942,37.98234],[-76.44564,37.98553],[-76.44297,37.98522],[-76.44086,37.98348],[-76.44272,37.98004],[-76.44043,37.9768],[-76.43655,37.97786],[-76.4323,37.97647],[-76.43089,37.97821],[-76.42905,37.97755],[-76.4163,37.96683],[-76.40796,37.96278],[-76.39144,37.95874],[-76.38504,37.9564],[-76.37903,37.95614],[-76.36021,37.95233],[-76.34385,37.94734],[-76.33795,37.94495],[-76.3172,37.93527],[-76.31043,37.93149],[-76.29363,37.92375],[-76.28922,37.92149],[-76.266,37.91138],[-76.26478,37.91033],[-76.26211,37.90879],[-76.25992,37.90709],[-76.26014,37.90597],[-76.25859,37.90466],[-76.25625,37.90426],[-76.25527,37.90322],[-76.25574,37.90232],[-76.25287,37.90062],[-76.25324,37.89922],[-76.25146,37.89782],[-76.25039,37.89575],[-76.2442,37.89277],[-76.23696,37.8905],[-76.23673,37.88917],[-76.23759,37.88529],[-76.23875,37.88166],[-76.24101,37.87669],[-76.2432,37.87218],[-76.24481,37.86902],[-76.24429,37.86575],[-76.24507,37.86192],[-76.24702,37.853],[-76.24956,37.85185],[-76.24998,37.84752],[-76.25087,37.84369],[-76.24901,37.84219],[-76.25051,37.83501],[-76.25241,37.83242],[-76.25681,37.82922],[-76.26606,37.8174],[-76.27518,37.81266],[-76.28054,37.8126],[-76.28259,37.81411],[-76.28199,37.81807],[-76.2849,37.82231],[-76.2883,37.82154],[-76.29032,37.82154],[-76.29353,37.82272],[-76.3066,37.82191],[-76.31219,37.81412],[-76.30748,37.81235],[-76.30699,37.80764],[-76.30756,37.80025],[-76.30911,37.7972],[-76.31148,37.7959],[-76.31195,37.79234],[-76.31397,37.79299],[-76.31647,37.79281],[-76.31682,37.79017],[-76.31647,37.78726],[-76.3154,37.78473],[-76.31528,37.782],[-76.31302,37.78191],[-76.31194,37.78303],[-76.30946,37.78304],[-76.30706,37.78478],[-76.30767,37.78689],[-76.30666,37.78746],[-76.30175,37.78591],[-76.29991,37.78444],[-76.29852,37.78351],[-76.29662,37.78382],[-76.29541,37.78513],[-76.29264,37.78608],[-76.28985,37.78595],[-76.28759,37.7852],[-76.28555,37.78409],[-76.28679,37.77798],[-76.28789,37.77754],[-76.28973,37.77853],[-76.28973,37.78172],[-76.29187,37.78294],[-76.29484,37.7821],[-76.29781,37.78069],[-76.30126,37.78078],[-76.30316,37.78135],[-76.30577,37.78013],[-76.30482,37.77909],[-76.30549,37.77646],[-76.30732,37.77618],[-76.30981,37.77496],[-76.31,37.773],[-76.30922,37.76801],[-76.30743,37.76632],[-76.30809,37.76423],[-76.30991,37.76346],[-76.31183,37.76425],[-76.31599,37.76359],[-76.31599,37.76162],[-76.31421,37.75918],[-76.31367,37.75697],[-76.31151,37.75686],[-76.31088,37.75598],[-76.31017,37.7527],[-76.31211,37.75052],[-76.31457,37.75044],[-76.31564,37.74969],[-76.31587,37.74649],[-76.31421,37.74245],[-76.311,37.74245],[-76.30863,37.74057],[-76.3072,37.73127],[-76.30874,37.73127],[-76.30969,37.73221],[-76.31124,37.73249],[-76.31278,37.73296],[-76.31323,37.73465],[-76.31659,37.73653],[-76.32027,37.73785],[-76.32205,37.737],[-76.32193,37.73371],[-76.32288,37.73061],[-76.32277,37.72817],[-76.3192,37.7277],[-76.31956,37.72328],[-76.32122,37.72196],[-76.32027,37.71989],[-76.31766,37.71783],[-76.31659,37.71623],[-76.3148,37.71717],[-76.31397,37.71877],[-76.31266,37.71839],[-76.31165,37.71697],[-76.31017,37.71256],[-76.31088,37.71115],[-76.30946,37.71002],[-76.30886,37.70833],[-76.30541,37.70448],[-76.30316,37.70231],[-76.30173,37.69827],[-76.30114,37.69545],[-76.30292,37.6947],[-76.30244,37.69094],[-76.30363,37.68943],[-76.30684,37.68934],[-76.30732,37.69235],[-76.30969,37.69347],[-76.31159,37.69451],[-76.3135,37.69441],[-76.31361,37.693],[-76.31457,37.69178],[-76.31516,37.68981],[-76.31254,37.68457],[-76.31516,37.68539],[-76.31861,37.68548],[-76.32027,37.68793],[-76.32419,37.68793],[-76.32716,37.68698],[-76.32954,37.68586],[-76.33441,37.68454],[-76.33417,37.68228],[-76.33125,37.68063],[-76.32621,37.67626],[-76.32514,37.67485],[-76.32502,37.67194],[-76.32752,37.67118],[-76.33073,37.67241],[-76.33287,37.67081],[-76.33715,37.66422],[-76.33762,37.66262],[-76.33628,37.66101],[-76.33634,37.6586],[-76.33819,37.6575],[-76.33989,37.65597],[-76.33256,37.64582],[-76.33275,37.64437],[-76.33417,37.64343],[-76.33358,37.64164],[-76.33275,37.63976],[-76.33215,37.63524],[-76.33218,37.63233],[-76.3318,37.62978],[-76.3293,37.62847],[-76.32609,37.62743],[-76.32277,37.62696],[-76.31979,37.62696],[-76.31825,37.62941],[-76.31801,37.6311],[-76.31564,37.63138],[-76.31314,37.63138],[-76.31088,37.63289],[-76.31136,37.63487],[-76.31338,37.63656],[-76.31587,37.63797],[-76.31433,37.64089],[-76.31294,37.64219],[-76.3085,37.64173],[-76.30589,37.64108],[-76.30066,37.63863],[-76.29733,37.63694],[-76.29253,37.6361],[-76.29151,37.63411],[-76.28902,37.63185],[-76.28532,37.62659],[-76.28391,37.6232],[-76.27945,37.61823],[-76.28008,37.61514],[-76.28195,37.61416],[-76.28653,37.61479],[-76.29218,37.61504],[-76.29443,37.61597],[-76.29516,37.6172],[-76.29912,37.61962],[-76.30684,37.62022],[-76.30684,37.62123],[-76.30637,37.62272],[-76.30862,37.62461],[-76.31076,37.62404],[-76.31266,37.62479],[-76.31433,37.62395],[-76.31597,37.62222],[-76.32205,37.62009],[-76.32574,37.62075],[-76.32681,37.62216],[-76.33251,37.62451],[-76.33929,37.62376],[-76.34368,37.62376],[-76.34582,37.62272],[-76.3501,37.62169],[-76.35461,37.62037],[-76.35711,37.61849],[-76.35794,37.61566],[-76.35996,37.61444],[-76.36074,37.61228],[-76.35875,37.61094],[-76.35904,37.60904],[-76.36189,37.60902],[-76.36232,37.61037],[-76.36905,37.61626],[-76.37467,37.62222],[-76.38111,37.627],[-76.38574,37.62911],[-76.39005,37.63033],[-76.3955,37.62997],[-76.39924,37.62864],[-76.40185,37.62738],[-76.40329,37.62736],[-76.40402,37.62869],[-76.40936,37.63345],[-76.41224,37.63568],[-76.41495,37.63823],[-76.41839,37.63995],[-76.42505,37.63952],[-76.42915,37.64125],[-76.43423,37.6467],[-76.43685,37.64993],[-76.43976,37.65243],[-76.44325,37.65235],[-76.44529,37.65264],[-76.4465,37.64999],[-76.44831,37.64924],[-76.44955,37.64945],[-76.45211,37.64878],[-76.45548,37.65107],[-76.4583,37.65453],[-76.45919,37.65671],[-76.45882,37.65838],[-76.45968,37.65961],[-76.46294,37.66048],[-76.46878,37.66341],[-76.47239,37.66577],[-76.47072,37.66742],[-76.46989,37.67024],[-76.46359,37.67278],[-76.45812,37.67504],[-76.45432,37.6772],[-76.45539,37.68125],[-76.45634,37.68313],[-76.45991,37.6835],[-76.46264,37.69018],[-76.4687,37.69573],[-76.47738,37.69451],[-76.48023,37.69291],[-76.48237,37.68943],[-76.48712,37.68539],[-76.48558,37.68256],[-76.4813,37.67946],[-76.47785,37.67777],[-76.48308,37.67504],[-76.48617,37.67222],[-76.48688,37.66977],[-76.48958,37.6662],[-76.4918,37.66361],[-76.49429,37.66143],[-76.499,37.6583],[-76.50186,37.6582],[-76.50293,37.65416],[-76.50031,37.6535],[-76.49675,37.65293],[-76.49486,37.65307],[-76.49601,37.65099],[-76.49756,37.64706],[-76.50152,37.64376],[-76.51019,37.64232],[-76.51181,37.64364],[-76.51191,37.645],[-76.5147,37.64596],[-76.51991,37.64968],[-76.52201,37.6529],[-76.52495,37.65353],[-76.53027,37.66021],[-76.53419,37.66094],[-76.53596,37.66441],[-76.5377,37.66893],[-76.53613,37.67457],[-76.5353,37.68752],[-76.53723,37.69889],[-76.53947,37.70194],[-76.54005,37.70443],[-76.54198,37.70796],[-76.54676,37.71146],[-76.55154,37.71377],[-76.55276,37.71569],[-76.55584,37.7167],[-76.55846,37.72094],[-76.56048,37.72783],[-76.56399,37.73195],[-76.56661,37.73371],[-76.56955,37.7344],[-76.56941,37.73669],[-76.57051,37.739],[-76.57146,37.74197],[-76.57142,37.74672],[-76.57639,37.75749],[-76.58429,37.76889],[-76.58429,37.77086],[-76.58582,37.77157],[-76.5901,37.7713],[-76.59101,37.77235],[-76.59383,37.77285],[-76.59594,37.77168],[-76.60202,37.77273],[-76.61535,37.78076],[-76.61899,37.78362],[-76.61832,37.78517],[-76.61947,37.78633],[-76.62058,37.78783],[-76.62395,37.7886],[-76.62776,37.78849],[-76.6295,37.78774],[-76.63103,37.78641],[-76.63227,37.78701],[-76.63273,37.78797],[-76.63578,37.78953],[-76.63423,37.79053],[-76.63246,37.79046],[-76.62771,37.79346],[-76.62545,37.79619],[-76.627,37.80041],[-76.63246,37.8006],[-76.63436,37.80107],[-76.63567,37.80191],[-76.63745,37.80351],[-76.6384,37.80492],[-76.64042,37.80539],[-76.64244,37.80548],[-76.64304,37.80389],[-76.64577,37.80304],[-76.64874,37.80041],[-76.64874,37.79863],[-76.65029,37.79806],[-76.65141,37.79624],[-76.65337,37.798],[-76.65485,37.8018],[-76.6583,37.80682],[-76.66093,37.80875],[-76.66942,37.81216],[-76.67296,37.81529],[-76.67554,37.81852],[-76.67566,37.81942],[-76.67808,37.82296],[-76.6802,37.82565],[-76.68328,37.82532],[-76.68614,37.82455],[-76.68873,37.82422],[-76.69275,37.82277],[-76.69721,37.82245],[-76.70161,37.82268],[-76.70844,37.82745],[-76.71338,37.83262],[-76.7189,37.83564],[-76.72216,37.83668],[-76.72614,37.83623],[-76.72701,37.83842],[-76.72718,37.84226],[-76.73034,37.84622],[-76.73119,37.84981],[-76.73305,37.85201],[-76.73618,37.85376],[-76.74025,37.85455],[-76.74118,37.85525],[-76.74012,37.8634],[-76.73839,37.86537],[-76.74187,37.86873],[-76.74524,37.87127],[-76.74755,37.87586],[-76.75734,37.87732],[-76.76049,37.87854],[-76.76571,37.87927],[-76.76485,37.88197],[-76.76485,37.88356],[-76.76663,37.88534],[-76.76533,37.88919],[-76.76604,37.89322],[-76.76816,37.89623],[-76.76877,37.89913],[-76.77305,37.90316],[-76.77709,37.90813],[-76.77923,37.91151],[-76.78429,37.9151],[-76.79254,37.9206],[-76.79848,37.92519],[-76.80074,37.92398],[-76.81013,37.92426],[-76.8131,37.92641],[-76.81548,37.93044],[-76.82071,37.93316],[-76.82368,37.93401],[-76.82498,37.93316],[-76.83045,37.93241],[-76.83283,37.93166],[-76.83544,37.93213],[-76.83663,37.93419],[-76.84364,37.94169],[-76.84619,37.94546],[-76.84625,37.94872],[-76.85006,37.95116],[-76.85043,37.95242],[-76.8478,37.95416],[-76.84673,37.95612],[-76.84828,37.96203],[-76.84994,37.96531],[-76.8503,37.96765],[-76.8503,37.97074],[-76.85301,37.97463],[-76.85552,37.97473],[-76.85616,37.97349],[-76.85764,37.97346],[-76.86337,37.97748],[-76.868,37.98367],[-76.87121,37.98591],[-76.87561,37.98657],[-76.87918,37.98606],[-76.89213,37.98629],[-76.89569,37.9891],[-76.89819,37.99238],[-76.89807,37.99603],[-76.90006,37.99853],[-76.89792,38.00523],[-76.90082,38.01455],[-76.90584,38.01903],[-76.90503,38.0277],[-76.90912,38.03444],[-76.91287,38.04745],[-76.91228,38.05168],[-76.91469,38.05364],[-76.92265,38.07109],[-76.92688,38.0716],[-76.92854,38.06861],[-76.92734,38.05926],[-76.91966,38.03901],[-76.91865,38.03259],[-76.9172,38.02961],[-76.91888,38.02558],[-76.92218,38.02563],[-76.92306,38.02835],[-76.92575,38.03013],[-76.92845,38.02866],[-76.92896,38.02511],[-76.93059,38.02427],[-76.92963,38.01971],[-76.92668,38.01769],[-76.91932,38.00495],[-76.9179,38.00276],[-76.91827,37.99903],[-76.91994,37.99575],[-76.92184,37.99088],[-76.9254,37.98807],[-76.92718,37.98498],[-76.92742,37.98179],[-76.92101,37.97608],[-76.91601,37.97364],[-76.91138,37.9728],[-76.90496,37.97252],[-76.89676,37.97392],[-76.89177,37.97505],[-76.88821,37.97346],[-76.88523,37.97346],[-76.87739,37.97046],[-76.87917,37.96858],[-76.88013,37.96456],[-76.88619,37.95631],[-76.88642,37.95509],[-76.88797,37.955],[-76.88927,37.95425],[-76.88963,37.95284],[-76.88821,37.95191],[-76.88535,37.95191],[-76.88345,37.95125],[-76.88072,37.95106],[-76.87002,37.94169],[-76.86384,37.93841],[-76.86254,37.93672],[-76.85992,37.93532],[-76.86028,37.93326],[-76.856,37.93026],[-76.85636,37.92829],[-76.85303,37.92313],[-76.8522,37.92079],[-76.84887,37.91873],[-76.84744,37.91648],[-76.84435,37.91563],[-76.84079,37.91535],[-76.83449,37.9161],[-76.83262,37.91623],[-76.82641,37.91413],[-76.82712,37.91301],[-76.82677,37.91132],[-76.82558,37.91029],[-76.82415,37.90776],[-76.8238,37.90597],[-76.8238,37.90391],[-76.82201,37.9025],[-76.81916,37.90269],[-76.81583,37.90194],[-76.81215,37.89885],[-76.80633,37.8966],[-76.80193,37.89585],[-76.79682,37.89557],[-76.79456,37.89519],[-76.79527,37.89247],[-76.7942,37.88515],[-76.7923,37.88365],[-76.7904,37.87953],[-76.78886,37.87681],[-76.78422,37.87399],[-76.78493,37.87155],[-76.78462,37.86957],[-76.78283,37.86318],[-76.77885,37.85961],[-76.77357,37.85654],[-76.77279,37.85548],[-76.77097,37.85479],[-76.76936,37.85202],[-76.76778,37.84767],[-76.76485,37.84594],[-76.76619,37.84246],[-76.76633,37.84044],[-76.76488,37.83691],[-76.76396,37.83533],[-76.76183,37.83407],[-76.76191,37.83297],[-76.76076,37.83094],[-76.7588,37.82995],[-76.75786,37.82859],[-76.75638,37.82668],[-76.75425,37.82532],[-76.7512,37.82414],[-76.74969,37.8224],[-76.74868,37.81938],[-76.74732,37.81844],[-76.74603,37.81648],[-76.74497,37.81259],[-76.74318,37.81133],[-76.73431,37.79866],[-76.72781,37.79336],[-76.72386,37.7885],[-76.72188,37.78738],[-76.71789,37.78637],[-76.7155,37.78587],[-76.70901,37.7857],[-76.70251,37.78603],[-76.69792,37.7864],[-76.69449,37.78589],[-76.69308,37.78524],[-76.68977,37.78519],[-76.68377,37.78139],[-76.68249,37.78121],[-76.6805,37.78014],[-76.68053,37.77899],[-76.6819,37.77812],[-76.68334,37.77578],[-76.68246,37.77299],[-76.68313,37.76922],[-76.68337,37.76551],[-76.68092,37.75965],[-76.677,37.7561],[-76.67022,37.7532],[-76.66389,37.75189],[-76.63996,37.75094],[-76.63614,37.75042],[-76.62881,37.74856],[-76.62466,37.7464],[-76.61971,37.7448],[-76.61666,37.74189],[-76.61897,37.74063],[-76.62177,37.74029],[-76.62319,37.73935],[-76.62072,37.73751],[-76.61912,37.73411],[-76.61895,37.73246],[-76.61923,37.73092],[-76.60647,37.72482],[-76.60002,37.7204],[-76.59721,37.71727],[-76.59594,37.71299],[-76.59807,37.70912],[-76.59787,37.70292],[-76.59639,37.69971],[-76.59046,37.69607],[-76.58879,37.69376],[-76.58981,37.69141],[-76.58974,37.68854],[-76.58805,37.68476],[-76.58261,37.67773],[-76.57935,37.67329],[-76.57959,37.67151],[-76.58552,37.66855],[-76.59004,37.66752],[-76.58968,37.66582],[-76.58314,37.66199],[-76.57746,37.6591],[-76.57384,37.65644],[-76.57458,37.65496],[-76.57433,37.65084],[-76.5772,37.64936],[-76.57673,37.64748],[-76.57405,37.64678],[-76.5695,37.64294],[-76.56708,37.64204],[-76.56754,37.63959],[-76.56553,37.63772],[-76.55943,37.63455],[-76.55716,37.63361],[-76.55539,37.63157],[-76.55368,37.62887],[-76.55279,37.62672],[-76.55008,37.62402],[-76.54925,37.62141],[-76.54267,37.61686],[-76.53378,37.61253],[-76.52719,37.61131],[-76.51991,37.61189],[-76.51041,37.61159],[-76.5075,37.61092],[-76.50458,37.61183],[-76.49232,37.61309],[-76.47833,37.61131],[-76.47569,37.61088],[-76.46347,37.61147],[-76.4565,37.61316],[-76.45432,37.61105],[-76.45135,37.61096],[-76.44864,37.61238],[-76.44433,37.61191],[-76.44071,37.61305],[-76.43339,37.61288],[-76.43083,37.61113],[-76.43198,37.60634],[-76.43436,37.60569],[-76.43459,37.60201],[-76.43174,37.60154],[-76.43067,37.59947],[-76.4315,37.5974],[-76.43566,37.59862],[-76.43745,37.59693],[-76.42948,37.5909],[-76.42628,37.5926],[-76.42342,37.59222],[-76.42353,37.59049],[-76.4286,37.58746],[-76.42509,37.5844],[-76.42295,37.58544],[-76.4151,37.58054],[-76.41332,37.58064],[-76.41078,37.58181],[-76.40837,37.58171],[-76.38512,37.57301],[-76.36995,37.57303],[-76.36652,37.57269],[-76.3591,37.57368],[-76.35783,37.5737],[-76.34943,37.57281],[-76.34337,37.5714],[-76.33941,37.5712],[-76.33264,37.57004],[-76.32092,37.56542],[-76.31925,37.56354],[-76.31554,37.56085],[-76.31329,37.56104],[-76.31275,37.56253],[-76.30666,37.56329],[-76.30014,37.56173],[-76.29887,37.56117],[-76.29803,37.55987],[-76.29796,37.55764],[-76.30276,37.5513],[-76.31191,37.5464],[-76.31528,37.54583],[-76.32018,37.54626],[-76.32299,37.54774],[-76.32563,37.54749],[-76.32867,37.54812],[-76.33065,37.54711],[-76.3308,37.54547],[-76.32786,37.54395],[-76.32834,37.54192],[-76.32847,37.53069],[-76.32985,37.52604],[-76.33113,37.52546],[-76.33187,37.52625],[-76.33133,37.53872],[-76.33239,37.54135],[-76.33501,37.54248],[-76.33833,37.54305],[-76.34024,37.5422],[-76.34059,37.54041],[-76.33976,37.539],[-76.33999,37.53833],[-76.34899,37.53655],[-76.35533,37.53758],[-76.35877,37.53664],[-76.36163,37.53466],[-76.35984,37.52156],[-76.35966,37.52046],[-76.36047,37.51924],[-76.35938,37.51343],[-76.3564,37.50808],[-76.35268,37.50491],[-76.3457,37.50403],[-76.34344,37.50478],[-76.34059,37.50516],[-76.33616,37.5044],[-76.33363,37.5028],[-76.33173,37.49993],[-76.32947,37.49492],[-76.32871,37.49196],[-76.32764,37.48979],[-76.32776,37.48819],[-76.32526,37.48611],[-76.32329,37.48534],[-76.31733,37.48509],[-76.31255,37.48621],[-76.31091,37.4871],[-76.31159,37.48866],[-76.31552,37.48875],[-76.31555,37.48995],[-76.3135,37.49102],[-76.31338,37.49234],[-76.31041,37.49413],[-76.29774,37.50686],[-76.29645,37.51123],[-76.29765,37.51542],[-76.2936,37.5165],[-76.28817,37.51412],[-76.28104,37.50782],[-76.27335,37.49349],[-76.27229,37.48983],[-76.27309,37.48894],[-76.2719,37.4864],[-76.27302,37.48477],[-76.27559,37.48479],[-76.27662,37.48577],[-76.28117,37.48555],[-76.28295,37.48678],[-76.28569,37.48762],[-76.28676,37.48687],[-76.28997,37.48979],[-76.29377,37.4913],[-76.29234,37.49328],[-76.29258,37.49498],[-76.30304,37.49422],[-76.3047,37.49441],[-76.30696,37.49488],[-76.31029,37.49111],[-76.30898,37.48857],[-76.30482,37.48875],[-76.30197,37.48762],[-76.30232,37.48517],[-76.29983,37.48357],[-76.29757,37.48338],[-76.29424,37.48263],[-76.29306,37.48187],[-76.29267,37.48067],[-76.29151,37.4798],[-76.28866,37.47933],[-76.2864,37.47838],[-76.28569,37.47669],[-76.28367,37.47584],[-76.28109,37.47555],[-76.27951,37.4747],[-76.27963,37.47338],[-76.28046,37.47159],[-76.2807,37.46584],[-76.27868,37.46565],[-76.27155,37.46216],[-76.27095,37.45952],[-76.26727,37.45678],[-76.26133,37.45659],[-76.26026,37.45697],[-76.2561,37.45263],[-76.2555,37.44942],[-76.25705,37.44357],[-76.25526,37.44169],[-76.25241,37.43659],[-76.25265,37.43017],[-76.25134,37.42376],[-76.2517,37.42168],[-76.25087,37.41866],[-76.24947,37.4172],[-76.24922,37.41581],[-76.25039,37.413],[-76.24897,37.40611],[-76.24825,37.39629],[-76.2479,37.3944],[-76.2479,37.38515],[-76.24775,37.37882],[-76.24908,37.3758],[-76.25348,37.37145],[-76.25657,37.36635],[-76.25929,37.36222],[-76.26241,37.36079],[-76.26485,37.3574],[-76.27207,37.35557],[-76.2729,37.35397],[-76.27468,37.34962],[-76.27408,37.34481],[-76.27338,37.34244],[-76.27093,37.34103],[-76.27114,37.34018],[-76.27254,37.3397],[-76.2729,37.33772],[-76.27214,37.33666],[-76.27289,37.33517],[-76.27397,37.33582],[-76.27599,37.33545],[-76.2748,37.33101],[-76.27146,37.32954],[-76.27223,37.32147],[-76.27455,37.31343],[-76.27621,37.31083],[-76.27801,37.3105],[-76.28039,37.31698],[-76.28256,37.31911],[-76.29131,37.32413],[-76.29478,37.32335],[-76.29636,37.32463],[-76.29724,37.32711],[-76.29906,37.32747],[-76.30343,37.32762],[-76.30667,37.32819],[-76.30858,37.32937],[-76.31205,37.33809],[-76.31414,37.33953],[-76.31378,37.34546],[-76.31827,37.34444],[-76.32065,37.34411],[-76.3205,37.34578],[-76.32113,37.34669],[-76.32091,37.34858],[-76.32228,37.34986],[-76.32512,37.34933],[-76.32624,37.35067],[-76.32626,37.35247],[-76.32964,37.354],[-76.33408,37.35968],[-76.33632,37.36117],[-76.33748,37.36401],[-76.33779,37.36577],[-76.3486,37.37153],[-76.35169,37.36983],[-76.35514,37.36955],[-76.35989,37.37087],[-76.36262,37.37399],[-76.36675,37.3745],[-76.36726,37.37588],[-76.36726,37.37748],[-76.37071,37.3805],[-76.37383,37.38031],[-76.37795,37.38209],[-76.38525,37.38434],[-76.39144,37.39028],[-76.39396,37.39594],[-76.39527,37.39846],[-76.39685,37.40203],[-76.39723,37.40731],[-76.39567,37.4091],[-76.39804,37.41213],[-76.39899,37.41676],[-76.40386,37.41865],[-76.41289,37.41808],[-76.4161,37.4093],[-76.41503,37.4059],[-76.41517,37.40213],[-76.41872,37.3978],[-76.41634,37.39401],[-76.41574,37.39039],[-76.41603,37.38635],[-76.41566,37.38312],[-76.41474,37.38168],[-76.41491,37.3798],[-76.41732,37.37955],[-76.41652,37.37767],[-76.41231,37.37492],[-76.40972,37.37479],[-76.40957,37.37154],[-76.40933,37.37012],[-76.40986,37.36868],[-76.41453,37.36835],[-76.41565,37.36991],[-76.41822,37.37202],[-76.42062,37.37293],[-76.4235,37.37568],[-76.42395,37.37805],[-76.4287,37.38154],[-76.43752,37.37975],[-76.44367,37.3806],[-76.44831,37.38117],[-76.45104,37.38126],[-76.45068,37.38513],[-76.45092,37.38683],[-76.45484,37.38815],[-76.46102,37.3874],[-76.46364,37.38523],[-76.46506,37.38183],[-76.4672,37.37984],[-76.46804,37.37654],[-76.46732,37.37323],[-76.46958,37.37059],[-76.46732,37.36672],[-76.46506,37.36606],[-76.4615,37.36388],[-76.45972,37.36247],[-76.45865,37.35973],[-76.45651,37.35935],[-76.45306,37.35982],[-76.44902,37.36086],[-76.44688,37.36199],[-76.44641,37.36492],[-76.44533,37.36646],[-76.44415,37.36653],[-76.43497,37.35452],[-76.42542,37.35063],[-76.42648,37.34857],[-76.42378,37.34544],[-76.42089,37.34336],[-76.41705,37.34159],[-76.4147,37.33968],[-76.41349,37.34055],[-76.41277,37.34244],[-76.41234,37.34496],[-76.41013,37.34416],[-76.41147,37.34102],[-76.40885,37.33932],[-76.40541,37.33857],[-76.40368,37.33866],[-76.40267,37.3361],[-76.40469,37.33498],[-76.40639,37.33292],[-76.40469,37.33167],[-76.40505,37.33077],[-76.4059,37.32992],[-76.40766,37.3311],[-76.41028,37.33223],[-76.41242,37.33356],[-76.41527,37.33167],[-76.41634,37.3293],[-76.41479,37.32713],[-76.41337,37.32562],[-76.41135,37.32449],[-76.41289,37.32259],[-76.41693,37.32052],[-76.4186,37.32165],[-76.42002,37.32174],[-76.42145,37.32061],[-76.42549,37.32326],[-76.4287,37.32307],[-76.4331,37.32241],[-76.43464,37.32382],[-76.43714,37.32411],[-76.43821,37.32193],[-76.43856,37.31513],[-76.43856,37.31381],[-76.42739,37.31069],[-76.42608,37.30917],[-76.42288,37.30814],[-76.42121,37.30898],[-76.41919,37.30766],[-76.41479,37.30757],[-76.41159,37.30757],[-76.41016,37.30936],[-76.40315,37.31088],[-76.40079,37.3128],[-76.39934,37.31333],[-76.39471,37.31286],[-76.3934,37.31154],[-76.39097,37.3101],[-76.38859,37.30848],[-76.38984,37.30738],[-76.3915,37.30473],[-76.39305,37.30454],[-76.39554,37.30492],[-76.39685,37.30303],[-76.39459,37.30086],[-76.39317,37.29859],[-76.39257,37.29613],[-76.38901,37.29622],[-76.3863,37.29831],[-76.38489,37.29577],[-76.3856,37.29411],[-76.38208,37.29275],[-76.38211,37.28951],[-76.38238,37.28786],[-76.38295,37.2863],[-76.38107,37.28534],[-76.37867,37.28573],[-76.37747,37.28403],[-76.37629,37.28062],[-76.36892,37.27835],[-76.36693,37.27961],[-76.35256,37.27833],[-76.353,37.27684],[-76.35455,37.27233],[-76.36,37.27085],[-76.36239,37.26861],[-76.3651,37.26878],[-76.3709,37.26874],[-76.37902,37.26823],[-76.38306,37.26615],[-76.38675,37.26474],[-76.39008,37.26351],[-76.39169,37.26383],[-76.39279,37.26497],[-76.39586,37.26533],[-76.40303,37.26449],[-76.41123,37.26492],[-76.41717,37.26511],[-76.42074,37.26389],[-76.42347,37.26228],[-76.42454,37.25868],[-76.42288,37.25491],[-76.42914,37.25331],[-76.43036,37.25443],[-76.43393,37.25698],[-76.43962,37.25467],[-76.44515,37.2546],[-76.45258,37.25279],[-76.45841,37.25223],[-76.46456,37.24991],[-76.46891,37.25108],[-76.47332,37.2511],[-76.47719,37.25017],[-76.48284,37.25483],[-76.48603,37.25269],[-76.4933,37.24947],[-76.49608,37.24913],[-76.49881,37.24866],[-76.50131,37.24724],[-76.50392,37.24535],[-76.50499,37.24525],[-76.50903,37.23948],[-76.50559,37.23664],[-76.50364,37.23386],[-76.50053,37.23242],[-76.49742,37.22999],[-76.49401,37.22541],[-76.4904,37.22424],[-76.48856,37.22404],[-76.48369,37.22232],[-76.4718,37.21602],[-76.46291,37.21706],[-76.45598,37.21851],[-76.4473,37.21915],[-76.43959,37.21915],[-76.43725,37.21904],[-76.43378,37.22024],[-76.42821,37.22127],[-76.4254,37.22173],[-76.42139,37.22324],[-76.4154,37.22366],[-76.41068,37.22248],[-76.39734,37.22423],[-76.39413,37.22515],[-76.38998,37.22681],[-76.38865,37.22765],[-76.38663,37.22784],[-76.38687,37.22614],[-76.38979,37.22298],[-76.39198,37.22037],[-76.39507,37.21705],[-76.39459,37.21431],[-76.39567,37.21214],[-76.40208,37.20655],[-76.39804,37.20248],[-76.39605,37.20109],[-76.39307,37.19862],[-76.39115,37.19462],[-76.39079,37.19301],[-76.39233,37.18875],[-76.39162,37.18402],[-76.39174,37.18118],[-76.3928,37.17836],[-76.39263,37.17799],[-76.39251,37.17563],[-76.394,37.17445],[-76.39519,37.17569],[-76.39792,37.17786],[-76.40053,37.179],[-76.40196,37.17805],[-76.40802,37.17502],[-76.40802,37.17199],[-76.40897,37.16972],[-76.40838,37.16688],[-76.40957,37.16574],[-76.41123,37.16451],[-76.4123,37.16148],[-76.40196,37.15911],[-76.39981,37.16045],[-76.39476,37.15757],[-76.38138,37.15571],[-76.37846,37.15078],[-76.37068,37.15026],[-76.36738,37.15396],[-76.36911,37.15551],[-76.37288,37.15667],[-76.37401,37.16036],[-76.36696,37.16558],[-76.36215,37.16593],[-76.35968,37.16836],[-76.35543,37.16916],[-76.35217,37.16915],[-76.34866,37.1687],[-76.34572,37.16652],[-76.3453,37.16459],[-76.34229,37.16077],[-76.34155,37.15882],[-76.34237,37.15637],[-76.3407,37.15084],[-76.33252,37.14448],[-76.32705,37.14243],[-76.32127,37.14131],[-76.31625,37.1377],[-76.3114,37.13749],[-76.30368,37.13164],[-76.30178,37.13012],[-76.29928,37.13012],[-76.29576,37.12326],[-76.30059,37.11866],[-76.30178,37.11411],[-76.29488,37.1089],[-76.29191,37.10852],[-76.28835,37.1052],[-76.28538,37.10227],[-76.28348,37.10264],[-76.2799,37.10123],[-76.27446,37.09454],[-76.27135,37.08757],[-76.27433,37.08264],[-76.27354,37.08074],[-76.27789,37.07411],[-76.2807,37.0668],[-76.28087,37.06446],[-76.28221,37.0587],[-76.2878,37.04634],[-76.2898,37.0404],[-76.29286,37.03514],[-76.29665,37.02184],[-76.29731,37.01855],[-76.30035,37.00885],[-76.30255,37.00492],[-76.30427,37.00138],[-76.31205,37.00037],[-76.31456,37.00146],[-76.31424,37.00276],[-76.31334,37.00385],[-76.31468,37.01075],[-76.31695,37.01268],[-76.31937,37.01312],[-76.32193,37.01251],[-76.32292,37.01152],[-76.32578,37.01179],[-76.32982,37.01331],[-76.33132,37.01307],[-76.33422,37.01416],[-76.34067,37.01525],[-76.34807,37.00675],[-76.35637,37.00295],[-76.36215,37.00239],[-76.37357,36.99835],[-76.37748,36.99698],[-76.38337,36.99335],[-76.39637,36.98235],[-76.40051,36.97787],[-76.40148,36.97487],[-76.40857,36.96915],[-76.41036,36.96563],[-76.41099,36.963],[-76.41254,36.96233],[-76.42026,36.96395],[-76.42525,36.96641],[-76.42887,36.96995],[-76.435,36.97639],[-76.45212,36.99816],[-76.45282,37.00002],[-76.44783,37.00201],[-76.4489,37.0041],[-76.44823,37.00771],[-76.4552,37.01416],[-76.45596,37.01714],[-76.46126,37.0245],[-76.46447,37.02755],[-76.46966,37.03051],[-76.47944,37.03541],[-76.49135,37.04247],[-76.49561,37.04452],[-76.51229,37.05486],[-76.51605,37.05581],[-76.51864,37.05573],[-76.52627,37.06295],[-76.52797,37.06825],[-76.52657,37.07005],[-76.52656,37.07853],[-76.53566,37.08416],[-76.54314,37.08909],[-76.54255,37.09061],[-76.54374,37.09373],[-76.54671,37.09629],[-76.55241,37.09866],[-76.55348,37.10151],[-76.55562,37.10492],[-76.55669,37.10805],[-76.56025,37.11127],[-76.56287,37.11146],[-76.56691,37.11345],[-76.56917,37.11098],[-76.57,37.10842],[-76.56299,37.10501],[-76.56311,37.10065],[-76.56204,37.09724],[-76.55705,37.09383],[-76.55051,37.0815],[-76.55146,37.08075],[-76.55503,37.08122],[-76.55895,37.08198],[-76.55847,37.07942],[-76.55562,37.07657],[-76.55712,37.07623],[-76.56346,37.07819],[-76.56774,37.0815],[-76.56715,37.08378],[-76.57076,37.08754],[-76.57403,37.08899],[-76.5795,37.09663],[-76.59631,37.10648],[-76.59638,37.10947],[-76.59828,37.11136],[-76.60426,37.11408],[-76.60932,37.11402],[-76.61813,37.1204],[-76.61731,37.12256],[-76.62058,37.1266],[-76.6255,37.12725],[-76.62562,37.12904],[-76.62349,37.13124],[-76.62336,37.13278],[-76.62134,37.13581],[-76.62358,37.13822],[-76.62225,37.14215],[-76.6167,37.14377],[-76.60437,37.16006],[-76.60772,37.16966],[-76.61111,37.16985],[-76.61282,37.17116],[-76.61627,37.17896],[-76.61934,37.19215],[-76.62329,37.19874],[-76.62987,37.20674],[-76.63465,37.20996],[-76.64109,37.216],[-76.64987,37.22091],[-76.65984,37.22321],[-76.68409,37.22311],[-76.693,37.22368],[-76.69894,37.21906],[-76.70262,37.21715],[-76.71059,37.21573],[-76.72033,37.21431],[-76.73151,37.21223],[-76.74291,37.21336],[-76.74814,37.21507],[-76.75337,37.21507],[-76.75824,37.21554],[-76.75967,37.2144],[-76.75979,37.21242],[-76.75836,37.21156],[-76.75563,37.211],[-76.75159,37.21081],[-76.75135,37.2092],[-76.74588,37.20778],[-76.74351,37.20664],[-76.73816,37.20636],[-76.73499,37.20316],[-76.73567,37.20211],[-76.73792,37.20106],[-76.74065,37.19831],[-76.74,37.19538],[-76.74304,37.19261],[-76.75047,37.1901],[-76.75777,37.19166],[-76.76035,37.19399],[-76.76442,37.19888],[-76.76626,37.19931],[-76.77375,37.20606],[-76.78053,37.20934],[-76.78527,37.2176],[-76.78629,37.22084],[-76.78778,37.22086],[-76.78926,37.22321],[-76.79104,37.22699],[-76.79354,37.23125],[-76.79888,37.23475],[-76.80319,37.23611],[-76.81006,37.23863],[-76.81659,37.24175],[-76.82218,37.24364],[-76.82681,37.24364],[-76.8324,37.24203],[-76.84048,37.24139],[-76.85046,37.2408],[-76.85842,37.24139],[-76.86199,37.24241],[-76.86952,37.24216],[-76.87193,37.24598],[-76.87363,37.25008],[-76.87328,37.25149],[-76.86769,37.25197],[-76.86674,37.25357],[-76.86615,37.25547],[-76.86627,37.25849],[-76.86758,37.26067],[-76.86983,37.26218],[-76.87221,37.26275],[-76.87886,37.2584],[-76.87982,37.25765],[-76.88172,37.25745],[-76.88374,37.25424],[-76.88599,37.25282],[-76.89003,37.2531],[-76.89479,37.25187],[-76.8974,37.25055],[-76.89847,37.24866],[-76.8974,37.24686],[-76.89769,37.24552],[-76.90037,37.24374],[-76.90477,37.24241],[-76.90762,37.2426],[-76.91107,37.24355],[-76.91416,37.24364],[-76.91654,37.24232],[-76.9182,37.23948],[-76.91856,37.2373],[-76.91784,37.23427],[-76.93317,37.23882],[-76.93614,37.23882],[-76.94042,37.23768],[-76.94839,37.23087],[-76.94708,37.22803],[-76.94161,37.22406],[-76.93365,37.21932],[-76.93258,37.21772],[-76.9308,37.21696],[-76.9283,37.21686],[-76.92616,37.21601],[-76.91782,37.21045],[-76.91333,37.20598],[-76.90846,37.20267],[-76.90251,37.19983],[-76.89835,37.19917],[-76.89093,37.19951],[-76.88041,37.20295],[-76.8657,37.20902],[-76.86091,37.2088],[-76.83858,37.20712],[-76.8362,37.20598],[-76.82051,37.20601],[-76.81849,37.20532],[-76.81374,37.20602],[-76.80863,37.20603],[-76.80637,37.20712],[-76.80352,37.20693],[-76.80102,37.20604],[-76.8032,37.20151],[-76.80251,37.19831],[-76.7969,37.1894],[-76.79461,37.18941],[-76.78973,37.18771],[-76.78539,37.18426],[-76.78344,37.18127],[-76.78272,37.17824],[-76.77939,37.17644],[-76.77583,37.17559],[-76.77311,37.17358],[-76.76941,37.1718],[-76.76193,37.16811],[-76.7605,37.16555],[-76.7567,37.1629],[-76.7569,37.16158],[-76.75443,37.15864],[-76.75171,37.15665],[-76.75089,37.15443],[-76.74763,37.15055],[-76.74267,37.14784],[-76.73728,37.14616],[-76.73032,37.1454],[-76.7214,37.14632],[-76.71529,37.14804],[-76.70776,37.15874],[-76.70631,37.16527],[-76.70393,37.16811],[-76.70286,37.17067],[-76.69763,37.17436],[-76.69541,37.17849],[-76.69293,37.18615],[-76.69199,37.19502],[-76.68658,37.19727],[-76.68114,37.1928],[-76.67993,37.19083],[-76.67767,37.18856],[-76.6728,37.18553],[-76.66989,37.18357],[-76.66377,37.17388],[-76.66427,37.17103],[-76.66867,37.16677],[-76.67147,37.15874],[-76.6703,37.15163],[-76.67159,37.14206],[-76.66899,37.14093],[-76.66709,37.14045],[-76.66654,37.13818],[-76.66537,37.13473],[-76.66436,37.13287],[-76.66412,37.12956],[-76.66507,37.12539],[-76.66448,37.12188],[-76.66293,37.11828],[-76.65949,37.11478],[-76.65689,37.10984],[-76.65717,37.10689],[-76.65842,37.10331],[-76.65767,37.10151],[-76.65711,37.0998],[-76.65811,37.09679],[-76.66765,37.07623],[-76.66982,37.06426],[-76.66994,37.05989],[-76.66835,37.05506],[-76.66626,37.05021],[-76.66256,37.04575],[-76.65913,37.04243],[-76.654,37.03917],[-76.64601,37.03623],[-76.63845,37.03541],[-76.61212,37.0356],[-76.60356,37.03331],[-76.60007,37.03304],[-76.58649,37.02874],[-76.58099,37.02494],[-76.57796,37.02194],[-76.57725,37.02033],[-76.57606,37.01539],[-76.57749,37.01302],[-76.57998,37.01198],[-76.58485,37.00614],[-76.58423,37.00361],[-76.5802,36.99704],[-76.57815,36.99626],[-76.57493,36.99763],[-76.57087,36.99817],[-76.5699,37.00128],[-76.56788,37.00318],[-76.56292,37.0038],[-76.55693,37.00201],[-76.55125,36.99895],[-76.54837,36.99641],[-76.5454,36.99357],[-76.5435,36.99081],[-76.54065,36.98825],[-76.53411,36.98521],[-76.52485,36.98383],[-76.52297,36.98109],[-76.52414,36.97832],[-76.52101,36.97319],[-76.51759,36.97183],[-76.51336,36.96806],[-76.50035,36.96521],[-76.49596,36.96499],[-76.49299,36.963],[-76.48919,36.95967],[-76.48646,36.95654],[-76.48756,36.95237],[-76.48553,36.93858],[-76.48705,36.9385],[-76.48824,36.93925],[-76.48943,36.94049],[-76.49525,36.94144],[-76.49917,36.93755],[-76.49988,36.93365],[-76.49976,36.92938],[-76.49881,36.92862],[-76.49774,36.92681],[-76.49691,36.92415],[-76.4937,36.92111],[-76.49168,36.9213],[-76.48931,36.92177],[-76.48241,36.91736],[-76.48016,36.91427],[-76.48158,36.91018],[-76.48087,36.90857],[-76.48213,36.90111],[-76.48337,36.89624],[-76.4855,36.89441],[-76.48943,36.89422],[-76.49311,36.89184],[-76.49156,36.8811],[-76.48717,36.88063],[-76.48337,36.87815],[-76.48146,36.87834],[-76.47826,36.88148],[-76.47362,36.88262],[-76.45469,36.88408],[-76.45329,36.88703],[-76.45394,36.89274],[-76.44741,36.90322],[-76.4416,36.90612],[-76.43122,36.90453],[-76.40751,36.89744],[-76.40379,36.89784],[-76.39471,36.89669],[-76.39067,36.89574],[-76.38829,36.89716],[-76.38757,36.89955],[-76.38587,36.92325],[-76.38413,36.92444],[-76.35644,36.92406],[-76.35453,36.92276],[-76.35033,36.89531],[-76.3486,36.8942],[-76.34022,36.89367],[-76.33863,36.88898],[-76.34008,36.88441],[-76.34442,36.8837],[-76.35127,36.87995],[-76.34915,36.87275],[-76.34761,36.86725],[-76.34313,36.86473],[-76.34108,36.86105],[-76.3418,36.86012],[-76.35724,36.8568],[-76.3588,36.85505],[-76.35839,36.85248],[-76.36702,36.84211],[-76.3718,36.83969],[-76.37402,36.83656],[-76.37052,36.83427],[-76.36422,36.83443],[-76.35825,36.83619],[-76.35892,36.84087],[-76.34629,36.85209],[-76.34184,36.85193],[-76.33976,36.85455],[-76.3185,36.85779],[-76.31225,36.85231],[-76.31264,36.84992],[-76.30734,36.84749],[-76.30283,36.84834],[-76.30163,36.8503],[-76.30186,36.85301],[-76.3069,36.85581],[-76.30781,36.86059],[-76.32703,36.87364],[-76.32789,36.87606],[-76.32169,36.88518],[-76.31768,36.88495],[-76.31566,36.88818],[-76.31414,36.90249],[-76.31137,36.90414],[-76.30921,36.90261],[-76.30676,36.9026],[-76.30221,36.90342],[-76.29405,36.8992],[-76.28961,36.89951],[-76.28749,36.90144],[-76.28794,36.90342],[-76.30285,36.90971],[-76.30498,36.90841],[-76.31785,36.91151],[-76.32084,36.91066],[-76.32293,36.90391],[-76.32602,36.90372],[-76.32783,36.91473],[-76.32979,36.93195],[-76.33021,36.94206],[-76.32567,36.96319],[-76.32139,36.96233],[-76.32025,36.95776],[-76.31587,36.95535],[-76.30047,36.95635],[-76.29846,36.96554],[-76.29615,36.969],[-76.27994,36.96837],[-76.2772,36.96786],[-76.26787,36.96449],[-76.25879,36.95974],[-76.2489,36.95414],[-76.23496,36.94515],[-76.22856,36.94195],[-76.22166,36.93955],[-76.20576,36.93515],[-76.18996,36.93145],[-76.18072,36.92991],[-76.17546,36.93015],[-76.16596,36.92782],[-76.13956,36.92305],[-76.13024,36.91977],[-76.12367,36.91735],[-76.09551,36.90882],[-76.09345,36.908],[-76.09048,36.90781],[-76.0862,36.91094],[-76.08262,36.91218],[-76.07058,36.91427],[-76.05815,36.91695],[-76.05057,36.92227],[-76.04546,36.92679],[-76.04159,36.92988],[-76.03833,36.93123],[-76.03345,36.93195],[-76.02665,36.93215],[-76.01375,36.93075],[-76.00755,36.92905],[-75.99625,36.92205],[-75.99232,36.91598],[-75.98997,36.90535],[-75.97215,36.84227],[-75.96545,36.81245],[-75.94955,36.76115],[-75.92175,36.69205],[-75.91309,36.67322],[-75.90565,36.66003],[-75.89095,36.63075],[-75.87414,36.58385],[-75.86765,36.55041]]]]}}]}